cf_timestamp_ms,host_monotonic_s,baro.asl,baro.pressure,baro.temp
237594,1604.947971557,62.483272552490234,1008.4588012695312,33.45338821411133
237614,1604.968069488,62.49420928955078,1008.4575805664062,33.452064514160156
237634,1604.987969622,62.50514221191406,1008.4560546875,33.45326614379883
237654,1605.007526166,62.483272552490234,1008.4591064453125,33.45416259765625
237674,1605.026574036,62.483272552490234,1008.4588623046875,33.45262908935547
237694,1605.046786871,62.554359436035156,1008.4505004882812,33.45259475708008
237714,1605.066840697,62.516082763671875,1008.454833984375,33.45366287231445
237734,1605.087869769,62.51061248779297,1008.4557495117188,33.453369140625
237754,1605.107349553,62.49967956542969,1008.45703125,33.456451416015625
237774,1605.1263537,62.48874282836914,1008.4584350585938,33.45545196533203
237794,1605.146573857,62.47780227661133,1008.4593505859375,33.4568977355957
237814,1605.166311776,62.51061248779297,1008.4559326171875,33.45800018310547
237834,1605.187524751,62.51061248779297,1008.455810546875,33.45992660522461
237854,1605.207315705,62.554359436035156,1008.4506225585938,33.46025466918945
237874,1605.227313617,62.47233581542969,1008.4598999023438,33.461612701416016
237894,1605.246995368,62.49420928955078,1008.4577026367188,33.46152877807617
237914,1605.26650562,62.48874282836914,1008.45849609375,33.462562561035156
237934,1605.286938985,62.48874282836914,1008.4581298828125,33.462249755859375
237954,1605.307151227,62.47233581542969,1008.4600830078125,33.463111877441406
237974,1605.32750845,62.48874282836914,1008.4585571289062,33.46485137939453
237994,1605.347563901,62.450462341308594,1008.4630126953125,33.466156005859375
238014,1605.366607358,62.521549224853516,1008.454345703125,33.46603775024414
238034,1605.387539721,62.609039306640625,1008.4446411132812,33.462646484375
238054,1605.407308527,62.483272552490234,1008.458740234375,33.46670913696289
238074,1605.426440187,62.44499588012695,1008.4631958007812,33.467552185058594
238094,1605.446042605,62.47233581542969,1008.4599609375,33.46818923950195
238114,1605.467028723,62.4559326171875,1008.4623413085938,33.46977233886719
238134,1605.487539185,62.461402893066406,1008.4614868164062,33.472042083740234
238154,1605.506999755,62.44499588012695,1008.4630737304688,33.47376251220703
238174,1605.527085671,62.43952560424805,1008.4639892578125,33.472835540771484
238194,1605.546527284,62.50514221191406,1008.456298828125,33.471046447753906
238214,1605.567391857,62.47233581542969,1008.4598999023438,33.47190475463867
238234,1605.587081436,62.43406295776367,1008.4647216796875,33.47365951538086
238254,1605.606901787,62.390316009521484,1008.4699096679688,33.4738655090332
238274,1605.625919429,62.390316009521484,1008.4699096679688,33.4738655090332
238294,1605.647082837,62.40125274658203,1008.4684448242188,33.47512435913086
238314,1605.666411714,62.40672302246094,1008.4677124023438,33.47496795654297
238334,1605.686511607,62.43952560424805,1008.4639892578125,33.475948333740234
238354,1605.707091713,62.36844253540039,1008.4719848632812,33.476688385009766
238374,1605.726414519,62.28642272949219,1008.481689453125,33.47724151611328
238394,1605.747328779,62.324703216552734,1008.4772338867188,33.47765350341797
238414,1605.766510513,62.31923294067383,1008.477783203125,33.477962493896484
238434,1605.786077914,62.395782470703125,1008.4690551757812,33.47820281982422
238454,1605.807115859,62.40672302246094,1008.4677734375,33.47837448120117
238474,1605.82611752,62.40125274658203,1008.46826171875,33.478511810302734
238494,1605.846837847,62.47780227661133,1008.4594116210938,33.47749710083008
238514,1605.865661192,62.50514221191406,1008.45654296875,33.47785949707031
238534,1605.886467705,62.48874282836914,1008.458251953125,33.478118896484375
238554,1605.906373217,62.43406295776367,1008.4647216796875,33.47830581665039
238574,1605.926483979,62.43406295776367,1008.4647216796875,33.47846221923828
238594,1605.946703938,62.40125274658203,1008.46826171875,33.47966766357422
238614,1605.966285648,62.3793830871582,1008.4710083007812,33.4805793762207
238634,1605.986129164,62.291893005371094,1008.4808959960938,33.48236846923828
238654,1606.006071076,62.297359466552734,1008.4801635742188,33.48369216918945
238674,1606.026250103,62.302825927734375,1008.479736328125,33.48360824584961
238694,1606.045613895,62.248146057128906,1008.4859008789062,33.484622955322266
238714,1606.065992832,62.297359466552734,1008.4803466796875,33.48539733886719
238734,1606.087098972,62.25908279418945,1008.4846801757812,33.487083435058594
238754,1606.105983973,62.25361633300781,1008.4856567382812,33.487239837646484
238774,1606.126722224,62.297359466552734,1008.4802856445312,33.48625946044922
238794,1606.146549885,62.291893005371094,1008.4808349609375,33.48772048950195
238814,1606.167022665,62.25908279418945,1008.4849853515625,33.48992156982422
238834,1606.186237576,62.30829620361328,1008.479248046875,33.490474700927734
238854,1606.210300094,62.33016586303711,1008.4764404296875,33.488685607910156
238874,1606.224726269,62.25908279418945,1008.4844360351562,33.49064636230469
238894,1606.245758685,62.335636138916016,1008.4760131835938,33.49100875854492
238914,1606.265949976,62.27548599243164,1008.4828491210938,33.49128341674805
238934,1606.286417684,62.23174285888672,1008.4878540039062,33.493690490722656
238954,1606.305975799,62.22080612182617,1008.4891967773438,33.4932975769043
238974,1606.325829415,62.21533966064453,1008.4899291992188,33.49520492553711
238994,1606.347072995,62.242679595947266,1008.4866943359375,33.49553298950195
239014,1606.365829258,62.20439910888672,1008.4908447265625,33.49577331542969
239034,1606.386928757,62.21533966064453,1008.4900512695312,33.49596405029297
239054,1606.40647913,62.177059173583984,1008.4940185546875,33.4983024597168
239074,1606.425528805,62.11691665649414,1008.501220703125,33.50006103515625
239094,1606.445822338,62.22627639770508,1008.4885864257812,33.49917984008789
239114,1606.46545377,62.23720932006836,1008.4876098632812,33.50071334838867
239134,1606.486496239,62.335636138916016,1008.475830078125,33.499664306640625
239154,1606.505919941,62.291893005371094,1008.4808349609375,33.50109100341797
239174,1606.525655648,62.27001953125,1008.4832763671875,33.502140045166016
239194,1606.546597748,62.297359466552734,1008.4800415039062,33.50294876098633
239214,1606.566519634,62.31376266479492,1008.4783935546875,33.504638671875
239234,1606.58650154,62.297359466552734,1008.4802856445312,33.50481033325195
239254,1606.606593879,62.27548599243164,1008.4829711914062,33.504947662353516
239274,1606.625667946,62.31376266479492,1008.4783325195312,33.50503158569336
239294,1606.645771954,62.335636138916016,1008.47607421875,33.50511932373047
239314,1606.665326209,62.324703216552734,1008.4769897460938,33.50627136230469
239334,1606.686279891,62.31923294067383,1008.477783203125,33.50603103637695
239354,1606.705868716,62.291893005371094,1008.4810791015625,33.505859375
239374,1606.72535654,62.33016586303711,1008.4766845703125,33.50682067871094
239394,1606.745836383,62.31923294067383,1008.4775390625,33.50646209716797
239414,1606.765831843,62.25908279418945,1008.4847412109375,33.50727081298828
239434,1606.785516056,62.26455307006836,1008.4840698242188,33.50458526611328
239454,1606.806120428,62.26455307006836,1008.4840698242188,33.50458526611328
239474,1606.825860207,62.28095626831055,1008.48193359375,33.50477600097656
239494,1606.846631025,62.28642272949219,1008.4814453125,33.504913330078125
239514,1606.865944091,62.35204315185547,1008.474365234375,33.50611877441406
239534,1606.88618773,62.41765594482422,1008.46630859375,33.50703048706055
239554,1606.905659715,62.428592681884766,1008.4653930664062,33.5088005065918
239574,1606.925981607,62.395782470703125,1008.4690551757812,33.50794219970703
239594,1606.94513686,62.31923294067383,1008.4778442382812,33.51169204711914
239614,1606.965113714,62.25908279418945,1008.4845581054688,33.51231384277344
239634,1606.986749304,62.341102600097656,1008.4752807617188,33.512760162353516
239654,1607.005879774,62.297359466552734,1008.4801635742188,33.51310348510742
239674,1607.025756642,62.34657287597656,1008.474609375,33.51226043701172
239694,1607.046163662,62.450462341308594,1008.4627075195312,33.51054000854492
239714,1607.065608782,62.390316009521484,1008.469970703125,33.50923156738281
239734,1607.085578091,62.36844253540039,1008.472412109375,33.50825119018555
239754,1607.10655465,62.31923294067383,1008.4780883789062,33.50973129272461
239774,1607.126059378,62.28095626831055,1008.4819946289062,33.511932373046875
239794,1607.146653634,62.335636138916016,1008.4760131835938,33.51248550415039
239814,1607.165895908,62.302825927734375,1008.4794311523438,33.51289749145508
239834,1607.186106092,62.33016586303711,1008.4765625,33.513206481933594
239854,1607.205517977,62.335636138916016,1008.4757080078125,33.514549255371094
239874,1607.225037254,62.31923294067383,1008.477783203125,33.51444625854492
239894,1607.247358455,62.341102600097656,1008.4752807617188,33.51437759399414
239914,1607.265482341,62.27548599243164,1008.4827270507812,33.51430892944336
239934,1607.28605712,62.242679595947266,1008.4868774414062,33.515377044677734
239954,1607.304938205,62.302825927734375,1008.4794921875,33.51616668701172
239974,1607.325093914,62.30829620361328,1008.479248046875,33.51676940917969
239994,1607.347792149,62.30829620361328,1008.4788818359375,33.517215728759766
240014,1607.365512274,62.41765594482422,1008.46630859375,33.518646240234375
240034,1607.386299728,62.35204315185547,1008.474365234375,33.51972961425781
240054,1607.405822449,62.31923294067383,1008.4778442382812,33.520538330078125
240074,1607.425991994,62.36297607421875,1008.47265625,33.52003860473633
240094,1607.448397657,62.297359466552734,1008.4802856445312,33.5207633972168
240114,1607.465905952,62.27001953125,1008.4835815429688,33.52131271362305
240134,1607.485700612,62.27001953125,1008.4832763671875,33.5228271484375
240154,1607.506088824,62.28095626831055,1008.482421875,33.525062561035156
240174,1607.525122055,62.40672302246094,1008.467529296875,33.5267333984375
240194,1607.545073959,62.395782470703125,1008.4691772460938,33.523582458496094
240214,1607.56605027,62.3739128112793,1008.4712524414062,33.52342987060547
240234,1607.585369739,62.36297607421875,1008.47265625,33.52330780029297
240254,1607.606094501,62.43406295776367,1008.4645385742188,33.523223876953125
240274,1607.625289252,62.44499588012695,1008.463623046875,33.523155212402344
240294,1607.644526553,62.38484573364258,1008.4705200195312,33.525306701660156
240314,1607.6647889,62.49420928955078,1008.4575805664062,33.52471923828125
240334,1607.685530543,62.5379524230957,1008.452880859375,33.52647399902344
240354,1607.704679442,62.54342269897461,1008.4520263671875,33.527801513671875
240374,1607.725344127,62.49420928955078,1008.4573364257812,33.531002044677734
240394,1607.745064801,62.50514221191406,1008.4566040039062,33.53118896484375
240414,1607.765339576,62.576229095458984,1008.4483642578125,33.53132629394531
240434,1607.784990775,62.516082763671875,1008.4551391601562,33.53144836425781
240454,1607.805483795,62.58169937133789,1008.447265625,33.53041458129883
240474,1607.825892137,62.516082763671875,1008.4553833007812,33.532962799072266
240494,1607.845407484,62.5379524230957,1008.4524536132812,33.53265380859375
240514,1607.865550877,62.55982208251953,1008.4501342773438,33.53242874145508
240534,1607.885194188,62.554359436035156,1008.4506225585938,33.535579681396484
240554,1607.90552738,62.4559326171875,1008.4619140625,33.53681945800781
240574,1607.924526194,62.47780227661133,1008.459716796875,33.535560607910156
240594,1607.945806685,62.38484573364258,1008.4701538085938,33.53681945800781
240614,1607.964877736,62.38484573364258,1008.4701538085938,33.53681945800781
240634,1607.984697218,62.341102600097656,1008.4750366210938,33.53774642944336
240654,1608.004860566,62.40125274658203,1008.4680786132812,33.5384521484375
240674,1608.024691978,62.40125274658203,1008.4680786132812,33.53898620605469
240694,1608.045832904,62.33016586303711,1008.476318359375,33.54048156738281
240714,1608.064946932,62.47780227661133,1008.4596557617188,33.5405158996582
240734,1608.08536745,62.4559326171875,1008.4619140625,33.539432525634766
240754,1608.104578415,62.428592681884766,1008.4649658203125,33.53970718383789
240774,1608.125731651,62.49420928955078,1008.4576416015625,33.542137145996094
240794,1608.144821668,62.47233581542969,1008.4601440429688,33.54283905029297
240814,1608.165470728,62.55982208251953,1008.4503784179688,33.542274475097656
240834,1608.185335347,62.521549224853516,1008.4546508789062,33.54296112060547
240854,1608.205537905,62.5379524230957,1008.4528198242188,33.543460845947266
240874,1608.225714453,62.609039306640625,1008.444580078125,33.54383850097656
240894,1608.244879816,62.62544250488281,1008.4425659179688,33.544132232666016
240914,1608.264991868,62.55982208251953,1008.4498291015625,33.546539306640625
240934,1608.285831482,62.51061248779297,1008.4556884765625,33.547245025634766
240954,1608.304427335,62.47780227661133,1008.4595947265625,33.54777908325195
240974,1608.325094296,62.49420928955078,1008.4578857421875,33.54709243774414
240994,1608.344430865,62.46686935424805,1008.4611206054688,33.54875946044922
241014,1608.364214856,62.56529235839844,1008.4492797851562,33.54891586303711
241034,1608.384773702,62.5379524230957,1008.4523315429688,33.55013656616211
241054,1608.405356887,62.5324821472168,1008.4533081054688,33.549949645996094
241074,1608.424205032,62.44499588012695,1008.4633178710938,33.54981231689453
241094,1608.444986293,62.302825927734375,1008.4796142578125,33.55301284790039
241114,1608.46452312,62.33016586303711,1008.4764404296875,33.55209732055664
241134,1608.485460477,62.297359466552734,1008.4805908203125,33.552528381347656
241154,1608.505034339,62.3739128112793,1008.4718017578125,33.55173873901367
241174,1608.524855051,62.50514221191406,1008.456298828125,33.551151275634766
241194,1608.545049306,62.54342269897461,1008.4518432617188,33.55180740356445
241214,1608.564801779,62.46686935424805,1008.4609375,33.55340576171875
241234,1608.584304496,62.48874282836914,1008.4581909179688,33.55350875854492
241254,1608.604974829,62.483272552490234,1008.458740234375,33.55467987060547
241274,1608.626284479,62.43952560424805,1008.4640502929688,33.55665969848633
241294,1608.643847207,62.341102600097656,1008.4750366210938,33.55813980102539
241314,1608.663036529,62.36844253540039,1008.4722290039062,33.560359954833984
241334,1608.683804528,62.3793830871582,1008.4707641601562,33.55872344970703
241354,1608.703985669,62.428592681884766,1008.4653930664062,33.559688568115234
241374,1608.723644149,62.41218566894531,1008.4674682617188,33.5615119934082
241394,1608.744765938,62.4559326171875,1008.4617919921875,33.56068801879883
241414,1608.763908543,62.43952560424805,1008.464111328125,33.56006622314453
241434,1608.784766341,62.49420928955078,1008.4576416015625,33.56070327758789
241454,1608.804371375,62.54888916015625,1008.4515380859375,33.56008529663086
241474,1608.824087446,62.54342269897461,1008.4522705078125,33.561805725097656
241494,1608.845140948,62.516082763671875,1008.455078125,33.563114166259766
241514,1608.864045202,62.461402893066406,1008.4615478515625,33.5629768371582
241534,1608.88388622,62.4559326171875,1008.4622192382812,33.56399154663086
241554,1608.904531324,62.50514221191406,1008.4562377929688,33.56364822387695
241574,1608.924638678,62.54342269897461,1008.4517211914062,33.56338882446289
241594,1608.943955957,62.54342269897461,1008.4520874023438,33.56428146362305
241614,1608.96466838,62.60356903076172,1008.44482421875,33.56386947631836
241634,1608.983397691,62.554359436035156,1008.450439453125,33.56576156616211
241654,1609.00302833,62.55982208251953,1008.4498901367188,33.56607437133789
241674,1609.024891713,62.54342269897461,1008.451904296875,33.5662956237793
241694,1609.044080745,62.50514221191406,1008.4563598632812,33.56648635864258
241714,1609.064412902,62.59263229370117,1008.4462280273438,33.56660461425781
241734,1609.084582882,62.576229095458984,1008.4479370117188,33.566707611083984
241754,1609.103730152,62.63637924194336,1008.4415283203125,33.565677642822266
241774,1609.123946737,62.641845703125,1008.4406127929688,33.56602096557617
241794,1609.143882067,62.62544250488281,1008.4423217773438,33.566261291503906
241814,1609.163517699,62.62544250488281,1008.4423217773438,33.566261291503906
241834,1609.184479382,62.64731216430664,1008.4397583007812,33.56645202636719
241854,1609.204858623,62.641845703125,1008.4406127929688,33.565486907958984
241874,1609.223883317,62.54342269897461,1008.4518432617188,33.56586456298828
241894,1609.24442487,62.576229095458984,1008.4481201171875,33.566158294677734
241914,1609.264932625,62.62544250488281,1008.442626953125,33.56636428833008
241934,1609.283617942,62.63090896606445,1008.4417724609375,33.5654182434082
241954,1609.304025088,62.619972229003906,1008.4431762695312,33.56581497192383
241974,1609.32398038,62.576229095458984,1008.4484252929688,33.566123962402344
241994,1609.34485266,62.619972229003906,1008.44287109375,33.566349029541016
242014,1609.363918283,62.68012237548828,1008.4362182617188,33.56650161743164
242034,1609.383737765,62.570762634277344,1008.4485473632812,33.5666389465332
242054,1609.404904086,62.576229095458984,1008.4484252929688,33.56672668457031
242074,1609.424491296,62.576229095458984,1008.4482421875,33.566795349121094
242094,1609.443961639,62.554359436035156,1008.4507446289062,33.56684875488281
242114,1609.463960426,62.67465591430664,1008.4368286132812,33.5657958984375
242134,1609.484303766,62.67465591430664,1008.43701171875,33.56608963012695
242154,1609.503611404,62.74026870727539,1008.429443359375,33.56523132324219
242174,1609.524323275,62.68012237548828,1008.4364013671875,33.56787872314453
242194,1609.543738842,62.68558883666992,1008.4353637695312,33.567657470703125
242214,1609.564084553,62.72933578491211,1008.4305419921875,33.567501068115234
242234,1609.58438301,62.707462310791016,1008.4331665039062,33.569583892822266
242254,1609.603656647,62.701995849609375,1008.4337768554688,33.57113265991211
242274,1609.623918084,62.614501953125,1008.4439697265625,33.570098876953125
242294,1609.643617204,62.609039306640625,1008.4445190429688,33.571529388427734
242314,1609.664538181,62.5324821472168,1008.4529418945312,33.57261276245117
242334,1609.683405533,62.60356903076172,1008.445068359375,33.572303771972656
242354,1609.703941523,62.609039306640625,1008.4442138671875,33.572078704833984
242374,1609.723505696,62.54342269897461,1008.4518432617188,33.570823669433594
242394,1609.744437257,62.54342269897461,1008.4520263671875,33.570960998535156
242414,1609.763926213,62.59810256958008,1008.4454345703125,33.56998062133789
242434,1609.783484065,62.58169937133789,1008.4473266601562,33.57033920288086
242454,1609.803488007,62.516082763671875,1008.4553833007812,33.57059860229492
242474,1609.823982435,62.59263229370117,1008.4464111328125,33.57190704345703
242494,1609.84446165,62.62544250488281,1008.4425659179688,33.5728874206543
242514,1609.863264079,62.58169937133789,1008.4473876953125,33.57362747192383
242534,1609.883883206,62.5379524230957,1008.452880859375,33.57197570800781
242554,1609.904068804,62.570762634277344,1008.44873046875,33.57183837890625
242574,1609.923569497,62.63090896606445,1008.4419555664062,33.57063293457031
242594,1609.94402781,62.55982208251953,1008.4498901367188,33.571922302246094
242614,1609.964062398,62.50514221191406,1008.45654296875,33.57510757446289
242634,1609.983575606,62.52701950073242,1008.4539794921875,33.575279235839844
242654,1610.003460217,62.59263229370117,1008.446533203125,33.57651901245117
242674,1610.024200414,62.58169937133789,1008.4478759765625,33.57744598388672
242694,1610.044454989,62.63090896606445,1008.442138671875,33.57703399658203
242714,1610.062967912,62.5379524230957,1008.4524536132812,33.576744079589844
242734,1610.083401168,62.516082763671875,1008.454833984375,33.57760238647461
242754,1610.103040099,62.63637924194336,1008.441162109375,33.574951171875
242774,1610.123479442,62.614501953125,1008.4437866210938,33.57517623901367
242794,1610.143734409,62.63090896606445,1008.4418334960938,33.57533264160156
242814,1610.163601821,62.48874282836914,1008.45849609375,33.57765579223633
242834,1610.18344737,62.516082763671875,1008.4553833007812,33.57830810546875
242854,1610.203989633,62.516082763671875,1008.4551391601562,33.579891204833984
242874,1610.223970383,62.44499588012695,1008.4635009765625,33.579978942871094
242894,1610.244440464,62.516082763671875,1008.454833984375,33.58002853393555
242914,1610.263961295,62.54888916015625,1008.4515380859375,33.5789794921875
242934,1610.283144483,62.54888916015625,1008.4513549804688,33.579288482666016
242954,1610.30470674,62.619972229003906,1008.4432373046875,33.580631256103516
242974,1610.323515175,62.62544250488281,1008.4423217773438,33.58163070678711
242994,1610.343982802,62.59810256958008,1008.4454956054688,33.5823860168457
243014,1610.363071713,62.59810256958008,1008.4454956054688,33.5823860168457
243034,1610.383315151,62.54342269897461,1008.4518432617188,33.58403778076172
243054,1610.402785509,62.609039306640625,1008.4446411132812,33.58419418334961
243074,1610.424165801,62.54888916015625,1008.4510498046875,33.58539962768555
243094,1610.443971221,62.609039306640625,1008.4442138671875,33.585208892822266
243114,1610.463443406,62.669185638427734,1008.4376831054688,33.5850715637207
243134,1610.482705447,62.65278244018555,1008.4392700195312,33.58605194091797
243154,1610.503469811,62.609039306640625,1008.4445190429688,33.58681106567383
243174,1610.524023536,62.576229095458984,1008.4481811523438,33.588462829589844
243194,1610.544073449,62.554359436035156,1008.450927734375,33.589698791503906
243214,1610.563455287,62.554359436035156,1008.450439453125,33.59064865112305
243234,1610.582056358,62.570762634277344,1008.4489135742188,33.590232849121094
243254,1610.602307785,62.570762634277344,1008.4489135742188,33.591041564941406
243274,1610.622696788,62.63090896606445,1008.4420776367188,33.591644287109375
243294,1610.643039154,62.68012237548828,1008.4360961914062,33.59099197387695
243314,1610.662992321,62.68012237548828,1008.4359741210938,33.593814849853516
243334,1610.682835024,62.669185638427734,1008.4373779296875,33.59591293334961
243354,1610.703283418,62.68012237548828,1008.4360961914062,33.59529495239258
243374,1610.723382872,62.712928771972656,1008.4326171875,33.59482955932617
243394,1610.742736109,62.69105911254883,1008.4349975585938,33.59668731689453
243414,1610.762420059,62.63090896606445,1008.4419555664062,33.598079681396484
243434,1610.782960835,62.65278244018555,1008.439208984375,33.5991325378418
243454,1610.802770382,62.64731216430664,1008.4400024414062,33.59880447387695
243474,1610.822730363,62.63090896606445,1008.4420166015625,33.59856414794922
243494,1610.843226319,62.641845703125,1008.440673828125,33.599491119384766
243514,1610.863519453,62.59263229370117,1008.4461669921875,33.600181579589844
243534,1610.882269712,62.56529235839844,1008.4490966796875,33.6006965637207
243554,1610.90336417,62.55982208251953,1008.4498291015625,33.60109329223633
243574,1610.922298088,62.59263229370117,1008.446533203125,33.601383209228516
243594,1610.943431734,62.63637924194336,1008.4412841796875,33.601593017578125
243614,1610.962730314,62.64731216430664,1008.4398193359375,33.60286331176758
243634,1610.982724618,62.65824890136719,1008.43896484375,33.60271072387695
243654,1611.003655315,62.587162017822266,1008.44677734375,33.60699462890625
243674,1611.022611244,62.554359436035156,1008.4505004882812,33.608009338378906
243694,1611.043862224,62.42312240600586,1008.4658203125,33.61098861694336
243714,1611.063677621,62.41218566894531,1008.4671630859375,33.61320877075195
243734,1611.082452021,62.4559326171875,1008.4618530273438,33.611572265625
243754,1611.103061354,62.41218566894531,1008.466796875,33.6136360168457
243774,1611.123457455,62.36297607421875,1008.4730834960938,33.615203857421875
243794,1611.142470433,62.390316009521484,1008.469970703125,33.615272521972656
243814,1611.162717638,62.40125274658203,1008.4686279296875,33.616424560546875
243834,1611.183686616,62.40672302246094,1008.4677124023438,33.617286682128906
243854,1611.202604909,62.40125274658203,1008.4683227539062,33.61793899536133
243874,1611.223446341,62.46686935424805,1008.4610595703125,33.6173210144043
243894,1611.242668889,62.46686935424805,1008.4607543945312,33.617958068847656
243914,1611.263138214,62.46686935424805,1008.46044921875,33.618438720703125
243934,1611.282638981,62.483272552490234,1008.4591674804688,33.617698669433594
243954,1611.303601491,62.52701950073242,1008.4542236328125,33.617130279541016
243974,1611.323465143,62.49967956542969,1008.456787109375,33.618919372558594
243994,1611.342489571,62.516082763671875,1008.4551391601562,33.61806106567383
244014,1611.362716474,62.49420928955078,1008.4574584960938,33.618507385253906
244034,1611.382645038,62.49967956542969,1008.456787109375,33.61885070800781
244054,1611.403532593,62.50514221191406,1008.4562377929688,33.619110107421875
244074,1611.422154804,62.5379524230957,1008.452880859375,33.620399475097656
244094,1611.443029225,62.587162017822266,1008.4467163085938,33.620262145996094
244114,1611.462146333,62.63090896606445,1008.4418334960938,33.62017822265625
244134,1611.483110959,62.58169937133789,1008.4474487304688,33.622291564941406
244154,1611.502690084,62.570762634277344,1008.448974609375,33.6227912902832
244174,1611.522150291,62.58169937133789,1008.4474487304688,33.623172760009766
244194,1611.542040071,62.64731216430664,1008.4398193359375,33.62344741821289
244214,1611.563441581,62.576229095458984,1008.4479370117188,33.626956939697266
244234,1611.582799299,62.55982208251953,1008.4501953125,33.62738800048828
244254,1611.60211157,62.55982208251953,1008.4501953125,33.62738800048828
244274,1611.622732029,62.483272552490234,1008.4586791992188,33.62991714477539
244294,1611.642571587,62.5324821472168,1008.4534912109375,33.62850570678711
244314,1611.662676171,62.5379524230957,1008.452392578125,33.6263542175293
244334,1611.681851235,62.50514221191406,1008.456298828125,33.62914276123047
244354,1611.702485789,62.521549224853516,1008.4546508789062,33.6312255859375
244374,1611.721942155,62.395782470703125,1008.4688720703125,33.631690979003906
244394,1611.742629261,62.49420928955078,1008.4573974609375,33.62873077392578
244414,1611.76371622,62.49967956542969,1008.4571533203125,33.63093185424805
244434,1611.78180613,62.43952560424805,1008.4638061523438,33.632568359375
244454,1611.802748169,62.4559326171875,1008.4618530273438,33.63380432128906
244474,1611.822504812,62.51061248779297,1008.4556274414062,33.63251495361328
244494,1611.842397477,62.42312240600586,1008.4661254882812,33.6359748840332
244514,1611.862814551,62.450462341308594,1008.4627075195312,33.634151458740234
244534,1611.882142568,62.521549224853516,1008.4546508789062,33.633872985839844
244554,1611.902889517,62.5379524230957,1008.45263671875,33.634788513183594
244574,1611.922041877,62.50514221191406,1008.4563598632812,33.63545608520508
244594,1611.943476165,62.450462341308594,1008.4624633789062,33.63817596435547
244614,1611.962727094,62.47780227661133,1008.4593505859375,33.64020919799805
244634,1611.981810108,62.450462341308594,1008.46240234375,33.6406364440918
244654,1612.001930453,62.41218566894531,1008.4671020507812,33.64204788208008
244674,1612.022691144,62.47780227661133,1008.4593505859375,33.64091491699219
244694,1612.042831633,62.428592681884766,1008.4649047851562,33.64115524291992
244714,1612.064018066,62.428592681884766,1008.4652709960938,33.64134216308594
244734,1612.082602882,62.428592681884766,1008.4653930664062,33.642581939697266
244754,1612.102835125,62.390316009521484,1008.4697265625,33.64241027832031
244774,1612.12212016,62.428592681884766,1008.4649047851562,33.64118957519531
244794,1612.142063277,62.483272552490234,1008.4588012695312,33.6402587890625
244814,1612.163543184,62.43406295776367,1008.4645385742188,33.64177322387695
244834,1612.182972279,62.428592681884766,1008.4649658203125,33.64291000366211
244854,1612.20249291,62.4559326171875,1008.4622192382812,33.64375305175781
244874,1612.222165832,62.46686935424805,1008.46044921875,33.64439010620117
244894,1612.243054443,62.42312240600586,1008.4656982421875,33.64487075805664
244914,1612.264617113,62.4559326171875,1008.4618530273438,33.64413070678711
244934,1612.281705905,62.52701950073242,1008.4541015625,33.642478942871094
244954,1612.301586288,62.51061248779297,1008.4554443359375,33.644527435302734
244974,1612.322464155,62.49420928955078,1008.4578857421875,33.64497375488281
244994,1612.341824454,62.46686935424805,1008.4611206054688,33.645301818847656
245014,1612.362641891,62.47233581542969,1008.4599609375,33.64335632324219
245034,1612.382129626,62.41765594482422,1008.4663696289062,33.646297454833984
245054,1612.402628114,62.46686935424805,1008.4609375,33.646297454833984
245074,1612.421983952,62.51061248779297,1008.4554443359375,33.646297454833984
245094,1612.442633278,62.55982208251953,1008.449951171875,33.646297454833984
245114,1612.461606419,62.52701950073242,1008.4537353515625,33.64739990234375
245134,1612.481982835,62.54888916015625,1008.4513549804688,33.647125244140625
245154,1612.50251825,62.54342269897461,1008.4520874023438,33.64802169799805
245174,1612.521803499,62.54888916015625,1008.4512939453125,33.64759063720703
245194,1612.541977126,62.516082763671875,1008.454833984375,33.648380279541016
245214,1612.564497022,62.450462341308594,1008.4625854492188,33.65006637573242
245234,1612.581673554,62.41218566894531,1008.4671020507812,33.65022277832031
245254,1612.602448451,62.5324821472168,1008.453125,33.65034484863281
245274,1612.621535537,62.5324821472168,1008.4533081054688,33.65153121948242
245294,1612.642334052,62.516082763671875,1008.4548950195312,33.65132522583008
245314,1612.661569211,62.5324821472168,1008.4531860351562,33.65227127075195
245334,1612.682265614,62.48874282836914,1008.458251953125,33.65409469604492
245354,1612.701473263,62.38484573364258,1008.4700317382812,33.65655517578125
245374,1612.72239509,62.3793830871582,1008.4711303710938,33.656192779541016
245394,1612.74133641,62.28095626831055,1008.4821166992188,33.65812301635742
245414,1612.762357195,62.36844253540039,1008.4722290039062,33.65738296508789
245434,1612.782428793,62.35204315185547,1008.47412109375,33.65681457519531
245454,1612.802409078,62.35204315185547,1008.47412109375,33.65681457519531
245474,1612.821798442,62.428592681884766,1008.4650268554688,33.6563835144043
245494,1612.841543104,62.395782470703125,1008.4689331054688,33.65607452392578
245514,1612.861505224,62.44499588012695,1008.463623046875,33.65473175048828
245534,1612.882375603,62.5324821472168,1008.453125,33.65483474731445
245554,1612.901756047,62.56529235839844,1008.4493408203125,33.656005859375
245574,1612.921949619,62.483272552490234,1008.4591674804688,33.656883239746094
245594,1612.941396134,62.50514221191406,1008.4564819335938,33.656436920166016
245614,1612.962053492,62.46686935424805,1008.4607543945312,33.65721130371094
245634,1612.981649659,62.34657287597656,1008.4747314453125,33.65779495239258
245654,1613.00162601,62.3793830871582,1008.4707641601562,33.65712356567383
245674,1613.022402497,62.43406295776367,1008.4647216796875,33.6577262878418
245694,1613.042387405,62.52701950073242,1008.453857421875,33.65707015991211
245714,1613.062136729,62.47233581542969,1008.4603881835938,33.657691955566406
245734,1613.081507408,62.41765594482422,1008.46630859375,33.65924072265625
245754,1613.100960717,62.450462341308594,1008.4627685546875,33.658206939697266
245774,1613.121991154,62.54342269897461,1008.4521484375,33.65853500366211
245794,1613.141504763,62.450462341308594,1008.4627685546875,33.65989303588867
245814,1613.16102356,62.50514221191406,1008.4562377929688,33.660892486572266
245834,1613.180855108,62.516082763671875,1008.4549560546875,33.66164779663086
245854,1613.201242156,62.55982208251953,1008.4501953125,33.66221618652344
245874,1613.221702484,62.576229095458984,1008.4481201171875,33.66154479980469
245894,1613.241198808,62.62544250488281,1008.4422607421875,33.662147521972656
245914,1613.261980367,62.68012237548828,1008.4359741210938,33.66039276123047
245934,1613.281714168,62.63090896606445,1008.442138671875,33.663475036621094
245954,1613.301906377,62.619972229003906,1008.4430541992188,33.664695739746094
245974,1613.321657567,62.55982208251953,1008.4500732421875,33.666709899902344
245994,1613.341800237,62.570762634277344,1008.4489135742188,33.66820526123047
246014,1613.361959304,62.5324821472168,1008.4529418945312,33.67044448852539
246034,1613.381135687,62.576229095458984,1008.4481811523438,33.6710090637207
246054,1613.401282453,62.614501953125,1008.4440307617188,33.66923904418945
246074,1613.42102865,62.65278244018555,1008.4392700195312,33.667911529541016
246094,1613.441620785,62.63090896606445,1008.4420776367188,33.66911697387695
246114,1613.461528053,62.609039306640625,1008.444091796875,33.67002868652344
246134,1613.481715059,62.576229095458984,1008.4481201171875,33.67070007324219
246154,1613.501551345,62.55982208251953,1008.449951171875,33.67121887207031
246174,1613.520784406,62.52701950073242,1008.4535522460938,33.673797607421875
246194,1613.541044275,62.5379524230957,1008.4526977539062,33.67354202270508
246214,1613.56144793,62.521549224853516,1008.4547729492188,33.674434661865234
246234,1613.581212628,62.49420928955078,1008.4574584960938,33.67400360107422
246254,1613.601632286,62.49967956542969,1008.45703125,33.6736946105957
246274,1613.621113571,62.428592681884766,1008.4655151367188,33.675655364990234
246294,1613.641075967,62.461402893066406,1008.4615478515625,33.67493438720703
246314,1613.661042904,62.554359436035156,1008.450927734375,33.67438507080078
246334,1613.680609777,62.58169937133789,1008.4476318359375,33.67617416381836
246354,1613.70147165,62.587162017822266,1008.4468383789062,33.676414489746094
246374,1613.72161152,62.55982208251953,1008.4501953125,33.67550277709961
246394,1613.741603044,62.51061248779297,1008.4554443359375,33.6759147644043
246414,1613.76189597,62.52701950073242,1008.453857421875,33.67622375488281
246434,1613.780705559,62.50514221191406,1008.45654296875,33.67755126953125
246454,1613.800377289,62.41765594482422,1008.4663696289062,33.679649353027344
246474,1613.82039697,62.43406295776367,1008.4646606445312,33.68013000488281
246494,1613.840537207,62.44499588012695,1008.463623046875,33.67937469482422
246514,1613.860475409,62.49967956542969,1008.4568481445312,33.681026458740234
246534,1613.881686014,62.49420928955078,1008.4573364257812,33.68226623535156
246554,1613.900594585,62.54888916015625,1008.4512329101562,33.680973052978516
246574,1613.920640865,62.554359436035156,1008.4508666992188,33.68002700805664
246594,1613.940764874,62.56529235839844,1008.4492797851562,33.67930603027344
246614,1613.961531175,62.60356903076172,1008.4453735351562,33.67875289916992
246634,1613.980544957,62.641845703125,1008.44091796875,33.67945861816406
246654,1614.000642142,62.641845703125,1008.44091796875,33.67945861816406
246674,1614.020435464,62.614501953125,1008.4436645507812,33.68217849731445
246694,1614.04070564,62.614501953125,1008.4436645507812,33.68312454223633
246714,1614.060872949,62.59810256958008,1008.4459838867188,33.68383026123047
246734,1614.081181927,62.50514221191406,1008.45654296875,33.68766784667969
246754,1614.101023864,62.63637924194336,1008.4412231445312,33.685035705566406
246774,1614.121140969,62.62544250488281,1008.4425659179688,33.687461853027344
246794,1614.141110379,62.663719177246094,1008.438232421875,33.68818283081055
246814,1614.160608574,62.521549224853516,1008.4546508789062,33.69093704223633
246834,1614.181168597,62.5324821472168,1008.4530029296875,33.689697265625
246854,1614.201353569,62.49420928955078,1008.4576416015625,33.692054748535156
246874,1614.221057393,62.516082763671875,1008.455078125,33.69164276123047
246894,1614.240373182,62.54888916015625,1008.4512329101562,33.693519592285156
246914,1614.261364417,62.47233581542969,1008.460205078125,33.69602966308594
246934,1614.281601036,62.42312240600586,1008.4660034179688,33.69682312011719
246954,1614.301729738,62.47233581542969,1008.4603881835938,33.6930046081543
246974,1614.32144045,62.52701950073242,1008.4539794921875,33.693450927734375
246994,1614.340901095,62.576229095458984,1008.4479370117188,33.69487762451172
247014,1614.361850147,62.52701950073242,1008.4540405273438,33.695945739746094
247034,1614.380546008,62.46686935424805,1008.4607543945312,33.69895553588867
247054,1614.400953639,62.41765594482422,1008.4662475585938,33.69900894165039
247074,1614.421080684,62.4559326171875,1008.4620971679688,33.70014572143555
247094,1614.440860205,62.450462341308594,1008.4629516601562,33.70100402832031
247114,1614.460539586,62.38484573364258,1008.4702758789062,33.7027587890625
247134,1614.480347559,62.34657287597656,1008.4744262695312,33.702964782714844
247154,1614.500762062,62.3793830871582,1008.4707641601562,33.7042236328125
247174,1614.520682516,62.47780227661133,1008.4593505859375,33.701847076416016
247194,1614.541048074,62.51061248779297,1008.4554443359375,33.70227813720703
247214,1614.560634973,62.51061248779297,1008.4554443359375,33.702606201171875
247234,1614.580469273,62.50514221191406,1008.4567260742188,33.70284652709961
247254,1614.600329381,62.461402893066406,1008.4616088867188,33.703033447265625
247274,1614.620826879,62.49420928955078,1008.4575805664062,33.70317459106445
247294,1614.641142476,62.521549224853516,1008.4544067382812,33.703277587890625
247314,1614.6612517,62.54342269897461,1008.4517211914062,33.704444885253906
247334,1614.680924043,62.47233581542969,1008.4598388671875,33.70752716064453
247354,1614.701075608,62.461402893066406,1008.4615478515625,33.706546783447266
247374,1614.720429413,62.47780227661133,1008.4595336914062,33.7080078125
247394,1614.741382916,62.521549224853516,1008.4542846679688,33.70799255371094
247414,1614.760221096,62.48874282836914,1008.4579467773438,33.7101936340332
247434,1614.780205062,62.51061248779297,1008.455810546875,33.70964431762695
247454,1614.800923014,62.41218566894531,1008.4669799804688,33.71143341064453
247474,1614.819871255,62.41765594482422,1008.4663696289062,33.711673736572266
247494,1614.840573224,62.43406295776367,1008.46484375,33.71074295043945
247514,1614.860694884,62.46686935424805,1008.4609375,33.71005630493164
247534,1614.879855023,62.461402893066406,1008.4613647460938,33.71174240112305
247554,1614.9004058,62.43406295776367,1008.464599609375,33.71299743652344
247574,1614.919811661,62.42312240600586,1008.4657592773438,33.71394348144531
247594,1614.939372992,62.50514221191406,1008.456298828125,33.71246337890625
247614,1614.959423946,62.554359436035156,1008.4505004882812,33.71134567260742
247634,1614.980283616,62.5324821472168,1008.4530029296875,33.71050262451172
247654,1615.000977266,62.51061248779297,1008.4555053710938,33.71207046508789
247674,1615.02047975,62.450462341308594,1008.4627075195312,33.714359283447266
247694,1615.040497918,62.450462341308594,1008.4627075195312,33.714962005615234
247714,1615.060902346,62.33016586303711,1008.476318359375,33.715423583984375
247734,1615.08038712,62.40125274658203,1008.4682006835938,33.713565826416016
247754,1615.099638119,62.35204315185547,1008.4739379882812,33.71327590942383
247774,1615.119978766,62.34657287597656,1008.4749145507812,33.71525192260742
247794,1615.139691998,62.3793830871582,1008.470703125,33.715633392333984
247814,1615.160526051,62.3793830871582,1008.470703125,33.715633392333984
247834,1615.180368644,62.40672302246094,1008.4677124023438,33.71592330932617
247854,1615.200625345,62.3739128112793,1008.471435546875,33.71834945678711
247874,1615.220621476,62.36844253540039,1008.471923828125,33.71905517578125
247894,1615.240430892,62.42312240600586,1008.4658203125,33.71848678588867
247914,1615.259816573,62.395782470703125,1008.4691772460938,33.71915817260742
247934,1615.280260375,62.428592681884766,1008.4652099609375,33.717472076416016
247954,1615.300254584,62.46686935424805,1008.4607543945312,33.71730041503906
247974,1615.319776236,62.450462341308594,1008.462646484375,33.71718215942383
247994,1615.340814338,62.40672302246094,1008.4676513671875,33.71928024291992
248014,1615.359812842,62.40672302246094,1008.467529296875,33.720863342285156
248034,1615.380667808,62.33016586303711,1008.4768676757812,33.722049713134766
248054,1615.399753555,62.35204315185547,1008.474365234375,33.72292709350586
248074,1615.42061142,62.341102600097656,1008.4755249023438,33.721397399902344
248094,1615.440281728,62.38484573364258,1008.4700317382812,33.72024154663086
248114,1615.460083159,62.335636138916016,1008.4758911132812,33.72158432006836
248134,1615.47985047,62.357505798339844,1008.4736328125,33.72258377075195
248154,1615.499960778,62.28642272949219,1008.4813842773438,33.72333908081055
248174,1615.520065333,62.28095626831055,1008.4819946289062,33.722808837890625
248194,1615.539769869,62.450462341308594,1008.4627075195312,33.722412109375
248214,1615.560118123,62.48874282836914,1008.4584350585938,33.723201751708984
248234,1615.579400566,62.52701950073242,1008.4541015625,33.72380447387695
248254,1615.599296337,62.461402893066406,1008.4613037109375,33.7242546081543
248274,1615.619132823,62.450462341308594,1008.4629516601562,33.7245979309082
248294,1615.639497904,62.40672302246094,1008.4676513671875,33.7270393371582
248314,1615.659810616,62.47780227661133,1008.4595336914062,33.72557830810547
248334,1615.679359893,62.40672302246094,1008.4679565429688,33.7266960144043
248354,1615.6996335,62.33016586303711,1008.4767456054688,33.72862243652344
248374,1615.720112013,62.38484573364258,1008.4703979492188,33.72896957397461
248394,1615.739208581,62.395782470703125,1008.4688720703125,33.73143005371094
248414,1615.75903515,62.3793830871582,1008.4708251953125,33.72996520996094
248434,1615.779390429,62.3793830871582,1008.4711303710938,33.729984283447266
248454,1615.799592765,62.390316009521484,1008.4698486328125,33.729984283447266
248474,1615.819216002,62.33016586303711,1008.4768676757812,33.731101989746094
248494,1615.839518274,62.33016586303711,1008.4766845703125,33.73192596435547
248514,1615.859414608,62.36297607421875,1008.4728393554688,33.7314453125
248534,1615.879053888,62.3793830871582,1008.4708251953125,33.73218536376953
248554,1615.899320092,62.324703216552734,1008.4771118164062,33.73493957519531
248574,1615.919147843,62.31376266479492,1008.4783325195312,33.73481750488281
248594,1615.940081657,62.43406295776367,1008.4647216796875,33.73361587524414
248614,1615.960116017,62.44499588012695,1008.463623046875,33.733802795410156
248634,1615.980654095,62.50514221191406,1008.4562377929688,33.73285675048828
248654,1615.999981153,62.51061248779297,1008.4559326171875,33.733253479003906
248674,1616.01991016,62.521549224853516,1008.45458984375,33.733543395996094
248694,1616.039377997,62.47233581542969,1008.4600830078125,33.7337532043457
248714,1616.058985198,62.38484573364258,1008.4701538085938,33.73612594604492
248734,1616.080491525,62.40672302246094,1008.4676513671875,33.735694885253906
248754,1616.099962056,62.42312240600586,1008.4658203125,33.73537063598633
248774,1616.119408706,62.450462341308594,1008.462890625,33.73733139038086
248794,1616.140461503,62.42312240600586,1008.4661254882812,33.73660659790039
248814,1616.15913729,62.50514221191406,1008.45654296875,33.73605728149414
248834,1616.180524943,62.49420928955078,1008.4573364257812,33.73784637451172
248854,1616.199744116,62.43952560424805,1008.4641723632812,33.73918914794922
248874,1616.218959237,62.390316009521484,1008.4696044921875,33.740203857421875
248894,1616.239916972,62.395782470703125,1008.46875,33.7387580871582
248914,1616.25980924,62.42312240600586,1008.4660034179688,33.7398796081543
248934,1616.279572424,62.428592681884766,1008.4655151367188,33.74070358276367
248954,1616.29942442,62.41765594482422,1008.4666137695312,33.74134063720703
248974,1616.318797154,62.49967956542969,1008.4569091796875,33.74070358276367
248994,1616.339231968,62.49967956542969,1008.4569091796875,33.74070358276367
249014,1616.359935779,62.46686935424805,1008.4611206054688,33.7424430847168
249034,1616.380743287,62.44499588012695,1008.4632568359375,33.74263000488281
249054,1616.399750227,62.50514221191406,1008.4563598632812,33.74388885498047
249074,1616.418966429,62.521549224853516,1008.4545288085938,33.74371337890625
249094,1616.44005564,62.49967956542969,1008.4568481445312,33.743595123291016
249114,1616.46013923,62.46686935424805,1008.4611206054688,33.743507385253906
249134,1616.479591398,62.44499588012695,1008.4631958007812,33.74454116821289
249154,1616.499615016,62.41218566894531,1008.4674072265625,33.74421310424805
249174,1616.519963706,62.41218566894531,1008.4673461914062,33.746158599853516
249194,1616.538948509,62.390316009521484,1008.4698486328125,33.748741149902344
249214,1616.559351688,62.47233581542969,1008.4602661132812,33.74846649169922
249234,1616.580912825,62.41765594482422,1008.46630859375,33.74825668334961
249254,1616.599062218,62.428592681884766,1008.4654541015625,33.748104095458984
249274,1616.618340556,62.44499588012695,1008.4632568359375,33.74908447265625
249294,1616.639049238,62.40125274658203,1008.4684448242188,33.74982452392578
249314,1616.658640094,62.461402893066406,1008.4616088867188,33.74927520751953
249334,1616.680996121,62.43406295776367,1008.464599609375,33.75106430053711
249354,1616.698696881,62.341102600097656,1008.475341796875,33.75350570678711
249374,1616.718972888,62.36844253540039,1008.4722290039062,33.75424575805664
249394,1616.739166175,62.36844253540039,1008.4719848632812,33.755897521972656
249414,1616.758966314,62.36844253540039,1008.4719848632812,33.75603485107422
249434,1616.780960321,62.335636138916016,1008.4757690429688,33.757240295410156
249454,1616.79958893,62.38484573364258,1008.4700317382812,33.75483322143555
249474,1616.818699753,62.324703216552734,1008.4772338867188,33.75632858276367
249494,1616.839619499,62.36297607421875,1008.4730224609375,33.75746536254883
249514,1616.858886719,62.3739128112793,1008.4713134765625,33.75830841064453
249534,1616.881626397,62.297359466552734,1008.4805908203125,33.75894546508789
249554,1616.899416272,62.248146057128906,1008.4861450195312,33.760528564453125
249574,1616.919510757,62.242679595947266,1008.4864501953125,33.760597229003906
249594,1616.939062758,62.324703216552734,1008.4774169921875,33.76066589355469
249614,1616.959483292,62.41218566894531,1008.4671630859375,33.75739669799805
249634,1616.978668594,62.395782470703125,1008.4691772460938,33.760459899902344
249654,1616.999594614,62.41218566894531,1008.4671630859375,33.760562896728516
249674,1617.018347838,62.42312240600586,1008.465576171875,33.7606315612793
249694,1617.039104059,62.357505798339844,1008.4732055664062,33.76288604736328
249714,1617.059854901,62.42312240600586,1008.466064453125,33.762367248535156
249734,1617.078647713,62.43406295776367,1008.4645385742188,33.76419448852539
249754,1617.098968322,62.43406295776367,1008.4647216796875,33.764469146728516
249774,1617.119579768,62.42312240600586,1008.4656982421875,33.76686096191406
249794,1617.138740978,62.4559326171875,1008.4617919921875,33.76536178588867
249814,1617.158963114,62.41765594482422,1008.4664916992188,33.76642990112305
249834,1617.178363257,62.3739128112793,1008.4712524414062,33.768341064453125
249854,1617.198147602,62.42312240600586,1008.4657592773438,33.76646423339844
249874,1617.218781396,62.44499588012695,1008.4631958007812,33.76615524291992
249894,1617.239119655,62.46686935424805,1008.4606323242188,33.767032623291016
249914,1617.259434221,62.41218566894531,1008.4672241210938,33.76768493652344
249934,1617.279324999,62.3739128112793,1008.4718627929688,33.768184661865234
249954,1617.298992095,62.390316009521484,1008.4699096679688,33.769649505615234
249974,1617.319469741,62.390316009521484,1008.4699096679688,33.769649505615234
249994,1617.33888885,62.38484573364258,1008.4701538085938,33.76854705810547
250014,1617.358460403,62.4559326171875,1008.4622192382812,33.76771926879883
250034,1617.378666861,62.35204315185547,1008.4743041992188,33.77040481567383
250054,1617.398438518,62.31376266479492,1008.478271484375,33.77131652832031
250074,1617.418502364,62.30829620361328,1008.4788208007812,33.770904541015625
250094,1617.438448232,62.335636138916016,1008.475830078125,33.76839065551758
250114,1617.458726498,62.395782470703125,1008.4691772460938,33.767601013183594
250134,1617.478483515,62.36297607421875,1008.4730224609375,33.77031707763672
250154,1617.498311164,62.36297607421875,1008.4730224609375,33.77031707763672
250174,1617.517362805,62.36844253540039,1008.4723510742188,33.769046783447266
250194,1617.53797732,62.3739128112793,1008.4718017578125,33.76919937133789
250214,1617.558519396,62.390316009521484,1008.4697265625,33.77042007446289
250234,1617.578540525,62.335636138916016,1008.4758911132812,33.773536682128906
250254,1617.597948368,62.33016586303711,1008.4766235351562,33.774757385253906
250274,1617.618070118,62.357505798339844,1008.4735107421875,33.77458572387695
250294,1617.638484871,62.35204315185547,1008.473876953125,33.77444839477539
250314,1617.658712157,62.297359466552734,1008.480224609375,33.77546310424805
250334,1617.678047231,62.302825927734375,1008.479736328125,33.77620315551758
250354,1617.69837861,62.31376266479492,1008.4783935546875,33.77566909790039
250374,1617.718090525,62.390316009521484,1008.4693603515625,33.77527618408203
250394,1617.738407215,62.40672302246094,1008.4677124023438,33.776065826416016
250414,1617.757957648,62.47233581542969,1008.4598999023438,33.776668548583984
250434,1617.77786933,62.42312240600586,1008.4658203125,33.77711486816406
250454,1617.797382036,62.40125274658203,1008.4680786132812,33.77745819091797
250474,1617.818368557,62.36844253540039,1008.471923828125,33.77770233154297
250494,1617.838361078,62.357505798339844,1008.4732666015625,33.780094146728516
250514,1617.857664045,62.31376266479492,1008.4786376953125,33.77969741821289
250534,1617.878552997,62.357505798339844,1008.4735107421875,33.779388427734375
250554,1617.898998626,62.33016586303711,1008.4768676757812,33.78245162963867
250574,1617.918215611,62.31376266479492,1008.478271484375,33.783653259277344
250594,1617.938766615,62.21533966064453,1008.489990234375,33.78456497192383
250614,1617.958961209,62.22627639770508,1008.4886474609375,33.78303527832031
250634,1617.978733993,62.30829620361328,1008.4793701171875,33.78300094604492
250654,1617.997529363,62.38484573364258,1008.4700317382812,33.781864166259766
250674,1618.017349275,62.36844253540039,1008.4721069335938,33.78212356567383
250694,1618.038020275,62.324703216552734,1008.4771728515625,33.78341293334961
250714,1618.058371935,62.335636138916016,1008.4760131835938,33.78437805175781
250734,1618.077782738,62.395782470703125,1008.4688110351562,33.78289794921875
250754,1618.096498248,62.28642272949219,1008.4815673828125,33.784000396728516
250774,1618.116732003,62.28642272949219,1008.4813842773438,33.78590774536133
250794,1618.1368086,62.26455307006836,1008.4842529296875,33.787353515625
250814,1618.156925709,62.27548599243164,1008.4825439453125,33.78843688964844
250834,1618.177627724,62.335636138916016,1008.4760131835938,33.78814697265625
250854,1618.197848578,62.27548599243164,1008.4825439453125,33.789024353027344
250874,1618.21736871,62.23174285888672,1008.48779296875,33.789695739746094
250894,1618.237984472,62.25908279418945,1008.4846801757812,33.79019546508789
250914,1618.257662096,62.31376266479492,1008.4786376953125,33.79055404663086
250934,1618.279042169,62.297359466552734,1008.4806518554688,33.79084777832031
250954,1618.297627505,62.302825927734375,1008.47998046875,33.78995132446289
250974,1618.318689498,62.30829620361328,1008.479248046875,33.78927993774414
250994,1618.33806545,62.36297607421875,1008.4729614257812,33.78988265991211
251014,1618.357430264,62.3793830871582,1008.4711303710938,33.79143142700195
251034,1618.378037044,62.34657287597656,1008.4749755859375,33.7926025390625
251054,1618.39797436,62.35204315185547,1008.473876953125,33.79346466064453
251074,1618.418451409,62.35204315185547,1008.4741821289062,33.79411697387695
251094,1618.437487588,62.40672302246094,1008.4679565429688,33.79461669921875
251114,1618.457872831,62.390316009521484,1008.4699096679688,33.796077728271484
251134,1618.478569717,62.341102600097656,1008.475341796875,33.796077728271484
251154,1618.497545184,62.28642272949219,1008.4814453125,33.798282623291016
251174,1618.518471522,62.209869384765625,1008.4902954101562,33.79993438720703
251194,1618.537409548,62.177059173583984,1008.4944458007812,33.800071716308594
251214,1618.55775905,62.20439910888672,1008.4910888671875,33.799072265625
251234,1618.578630229,62.21533966064453,1008.4898071289062,33.799434661865234
251254,1618.598546345,62.20439910888672,1008.4912109375,33.7996940612793
251274,1618.617765076,62.22627639770508,1008.4887084960938,33.798797607421875
251294,1618.638162418,62.177059173583984,1008.4944458007812,33.79920959472656
251314,1618.65880467,62.14971923828125,1008.4974975585938,33.80064010620117
251334,1618.678926203,62.14971923828125,1008.4974975585938,33.80064010620117
251354,1618.697419831,62.19346618652344,1008.4920654296875,33.799503326416016
251374,1618.718449898,62.22080612182617,1008.4888916015625,33.800846099853516
251394,1618.737503211,62.22627639770508,1008.48828125,33.799659729003906
251414,1618.75839487,62.25908279418945,1008.4848022460938,33.79986572265625
251434,1618.777374864,62.34657287597656,1008.474609375,33.798919677734375
251454,1618.797322878,62.31376266479492,1008.4786376953125,33.799312591552734
251474,1618.817991596,62.30829620361328,1008.4789428710938,33.79960632324219
251494,1618.837164377,62.28095626831055,1008.48193359375,33.79983139038086
251514,1618.857330939,62.28642272949219,1008.4814453125,33.80110549926758
251534,1618.877898028,62.25361633300781,1008.485595703125,33.80425262451172
251554,1618.896897655,62.242679595947266,1008.4867553710938,33.80440902709961
251574,1618.918106582,62.27001953125,1008.483642578125,33.804527282714844
251594,1618.937482402,62.28642272949219,1008.4813842773438,33.803531646728516
251614,1618.95695772,62.21533966064453,1008.489990234375,33.80607604980469
251634,1618.977645979,62.20439910888672,1008.4913330078125,33.805782318115234
251654,1618.997766076,62.297359466552734,1008.4803466796875,33.80556106567383
251674,1619.01756306,62.31376266479492,1008.4782104492188,33.80759048461914
251694,1619.0376668,62.28095626831055,1008.4824829101562,33.80691909790039
251714,1619.056965529,62.26455307006836,1008.484375,33.806419372558594
251734,1619.077511932,62.209869384765625,1008.4906005859375,33.80934524536133
251754,1619.097518853,62.27001953125,1008.4838256835938,33.8082275390625
251774,1619.116988206,62.25908279418945,1008.4849853515625,33.80960464477539
251794,1619.137372182,62.27548599243164,1008.4828491210938,33.81172180175781
251814,1619.15744164,62.341102600097656,1008.4752197265625,33.811119079589844
251834,1619.177741141,62.357505798339844,1008.4732666015625,33.811771392822266
251854,1619.197056434,62.335636138916016,1008.4760131835938,33.81005096435547
251874,1619.217647663,62.28642272949219,1008.4818725585938,33.81096267700195
251894,1619.237077504,62.28095626831055,1008.4822998046875,33.810550689697266
251914,1619.25798793,62.27548599243164,1008.4826049804688,33.81134033203125
251934,1619.277513026,62.302825927734375,1008.47998046875,33.811927795410156
251954,1619.297254248,62.25361633300781,1008.485595703125,33.814579010009766
251974,1619.317363233,62.36844253540039,1008.4722290039062,33.81215286254883
251994,1619.337811153,62.41218566894531,1008.4669799804688,33.81254577636719
252014,1619.356961505,62.41218566894531,1008.4669799804688,33.81254577636719
252034,1619.377379247,62.357505798339844,1008.4735717773438,33.81283950805664
252054,1619.397322531,62.390316009521484,1008.4696044921875,33.81084442138672
252074,1619.416837504,62.3793830871582,1008.4705810546875,33.81156539916992
252094,1619.436761467,62.297359466552734,1008.4800415039062,33.813201904296875
252114,1619.456763466,62.297359466552734,1008.4805908203125,33.814422607421875
252134,1619.477383256,62.27001953125,1008.4833984375,33.81645202636719
252154,1619.496845614,62.31923294067383,1008.4780883789062,33.815765380859375
252174,1619.516760745,62.248146057128906,1008.4857788085938,33.816349029541016
252194,1619.53654331,62.155189514160156,1008.4967651367188,33.81789779663086
252214,1619.557489855,62.198936462402344,1008.4917602539062,33.81904983520508
252234,1619.576807935,62.27548599243164,1008.4827270507812,33.818809509277344
252254,1619.597892546,62.248146057128906,1008.486328125,33.819740295410156
252274,1619.617309794,62.324703216552734,1008.4769897460938,33.82042694091797
252294,1619.636696364,62.335636138916016,1008.4762573242188,33.81875991821289
252314,1619.657018398,62.36844253540039,1008.47216796875,33.81858825683594
252334,1619.676426596,62.34657287597656,1008.474609375,33.8195686340332
252354,1619.696464466,62.297359466552734,1008.4802856445312,33.820308685302734
252374,1619.717464794,62.357505798339844,1008.4732055664062,33.81865692138672
252394,1619.736620812,62.31923294067383,1008.4775390625,33.82072067260742
252414,1619.756673339,62.248146057128906,1008.486328125,33.8211669921875
252434,1619.776834989,62.26455307006836,1008.4840698242188,33.821510314941406
252454,1619.797369046,62.19346618652344,1008.4923095703125,33.82395553588867
252474,1619.817592441,62.20439910888672,1008.4907836914062,33.82359313964844
252494,1619.836518984,62.27001953125,1008.4832763671875,33.82333755493164
252514,1619.857428821,62.27001953125,1008.4832763671875,33.82333755493164
252534,1619.877749052,62.242679595947266,1008.4864501953125,33.8242301940918
252554,1619.897231763,62.25908279418945,1008.4847412109375,33.82600402832031
252574,1619.916710271,62.23720932006836,1008.4876098632812,33.827327728271484
252594,1619.937608691,62.291893005371094,1008.4807739257812,33.82612228393555
252614,1619.957026879,62.25908279418945,1008.4846801757812,33.82632827758789
252634,1619.976110192,62.27001953125,1008.483642578125,33.82648468017578
252654,1619.996836667,62.248146057128906,1008.4857788085938,33.82658767700195
252674,1620.01735796,62.28642272949219,1008.4816284179688,33.82667541503906
252694,1620.036946488,62.30829620361328,1008.4789428710938,33.82564163208008
252714,1620.056208325,62.291893005371094,1008.4807739257812,33.825950622558594
252734,1620.076714784,62.297359466552734,1008.4805908203125,33.82619094848633
252754,1620.096537299,62.248146057128906,1008.4857788085938,33.827484130859375
252774,1620.1171316,62.21533966064453,1008.4896850585938,33.82844543457031
252794,1620.137089,62.22627639770508,1008.4888305664062,33.828067779541016
252814,1620.157056669,62.25361633300781,1008.4852905273438,33.82887649536133
252834,1620.176090417,62.27548599243164,1008.4826049804688,33.82949447631836
252854,1620.197514034,62.30829620361328,1008.4791259765625,33.8299446105957
252874,1620.217366521,62.36297607421875,1008.4730834960938,33.829185485839844
252894,1620.237074386,62.335636138916016,1008.47607421875,33.82971954345703
252914,1620.256623773,62.341102600097656,1008.475341796875,33.83233642578125
252934,1620.276988646,62.335636138916016,1008.47607421875,33.83317947387695
252954,1620.297053307,62.291893005371094,1008.4811401367188,33.83271408081055
252974,1620.316960572,62.302825927734375,1008.4796142578125,33.83237075805664
252994,1620.337021416,62.3739128112793,1008.4716796875,33.83211135864258
253014,1620.356993544,62.36844253540039,1008.4723510742188,33.831905364990234
253034,1620.375971342,62.38484573364258,1008.4703979492188,33.830665588378906
253054,1620.397298161,62.36297607421875,1008.47265625,33.831939697265625
253074,1620.416892094,62.35204315185547,1008.4741821289062,33.8328857421875
253094,1620.436732075,62.28642272949219,1008.4815673828125,33.834693908691406
253114,1620.457036989,62.28095626831055,1008.482421875,33.8349494934082
253134,1620.47651048,62.30829620361328,1008.4793701171875,33.83405685424805
253154,1620.49598971,62.291893005371094,1008.4810180664062,33.83226776123047
253174,1620.516751751,62.23720932006836,1008.4871826171875,33.833126068115234
253194,1620.53659058,62.3793830871582,1008.4708251953125,33.832679748535156
253214,1620.557519599,62.41765594482422,1008.4664916992188,33.83233642578125
253234,1620.576595381,62.3739128112793,1008.4716796875,33.83539962768555
253254,1620.596977025,62.3793830871582,1008.4711303710938,33.83438491821289
253274,1620.61657853,62.40672302246094,1008.468017578125,33.83361053466797
253294,1620.63746151,62.483272552490234,1008.4591064453125,33.83304214477539
253314,1620.655904974,62.47233581542969,1008.4602661132812,33.832611083984375
253334,1620.67659296,62.341102600097656,1008.4750366210938,33.83558654785156
253354,1620.697369138,62.23720932006836,1008.4876098632812,33.837825775146484
253374,1620.716231423,62.22080612182617,1008.489013671875,33.83951187133789
253394,1620.736627765,62.22627639770508,1008.4886474609375,33.84186935424805
253414,1620.756464313,62.16065979003906,1008.4962768554688,33.8436393737793
253434,1620.77692526,62.198936462402344,1008.4920043945312,33.8427619934082
253454,1620.796795328,62.28642272949219,1008.4818725585938,33.84210968017578
253474,1620.816057058,62.33016586303711,1008.4766845703125,33.841609954833984
253494,1620.836340797,62.302825927734375,1008.4797973632812,33.842350006103516
253514,1620.856740464,62.25908279418945,1008.4845581054688,33.842899322509766
253534,1620.875779045,62.3739128112793,1008.4712524414062,33.84111022949219
253554,1620.896908761,62.38484573364258,1008.47021484375,33.84197235107422
253574,1620.915726517,62.34657287597656,1008.4746704101562,33.84150695800781
253594,1620.936486185,62.3739128112793,1008.4716186523438,33.84226608276367
253614,1620.954701371,62.461402893066406,1008.4612426757812,33.84062957763672
253634,1620.975337301,62.483272552490234,1008.4591064453125,33.83940887451172
253654,1620.995067172,62.428592681884766,1008.4650268554688,33.8406982421875
253674,1621.014985991,62.428592681884766,1008.4655151367188,33.8416633605957
253694,1621.035580019,62.428592681884766,1008.4655151367188,33.8416633605957
253714,1621.056330301,62.341102600097656,1008.4750366210938,33.84348678588867
253734,1621.075817231,62.3739128112793,1008.4716186523438,33.843746185302734
253754,1621.095723254,62.40672302246094,1008.4676513671875,33.84395217895508
253774,1621.114984701,62.4559326171875,1008.4620971679688,33.84518814086914
253794,1621.135889187,62.36844253540039,1008.4723510742188,33.84613800048828
253814,1621.155828647,62.297359466552734,1008.4801635742188,33.846839904785156
253834,1621.175752482,62.35204315185547,1008.4741821289062,33.846256256103516
253854,1621.196057139,62.34657287597656,1008.4749145507812,33.846927642822266
253874,1621.215953571,62.28642272949219,1008.481689453125,33.84854507446289
253894,1621.235644654,62.31923294067383,1008.477783203125,33.84864807128906
253914,1621.256430468,62.324703216552734,1008.4774780273438,33.848716735839844
253934,1621.275854258,62.324703216552734,1008.4774169921875,33.8476676940918
253954,1621.297591667,62.36844253540039,1008.47216796875,33.84799575805664
253974,1621.315984689,62.291893005371094,1008.4810791015625,33.848236083984375
253994,1621.335740349,62.1879997253418,1008.492919921875,33.849510192871094
254014,1621.355654537,62.23174285888672,1008.4877319335938,33.84937286376953
254034,1621.375741258,62.21533966064453,1008.4898071289062,33.851470947265625
254054,1621.395136767,62.22080612182617,1008.4888916015625,33.85193634033203
254074,1621.415868339,62.22627639770508,1008.4888305664062,33.850093841552734
254094,1621.436092747,62.27548599243164,1008.4828491210938,33.84980010986328
254114,1621.456457767,62.27548599243164,1008.4827880859375,33.84959411621094
254134,1621.476575553,62.23720932006836,1008.4874877929688,33.85162353515625
254154,1621.496230572,62.20439910888672,1008.4912109375,33.852054595947266
254174,1621.51506131,62.22627639770508,1008.4888305664062,33.85238265991211
254194,1621.535220206,62.22080612182617,1008.4892578125,33.852622985839844
254214,1621.555507744,62.297359466552734,1008.48046875,33.853912353515625
254234,1621.57566523,62.33016586303711,1008.4765625,33.85487747192383
254254,1621.596105566,62.28642272949219,1008.4813842773438,33.8567008972168
254274,1621.615711301,62.28095626831055,1008.482421875,33.85696029663086
254294,1621.636377197,62.27001953125,1008.4833374023438,33.8571662902832
254314,1621.656339297,62.28642272949219,1008.4813842773438,33.856201171875
254334,1621.674912727,62.302825927734375,1008.4796142578125,33.85770034790039
254354,1621.694130342,62.3793830871582,1008.4710693359375,33.85551452636719
254374,1621.714668067,62.36297607421875,1008.4730224609375,33.8571662902832
254394,1621.735670357,62.335636138916016,1008.475830078125,33.858421325683594
254414,1621.755513642,62.28095626831055,1008.4819946289062,33.86045455932617
254434,1621.775062117,62.31923294067383,1008.4775390625,33.86088180541992
254454,1621.795434417,62.25908279418945,1008.4845581054688,33.86231231689453
254474,1621.814960197,62.248146057128906,1008.4859008789062,33.86227798461914
254494,1621.835610119,62.27548599243164,1008.4830932617188,33.86224365234375
254514,1621.856064098,62.33016586303711,1008.4767456054688,33.86222457885742
254534,1621.876502984,62.36844253540039,1008.4723510742188,33.861106872558594
254554,1621.895551856,62.31376266479492,1008.4782104492188,33.862464904785156
254574,1621.915799205,62.324703216552734,1008.4771728515625,33.862396240234375
254594,1621.935507911,62.26455307006836,1008.4841918945312,33.86344528198242
254614,1621.95517577,62.341102600097656,1008.4752197265625,33.86201858520508
254634,1621.975980193,62.297359466552734,1008.4801635742188,33.863155364990234
254654,1621.995531005,62.291893005371094,1008.481201171875,33.864013671875
254674,1622.014674289,62.26455307006836,1008.4842529296875,33.865753173828125
254694,1622.03601955,62.341102600097656,1008.4751586914062,33.86595916748047
254714,1622.055362814,62.335636138916016,1008.4758911132812,33.86611557006836
254734,1622.075938172,62.28642272949219,1008.4813842773438,33.8684196472168
254754,1622.096385768,62.22627639770508,1008.48828125,33.87015914916992
254774,1622.115554933,62.21533966064453,1008.4900512695312,33.8692626953125
254794,1622.13652366,62.177059173583984,1008.4943237304688,33.87299728393555
254814,1622.155514406,62.155189514160156,1008.4966430664062,33.87470245361328
254834,1622.175663993,62.11691665649414,1008.5011596679688,33.874874114990234
254854,1622.194723162,62.25361633300781,1008.4856567382812,33.87499237060547
254874,1622.215848495,62.25361633300781,1008.4856567382812,33.87499237060547
254894,1622.235018297,62.22080612182617,1008.4889526367188,33.87509536743164
254914,1622.2551126,62.209869384765625,1008.4902954101562,33.872962951660156
254934,1622.27549442,62.21533966064453,1008.4896850585938,33.873565673828125
254954,1622.295871329,62.27548599243164,1008.4826049804688,33.8740119934082
254974,1622.315956358,62.177059173583984,1008.494140625,33.87656021118164
254994,1622.335618669,62.122379302978516,1008.500732421875,33.87516403198242
255014,1622.355087802,62.13878631591797,1008.4989013671875,33.87521743774414
255034,1622.375781695,62.13878631591797,1008.4987182617188,33.87525177001953
255054,1622.396097191,62.26455307006836,1008.4841918945312,33.874183654785156
255074,1622.415609458,62.25908279418945,1008.4849243164062,33.875579833984375
255094,1622.435931394,62.21533966064453,1008.4896850585938,33.875526428222656
255114,1622.454927428,62.198936462402344,1008.4918823242188,33.875492095947266
255134,1622.475488924,62.27001953125,1008.4835815429688,33.87767791748047
255154,1622.494746108,62.22627639770508,1008.4883422851562,33.879295349121094
255174,1622.515472741,62.198936462402344,1008.4916381835938,33.880516052246094
255194,1622.535494352,62.3739128112793,1008.4718627929688,33.88034439086914
255214,1622.555732756,62.3739128112793,1008.4713745117188,33.881309509277344
255234,1622.575481895,62.30829620361328,1008.4790649414062,33.88203048706055
255254,1622.594618041,62.34657287597656,1008.4746704101562,33.88036346435547
255274,1622.614780791,62.27548599243164,1008.4827270507812,33.881324768066406
255294,1622.635857835,62.28095626831055,1008.4822387695312,33.88203048706055
255314,1622.654483438,62.28095626831055,1008.4819946289062,33.88258361816406
255334,1622.674734202,62.28642272949219,1008.481689453125,33.88297653198242
255354,1622.69527328,62.242679595947266,1008.4866943359375,33.88328552246094
255374,1622.715450685,62.1879997253418,1008.4928588867188,33.884613037109375
255394,1622.734842969,62.248146057128906,1008.48583984375,33.8845100402832
255414,1622.75498434,62.22627639770508,1008.4886474609375,33.884422302246094
255434,1622.77569824,62.23720932006836,1008.4869995117188,33.88437271118164
255454,1622.794445416,62.23174285888672,1008.4879760742188,33.88431930541992
255474,1622.814445561,62.27001953125,1008.483642578125,33.883182525634766
255494,1622.834726721,62.198936462402344,1008.4920043945312,33.884544372558594
255514,1622.85459242,62.23174285888672,1008.4878540039062,33.884456634521484
255534,1622.874721389,62.1661262512207,1008.4952392578125,33.88549041748047
255554,1622.894821767,62.155189514160156,1008.4965209960938,33.887367248535156
255574,1622.915618398,62.20439910888672,1008.4913330078125,33.886573791503906
255594,1622.935116287,62.20439910888672,1008.4913330078125,33.8870735168457
255614,1622.95513751,62.18252944946289,1008.4935913085938,33.888553619384766
255634,1622.97478103,62.1661262512207,1008.4956665039062,33.88747024536133
255654,1622.994867775,62.198936462402344,1008.491455078125,33.88884353637695
255674,1623.014971169,62.177059173583984,1008.4943237304688,33.887691497802734
255694,1623.03526568,62.155189514160156,1008.4969482421875,33.89011764526367
255714,1623.05450246,62.111446380615234,1008.5015258789062,33.89194107055664
255734,1623.074094914,62.18252944946289,1008.4937133789062,33.88999938964844
255754,1623.094868941,62.198936462402344,1008.4918823242188,33.888553619384766
255774,1623.114776159,62.23174285888672,1008.48779296875,33.887451171875
255794,1623.135140371,62.26455307006836,1008.484130859375,33.88994598388672
255814,1623.155383175,62.242679595947266,1008.4866943359375,33.89180374145508
255834,1623.175089021,62.27548599243164,1008.4826049804688,33.88991165161133
255854,1623.194479012,62.341102600097656,1008.4752807617188,33.89068603515625
255874,1623.214585249,62.25361633300781,1008.4854736328125,33.89125442504883
255894,1623.234940072,62.31376266479492,1008.4786987304688,33.891700744628906
255914,1623.254226447,62.27548599243164,1008.4827880859375,33.89202880859375
255934,1623.274475763,62.23174285888672,1008.4879760742188,33.89447021484375
255954,1623.294878242,62.25361633300781,1008.485595703125,33.89519500732422
255974,1623.314505532,62.302825927734375,1008.4797973632812,33.89464569091797
255994,1623.334992452,62.297359466552734,1008.48046875,33.893131256103516
256014,1623.354148568,62.302825927734375,1008.4794921875,33.894195556640625
256034,1623.374494191,62.291893005371094,1008.4808349609375,33.89390563964844
256054,1623.394353693,62.34657287597656,1008.4747924804688,33.89478302001953
256074,1623.414032404,62.34657287597656,1008.4747924804688,33.89478302001953
256094,1623.433984352,62.35204315185547,1008.4743041992188,33.89543533325195
256114,1623.454764369,62.33016586303711,1008.4766845703125,33.897037506103516
256134,1623.474990554,62.31923294067383,1008.4780883789062,33.898223876953125
256154,1623.493888884,62.335636138916016,1008.4757690429688,33.896915435791016
256174,1623.51458327,62.390316009521484,1008.4692993164062,33.898136138916016
256194,1623.535313742,62.291893005371094,1008.4808959960938,33.89906692504883
256214,1623.554072121,62.22080612182617,1008.4894409179688,33.89975357055664
256234,1623.575276285,62.18252944946289,1008.4932861328125,33.899169921875
256254,1623.593932751,62.20439910888672,1008.4907836914062,33.89982223510742
256274,1623.614083304,62.27001953125,1008.4833984375,33.90032196044922
256294,1623.636934241,62.12784957885742,1008.4996948242188,33.899600982666016
256314,1623.654679417,62.155189514160156,1008.4967041015625,33.900150299072266
256334,1623.675065163,62.14971923828125,1008.497314453125,33.89946365356445
256354,1623.694679001,62.25908279418945,1008.4845581054688,33.89894485473633
256374,1623.714965887,62.31923294067383,1008.4776611328125,33.8996696472168
256394,1623.735456806,62.23720932006836,1008.4869995117188,33.900203704833984
256414,1623.754601775,62.25908279418945,1008.4846801757812,33.900596618652344
256434,1623.774688081,62.23174285888672,1008.4881591796875,33.900909423828125
256454,1623.793779988,62.23174285888672,1008.4880981445312,33.9022331237793
256474,1623.813745829,62.25361633300781,1008.4853515625,33.902130126953125
256494,1623.834213622,62.25908279418945,1008.4848022460938,33.902042388916016
256514,1623.854208435,62.297359466552734,1008.4802856445312,33.90199279785156
256534,1623.873710197,62.291893005371094,1008.4807739257812,33.90304183959961
256554,1623.894353773,62.242679595947266,1008.4863891601562,33.903831481933594
256574,1623.914093926,62.302825927734375,1008.47998046875,33.90553665161133
256594,1623.934455229,62.27548599243164,1008.4830322265625,33.90570831298828
256614,1623.954277805,62.27548599243164,1008.4830322265625,33.90583038330078
256634,1623.974291355,62.23174285888672,1008.4878540039062,33.90703201293945
256654,1623.994046591,62.302825927734375,1008.4799194335938,33.90682601928711
256674,1624.014071762,62.291893005371094,1008.4810180664062,33.90887451171875
256694,1624.033889863,62.28642272949219,1008.4813842773438,33.909305572509766
256714,1624.054082022,62.26455307006836,1008.4840698242188,33.908531188964844
256734,1624.074772442,62.25908279418945,1008.4849243164062,33.907962799072266
256754,1624.093998492,62.31923294067383,1008.4776611328125,33.90751647949219
256774,1624.113733741,62.26455307006836,1008.4839477539062,33.90829086303711
256794,1624.133493865,62.25361633300781,1008.4856567382812,33.90887451171875
256814,1624.153647196,62.21533966064453,1008.4901123046875,33.909305572509766
256834,1624.174019269,62.28642272949219,1008.4813842773438,33.908531188964844
256854,1624.194749429,62.31376266479492,1008.4786987304688,33.90906524658203
256874,1624.214305245,62.43952560424805,1008.4638671875,33.90724182128906
256894,1624.234387631,62.48874282836914,1008.458251953125,33.905879974365234
256914,1624.253382187,62.43952560424805,1008.4640502929688,33.907066345214844
256934,1624.274659066,62.357505798339844,1008.4732055664062,33.91016387939453
256954,1624.293580824,62.30829620361328,1008.4789428710938,33.91136932373047
256974,1624.314896205,62.341102600097656,1008.4755249023438,33.91117858886719
256994,1624.333643796,62.28095626831055,1008.482421875,33.911041259765625
257014,1624.353707112,62.248146057128906,1008.48583984375,33.91204071044922
257034,1624.374452394,62.28095626831055,1008.482421875,33.910579681396484
257054,1624.394512662,62.27001953125,1008.4833984375,33.90949249267578
257074,1624.414689694,62.28642272949219,1008.481689453125,33.90977096557617
257094,1624.433441056,62.34657287597656,1008.4744873046875,33.91219711303711
257114,1624.453227165,62.395782470703125,1008.4691772460938,33.91400146484375
257134,1624.473126409,62.335636138916016,1008.47607421875,33.91426086425781
257154,1624.493623558,62.450462341308594,1008.4627685546875,33.91224670410156
257174,1624.514095388,62.36297607421875,1008.4725341796875,33.91293716430664
257194,1624.534473347,62.324703216552734,1008.4771728515625,33.91456985473633
257214,1624.552979525,62.28642272949219,1008.481689453125,33.915775299072266
257234,1624.573331628,62.1879997253418,1008.4928588867188,33.917789459228516
257254,1624.593541206,62.111446380615234,1008.5016479492188,33.9182014465332
257274,1624.614555986,62.111446380615234,1008.5016479492188,33.9182014465332
257294,1624.633888578,62.19346618652344,1008.4922485351562,33.91851043701172
257314,1624.653695399,62.1879997253418,1008.4930419921875,33.91873550415039
257334,1624.673942317,62.18252944946289,1008.4937133789062,33.918907165527344
257354,1624.692840578,62.1661262512207,1008.4955444335938,33.919044494628906
257374,1624.713879759,62.23720932006836,1008.487548828125,33.91912841796875
257394,1624.734043274,62.22627639770508,1008.4884643554688,33.918113708496094
257414,1624.752957313,62.291893005371094,1008.4810180664062,33.91844177246094
257434,1624.773115437,62.28642272949219,1008.4818725585938,33.91868209838867
257454,1624.792778089,62.335636138916016,1008.4761352539062,33.91777038574219
257474,1624.814525121,62.324703216552734,1008.4771118164062,33.918182373046875
257494,1624.835204213,62.26455307006836,1008.4842529296875,33.918495178222656
257514,1624.853824371,62.36297607421875,1008.4727172851562,33.917633056640625
257534,1624.873722427,62.43406295776367,1008.4645385742188,33.91587829589844
257554,1624.892940998,62.43952560424805,1008.4641723632812,33.91677474975586
257574,1624.912602793,62.3793830871582,1008.470703125,33.91742706298828
257594,1624.933220382,62.43952560424805,1008.4640502929688,33.91572189331055
257614,1624.953958773,62.41218566894531,1008.466796875,33.915550231933594
257634,1624.973485825,62.42312240600586,1008.4660034179688,33.9165153503418
257654,1624.994049739,62.357505798339844,1008.4736328125,33.91615295410156
257674,1625.014118937,62.35204315185547,1008.4738159179688,33.916961669921875
257694,1625.033100057,62.41218566894531,1008.4674072265625,33.91758346557617
257714,1625.053678934,62.33016586303711,1008.4768676757812,33.920249938964844
257734,1625.073965105,62.3793830871582,1008.4710693359375,33.9200439453125
257754,1625.093055692,62.36297607421875,1008.4730834960938,33.91988754272461
257774,1625.113909315,62.335636138916016,1008.4757690429688,33.920867919921875
257794,1625.133574986,62.297359466552734,1008.4803466796875,33.92271041870117
257814,1625.154451302,62.335636138916016,1008.47607421875,33.92300033569336
257834,1625.173362447,62.36297607421875,1008.4728393554688,33.9221076965332
257854,1625.193979051,62.341102600097656,1008.4752807617188,33.924739837646484
257874,1625.212978176,62.324703216552734,1008.4769897460938,33.926719665527344
257894,1625.232834199,62.357505798339844,1008.4735107421875,33.92709732055664
257914,1625.252972256,62.291893005371094,1008.4810791015625,33.928489685058594
257934,1625.273544954,62.27548599243164,1008.483154296875,33.92732238769531
257954,1625.292904708,62.22627639770508,1008.4885864257812,33.92754364013672
257974,1625.313566406,62.20439910888672,1008.4913330078125,33.92771530151367
257994,1625.333432696,62.22080612182617,1008.4888916015625,33.930057525634766
258014,1625.35437513,62.22080612182617,1008.489013671875,33.92961120605469
258034,1625.372976579,62.22627639770508,1008.4887084960938,33.929264068603516
258054,1625.393771365,62.23720932006836,1008.4874877929688,33.92900848388672
258074,1625.414029611,62.155189514160156,1008.4970703125,33.92881774902344
258094,1625.433372135,62.17159652709961,1008.494873046875,33.92866134643555
258114,1625.454441318,62.209869384765625,1008.4906616210938,33.928558349609375
258134,1625.47295684,62.198936462402344,1008.491455078125,33.928489685058594
258154,1625.493682251,62.25361633300781,1008.4854736328125,33.92952346801758
258174,1625.514229504,62.31923294067383,1008.477783203125,33.9302978515625
258194,1625.534082733,62.28642272949219,1008.4818725585938,33.93088150024414
258214,1625.552880124,62.22627639770508,1008.4887084960938,33.931331634521484
258234,1625.573883736,62.33016586303711,1008.4766845703125,33.93055725097656
258254,1625.593421828,62.33016586303711,1008.4766235351562,33.93217468261719
258274,1625.614056067,62.27001953125,1008.4833374023438,33.93229293823242
258294,1625.634176754,62.22627639770508,1008.4885864257812,33.93238067626953
258314,1625.65318796,62.22080612182617,1008.4893798828125,33.93465042114258
258334,1625.673916448,62.26455307006836,1008.4839477539062,33.93305206298828
258354,1625.693733516,62.23720932006836,1008.4874267578125,33.93404769897461
258374,1625.713026796,62.209869384765625,1008.4902954101562,33.9337043762207
258394,1625.733951915,62.18252944946289,1008.4933471679688,33.934532165527344
258414,1625.754078224,62.27548599243164,1008.4827880859375,33.93406677246094
258434,1625.774229774,62.23174285888672,1008.4880981445312,33.9337043762207
258454,1625.792920777,62.28642272949219,1008.4814453125,33.93234634399414
258474,1625.813540821,62.28642272949219,1008.4814453125,33.93234634399414
258494,1625.83278709,62.248146057128906,1008.4859008789062,33.931312561035156
258514,1625.853347198,62.291893005371094,1008.4810180664062,33.93165588378906
258534,1625.873761201,62.242679595947266,1008.4868774414062,33.93299865722656
258554,1625.892918213,62.25908279418945,1008.4844360351562,33.93291473388672
258574,1625.913362241,62.31376266479492,1008.4786376953125,33.93284606933594
258594,1625.932334171,62.36297607421875,1008.4730224609375,33.93279266357422
258614,1625.953598021,62.395782470703125,1008.4688110351562,33.93275833129883
258634,1625.972845933,62.3793830871582,1008.4710083007812,33.93162155151367
258654,1625.992413726,62.390316009521484,1008.4698486328125,33.9329833984375
258674,1626.01342681,62.297359466552734,1008.4805908203125,33.935096740722656
258694,1626.032202967,62.341102600097656,1008.4755859375,33.934478759765625
258714,1626.052867549,62.40125274658203,1008.46826171875,33.93403244018555
258734,1626.073030644,62.40672302246094,1008.467529296875,33.93478775024414
258754,1626.09313443,62.40125274658203,1008.4684448242188,33.936458587646484
258774,1626.11338793,62.3793830871582,1008.4707641601562,33.93439483642578
258794,1626.132057993,62.390316009521484,1008.4697265625,33.933963775634766
258814,1626.153086639,62.3739128112793,1008.4713745117188,33.93473815917969
258834,1626.172755195,62.41218566894531,1008.4673461914062,33.935306549072266
258854,1626.192645646,62.34657287597656,1008.4749145507812,33.93685531616211
258874,1626.213128673,62.30829620361328,1008.4791259765625,33.93800735473633
258894,1626.232315517,62.324703216552734,1008.4771118164062,33.937767028808594
258914,1626.252132524,62.36297607421875,1008.4730224609375,33.93757629394531
258934,1626.272744729,62.35204315185547,1008.4738159179688,33.93745422363281
258954,1626.292368354,62.324703216552734,1008.4771728515625,33.93735122680664
258974,1626.312749758,62.34657287597656,1008.4744262695312,33.93728256225586
258994,1626.333136617,62.390316009521484,1008.4694213867188,33.93721389770508
259014,1626.352269595,62.3739128112793,1008.4712524414062,33.93717956542969
259034,1626.372238177,62.43406295776367,1008.464599609375,33.93824768066406
259054,1626.391872262,62.4559326171875,1008.4617919921875,33.939056396484375
259074,1626.412215452,62.3739128112793,1008.4715576171875,33.94076156616211
259094,1626.431940533,62.341102600097656,1008.4750366210938,33.94203186035156
259114,1626.451911981,62.341102600097656,1008.4752807617188,33.94297790527344
259134,1626.47213315,62.28642272949219,1008.4816284179688,33.94480514526367
259154,1626.492103946,62.27001953125,1008.4838256835938,33.9450798034668
259174,1626.512944262,62.23174285888672,1008.4881591796875,33.94526672363281
259194,1626.532767561,62.23720932006836,1008.4874877929688,33.9454231262207
259214,1626.551837375,62.22627639770508,1008.4883422851562,33.945526123046875
259234,1626.571660418,62.1879997253418,1008.4927978515625,33.946712493896484
259254,1626.591555853,62.16065979003906,1008.495849609375,33.94871139526367
259274,1626.611961539,62.11691665649414,1008.5009765625,33.95018768310547
259294,1626.632751032,62.1661262512207,1008.4954223632812,33.94910430908203
259314,1626.652542993,62.1879997253418,1008.4930419921875,33.949398040771484
259334,1626.671740915,62.23720932006836,1008.4869384765625,33.94852066040039
259354,1626.692508123,62.23174285888672,1008.4877319335938,33.950050354003906
259374,1626.71170914,62.18252944946289,1008.4934692382812,33.95120620727539
259394,1626.731606942,62.18252944946289,1008.493896484375,33.95096206665039
259414,1626.752510433,62.177059173583984,1008.4942016601562,33.9518928527832
259434,1626.772840523,62.198936462402344,1008.491943359375,33.95039749145508
259454,1626.792372092,62.1661262512207,1008.495361328125,33.95146179199219
259474,1626.812446925,62.18252944946289,1008.4939575195312,33.95225524902344
259494,1626.831975844,62.27001953125,1008.4837036132812,33.950653076171875
259514,1626.852812825,62.23174285888672,1008.48779296875,33.95166778564453
259534,1626.871454834,62.19346618652344,1008.4923095703125,33.95240783691406
259554,1626.891521056,62.22627639770508,1008.4885864257812,33.95297622680664
259574,1626.91234721,62.21533966064453,1008.4901123046875,33.953407287597656
259594,1626.931699313,62.21533966064453,1008.4895629882812,33.95481872558594
259614,1626.951359844,62.25361633300781,1008.4854736328125,33.95478439331055
259634,1626.971775196,62.22080612182617,1008.4888916015625,33.955848693847656
259654,1626.99183747,62.198936462402344,1008.4916381835938,33.95555877685547
259674,1627.012070725,62.22627639770508,1008.4884033203125,33.9553337097168
259694,1627.03166821,62.22627639770508,1008.4884033203125,33.9553337097168
259714,1627.052185873,62.27548599243164,1008.4830322265625,33.955162048339844
259734,1627.072115307,62.248146057128906,1008.4862060546875,33.953941345214844
259754,1627.091303139,62.33016586303711,1008.4764404296875,33.95412826538086
259774,1627.112226648,62.28095626831055,1008.482177734375,33.95426559448242
259794,1627.131129181,62.18252944946289,1008.4939575195312,33.95767593383789
259814,1627.151519224,62.10050964355469,1008.5030517578125,33.9580192565918
259834,1627.172089795,62.105979919433594,1008.5023193359375,33.957176208496094
259854,1627.191937788,62.20439910888672,1008.4912109375,33.9565544128418
259874,1627.212058194,62.27001953125,1008.4835815429688,33.95829391479492
259894,1627.231098458,62.31923294067383,1008.4780883789062,33.9584846496582
259914,1627.252097245,62.30829620361328,1008.479248046875,33.959739685058594
259934,1627.272084142,62.26455307006836,1008.4840698242188,33.95956802368164
259954,1627.292639479,62.25908279418945,1008.4850463867188,33.960548400878906
259974,1627.312570855,62.30829620361328,1008.479248046875,33.96018600463867
259994,1627.331308997,62.297359466552734,1008.4800415039062,33.96101379394531
260014,1627.352235991,62.40672302246094,1008.4676513671875,33.96052932739258
260034,1627.372343183,62.36297607421875,1008.4727172851562,33.96017074584961
260054,1627.392452368,62.30829620361328,1008.4788818359375,33.96209716796875
260074,1627.411681623,62.22627639770508,1008.4885864257812,33.96464157104492
260094,1627.431971098,62.20439910888672,1008.4910888671875,33.964351654052734
260114,1627.451316566,62.19346618652344,1008.4922485351562,33.966331481933594
260134,1627.471344208,62.19346618652344,1008.4924926757812,33.96562576293945
260154,1627.492042974,62.28095626831055,1008.48193359375,33.965091705322266
260174,1627.511218155,62.25908279418945,1008.4845581054688,33.96577835083008
260194,1627.532062082,62.31923294067383,1008.4777221679688,33.963008880615234
260214,1627.551421423,62.335636138916016,1008.47607421875,33.964229583740234
260234,1627.571720498,62.357505798339844,1008.4736328125,33.96404266357422
260254,1627.591953176,62.357505798339844,1008.4732666015625,33.963905334472656
260274,1627.612445304,62.40125274658203,1008.4685668945312,33.964900970458984
260294,1627.631469885,62.390316009521484,1008.4692993164062,33.96453857421875
260314,1627.651666535,62.36844253540039,1008.4721069335938,33.96648406982422
260334,1627.671520884,62.324703216552734,1008.4769897460938,33.96792984008789
260354,1627.691492767,62.13878631591797,1008.4984130859375,33.97231674194336
260374,1627.711760987,62.198936462402344,1008.4918823242188,33.970115661621094
260394,1627.732328257,62.25908279418945,1008.4850463867188,33.969566345214844
260414,1627.751691728,62.23720932006836,1008.4876098632812,33.97243881225586
260434,1627.772222779,62.248146057128906,1008.486083984375,33.9713020324707
260454,1627.792155439,62.27001953125,1008.4835815429688,33.97044372558594
260474,1627.810931323,62.1879997253418,1008.4931030273438,33.97311019897461
260494,1627.832261343,62.14971923828125,1008.497314453125,33.97510528564453
260514,1627.851769492,62.12784957885742,1008.4996948242188,33.975502014160156
260534,1627.872184156,62.22080612182617,1008.4891967773438,33.97581100463867
260554,1627.892083656,62.16065979003906,1008.4961547851562,33.977134704589844
260574,1627.910951493,62.25361633300781,1008.4854736328125,33.97701644897461
260594,1627.931084097,62.23174285888672,1008.4878540039062,33.97804641723633
260614,1627.951527884,62.21533966064453,1008.489990234375,33.976600646972656
260634,1627.971689733,62.1661262512207,1008.4954223632812,33.976619720458984
260654,1627.991062008,62.1879997253418,1008.4928588867188,33.97663497924805
260674,1628.011059878,62.17159652709961,1008.4950561523438,33.976654052734375
260694,1628.030725209,62.13331985473633,1008.4992065429688,33.97666931152344
260714,1628.050944955,62.1661262512207,1008.4956665039062,33.97666931152344
260734,1628.070908381,62.111446380615234,1008.5020751953125,33.9777717590332
260754,1628.090985724,62.0841064453125,1008.5051879882812,33.98081970214844
260774,1628.11044998,62.062232971191406,1008.507568359375,33.983089447021484
260794,1628.131580582,62.062232971191406,1008.5072631835938,33.98148727416992
260814,1628.151321461,62.056766510009766,1008.5079345703125,33.982486724853516
260834,1628.171498486,62.122379302978516,1008.500732421875,33.98214340209961
260854,1628.190586554,62.177059173583984,1008.4942016601562,33.98078536987305
260874,1628.211596562,62.089576721191406,1008.5042724609375,33.98417282104492
260894,1628.231060952,62.10050964355469,1008.5028686523438,33.98560333251953
260914,1628.251331259,62.10050964355469,1008.5028686523438,33.98560333251953
260934,1628.271487518,62.111446380615234,1008.5020141601562,33.9855842590332
260954,1628.291724744,62.04035949707031,1008.5101318359375,33.98887252807617
260974,1628.310766497,62.04035949707031,1008.509765625,33.990230560302734
260994,1628.33212779,62.051300048828125,1008.5087280273438,33.98794174194336
261014,1628.35155448,62.11691665649414,1008.5012817382812,33.98733901977539
261034,1628.371460706,62.06769943237305,1008.507080078125,33.98797607421875
261054,1628.39163084,62.07316970825195,1008.5059814453125,33.989559173583984
261074,1628.410426144,62.13331985473633,1008.4994506835938,33.98634338378906
261094,1628.431631094,62.177059173583984,1008.4945678710938,33.98393249511719
261114,1628.451051326,62.23720932006836,1008.4874877929688,33.98542785644531
261134,1628.471269454,62.18252944946289,1008.4938354492188,33.98875045776367
261154,1628.490420736,62.14971923828125,1008.4974975585938,33.99124526977539
261174,1628.511722862,62.06769943237305,1008.5067749023438,33.99201965332031
261194,1628.531565399,62.10050964355469,1008.5032348632812,33.99258804321289
261214,1628.550447622,62.122379302978516,1008.500732421875,33.99191665649414
261234,1628.571374896,62.20439910888672,1008.4912109375,33.99031448364258
261254,1628.591361464,62.22627639770508,1008.4888305664062,33.99131393432617
261274,1628.610311639,62.28095626831055,1008.4822998046875,33.98876953125
261294,1628.630967361,62.22627639770508,1008.4888305664062,33.99124526977539
261314,1628.650907811,62.1879997253418,1008.4927368164062,33.99091720581055
261334,1628.670401798,62.1661262512207,1008.4953002929688,33.99176025390625
261354,1628.691487327,62.26455307006836,1008.4841918945312,33.99129867553711
261374,1628.711103731,62.22080612182617,1008.4891967773438,33.99095153808594
261394,1628.731464505,62.13331985473633,1008.4992065429688,33.992897033691406
261414,1628.750923351,62.09503936767578,1008.50390625,33.994361877441406
261434,1628.771226305,62.177059173583984,1008.4944458007812,33.99434280395508
261454,1628.790614358,62.122379302978516,1008.5003662109375,33.995445251464844
261474,1628.810648002,62.1879997253418,1008.4931640625,33.994049072265625
261494,1628.831488376,62.1661262512207,1008.4955444335938,33.99522018432617
261514,1628.850378732,62.198936462402344,1008.4920043945312,33.996097564697266
261534,1628.870623455,62.21533966064453,1008.4896850585938,33.99454879760742
261554,1628.890621897,62.144256591796875,1008.4981079101562,33.996700286865234
261574,1628.911088978,62.105979919433594,1008.5025024414062,33.9994010925293
261594,1628.931736556,62.11691665649414,1008.5011596679688,33.999229431152344
261614,1628.951472538,62.089576721191406,1008.5040893554688,33.999107360839844
261634,1628.970788176,62.01301956176758,1008.5130004882812,33.99900436401367
261654,1628.990489577,62.051300048828125,1008.5087890625,34.000038146972656
261674,1629.010085428,62.06769943237305,1008.5070190429688,34.00081253051758
261694,1629.031513035,62.089576721191406,1008.5045166015625,34.00027847290039
261714,1629.05135716,62.13878631591797,1008.4984741210938,34.00100326538086
261734,1629.071324529,62.10050964355469,1008.5028686523438,34.00263595581055
261754,1629.091472045,62.056766510009766,1008.5078735351562,34.00275802612305
261774,1629.110879453,62.051300048828125,1008.5089111328125,34.00284194946289
261794,1629.13222847,62.029422760009766,1008.510986328125,34.00401306152344
261814,1629.150521589,62.04035949707031,1008.509765625,34.00489044189453
261834,1629.170989026,62.062232971191406,1008.5073852539062,34.00556182861328
261854,1629.190126154,62.04035949707031,1008.5101318359375,34.00494384765625
261874,1629.210862135,62.09503936767578,1008.5039672851562,34.004493713378906
261894,1629.231994281,62.089576721191406,1008.5045776367188,34.004150390625
261914,1629.250786419,62.0841064453125,1008.5047607421875,34.00609588623047
261934,1629.269764141,62.09503936767578,1008.5034790039062,34.0075569152832
261954,1629.289717872,62.122379302978516,1008.5004272460938,34.0064582824707
261974,1629.310922653,62.155189514160156,1008.4966430664062,34.0067138671875
261994,1629.332480321,62.18252944946289,1008.4932861328125,34.00802230834961
262014,1629.350108648,62.144256591796875,1008.4978637695312,34.00790023803711
262034,1629.370356837,62.177059173583984,1008.4945678710938,34.007816314697266
262054,1629.390439352,62.14971923828125,1008.4972534179688,34.00885009765625
262074,1629.410609408,62.155189514160156,1008.4969482421875,34.008522033691406
262094,1629.432731059,62.155189514160156,1008.4969482421875,34.008522033691406
262114,1629.450893044,62.10050964355469,1008.5028686523438,34.00936508178711
262134,1629.469761398,62.105979919433594,1008.5021362304688,34.0111198425293
262154,1629.491086422,62.13878631591797,1008.498779296875,34.01132583618164
262174,1629.509904704,62.155189514160156,1008.496826171875,34.010379791259766
262194,1629.53015508,62.122379302978516,1008.5001831054688,34.01075744628906
262214,1629.549648127,62.0841064453125,1008.505126953125,34.01215362548828
262234,1629.570834665,62.062232971191406,1008.5078125,34.01210021972656
262254,1629.590426057,62.10050964355469,1008.5032348632812,34.01206588745117
262274,1629.610781803,62.062232971191406,1008.5073852539062,34.01313400268555
262294,1629.629554003,62.105979919433594,1008.5028076171875,34.012821197509766
262314,1629.650159681,62.105979919433594,1008.5022583007812,34.011497497558594
262334,1629.670115532,62.11691665649414,1008.50146484375,34.012718200683594
262354,1629.690592464,62.18252944946289,1008.4934692382812,34.01141357421875
262374,1629.710101895,62.22627639770508,1008.4887084960938,34.01044845581055
262394,1629.730028127,62.16065979003906,1008.4962158203125,34.013031005859375
262414,1629.749755211,62.105979919433594,1008.5021362304688,34.014957427978516
262434,1629.770201195,62.089576721191406,1008.5042724609375,34.014198303222656
262454,1629.790085099,62.20439910888672,1008.4912109375,34.01362991333008
262474,1629.810487696,62.198936462402344,1008.4918823242188,34.01430130004883
262494,1629.83060348,62.17159652709961,1008.4949951171875,34.01482009887695
262514,1629.849988352,62.23174285888672,1008.4879760742188,34.01519775390625
262534,1629.869908004,62.155189514160156,1008.4970092773438,34.01769256591797
262554,1629.889962637,62.21533966064453,1008.4895629882812,34.01734924316406
262574,1629.910330836,62.22080612182617,1008.4892578125,34.01708984375
262594,1629.929989717,62.22080612182617,1008.4891967773438,34.016902923583984
262614,1629.949717261,62.22080612182617,1008.4888916015625,34.016761779785156
262634,1629.970598753,62.122379302978516,1008.5006103515625,34.016658782958984
262654,1629.990679829,62.07863998413086,1008.5055541992188,34.01767349243164
262674,1630.009508979,62.16065979003906,1008.4959716796875,34.01734924316406
262694,1630.029763185,62.144256591796875,1008.4978637695312,34.018192291259766
262714,1630.049474844,62.10050964355469,1008.5029296875,34.019927978515625
262734,1630.070493151,62.144256591796875,1008.4981079101562,34.01903533935547
262754,1630.089722027,62.11691665649414,1008.5009765625,34.01836395263672
262774,1630.110360793,62.1879997253418,1008.4927368164062,34.016761779785156
262794,1630.13067243,62.111446380615234,1008.5020141601562,34.018863677978516
262814,1630.149624091,62.155189514160156,1008.4967651367188,34.02042770385742
262834,1630.169724516,62.105979919433594,1008.5021362304688,34.02161407470703
262854,1630.190343756,62.089576721191406,1008.5043334960938,34.02029037475586
262874,1630.209387855,62.062232971191406,1008.5076293945312,34.02151107788086
262894,1630.228907224,62.06769943237305,1008.506591796875,34.022422790527344
262914,1630.249920515,62.122379302978516,1008.5004272460938,34.021995544433594
262934,1630.269590331,62.19346618652344,1008.4920654296875,34.02168273925781
262954,1630.290075586,62.14971923828125,1008.497314453125,34.022544860839844
262974,1630.309585808,62.19346618652344,1008.4923706054688,34.022098541259766
262994,1630.329082787,62.297359466552734,1008.4806518554688,34.020652770996094
263014,1630.349073446,62.302825927734375,1008.4799194335938,34.01958465576172
263034,1630.370117096,62.36297607421875,1008.4727783203125,34.018775939941406
263054,1630.389588426,62.3739128112793,1008.4712524414062,34.018157958984375
263074,1630.409592789,62.27001953125,1008.4833374023438,34.01991271972656
263094,1630.429598516,62.30829620361328,1008.4791259765625,34.020118713378906
263114,1630.44947861,62.291893005371094,1008.4810791015625,34.0213737487793
263134,1630.469065791,62.28095626831055,1008.4824829101562,34.02231979370117
263154,1630.489132854,62.302825927734375,1008.4794921875,34.02302551269531
263174,1630.509456564,62.198936462402344,1008.4920043945312,34.024662017822266
263194,1630.529375294,62.209869384765625,1008.4906616210938,34.0247802734375
263214,1630.549424177,62.21533966064453,1008.48974609375,34.02486801147461
263234,1630.569110192,62.1879997253418,1008.4927368164062,34.026039123535156
263254,1630.589122317,62.13331985473633,1008.4993286132812,34.025814056396484
263274,1630.609174955,62.13331985473633,1008.4993286132812,34.025814056396484
263294,1630.629538282,62.20439910888672,1008.490966796875,34.025657653808594
263314,1630.648796622,62.209869384765625,1008.4906005859375,34.02772521972656
263334,1630.66904189,62.28095626831055,1008.4819946289062,34.0270881652832
263354,1630.688771894,62.25361633300781,1008.4856567382812,34.026607513427734
263374,1630.70854219,62.22627639770508,1008.4883422851562,34.028446197509766
263394,1630.728811154,62.23174285888672,1008.48779296875,34.02872085571289
263414,1630.748442798,62.19346618652344,1008.4922485351562,34.030029296875
263434,1630.768540016,62.13878631591797,1008.4984741210938,34.031009674072266
263454,1630.789411629,62.13331985473633,1008.4992065429688,34.0306510925293
263474,1630.809544001,62.144256591796875,1008.4977416992188,34.029273986816406
263494,1630.829293415,62.25908279418945,1008.4845581054688,34.026039123535156
263514,1630.848696766,62.22080612182617,1008.4892578125,34.02691650390625
263534,1630.868833825,62.30829620361328,1008.4790649414062,34.026485443115234
263554,1630.889387683,62.36297607421875,1008.4730224609375,34.02614212036133
263574,1630.908491606,62.297359466552734,1008.4803466796875,34.027000427246094
263594,1630.928805513,62.22080612182617,1008.4894409179688,34.02873992919922
263614,1630.949395109,62.20439910888672,1008.4909057617188,34.03114700317383
263634,1630.970226712,62.18252944946289,1008.4935913085938,34.03075408935547
263654,1630.989943237,62.23174285888672,1008.4878540039062,34.03044128417969
263674,1631.009564282,62.21533966064453,1008.4898071289062,34.03022003173828
263694,1631.029769783,62.21533966064453,1008.489990234375,34.03226852416992
263714,1631.049568697,62.18252944946289,1008.49365234375,34.034881591796875
263734,1631.068609845,62.122379302978516,1008.5005493164062,34.03575897216797
263754,1631.088910368,62.155189514160156,1008.4967651367188,34.03531265258789
263774,1631.109494235,62.1879997253418,1008.492919921875,34.03276443481445
263794,1631.129990318,62.11691665649414,1008.501220703125,34.03525924682617
263814,1631.148671472,62.20439910888672,1008.490966796875,34.03383255004883
263834,1631.168749886,62.13331985473633,1008.4995727539062,34.036067962646484
263854,1631.189439466,62.155189514160156,1008.4970703125,34.03665542602539
263874,1631.208594809,62.111446380615234,1008.5018310546875,34.038185119628906
263894,1631.228861259,62.13878631591797,1008.4985961914062,34.03932189941406
263914,1631.248564055,62.144256591796875,1008.4979248046875,34.03797912597656
263934,1631.268711143,62.1879997253418,1008.492919921875,34.0391845703125
263954,1631.289750467,62.198936462402344,1008.4920043945312,34.040077209472656
263974,1631.308765741,62.27001953125,1008.4833984375,34.039649963378906
263994,1631.329697006,62.1879997253418,1008.4927368164062,34.04042434692383
264014,1631.348397668,62.21533966064453,1008.4901123046875,34.042110443115234
264034,1631.368324264,62.23720932006836,1008.4872436523438,34.04228210449219
264054,1631.389435164,62.14971923828125,1008.4972534179688,34.04130172729492
264074,1631.409330687,62.27001953125,1008.4832763671875,34.04166030883789
264094,1631.428725835,62.25908279418945,1008.4846801757812,34.04193878173828
264114,1631.448652984,62.16065979003906,1008.4962768554688,34.042144775390625
264134,1631.469296162,62.22080612182617,1008.4894409179688,34.04119873046875
264154,1631.488485783,62.09503936767578,1008.503662109375,34.042694091796875
264174,1631.509451553,62.17159652709961,1008.4946899414062,34.0427131652832
264194,1631.52835337,62.198936462402344,1008.4918823242188,34.042728424072266
264214,1631.548051649,62.20439910888672,1008.4907836914062,34.043846130371094
264234,1631.56832741,62.248146057128906,1008.4861450195312,34.044673919677734
264254,1631.58829919,62.335636138916016,1008.47607421875,34.044189453125
264274,1631.608928072,62.27548599243164,1008.4830322265625,34.046051025390625
264294,1631.6281635,62.20439910888672,1008.4911499023438,34.045223236083984
264314,1631.64811617,62.155189514160156,1008.4970092773438,34.04570388793945
264334,1631.668236894,62.26455307006836,1008.4842529296875,34.04498291015625
264354,1631.689026803,62.25361633300781,1008.485595703125,34.04443359375
264374,1631.709250067,62.18252944946289,1008.4937133789062,34.04622268676758
264394,1631.72904374,62.19346618652344,1008.4924926757812,34.04646301269531
264414,1631.74872267,62.291893005371094,1008.4808959960938,34.0455322265625
264434,1631.768408591,62.291893005371094,1008.4808959960938,34.0455322265625
264454,1631.788659392,62.177059173583984,1008.4945678710938,34.04704666137695
264474,1631.809239274,62.198936462402344,1008.4917602539062,34.047080993652344
264494,1631.828730225,62.22080612182617,1008.489501953125,34.045997619628906
264514,1631.848892428,62.177059173583984,1008.494140625,34.048492431640625
264534,1631.867940065,62.21533966064453,1008.48974609375,34.04926681518555
264554,1631.888481709,62.177059173583984,1008.4945068359375,34.04985046386719
264574,1631.909456996,62.19346618652344,1008.4925537109375,34.05138397216797
264594,1631.928516902,62.06769943237305,1008.5067749023438,34.05253601074219
264614,1631.948198049,62.155189514160156,1008.496826171875,34.05009460449219
264634,1631.969094971,62.13878631591797,1008.4985961914062,34.05157470703125
264654,1631.98904275,62.25361633300781,1008.4852905273438,34.050472259521484
264674,1632.007992816,62.35204315185547,1008.4741821289062,34.048545837402344
264694,1632.028106931,62.297359466552734,1008.4800415039062,34.04930114746094
264714,1632.04767465,62.25908279418945,1008.4847412109375,34.04876708984375
264734,1632.068803039,62.357505798339844,1008.473388671875,34.04947280883789
264754,1632.088299367,62.297359466552734,1008.4806518554688,34.051109313964844
264774,1632.107901718,62.36844253540039,1008.4719848632812,34.04902648925781
264794,1632.127731221,62.25908279418945,1008.4849243164062,34.05186462402344
264814,1632.148056328,62.31376266479492,1008.478515625,34.05289840698242
264834,1632.168262173,62.28642272949219,1008.4818725585938,34.053672790527344
264854,1632.188568617,62.28642272949219,1008.4817504882812,34.053138732910156
264874,1632.208981338,62.25361633300781,1008.4856567382812,34.05385971069336
264894,1632.228127358,62.19346618652344,1008.4923706054688,34.05549621582031
264914,1632.248163601,62.27548599243164,1008.483154296875,34.05451583862305
264934,1632.267993472,62.27548599243164,1008.4826049804688,34.05487823486328
264954,1632.288393634,62.25908279418945,1008.4846801757812,34.056251525878906
264974,1632.307536259,62.248146057128906,1008.4862060546875,34.05728530883789
264994,1632.328086603,62.18252944946289,1008.4939575195312,34.05695724487305
265014,1632.347761203,62.17159652709961,1008.4946899414062,34.05781936645508
265034,1632.367993583,62.302825927734375,1008.4797973632812,34.055152893066406
265054,1632.388450795,62.25908279418945,1008.4849243164062,34.05866241455078
265074,1632.407461775,62.28642272949219,1008.481689453125,34.055789947509766
265094,1632.4279876,62.291893005371094,1008.481201171875,34.056941986083984
265114,1632.447745979,62.23174285888672,1008.4877319335938,34.05780029296875
265134,1632.468200162,62.27548599243164,1008.483154296875,34.05845642089844
265154,1632.487534067,62.28095626831055,1008.482421875,34.058937072753906
265174,1632.508733376,62.302825927734375,1008.479736328125,34.05709457397461
265194,1632.527436359,62.27001953125,1008.4837036132812,34.05792236328125
265214,1632.547538541,62.23174285888672,1008.4879760742188,34.06074523925781
265234,1632.567487394,62.23174285888672,1008.4881591796875,34.062862396240234
265254,1632.587736568,62.302825927734375,1008.479736328125,34.06113815307617
265274,1632.608056839,62.25361633300781,1008.4855346679688,34.060951232910156
265294,1632.628142237,62.209869384765625,1008.490234375,34.06301498413086
265314,1632.647359477,62.22080612182617,1008.4888916015625,34.0645637512207
265334,1632.667709577,62.209869384765625,1008.4903564453125,34.063514709472656
265354,1632.688274127,62.16065979003906,1008.4959106445312,34.062740325927734
265374,1632.707667658,62.12784957885742,1008.5001220703125,34.062156677246094
265394,1632.727416877,62.122379302978516,1008.5001831054688,34.06391143798828
265414,1632.748036779,62.122379302978516,1008.5001831054688,34.06523513793945
265434,1632.768471557,62.09503936767578,1008.5039672851562,34.06733322143555
265454,1632.788062506,62.111446380615234,1008.5020141601562,34.06559753417969
265474,1632.807985052,62.1661262512207,1008.495361328125,34.06428909301758
265494,1632.828080526,62.27001953125,1008.4833374023438,34.063323974609375
265514,1632.848099417,62.36844253540039,1008.4719848632812,34.062583923339844
265534,1632.867127227,62.28642272949219,1008.4817504882812,34.06423568725586
265554,1632.887057926,62.25908279418945,1008.4849853515625,34.06547546386719
265574,1632.908061658,62.23720932006836,1008.4876098632812,34.065303802490234
265594,1632.928229224,62.28642272949219,1008.4818725585938,34.064083099365234
265614,1632.947474982,62.27548599243164,1008.4827270507812,34.06425476074219
265634,1632.966473582,62.27548599243164,1008.4827270507812,34.06425476074219
265654,1632.988339829,62.297359466552734,1008.4803466796875,34.065494537353516
265674,1633.008323241,62.28642272949219,1008.4818725585938,34.0642204284668
265694,1633.028076973,62.25908279418945,1008.4844970703125,34.06766128540039
265714,1633.047766637,62.28642272949219,1008.4818725585938,34.06695556640625
265734,1633.068406335,62.31376266479492,1008.4783325195312,34.0675048828125
265754,1633.087323993,62.31376266479492,1008.4785766601562,34.06683349609375
265774,1633.107977475,62.341102600097656,1008.4751586914062,34.065216064453125
265794,1633.127455005,62.22080612182617,1008.4888916015625,34.068416595458984
265814,1633.147715642,62.27548599243164,1008.4825439453125,34.0675048828125
265834,1633.168246599,62.209869384765625,1008.4904174804688,34.07013702392578
265854,1633.18781412,62.198936462402344,1008.4916381835938,34.06989669799805
265874,1633.207391472,62.25361633300781,1008.485595703125,34.069725036621094
265894,1633.228073393,62.23174285888672,1008.4878540039062,34.0706901550293
265914,1633.247691377,62.22080612182617,1008.4891967773438,34.07143020629883
265934,1633.266989821,62.155189514160156,1008.4969482421875,34.071964263916016
265954,1633.287755745,62.122379302978516,1008.5004272460938,34.07127380371094
265974,1633.308296253,62.17159652709961,1008.4951171875,34.07075881958008
265994,1633.327707202,62.27548599243164,1008.4825439453125,34.07146453857422
266014,1633.347739192,62.23174285888672,1008.4881591796875,34.071998596191406
266034,1633.368137072,62.27548599243164,1008.4827880859375,34.07351303100586
266054,1633.387029714,62.28642272949219,1008.4813842773438,34.07352828979492
266074,1633.407418294,62.27548599243164,1008.4830322265625,34.07464599609375
266094,1633.427537347,62.297359466552734,1008.4805297851562,34.07328796386719
266114,1633.44804326,62.357505798339844,1008.4732666015625,34.0733757019043
266134,1633.467236531,62.35204315185547,1008.474365234375,34.074527740478516
266154,1633.487625033,62.28642272949219,1008.4816284179688,34.07540512084961
266174,1633.507168321,62.28642272949219,1008.4817504882812,34.07605743408203
266194,1633.527507656,62.27548599243164,1008.4830322265625,34.0765380859375
266214,1633.548868723,62.22627639770508,1008.48828125,34.076900482177734
266234,1633.567645891,62.341102600097656,1008.4752807617188,34.074974060058594
266254,1633.588275373,62.36297607421875,1008.4730224609375,34.07572937011719
266274,1633.607517507,62.40125274658203,1008.4686279296875,34.076297760009766
266294,1633.627847529,62.36844253540039,1008.4721069335938,34.07672882080078
266314,1633.648916699,62.31376266479492,1008.478515625,34.077056884765625
266334,1633.667634112,62.291893005371094,1008.4811401367188,34.07729721069336
266354,1633.6881787,62.22080612182617,1008.4891967773438,34.07746887207031
266374,1633.707660806,62.302825927734375,1008.4796752929688,34.077606201171875
266394,1633.727136876,62.31923294067383,1008.4777221679688,34.07770919799805
266414,1633.748393056,62.36844253540039,1008.4722290039062,34.07777786254883
266434,1633.767303609,62.335636138916016,1008.4762573242188,34.07784652709961
266454,1633.788485275,62.34657287597656,1008.4746704101562,34.08008575439453
266474,1633.808412773,62.341102600097656,1008.4751586914062,34.079566955566406
266494,1633.828522055,62.324703216552734,1008.4769287109375,34.07917404174805
266514,1633.849815059,62.335636138916016,1008.4757080078125,34.078880310058594
266534,1633.867611496,62.28642272949219,1008.4818725585938,34.08307647705078
266554,1633.887695318,62.35204315185547,1008.4738159179688,34.08290481567383
266574,1633.906754529,62.324703216552734,1008.4771118164062,34.082786560058594
266594,1633.927330408,62.36297607421875,1008.4727783203125,34.082698822021484
266614,1633.947640321,62.38484573364258,1008.4700317382812,34.08042907714844
266634,1633.968163909,62.34657287597656,1008.4744262695312,34.080928802490234
266654,1633.987436424,62.34657287597656,1008.4749755859375,34.0801887512207
266674,1634.007059525,62.36297607421875,1008.4725341796875,34.08185577392578
266694,1634.027820159,62.40125274658203,1008.4680786132812,34.081993103027344
266714,1634.048525839,62.41218566894531,1008.4674682617188,34.082096099853516
266734,1634.067373168,62.516082763671875,1008.4552001953125,34.08108139038086
266754,1634.08768336,62.4559326171875,1008.4620361328125,34.0814094543457
266774,1634.106683159,62.41765594482422,1008.466552734375,34.082767486572266
266794,1634.127085626,62.41765594482422,1008.466552734375,34.082767486572266
266814,1634.147919476,62.40672302246094,1008.4677734375,34.08268356323242
266834,1634.166622546,62.43406295776367,1008.464599609375,34.08261489868164
266854,1634.187359476,62.43406295776367,1008.4647216796875,34.08256149291992
266874,1634.206468285,62.43406295776367,1008.4647216796875,34.0836296081543
266894,1634.227314533,62.428592681884766,1008.4649658203125,34.08332061767578
266914,1634.248866724,62.41765594482422,1008.4666137695312,34.081993103027344
266934,1634.266854828,62.40672302246094,1008.4676513671875,34.08319854736328
266954,1634.286932434,62.3793830871582,1008.4710693359375,34.0830078125
266974,1634.307510128,62.40125274658203,1008.46826171875,34.08395767211914
266994,1634.32757024,62.41218566894531,1008.4673461914062,34.084678649902344
267014,1634.348844742,62.390316009521484,1008.4694213867188,34.08521270751953
267034,1634.366855238,62.43406295776367,1008.46484375,34.083404541015625
267054,1634.386484854,62.44499588012695,1008.4635009765625,34.084266662597656
267074,1634.407173112,62.341102600097656,1008.4752807617188,34.08710479736328
267094,1634.427643926,62.395782470703125,1008.4689331054688,34.085933685302734
267114,1634.446573829,62.36297607421875,1008.4727172851562,34.08835983276367
267134,1634.466633527,62.27001953125,1008.483642578125,34.09016799926758
267154,1634.486445825,62.22080612182617,1008.4891967773438,34.09154510498047
267174,1634.506883168,62.22627639770508,1008.4884033203125,34.090354919433594
267194,1634.527559102,62.23174285888672,1008.4877319335938,34.0894775390625
267214,1634.546641672,62.297359466552734,1008.4803466796875,34.09101104736328
267234,1634.566373904,62.297359466552734,1008.4802856445312,34.089962005615234
267254,1634.58675873,62.297359466552734,1008.4801635742188,34.091373443603516
267274,1634.606411843,62.242679595947266,1008.4866333007812,34.092437744140625
267294,1634.625964106,62.25908279418945,1008.4846801757812,34.09324645996094
267314,1634.64624761,62.31376266479492,1008.4783325195312,34.09162902832031
267334,1634.666860581,62.302825927734375,1008.4797973632812,34.092628479003906
267354,1634.686527153,62.27001953125,1008.4833984375,34.09558868408203
267374,1634.707064618,62.242679595947266,1008.4863891601562,34.09558868408203
267394,1634.726478602,62.248146057128906,1008.4859008789062,34.095603942871094
267414,1634.74747385,62.27548599243164,1008.4828491210938,34.095603942871094
267434,1634.766528135,62.23720932006836,1008.4869995117188,34.09672164916992
267454,1634.786818074,62.23174285888672,1008.4879760742188,34.0953483581543
267474,1634.806629095,62.25908279418945,1008.4847412109375,34.09431457519531
267494,1634.826521269,62.25908279418945,1008.4846801757812,34.094642639160156
267514,1634.846957247,62.25908279418945,1008.4844970703125,34.09488296508789
267534,1634.865955538,62.27548599243164,1008.4830322265625,34.09617233276367
267554,1634.886512313,62.25361633300781,1008.485595703125,34.098236083984375
267574,1634.906757193,62.242679595947266,1008.4866943359375,34.09758377075195
267594,1634.926813862,62.27001953125,1008.4835205078125,34.097103118896484
267614,1634.947067308,62.27001953125,1008.4837036132812,34.09672164916992
267634,1634.967132075,62.27548599243164,1008.4828491210938,34.0953483581543
267654,1634.987361522,62.30829620361328,1008.4791259765625,34.09651565551758
267674,1635.00609082,62.26455307006836,1008.4839477539062,34.09849548339844
267694,1635.025976356,62.31376266479492,1008.4785766601562,34.09889221191406
267714,1635.047214661,62.302825927734375,1008.47998046875,34.09916687011719
267734,1635.06682327,62.23720932006836,1008.4873046875,34.10049057006836
267754,1635.086872519,62.22627639770508,1008.4887084960938,34.101470947265625
267774,1635.106959195,62.18252944946289,1008.493896484375,34.102210998535156
267794,1635.126809011,62.14971923828125,1008.4974975585938,34.1038818359375
267814,1635.147191242,62.11691665649414,1008.50146484375,34.10622024536133
267834,1635.166833383,62.144256591796875,1008.4983520507812,34.104671478271484
267854,1635.186892924,62.105979919433594,1008.5022583007812,34.10572052001953
267874,1635.206498824,62.177059173583984,1008.4945068359375,34.10649490356445
267894,1635.22568047,62.209869384765625,1008.4903564453125,34.105979919433594
267914,1635.247075271,62.14971923828125,1008.4974975585938,34.10780334472656
267934,1635.26565213,62.18252944946289,1008.4934692382812,34.10696029663086
267954,1635.28670179,62.23174285888672,1008.4880981445312,34.107425689697266
267974,1635.306568368,62.23174285888672,1008.4880981445312,34.107425689697266
267994,1635.326811018,62.22080612182617,1008.4894409179688,34.106685638427734
268014,1635.34696862,62.22627639770508,1008.4887084960938,34.10721969604492
268034,1635.366486776,62.20439910888672,1008.4913330078125,34.106529235839844
268054,1635.386882226,62.177059173583984,1008.4945678710938,34.10599899291992
268074,1635.40568726,62.1661262512207,1008.495361328125,34.10782241821289
268094,1635.426964914,62.209869384765625,1008.4906005859375,34.10807800292969
268114,1635.445778843,62.18252944946289,1008.4937133789062,34.10826873779297
268134,1635.465536069,62.11691665649414,1008.50146484375,34.107303619384766
268154,1635.485576425,62.13331985473633,1008.4995727539062,34.10770034790039
268174,1635.505942616,62.13878631591797,1008.4989624023438,34.10907745361328
268194,1635.525602735,62.209869384765625,1008.4906005859375,34.10902404785156
268214,1635.545489496,62.21533966064453,1008.489990234375,34.10897445678711
268234,1635.56673763,62.177059173583984,1008.4942016601562,34.110042572021484
268254,1635.585546204,62.144256591796875,1008.498046875,34.10974884033203
268274,1635.605577034,62.111446380615234,1008.501708984375,34.110626220703125
268294,1635.626607855,62.10050964355469,1008.5029296875,34.11238098144531
268314,1635.645585755,62.13331985473633,1008.4990234375,34.11150360107422
268334,1635.666099651,62.23174285888672,1008.4880981445312,34.11083221435547
268354,1635.685991344,62.177059173583984,1008.4944458007812,34.11143493652344
268374,1635.706472008,62.21533966064453,1008.489990234375,34.110782623291016
268394,1635.726786213,62.23174285888672,1008.4877319335938,34.11250305175781
268414,1635.745623271,62.25908279418945,1008.4848022460938,34.11159133911133
268434,1635.76646448,62.22627639770508,1008.4884643554688,34.109798431396484
268454,1635.78612644,62.23174285888672,1008.4879760742188,34.110660552978516
268474,1635.807077527,62.198936462402344,1008.4915161132812,34.11131286621094
268494,1635.826438944,62.1879997253418,1008.4930419921875,34.11179733276367
268514,1635.845644634,62.198936462402344,1008.491455078125,34.11105728149414
268534,1635.867085979,62.1879997253418,1008.4931640625,34.110504150390625
268554,1635.886541025,62.248146057128906,1008.4861450195312,34.1111946105957
268574,1635.905632762,62.209869384765625,1008.4902954101562,34.11170959472656
268594,1635.925647941,62.25361633300781,1008.4854736328125,34.11098861694336
268614,1635.947081193,62.20439910888672,1008.4910888671875,34.11265563964844
268634,1635.966438179,62.17159652709961,1008.494873046875,34.11391067504883
268654,1635.986587729,62.18252944946289,1008.4932861328125,34.11153793334961
268674,1636.006573691,62.177059173583984,1008.4942626953125,34.111968994140625
268694,1636.025840136,62.11691665649414,1008.5014038085938,34.114498138427734
268714,1636.046123436,62.122379302978516,1008.5003051757812,34.11418914794922
268734,1636.065925334,62.1879997253418,1008.4931030273438,34.11284637451172
268754,1636.086545565,62.22627639770508,1008.4888305664062,34.11294937133789
268774,1636.107095557,62.17159652709961,1008.4947509765625,34.11412048339844
268794,1636.126438752,62.21533966064453,1008.4899291992188,34.11391067504883
268814,1636.145740736,62.1879997253418,1008.4931030273438,34.11484146118164
268834,1636.165719024,62.13878631591797,1008.4989624023438,34.11554718017578
268854,1636.185551711,62.144256591796875,1008.4982299804688,34.11608123779297
268874,1636.20586068,62.17159652709961,1008.4949951171875,34.117576599121094
268894,1636.226364617,62.198936462402344,1008.4913940429688,34.116493225097656
268914,1636.245617576,62.155189514160156,1008.4967041015625,34.11788558959961
268934,1636.265121118,62.12784957885742,1008.5001220703125,34.118919372558594
268954,1636.285511496,62.177059173583984,1008.494140625,34.11750793457031
268974,1636.305845754,62.13878631591797,1008.4985961914062,34.11864471435547
268994,1636.325029361,62.07863998413086,1008.5057373046875,34.119503021240234
269014,1636.346072245,62.122379302978516,1008.5006713867188,34.119041442871094
269034,1636.365258533,62.144256591796875,1008.4982299804688,34.11869430541992
269054,1636.385548494,62.13331985473633,1008.4992065429688,34.118438720703125
269074,1636.40629754,62.111446380615234,1008.5020751953125,34.11933135986328
269094,1636.425705182,62.13331985473633,1008.499267578125,34.118919372558594
269114,1636.446119711,62.144256591796875,1008.4982299804688,34.12079620361328
269134,1636.465558476,62.144256591796875,1008.4982299804688,34.12079620361328
269154,1636.486238412,62.14971923828125,1008.49755859375,34.12002182006836
269174,1636.505136857,62.16065979003906,1008.49609375,34.11941909790039
269194,1636.526131227,62.1879997253418,1008.4931030273438,34.12118911743164
269214,1636.545656584,62.25361633300781,1008.4854736328125,34.12249755859375
269234,1636.565449647,62.177059173583984,1008.4942626953125,34.12459945678711
269254,1636.58581792,62.209869384765625,1008.490234375,34.126163482666016
269274,1636.604593414,62.21533966064453,1008.489990234375,34.1262321472168
269294,1636.62424977,62.28095626831055,1008.4819946289062,34.12519836425781
269314,1636.643936193,62.242679595947266,1008.4865112304688,34.125511169433594
269334,1636.664261512,62.22627639770508,1008.4885864257812,34.12575149536133
269354,1636.684314821,62.25908279418945,1008.4848022460938,34.12592315673828
269374,1636.704288532,62.31376266479492,1008.478515625,34.12275695800781
269394,1636.724249427,62.28095626831055,1008.482421875,34.124786376953125
269414,1636.743715251,62.25361633300781,1008.4854736328125,34.12519836425781
269434,1636.765046169,62.22080612182617,1008.489501953125,34.12332534790039
269454,1636.78467631,62.18252944946289,1008.4932861328125,34.12519836425781
269474,1636.804774121,62.21533966064453,1008.4899291992188,34.12442398071289
269494,1636.824733096,62.22627639770508,1008.4886474609375,34.12382507324219
269514,1636.844733766,62.248146057128906,1008.48583984375,34.12559509277344
269534,1636.863898726,62.242679595947266,1008.4867553710938,34.12580108642578
269554,1636.883920525,62.17159652709961,1008.4950561523438,34.1270751953125
269574,1636.90575301,62.12784957885742,1008.5000610351562,34.12912368774414
269594,1636.92469622,62.07863998413086,1008.5055541992188,34.12845230102539
269614,1636.94485705,62.1661262512207,1008.4956665039062,34.12905502319336
269634,1636.965317413,62.198936462402344,1008.4913940429688,34.129520416259766
269654,1636.985420227,62.17159652709961,1008.4947509765625,34.129844665527344
269674,1637.005022796,62.22080612182617,1008.489013671875,34.130104064941406
269694,1637.025275172,62.248146057128906,1008.486328125,34.13029479980469
269714,1637.045619044,62.177059173583984,1008.4945678710938,34.13043212890625
269734,1637.065170299,62.16065979003906,1008.495849609375,34.130550384521484
269754,1637.085074028,62.22627639770508,1008.4885864257812,34.130619049072266
269774,1637.10532719,62.23174285888672,1008.48779296875,34.12958908081055
269794,1637.125308905,62.1879997253418,1008.4931030273438,34.129913330078125
269814,1637.145308567,62.18252944946289,1008.4932861328125,34.13015365600586
269834,1637.165191369,62.144256591796875,1008.4982299804688,34.132530212402344
269854,1637.185585964,62.1661262512207,1008.4956665039062,34.133216857910156
269874,1637.205448407,62.177059173583984,1008.4940185546875,34.132633209228516
269894,1637.224300609,62.21533966064453,1008.4900512695312,34.13218688964844
269914,1637.244557716,62.22080612182617,1008.4892578125,34.13296127319336
269934,1637.265280982,62.209869384765625,1008.4906005859375,34.132442474365234
269954,1637.284473233,62.19346618652344,1008.4924926757812,34.133148193359375
269974,1637.30475663,62.27001953125,1008.4835205078125,34.1325798034668
269994,1637.324982263,62.177059173583984,1008.4940185546875,34.13215255737305
270014,1637.345176962,62.198936462402344,1008.4920043945312,34.13402557373047
270034,1637.364777496,62.18252944946289,1008.4935913085938,34.13543701171875
270054,1637.384748749,62.18252944946289,1008.493408203125,34.13540267944336
270074,1637.404692159,62.11691665649414,1008.5010986328125,34.1375732421875
270094,1637.42505363,62.13878631591797,1008.4987182617188,34.13810348510742
270114,1637.445208677,62.18252944946289,1008.4933471679688,34.13850021362305
270134,1637.464845516,62.144256591796875,1008.4982299804688,34.1387939453125
270154,1637.48496519,62.155189514160156,1008.4970703125,34.13681411743164
270174,1637.505076186,62.14971923828125,1008.4972534179688,34.13751983642578
270194,1637.525079041,62.11691665649414,1008.5014038085938,34.13806915283203
270214,1637.544986077,62.07863998413086,1008.5057373046875,34.138465881347656
270234,1637.56547968,62.07316970825195,1008.5061645507812,34.13877487182617
270254,1637.58555755,62.105979919433594,1008.5028076171875,34.138999938964844
270274,1637.604713598,62.105979919433594,1008.5028076171875,34.138999938964844
270294,1637.625300681,62.14971923828125,1008.49755859375,34.1391716003418
270314,1637.644500637,62.177059173583984,1008.4944458007812,34.1403923034668
270334,1637.664411889,62.198936462402344,1008.491455078125,34.140220642089844
270354,1637.68555755,62.1661262512207,1008.4954223632812,34.14118576049805
270374,1637.704741735,62.16065979003906,1008.4957885742188,34.14080810546875
270394,1637.725133549,62.19346618652344,1008.4926147460938,34.13943099975586
270414,1637.74454204,62.17159652709961,1008.4951171875,34.13948059082031
270434,1637.76410689,62.111446380615234,1008.5020751953125,34.1417350769043
270454,1637.784431067,62.10050964355469,1008.503173828125,34.1434211730957
270474,1637.805345158,62.20439910888672,1008.4908447265625,34.143592834472656
270494,1637.823981383,62.20439910888672,1008.490966796875,34.143714904785156
270514,1637.844613859,62.1661262512207,1008.4952392578125,34.1427001953125
270534,1637.864720223,62.25361633300781,1008.4852905273438,34.14084243774414
270554,1637.884052383,62.248146057128906,1008.4857788085938,34.14165115356445
270574,1637.905018589,62.22627639770508,1008.4883422851562,34.142269134521484
270594,1637.924536126,62.209869384765625,1008.4906005859375,34.14271545410156
270614,1637.94407112,62.242679595947266,1008.4864501953125,34.144161224365234
270634,1637.964597224,62.242679595947266,1008.4866943359375,34.143043518066406
270654,1637.984536054,62.28642272949219,1008.4815673828125,34.1422004699707
270674,1638.004455751,62.291893005371094,1008.4810180664062,34.14376449584961
270694,1638.024929186,62.23720932006836,1008.4874877929688,34.144954681396484
270714,1638.044547186,62.23174285888672,1008.4881591796875,34.14583206176758
270734,1638.064937091,62.198936462402344,1008.4913940429688,34.14650344848633
270754,1638.08444407,62.248146057128906,1008.4857788085938,34.14699935913086
270774,1638.104401636,62.16065979003906,1008.4961547851562,34.147361755371094
270794,1638.124740545,62.18252944946289,1008.493896484375,34.14655303955078
270814,1638.14471874,62.13331985473633,1008.49951171875,34.14703369140625
270834,1638.165497461,62.13878631591797,1008.4986572265625,34.147396087646484
270854,1638.183828777,62.122379302978516,1008.5006103515625,34.14767074584961
270874,1638.203941807,62.144256591796875,1008.4982299804688,34.14677810668945
270894,1638.223915657,62.17159652709961,1008.494873046875,34.1472053527832
270914,1638.244140588,62.122379302978516,1008.5005493164062,34.148616790771484
270934,1638.264364691,62.13331985473633,1008.499267578125,34.148582458496094
270954,1638.284125264,62.105979919433594,1008.5025634765625,34.14856719970703
270974,1638.304129752,62.155189514160156,1008.4967651367188,34.1485481262207
270994,1638.323836901,62.20439910888672,1008.4912109375,34.14853286743164
271014,1638.344064762,62.16065979003906,1008.4959106445312,34.150718688964844
271034,1638.364707685,62.13878631591797,1008.4984741210938,34.15016555786133
271054,1638.384747209,62.16065979003906,1008.4964599609375,34.15083694458008
271074,1638.404721104,62.25908279418945,1008.4847412109375,34.148048400878906
271094,1638.42348087,62.22627639770508,1008.4885864257812,34.14927291870117
271114,1638.444809355,62.242679595947266,1008.4865112304688,34.14906692504883
271134,1638.464105556,62.22080612182617,1008.4888916015625,34.14892578125
271154,1638.483940355,62.1879997253418,1008.492919921875,34.14990997314453
271174,1638.503374244,62.25361633300781,1008.4856567382812,34.14956283569336
271194,1638.524415394,62.36297607421875,1008.4725341796875,34.148189544677734
271214,1638.544693731,62.302825927734375,1008.4796752929688,34.148258209228516
271234,1638.563983015,62.31376266479492,1008.4783935546875,34.1483268737793
271254,1638.584127517,62.31923294067383,1008.4775390625,34.14836120605469
271274,1638.603542747,62.25908279418945,1008.4844360351562,34.150596618652344
271294,1638.623537229,62.23174285888672,1008.4881591796875,34.15226745605469
271314,1638.644169763,62.248146057128906,1008.4857788085938,34.15242004394531
271334,1638.665545234,62.22080612182617,1008.4894409179688,34.15364074707031
271354,1638.68442161,62.28642272949219,1008.4815673828125,34.1534538269043
271374,1638.70363054,62.25908279418945,1008.4848022460938,34.153316497802734
271394,1638.724380997,62.22080612182617,1008.4889526367188,34.1521110534668
271414,1638.74352892,62.144256591796875,1008.4982299804688,34.154502868652344
271434,1638.76637377,62.144256591796875,1008.4982299804688,34.154502868652344
271454,1638.783769081,62.14971923828125,1008.4974975585938,34.15300369262695
271474,1638.804692124,62.0841064453125,1008.504638671875,34.15407180786133
271494,1638.82327924,62.13331985473633,1008.4995727539062,34.153778076171875
271514,1638.843687106,62.27548599243164,1008.4827880859375,34.1524543762207
271534,1638.8645039,62.22627639770508,1008.4883422851562,34.15365982055664
271554,1638.884498444,62.27001953125,1008.4837036132812,34.151268005371094
271574,1638.9038114,62.27548599243164,1008.4825439453125,34.15167999267578
271594,1638.924307992,62.27548599243164,1008.4829711914062,34.151973724365234
271614,1638.9436473,62.25908279418945,1008.4844970703125,34.153316497802734
271634,1638.964726699,62.248146057128906,1008.4860229492188,34.15321350097656
271654,1638.983820421,62.209869384765625,1008.4906616210938,34.15422821044922
271674,1639.002950412,62.209869384765625,1008.4904174804688,34.153900146484375
271694,1639.02455201,62.1879997253418,1008.4927978515625,34.15474319458008
271714,1639.04363733,62.26455307006836,1008.4839477539062,34.15538024902344
271734,1639.063927784,62.34657287597656,1008.4749145507812,34.15365982055664
271754,1639.08403215,62.27548599243164,1008.4825439453125,34.15346908569336
271774,1639.104353419,62.198936462402344,1008.4916381835938,34.156620025634766
271794,1639.123101535,62.26455307006836,1008.484375,34.15679168701172
271814,1639.143423721,62.25908279418945,1008.4844360351562,34.155826568603516
271834,1639.16351102,62.22080612182617,1008.489501953125,34.15618896484375
271854,1639.183915254,62.25361633300781,1008.4852905273438,34.156463623046875
271874,1639.203703572,62.1879997253418,1008.4927978515625,34.15666961669922
271894,1639.223487295,62.198936462402344,1008.49169921875,34.159027099609375
271914,1639.244137993,62.19346618652344,1008.4920654296875,34.159698486328125
271934,1639.263734956,62.22627639770508,1008.4888305664062,34.157997131347656
271954,1639.284487111,62.22080612182617,1008.4891357421875,34.15782165527344
271974,1639.302935204,62.22080612182617,1008.4888916015625,34.157684326171875
271994,1639.323397717,62.19346618652344,1008.4923706054688,34.1598014831543
272014,1639.342920974,62.1879997253418,1008.492919921875,34.15916442871094
272034,1639.362974209,62.209869384765625,1008.4904174804688,34.15869903564453
272054,1639.383440707,62.122379302978516,1008.5003051757812,34.160560607910156
272074,1639.403069573,62.17159652709961,1008.4947509765625,34.159732818603516
272094,1639.423386171,62.21533966064453,1008.4898071289062,34.15803146362305
272114,1639.442913131,62.16065979003906,1008.4963989257812,34.16334533691406
272134,1639.46433908,62.13331985473633,1008.49951171875,34.16403579711914
272154,1639.483391415,62.209869384765625,1008.4902954101562,34.162349700927734
272174,1639.503813062,62.209869384765625,1008.4906616210938,34.16329574584961
272194,1639.52384311,62.19346618652344,1008.4925537109375,34.16400146484375
272214,1639.544411056,62.198936462402344,1008.4913940429688,34.162315368652344
272234,1639.563591216,62.22080612182617,1008.4891967773438,34.16326141357422
272254,1639.583457669,62.1661262512207,1008.4954223632812,34.16398239135742
272274,1639.603535113,62.19346618652344,1008.4921875,34.16451644897461
272294,1639.622770856,62.17159652709961,1008.4947509765625,34.164913177490234
272314,1639.643479554,62.26455307006836,1008.484130859375,34.163002014160156
272334,1639.663309445,62.25908279418945,1008.4849853515625,34.16377639770508
272354,1639.683530052,62.25361633300781,1008.485595703125,34.16436004638672
272374,1639.703615512,62.198936462402344,1008.491455078125,34.163692474365234
272394,1639.722945225,62.19346618652344,1008.4920654296875,34.16209030151367
272414,1639.744278014,62.297359466552734,1008.4805297851562,34.16200637817383
272434,1639.763332898,62.31923294067383,1008.4780883789062,34.163021087646484
272454,1639.783423566,62.198936462402344,1008.49169921875,34.16709899902344
272474,1639.803636731,62.22627639770508,1008.4884643554688,34.16465377807617
272494,1639.822990849,62.18252944946289,1008.493408203125,34.165016174316406
272514,1639.843709891,62.155189514160156,1008.4970092773438,34.1663932800293
272534,1639.864398525,62.16065979003906,1008.495849609375,34.167423248291016
272554,1639.884040628,62.19346618652344,1008.4920654296875,34.16709899902344
272574,1639.902994056,62.22627639770508,1008.48828125,34.166839599609375
272594,1639.92351085,62.155189514160156,1008.496826171875,34.16997146606445
272614,1639.943627089,62.155189514160156,1008.496826171875,34.16997146606445
272634,1639.96293596,62.155189514160156,1008.496826171875,34.16997146606445
272654,1639.982539828,62.198936462402344,1008.4915161132812,34.170108795166016
272674,1640.00310187,62.18252944946289,1008.4939575195312,34.17351531982422
272694,1640.022516124,62.1661262512207,1008.4954223632812,34.17496109008789
272714,1640.042611107,62.13878631591797,1008.4987182617188,34.1727409362793
272734,1640.062940547,62.155189514160156,1008.4970703125,34.17219161987305
272754,1640.083482163,62.242679595947266,1008.4866333007812,34.170677185058594
272774,1640.103357362,62.1879997253418,1008.4928588867188,34.172828674316406
272794,1640.123436774,62.122379302978516,1008.5001831054688,34.174461364746094
272814,1640.143517565,62.25908279418945,1008.4849853515625,34.17236328125
272834,1640.163624084,62.30829620361328,1008.4788818359375,34.171897888183594
272854,1640.182922659,62.27548599243164,1008.4826049804688,34.17485809326172
272874,1640.202615491,62.18252944946289,1008.4937133789062,34.17707824707031
272894,1640.222465563,62.13878631591797,1008.4984130859375,34.17544174194336
272914,1640.242798119,62.105979919433594,1008.5028076171875,34.17750549316406
272934,1640.263055137,61.95833969116211,1008.519287109375,34.18015670776367
272954,1640.282993383,61.96928024291992,1008.5184936523438,34.17995071411133
272974,1640.302292498,62.018489837646484,1008.512451171875,34.1808967590332
272994,1640.322936112,62.018489837646484,1008.5123291015625,34.18050003051758
273014,1640.34250502,62.06769943237305,1008.5069580078125,34.18021011352539
273034,1640.363416814,62.04582977294922,1008.5094604492188,34.17998504638672
273054,1640.383516086,61.996620178222656,1008.5149536132812,34.18091583251953
273074,1640.402936119,62.051300048828125,1008.5087280273438,34.180519104003906
273094,1640.422177829,62.0841064453125,1008.5053100585938,34.18022537231445
273114,1640.442972091,62.105979919433594,1008.5021362304688,34.177799224853516
273134,1640.463444619,62.07863998413086,1008.50537109375,34.17927932739258
273154,1640.483366842,62.056766510009766,1008.5079956054688,34.180381774902344
273174,1640.502733359,62.105979919433594,1008.5023193359375,34.18012237548828
273194,1640.523555034,62.089576721191406,1008.5043334960938,34.1810188293457
273214,1640.543408738,62.0841064453125,1008.504638671875,34.181705474853516
273234,1640.562230419,62.07316970825195,1008.5064697265625,34.18110275268555
273254,1640.583360428,62.051300048828125,1008.5086669921875,34.181758880615234
273274,1640.602508629,62.122379302978516,1008.5001831054688,34.181156158447266
273294,1640.622985509,62.14971923828125,1008.49755859375,34.181793212890625
273314,1640.642124755,62.177059173583984,1008.4942016601562,34.182273864746094
273334,1640.662819383,62.09503936767578,1008.5036010742188,34.18263626098633
273354,1640.682627018,62.0841064453125,1008.5053100585938,34.18291091918945
273374,1640.703477599,62.16065979003906,1008.4959106445312,34.1831169128418
273394,1640.722480617,62.144256591796875,1008.4982299804688,34.18326950073242
273414,1640.743498624,62.14971923828125,1008.497314453125,34.18337631225586
273434,1640.761986879,62.089576721191406,1008.5045776367188,34.1834602355957
273454,1640.782618504,62.177059173583984,1008.4940185546875,34.183528900146484
273474,1640.803415593,62.1661262512207,1008.4955444335938,34.1835823059082
273494,1640.822719386,62.13331985473633,1008.499267578125,34.183616638183594
273514,1640.841956118,62.062232971191406,1008.5073852539062,34.184749603271484
273534,1640.862811928,62.062232971191406,1008.5078125,34.18669509887695
273554,1640.88250013,62.018489837646484,1008.5125732421875,34.18705749511719
273574,1640.902556335,62.07316970825195,1008.5062255859375,34.187313079833984
273594,1640.923235466,62.056766510009766,1008.5082397460938,34.188621520996094
273614,1640.942511221,62.07863998413086,1008.505859375,34.18960189819336
273634,1640.963475392,62.089576721191406,1008.5040893554688,34.18924331665039
273654,1640.982635253,62.111446380615234,1008.501708984375,34.18896484375
273674,1641.001852453,62.07863998413086,1008.505859375,34.19096374511719
273694,1641.022842535,62.07863998413086,1008.5054321289062,34.19135665893555
273714,1641.042018744,62.062232971191406,1008.5076904296875,34.191650390625
273734,1641.06264143,62.00208282470703,1008.5143432617188,34.19187545776367
273754,1641.082891649,62.00208282470703,1008.5142822265625,34.1920280456543
273774,1641.102992054,62.07316970825195,1008.5064697265625,34.19216537475586
273794,1641.121867578,62.07316970825195,1008.5064697265625,34.19216537475586
273814,1641.142426471,62.029422760009766,1008.5109252929688,34.194454193115234
273834,1641.162622032,62.056766510009766,1008.5078735351562,34.19287109375
273854,1641.182430314,62.06769943237305,1008.5067138671875,34.192787170410156
273874,1641.202682344,62.122379302978516,1008.5006713867188,34.19273376464844
273894,1641.222648612,62.056766510009766,1008.5078735351562,34.193782806396484
273914,1641.242793144,62.06769943237305,1008.5069580078125,34.19237518310547
273934,1641.261600852,62.04035949707031,1008.5100708007812,34.19240951538086
273954,1641.282720596,62.07863998413086,1008.505615234375,34.194644927978516
273974,1641.302614113,62.1661262512207,1008.4955444335938,34.19411087036133
273994,1641.322871051,62.14971923828125,1008.49755859375,34.1937141418457
274014,1641.342598635,62.111446380615234,1008.5017700195312,34.194522857666016
274034,1641.361943668,62.111446380615234,1008.501953125,34.195125579833984
274054,1641.381894368,62.04582977294922,1008.509033203125,34.19557571411133
274074,1641.401370863,62.105979919433594,1008.5022583007812,34.1937141418457
274094,1641.421490969,62.18252944946289,1008.4933471679688,34.193424224853516
274114,1641.442677398,62.23174285888672,1008.4877319335938,34.19540023803711
274134,1641.461411654,62.19346618652344,1008.4923706054688,34.19688034057617
274154,1641.482111879,62.177059173583984,1008.4942016601562,34.19469451904297
274174,1641.502438574,62.10050964355469,1008.5031127929688,34.19526290893555
274194,1641.521722449,62.07863998413086,1008.50537109375,34.19677734375
274214,1641.541958663,62.029422760009766,1008.5112915039062,34.19792938232422
274234,1641.562632591,62.01301956176758,1008.5132446289062,34.196571350097656
274254,1641.582236334,62.06769943237305,1008.5065307617188,34.197776794433594
274274,1641.601512582,62.018489837646484,1008.5123291015625,34.19866943359375
274294,1641.621906864,62.029422760009766,1008.5111694335938,34.1993408203125
274314,1641.642474577,62.00208282470703,1008.5143432617188,34.19873809814453
274334,1641.661910115,62.07316970825195,1008.5062255859375,34.19829177856445
274354,1641.681571647,62.09503936767578,1008.5039672851562,34.19794845581055
274374,1641.702430804,62.09503936767578,1008.5036010742188,34.197689056396484
274394,1641.721434236,62.0841064453125,1008.5047607421875,34.19750213623047
274414,1641.741685873,62.14971923828125,1008.4974975585938,34.198463439941406
274434,1641.762101926,62.242679595947266,1008.4868774414062,34.199188232421875
274454,1641.781419569,62.21533966064453,1008.4901123046875,34.20082092285156
274474,1641.801740238,62.12784957885742,1008.4998779296875,34.200958251953125
274494,1641.822044545,62.10050964355469,1008.5031127929688,34.2010612487793
274514,1641.84108631,62.03489303588867,1008.5103759765625,34.20333480834961
274534,1641.861329816,61.99114990234375,1008.5159912109375,34.20393753051758
274554,1641.881838202,62.062232971191406,1008.5072631835938,34.20328140258789
274574,1641.901031792,62.06769943237305,1008.5067749023438,34.20500183105469
274594,1641.921385026,62.09503936767578,1008.5037841796875,34.206295013427734
274614,1641.941308934,62.051300048828125,1008.508544921875,34.206153869628906
274634,1641.961646401,62.056766510009766,1008.5082397460938,34.204952239990234
274654,1641.980857524,62.12784957885742,1008.4998168945312,34.20515823364258
274674,1642.000882205,62.06769943237305,1008.5065307617188,34.206398010253906
274694,1642.020964795,62.105979919433594,1008.5021362304688,34.20734405517578
274714,1642.041721061,62.051300048828125,1008.5084838867188,34.20804977416992
274734,1642.061518982,62.0841064453125,1008.505126953125,34.20856475830078
274754,1642.081969631,62.12784957885742,1008.5001220703125,34.20785903930664
274774,1642.101933143,62.14971923828125,1008.4976196289062,34.20954513549805
274794,1642.121975786,62.07316970825195,1008.5061645507812,34.20970153808594
274814,1642.141693851,62.04035949707031,1008.5103149414062,34.20759963989258
274834,1642.161516051,62.056766510009766,1008.5081787109375,34.20603561401367
274854,1642.182077651,62.04582977294922,1008.5092163085938,34.20596694946289
274874,1642.202400781,62.089576721191406,1008.5042724609375,34.20701599121094
274894,1642.221030668,62.111446380615234,1008.5020751953125,34.20780563354492
274914,1642.241248063,62.122379302978516,1008.5003051757812,34.20839309692383
274934,1642.261465435,62.13331985473633,1008.4991455078125,34.208824157714844
274954,1642.282273744,62.13331985473633,1008.4991455078125,34.208824157714844
274974,1642.301107454,62.051300048828125,1008.5086669921875,34.20916748046875
274994,1642.32137875,61.9802131652832,1008.5169067382812,34.21160888671875
275014,1642.341710033,62.029422760009766,1008.5112915039062,34.21234893798828
275034,1642.361095866,62.07316970825195,1008.5059814453125,34.21179962158203
275054,1642.380916068,62.144256591796875,1008.4978637695312,34.211387634277344
275074,1642.401077587,62.1879997253418,1008.4930419921875,34.21107482910156
275094,1642.421120253,62.13878631591797,1008.4987182617188,34.211952209472656
275114,1642.441362428,62.25908279418945,1008.4850463867188,34.20930480957031
275134,1642.460952791,62.21533966064453,1008.48974609375,34.21061325073242
275154,1642.482436217,62.21533966064453,1008.4896850585938,34.21269226074219
275174,1642.501069593,62.19346618652344,1008.4923706054688,34.212059020996094
275194,1642.521095735,62.1879997253418,1008.4927978515625,34.21269226074219
275214,1642.541377612,62.155189514160156,1008.4970703125,34.213157653808594
275234,1642.56073074,62.177059173583984,1008.4940185546875,34.21240234375
275254,1642.582621674,62.122379302978516,1008.500732421875,34.21295166015625
275274,1642.601950055,62.177059173583984,1008.4942016601562,34.21224594116211
275294,1642.62108874,62.155189514160156,1008.4965209960938,34.213932037353516
275314,1642.64174888,62.09503936767578,1008.5037231445312,34.215187072753906
275334,1642.661080024,62.06769943237305,1008.507080078125,34.213932037353516
275354,1642.68227605,62.04582977294922,1008.50927734375,34.214088439941406
275374,1642.701452882,62.07863998413086,1008.5056762695312,34.21310806274414
275394,1642.72174797,62.07863998413086,1008.5056762695312,34.21236801147461
275414,1642.741164102,62.105979919433594,1008.502685546875,34.214019775390625
275434,1642.760547106,62.1661262512207,1008.4953002929688,34.21305465698242
275454,1642.782897512,62.07863998413086,1008.5056762695312,34.214534759521484
275474,1642.800490681,62.105979919433594,1008.5026245117188,34.21563720703125
275494,1642.820946618,62.07863998413086,1008.5056762695312,34.216461181640625
275514,1642.84148343,62.13878631591797,1008.4985961914062,34.217098236083984
275534,1642.86066557,62.12784957885742,1008.4998168945312,34.21756362915039
275554,1642.883361894,62.155189514160156,1008.4970703125,34.2179069519043
275574,1642.901258148,62.105979919433594,1008.5028076171875,34.21818161010742
275594,1642.920446701,62.089576721191406,1008.5043334960938,34.2183723449707
275614,1642.940364581,62.144256591796875,1008.497802734375,34.21852493286133
275634,1642.960974366,62.10050964355469,1008.5032348632812,34.218631744384766
275654,1642.982517261,62.105979919433594,1008.5023193359375,34.217613220214844
275674,1643.000653998,62.10050964355469,1008.5029296875,34.21685791015625
275694,1643.020432428,62.11691665649414,1008.5009765625,34.21627426147461
275714,1643.040291498,62.09503936767578,1008.50341796875,34.21474075317383
275734,1643.061391762,62.0841064453125,1008.5050048828125,34.2158088684082
275754,1643.080352389,62.1879997253418,1008.492919921875,34.21549987792969
275774,1643.101084989,62.105979919433594,1008.5023803710938,34.21635818481445
275794,1643.120846745,62.14971923828125,1008.4973754882812,34.21811294555664
275814,1643.140482781,62.14971923828125,1008.4976196289062,34.218318939208984
275834,1643.160657723,62.155189514160156,1008.4967041015625,34.21849060058594
275854,1643.183181474,62.155189514160156,1008.4970703125,34.21861267089844
275874,1643.201437564,62.111446380615234,1008.5016479492188,34.21870040893555
275894,1643.220300233,62.10050964355469,1008.503173828125,34.21986770629883
275914,1643.240625909,62.22627639770508,1008.4887084960938,34.21964645385742
275934,1643.260624693,62.155189514160156,1008.4966430664062,34.21947479248047
275954,1643.280558286,62.209869384765625,1008.490234375,34.220436096191406
275974,1643.301363229,62.18252944946289,1008.4933471679688,34.2222785949707
275994,1643.320176414,62.198936462402344,1008.491943359375,34.22255325317383
276014,1643.340585675,62.14971923828125,1008.497314453125,34.22275924682617
276034,1643.360962964,62.13878631591797,1008.4989013671875,34.22291564941406
276054,1643.381444818,62.17159652709961,1008.494873046875,34.22191619873047
276074,1643.400486663,62.177059173583984,1008.4944458007812,34.22117614746094
276094,1643.420879452,62.07863998413086,1008.5054321289062,34.22393035888672
276114,1643.441231908,62.07863998413086,1008.5054321289062,34.22393035888672
276134,1643.460107567,62.11691665649414,1008.5009155273438,34.223793029785156
276154,1643.480426174,62.089576721191406,1008.5040283203125,34.223690032958984
276174,1643.50098523,62.02396011352539,1008.5117797851562,34.22470474243164
276194,1643.521360833,62.00755310058594,1008.5135498046875,34.22327423095703
276214,1643.540343532,61.985679626464844,1008.5164794921875,34.22329330444336
276234,1643.560878821,62.03489303588867,1008.5108642578125,34.22220993041992
276254,1643.581448748,62.0841064453125,1008.505126953125,34.22140121459961
276274,1643.600853455,62.111446380615234,1008.501953125,34.221900939941406
276294,1643.620695591,62.111446380615234,1008.5017700195312,34.22336196899414
276314,1643.640718609,62.0841064453125,1008.5047607421875,34.224464416503906
276334,1643.66037917,62.111446380615234,1008.5017700195312,34.22528839111328
276354,1643.680858482,62.089576721191406,1008.5044555664062,34.22700881958008
276374,1643.699983057,62.17159652709961,1008.4946899414062,34.226097106933594
276394,1643.720511488,62.144256591796875,1008.4979248046875,34.22652816772461
276414,1643.740362909,62.16065979003906,1008.4964599609375,34.226837158203125
276434,1643.760436978,62.1661262512207,1008.495361328125,34.2270622253418
276454,1643.780377316,62.0841064453125,1008.5047607421875,34.22835159301758
276474,1643.800590874,62.04582977294922,1008.509521484375,34.22819519042969
276494,1643.820465589,62.04582977294922,1008.5093383789062,34.226993560791016
276514,1643.840751562,62.018489837646484,1008.512451171875,34.22938537597656
276534,1643.861073374,62.062232971191406,1008.5076293945312,34.22788619995117
276554,1643.880130716,61.996620178222656,1008.51513671875,34.22895431518555
276574,1643.900511641,62.111446380615234,1008.501953125,34.22645950317383
276594,1643.920875309,62.04035949707031,1008.5101318359375,34.225685119628906
276614,1643.939837162,62.06769943237305,1008.5071411132812,34.226200103759766
276634,1643.9599013,62.051300048828125,1008.5086669921875,34.22659683227539
276654,1643.981079701,62.06769943237305,1008.5070190429688,34.226890563964844
276674,1644.000372856,62.105979919433594,1008.5021362304688,34.22601318359375
276694,1644.020746476,62.04035949707031,1008.5101318359375,34.22645950317383
276714,1644.040825122,62.17159652709961,1008.4948120117188,34.22678756713867
276734,1644.060899048,62.1661262512207,1008.49560546875,34.22592544555664
276754,1644.080630063,62.26455307006836,1008.4842529296875,34.22528839111328
276774,1644.099512107,62.27001953125,1008.4833374023438,34.22700881958008
276794,1644.119878709,62.23174285888672,1008.4878540039062,34.22829818725586
276814,1644.139915777,62.23720932006836,1008.4874877929688,34.228179931640625
276834,1644.160139241,62.17159652709961,1008.4947509765625,34.23027801513672
276854,1644.180427584,62.09503936767578,1008.50341796875,34.22964096069336
276874,1644.199871762,62.10050964355469,1008.5028686523438,34.23027801513672
276894,1644.220423023,62.04582977294922,1008.5092163085938,34.23075866699219
276914,1644.240605897,62.11691665649414,1008.5009765625,34.230003356933594
276934,1644.260962658,62.06769943237305,1008.5067138671875,34.229454040527344
276954,1644.280161719,62.122379302978516,1008.5001831054688,34.22903823852539
276974,1644.300492173,62.23174285888672,1008.4877319335938,34.22761154174805
276994,1644.319874912,62.23720932006836,1008.4871826171875,34.22986602783203
277014,1644.339425781,62.17159652709961,1008.4947509765625,34.23153305053711
277034,1644.360210383,62.19346618652344,1008.4924926757812,34.23060607910156
277054,1644.380370721,62.122379302978516,1008.5006713867188,34.228797912597656
277074,1644.400304687,62.11691665649414,1008.5011596679688,34.227439880371094
277094,1644.420410712,62.04582977294922,1008.509521484375,34.22752380371094
277114,1644.440260455,62.029422760009766,1008.51123046875,34.22977828979492
277134,1644.459218702,61.93647003173828,1008.5221557617188,34.231483459472656
277154,1644.479580698,62.051300048828125,1008.5084838867188,34.232757568359375
277174,1644.50036153,62.089576721191406,1008.5040283203125,34.23262023925781
277194,1644.519402078,62.0841064453125,1008.5047607421875,34.23249816894531
277214,1644.5397396,62.18252944946289,1008.4938354492188,34.231327056884766
277234,1644.559598646,62.0841064453125,1008.505126953125,34.23153305053711
277254,1644.579790154,62.07316970825195,1008.5064086914062,34.232791900634766
277274,1644.599394184,62.0841064453125,1008.5048828125,34.23373794555664
277294,1644.619666218,62.0841064453125,1008.5048828125,34.23373794555664
277314,1644.638800546,62.14971923828125,1008.497314453125,34.234458923339844
277334,1644.659064178,62.105979919433594,1008.5023803710938,34.23499298095703
277354,1644.679216992,62.111446380615234,1008.5020751953125,34.23428726196289
277374,1644.699062249,62.07863998413086,1008.5056762695312,34.23485565185547
277394,1644.719370531,62.122379302978516,1008.5005493164062,34.23418426513672
277414,1644.739794073,62.12784957885742,1008.4996948242188,34.23258590698242
277434,1644.759797084,62.105979919433594,1008.5023803710938,34.23358154296875
277454,1644.779254894,62.155189514160156,1008.4970092773438,34.233238220214844
277474,1644.799791728,62.23174285888672,1008.488037109375,34.23186111450195
277494,1644.819747074,62.21533966064453,1008.4895629882812,34.23304748535156
277514,1644.838769008,62.177059173583984,1008.4944458007812,34.23172378540039
277534,1644.859921311,62.13331985473633,1008.4995727539062,34.234046936035156
277554,1644.878797759,62.16065979003906,1008.49609375,34.234683990478516
277574,1644.899794334,62.144256591796875,1008.4982299804688,34.23624801635742
277594,1644.918820085,62.17159652709961,1008.4947509765625,34.23633575439453
277614,1644.939125881,62.19346618652344,1008.4923095703125,34.23640441894531
277634,1644.959794726,62.13331985473633,1008.4994506835938,34.23754119873047
277654,1644.979462527,62.155189514160156,1008.4969482421875,34.238399505615234
277674,1644.998916815,62.177059173583984,1008.4940185546875,34.237953186035156
277694,1645.019081327,62.155189514160156,1008.496826171875,34.23870849609375
277714,1645.039108226,62.17159652709961,1008.4948120117188,34.240379333496094
277734,1645.058906646,62.12784957885742,1008.4996948242188,34.24273681640625
277754,1645.079257589,62.14971923828125,1008.4974975585938,34.24120330810547
277774,1645.098687768,62.22627639770508,1008.4887084960938,34.24005126953125
277794,1645.119045149,62.155189514160156,1008.4966430664062,34.24247741699219
277814,1645.139790148,62.20439910888672,1008.490966796875,34.24101638793945
277834,1645.15909378,62.248146057128906,1008.486083984375,34.24319839477539
277854,1645.17874305,62.17159652709961,1008.4948120117188,34.243751525878906
277874,1645.199626517,62.198936462402344,1008.4918823242188,34.24526596069336
277894,1645.219513989,62.17159652709961,1008.4950561523438,34.24530029296875
277914,1645.239776741,62.26455307006836,1008.4841918945312,34.24421691894531
277934,1645.259207446,62.144256591796875,1008.497802734375,34.2489128112793
277954,1645.27978195,62.10050964355469,1008.5033569335938,34.24913787841797
277974,1645.299332749,62.06769943237305,1008.5065307617188,34.25261306762695
277994,1645.319840631,62.122379302978516,1008.5004272460938,34.25300598144531
278014,1645.338838022,62.0841064453125,1008.5050659179688,34.253299713134766
278034,1645.359138267,62.105979919433594,1008.5021362304688,34.251319885253906
278054,1645.378708754,62.11691665649414,1008.5010986328125,34.252044677734375
278074,1645.399243019,62.22080612182617,1008.4891967773438,34.25367736816406
278094,1645.419108811,62.23720932006836,1008.4874267578125,34.253814697265625
278114,1645.43908514,62.23174285888672,1008.4881591796875,34.25612258911133
278134,1645.458788908,62.209869384765625,1008.4905395507812,34.25564193725586
278154,1645.478682022,62.17159652709961,1008.4947509765625,34.255279541015625
278174,1645.49870613,62.23174285888672,1008.4877319335938,34.253902435302734
278194,1645.519028108,62.26455307006836,1008.48388671875,34.25288772583008
278214,1645.539093796,62.17159652709961,1008.4947509765625,34.25541687011719
278234,1645.558936436,62.13878631591797,1008.4989013671875,34.2584114074707
278254,1645.578783524,62.1879997253418,1008.4931640625,34.257362365722656
278274,1645.598870303,62.144256591796875,1008.4979248046875,34.25876998901367
278294,1645.619369622,62.13331985473633,1008.4992065429688,34.25763702392578
278314,1645.638325739,62.12784957885742,1008.5001220703125,34.25677490234375
278334,1645.658617744,62.10050964355469,1008.5031127929688,34.25834274291992
278354,1645.679126609,62.22080612182617,1008.4893798828125,34.2595100402832
278374,1645.698826827,62.291893005371094,1008.4808349609375,34.25818634033203
278394,1645.718698273,62.23720932006836,1008.4874267578125,34.2582893371582
278414,1645.739370061,62.26455307006836,1008.4839477539062,34.25946044921875
278434,1645.758349637,62.324703216552734,1008.4769897460938,34.25815200805664
278454,1645.779437995,62.38484573364258,1008.4701538085938,34.257171630859375
278474,1645.799562228,62.38484573364258,1008.4701538085938,34.257171630859375
278494,1645.818620742,62.26455307006836,1008.4842529296875,34.259735107421875
278514,1645.838993769,62.16065979003906,1008.4962158203125,34.26164627075195
278534,1645.85925745,62.22627639770508,1008.4884033203125,34.260887145996094
278554,1645.879553917,62.16065979003906,1008.4963989257812,34.26362228393555
278574,1645.898860136,62.209869384765625,1008.4906616210938,34.26456832885742
278594,1645.918802561,62.177059173583984,1008.4942016601562,34.26637649536133
278614,1645.938619809,62.1879997253418,1008.4931030273438,34.26663589477539
278634,1645.958829147,62.16065979003906,1008.4962768554688,34.267940521240234
278654,1645.978601863,62.105979919433594,1008.5025024414062,34.26780319213867
278674,1645.999848583,62.19346618652344,1008.4926147460938,34.2677001953125
278694,1646.019564419,62.155189514160156,1008.4970092773438,34.268733978271484
278714,1646.03942766,62.14971923828125,1008.49755859375,34.269508361816406
278734,1646.059412341,62.177059173583984,1008.4942626953125,34.26899337768555
278754,1646.079482431,62.144256591796875,1008.498046875,34.27079772949219
278774,1646.099641269,62.13878631591797,1008.4984741210938,34.27105712890625
278794,1646.118544074,62.14971923828125,1008.4974975585938,34.271244049072266
278814,1646.138604969,62.1661262512207,1008.495361328125,34.271385192871094
278834,1646.158606777,62.111446380615234,1008.5018310546875,34.27150344848633
278854,1646.179092724,62.105979919433594,1008.5028076171875,34.269371032714844
278874,1646.199968991,62.13878631591797,1008.4984741210938,34.26778793334961
278894,1646.219945992,62.09503936767578,1008.5036010742188,34.27098846435547
278914,1646.238793743,62.14971923828125,1008.497314453125,34.27009201049805
278934,1646.259064417,62.1879997253418,1008.4927368164062,34.27052307128906
278954,1646.279364206,62.1879997253418,1008.4931030273438,34.270851135253906
278974,1646.300420761,62.16065979003906,1008.4959716796875,34.27109146118164
278994,1646.319922242,62.209869384765625,1008.4902954101562,34.27128219604492
279014,1646.339593814,62.177059173583984,1008.4940185546875,34.271419525146484
279034,1646.358791739,62.155189514160156,1008.496826171875,34.271522521972656
279054,1646.379247359,62.12784957885742,1008.5000610351562,34.27159118652344
279074,1646.39891911,62.12784957885742,1008.4998779296875,34.27164077758789
279094,1646.419262088,62.07316970825195,1008.5064086914062,34.27279281616211
279114,1646.438340074,62.1661262512207,1008.495361328125,34.272552490234375
279134,1646.458107127,62.25908279418945,1008.4844360351562,34.27236557006836
279154,1646.478973522,62.22080612182617,1008.489501953125,34.2722282409668
279174,1646.498524508,62.20439910888672,1008.4909057617188,34.272125244140625
279194,1646.518067189,62.291893005371094,1008.4808959960938,34.27205276489258
279214,1646.53851267,62.209869384765625,1008.4903564453125,34.27418899536133
279234,1646.559181792,62.248146057128906,1008.486083984375,34.27470397949219
279254,1646.578180867,62.291893005371094,1008.481201171875,34.273983001708984
279274,1646.59984854,62.33016586303711,1008.4763793945312,34.2734489440918
279294,1646.618311028,62.21533966064453,1008.4900512695312,34.275238037109375
279314,1646.63878834,62.20439910888672,1008.4907836914062,34.27547836303711
279334,1646.658966272,62.26455307006836,1008.48388671875,34.274566650390625
279354,1646.678790278,62.23720932006836,1008.4874877929688,34.27388000488281
279374,1646.700939566,62.20439910888672,1008.4913330078125,34.27666473388672
279394,1646.718312676,62.1661262512207,1008.4954223632812,34.27766418457031
279414,1646.73836532,62.13878631591797,1008.498779296875,34.278404235839844
279434,1646.758337795,62.26455307006836,1008.48388671875,34.27785110473633
279454,1646.778619644,62.22627639770508,1008.4886474609375,34.279659271240234
279474,1646.800627633,62.18252944946289,1008.4933471679688,34.281002044677734
279494,1646.817807983,62.16065979003906,1008.4962768554688,34.27869415283203
279514,1646.837811239,62.198936462402344,1008.4913940429688,34.279178619384766
279534,1646.858258055,62.23720932006836,1008.4876098632812,34.279541015625
279554,1646.878787141,62.22627639770508,1008.4888305664062,34.279815673828125
279574,1646.897836146,62.17159652709961,1008.4948120117188,34.28112030029297
279594,1646.918104598,62.144256591796875,1008.4978637695312,34.283203125
279614,1646.937647563,62.122379302978516,1008.5004272460938,34.283668518066406
279634,1646.957872719,62.122379302978516,1008.5004272460938,34.283668518066406
279654,1646.977992552,62.177059173583984,1008.494140625,34.28401184082031
279674,1646.998697382,62.089576721191406,1008.5045166015625,34.28316879272461
279694,1647.017636242,62.09503936767578,1008.50390625,34.28473663330078
279714,1647.038398887,62.0841064453125,1008.5050048828125,34.2837028503418
279734,1647.058202149,62.122379302978516,1008.5001831054688,34.2840461730957
279754,1647.077610324,62.155189514160156,1008.496826171875,34.28318786621094
279774,1647.098432565,62.1879997253418,1008.4931030273438,34.284751892089844
279794,1647.118452021,62.20439910888672,1008.4912109375,34.28592300415039
279814,1647.137557504,62.20439910888672,1008.4908447265625,34.286800384521484
279834,1647.157961608,62.16065979003906,1008.4962158203125,34.287452697753906
279854,1647.178364696,62.19346618652344,1008.4924926757812,34.28684997558594
279874,1647.198083026,62.177059173583984,1008.494140625,34.285301208496094
279894,1647.217826693,62.14971923828125,1008.4971923828125,34.28633499145508
279914,1647.238101742,62.177059173583984,1008.4942626953125,34.287109375
279934,1647.25841629,62.26455307006836,1008.4842529296875,34.28659439086914
279954,1647.277420381,62.27001953125,1008.4832763671875,34.28730010986328
279974,1647.297982775,62.27548599243164,1008.4825439453125,34.28783416748047
279994,1647.318365635,62.28095626831055,1008.482177734375,34.288246154785156
280014,1647.337536857,62.27548599243164,1008.4829711914062,34.288536071777344
280034,1647.358256495,62.27001953125,1008.483642578125,34.288761138916016
280054,1647.377957618,62.34657287597656,1008.4747314453125,34.28893280029297
280074,1647.397985241,62.297359466552734,1008.480224609375,34.28905487060547
280094,1647.417874814,62.27548599243164,1008.4830322265625,34.28915786743164
280114,1647.438240823,62.242679595947266,1008.4864501953125,34.28922653198242
280134,1647.458028646,62.19346618652344,1008.4924926757812,34.29037857055664
280154,1647.477759214,62.14971923828125,1008.4973754882812,34.290138244628906
280174,1647.497768337,62.22080612182617,1008.4892578125,34.28996658325195
280194,1647.517535892,62.25908279418945,1008.4850463867188,34.29092788696289
280214,1647.537976752,62.26455307006836,1008.4839477539062,34.29056930541992
280234,1647.557764343,62.248146057128906,1008.486083984375,34.2891731262207
280254,1647.577320733,62.155189514160156,1008.4965209960938,34.289241790771484
280274,1647.597964273,62.20439910888672,1008.4912109375,34.2892951965332
280294,1647.618097407,62.28095626831055,1008.48193359375,34.289329528808594
280314,1647.63753166,62.27548599243164,1008.4827880859375,34.289363861083984
280334,1647.657743753,62.22080612182617,1008.489501953125,34.29158401489258
280354,1647.676957976,62.26455307006836,1008.4842529296875,34.293251037597656
280374,1647.697488531,62.22627639770508,1008.4886474609375,34.29118728637695
280394,1647.717573771,62.23720932006836,1008.4874267578125,34.29296112060547
280414,1647.73752216,62.248146057128906,1008.48583984375,34.292083740234375
280434,1647.757874394,62.242679595947266,1008.4867553710938,34.292510986328125
280454,1647.777042429,62.25908279418945,1008.4849243164062,34.2928581237793
280474,1647.79725256,62.1661262512207,1008.4952392578125,34.29419708251953
280494,1647.818394531,62.155189514160156,1008.4967651367188,34.29411315917969
280514,1647.83731267,62.19346618652344,1008.4924926757812,34.294044494628906
280534,1647.857766889,62.242679595947266,1008.4864501953125,34.29399108886719
280554,1647.878130668,62.28095626831055,1008.4821166992188,34.2939567565918
280574,1647.898086074,62.23174285888672,1008.488037109375,34.29502487182617
280594,1647.917066401,62.18252944946289,1008.4938354492188,34.29363250732422
280614,1647.937416518,62.27548599243164,1008.4826049804688,34.291481018066406
280634,1647.957292543,62.25361633300781,1008.485595703125,34.29316711425781
280654,1647.977329495,62.1879997253418,1008.4930419921875,34.29444122314453
280674,1647.996848794,62.21533966064453,1008.4901123046875,34.2932014465332
280694,1648.017648443,62.23720932006836,1008.4872436523438,34.294456481933594
280714,1648.037127144,62.25908279418945,1008.4848022460938,34.29540252685547
280734,1648.0571125,62.25908279418945,1008.4844970703125,34.297210693359375
280754,1648.07693351,62.28095626831055,1008.4821166992188,34.295265197753906
280774,1648.096948633,62.302825927734375,1008.4797973632812,34.2960205078125
280794,1648.117809727,62.33016586303711,1008.4768676757812,34.296573638916016
280814,1648.138346056,62.33016586303711,1008.4768676757812,34.296573638916016
280834,1648.157754774,62.34657287597656,1008.4749145507812,34.29588317871094
280854,1648.177622677,62.41765594482422,1008.4664916992188,34.296485900878906
280874,1648.19755336,62.42312240600586,1008.465576171875,34.29691696166992
280894,1648.217841708,62.30829620361328,1008.4791870117188,34.29946517944336
280914,1648.237764631,62.28642272949219,1008.4817504882812,34.29915237426758
280934,1648.256854608,62.19346618652344,1008.4925537109375,34.30002975463867
280954,1648.276938844,62.16065979003906,1008.495849609375,34.299583435058594
280974,1648.297417346,62.209869384765625,1008.4902954101562,34.29925537109375
280994,1648.316927319,62.27001953125,1008.4833984375,34.29899978637695
281014,1648.336541274,62.302825927734375,1008.4794921875,34.29880905151367
281034,1648.3579541,62.31376266479492,1008.4782104492188,34.29867172241211
281054,1648.376823455,62.31923294067383,1008.4780883789062,34.29856872558594
281074,1648.39738377,62.23720932006836,1008.4869995117188,34.30068588256836
281094,1648.416511841,62.248146057128906,1008.4862060546875,34.30008316040039
281114,1648.437057308,62.22080612182617,1008.489501953125,34.30181884765625
281134,1648.457394344,62.1879997253418,1008.492919921875,34.30312728881836
281154,1648.477781019,62.198936462402344,1008.4918823242188,34.303009033203125
281174,1648.497418164,62.242679595947266,1008.4868774414062,34.30402374267578
281194,1648.516839156,62.20439910888672,1008.490966796875,34.304779052734375
281214,1648.537420926,62.26455307006836,1008.4839477539062,34.30314636230469
281234,1648.556627855,62.22080612182617,1008.4888916015625,34.30412673950195
281254,1648.576581586,62.21533966064453,1008.4899291992188,34.304866790771484
281274,1648.59693708,62.248146057128906,1008.4860229492188,34.30321502685547
281294,1648.617838292,62.302825927734375,1008.4796142578125,34.304176330566406
281314,1648.636554572,62.297359466552734,1008.4805297851562,34.30379867553711
281334,1648.656962443,62.28642272949219,1008.481689453125,34.30680847167969
281354,1648.677279653,62.341102600097656,1008.4752197265625,34.307979583740234
281374,1648.697329346,62.33016586303711,1008.4768676757812,34.3077392578125
281394,1648.717090004,62.3739128112793,1008.471435546875,34.30756759643555
281414,1648.73728579,62.291893005371094,1008.4808349609375,34.30854797363281
281434,1648.757758914,62.324703216552734,1008.4771118164062,34.308170318603516
281454,1648.776862242,62.23174285888672,1008.48779296875,34.30789566040039
281474,1648.796636138,62.25908279418945,1008.4849243164062,34.30768966674805
281494,1648.816483294,62.30829620361328,1008.4788818359375,34.307533264160156
281514,1648.837452226,62.34657287597656,1008.4744262695312,34.307411193847656
281534,1648.856328909,62.30829620361328,1008.4789428710938,34.30842590332031
281554,1648.876530684,62.30829620361328,1008.4793701171875,34.30918502807617
281574,1648.897455419,62.302825927734375,1008.47998046875,34.31085205078125
281594,1648.917063116,62.30829620361328,1008.4790649414062,34.309906005859375
281614,1648.936519551,62.248146057128906,1008.4859008789062,34.312503814697266
281634,1648.957163595,62.28095626831055,1008.4822387695312,34.31224822998047
281654,1648.976522073,62.297359466552734,1008.4806518554688,34.312042236328125
281674,1648.997442752,62.31376266479492,1008.4783935546875,34.3108024597168
281694,1649.017439537,62.297359466552734,1008.48046875,34.30985641479492
281714,1649.037619238,62.25908279418945,1008.4847412109375,34.311370849609375
281734,1649.056882648,62.209869384765625,1008.4902954101562,34.3124885559082
281754,1649.076342003,62.16065979003906,1008.495849609375,34.313331604003906
281774,1649.096504344,62.17159652709961,1008.4950561523438,34.3128662109375
281794,1649.116327815,62.26455307006836,1008.48388671875,34.31032180786133
281814,1649.136304388,62.297359466552734,1008.48046875,34.31169509887695
281834,1649.15658998,62.324703216552734,1008.4771118164062,34.310543060302734
281854,1649.176622497,62.36297607421875,1008.4727783203125,34.30966567993164
281874,1649.196993445,62.34657287597656,1008.4749755859375,34.31011199951172
281894,1649.216971871,62.25361633300781,1008.4852294921875,34.31376266479492
281914,1649.236366342,62.177059173583984,1008.4944458007812,34.31647872924805
281934,1649.256432017,62.105979919433594,1008.5026245117188,34.31852722167969
281954,1649.276846195,62.10050964355469,1008.5030517578125,34.32007598876953
281974,1649.296951031,61.99114990234375,1008.5154418945312,34.322330474853516
281994,1649.316873641,61.99114990234375,1008.5154418945312,34.322330474853516
282014,1649.336448438,62.089576721191406,1008.5040283203125,34.32071304321289
282034,1649.356977823,62.144256591796875,1008.4982299804688,34.31949234008789
282054,1649.376970678,62.19346618652344,1008.4923095703125,34.319698333740234
282074,1649.397264106,62.16065979003906,1008.495849609375,34.3198356628418
282094,1649.416606451,62.144256591796875,1008.4983520507812,34.31993865966797
282114,1649.435959453,62.00755310058594,1008.5134887695312,34.32112503051758
282134,1649.455814802,62.04035949707031,1008.5101928710938,34.322021484375
282154,1649.47575008,62.07316970825195,1008.5062255859375,34.32267379760742
282174,1649.496132619,62.029422760009766,1008.5115356445312,34.32207107543945
282194,1649.515913633,62.04035949707031,1008.5099487304688,34.32382583618164
282214,1649.5362139,62.09503936767578,1008.5037841796875,34.32294845581055
282234,1649.556084096,62.13878631591797,1008.4989013671875,34.32337951660156
282254,1649.576816831,62.198936462402344,1008.4913940429688,34.32260513305664
282274,1649.596866476,62.17159652709961,1008.494873046875,34.3231201171875
282294,1649.616501737,62.22080612182617,1008.489501953125,34.32461929321289
282314,1649.635860441,62.25361633300781,1008.4855346679688,34.32463455200195
282334,1649.655841048,62.31376266479492,1008.4785766601562,34.32463455200195
282354,1649.676042911,62.31376266479492,1008.4786987304688,34.32465362548828
282374,1649.696330064,62.26455307006836,1008.4840698242188,34.32465362548828
282394,1649.716042641,62.25361633300781,1008.4852905273438,34.32577133178711
282414,1649.736328721,62.28095626831055,1008.4824829101562,34.325496673583984
282434,1649.756306073,62.18252944946289,1008.4935913085938,34.32529067993164
282454,1649.776813313,62.144256591796875,1008.498046875,34.32513427734375
282474,1649.796104679,62.198936462402344,1008.491943359375,34.32391357421875
282494,1649.815960857,62.18252944946289,1008.4939575195312,34.324100494384766
282514,1649.836804971,62.155189514160156,1008.4967651367188,34.32535934448242
282534,1649.855959689,62.18252944946289,1008.4938354492188,34.3240852355957
282554,1649.876489459,62.14971923828125,1008.4974975585938,34.32642364501953
282574,1649.896912762,62.1879997253418,1008.4927368164062,34.32709503173828
282594,1649.915970857,62.198936462402344,1008.4920043945312,34.32649230957031
282614,1649.936403544,62.21533966064453,1008.4901123046875,34.32603073120117
282634,1649.956925632,62.22080612182617,1008.4888916015625,34.32570266723633
282654,1649.975899283,62.19346618652344,1008.4925537109375,34.32654571533203
282674,1649.996376789,62.12784957885742,1008.5,34.326080322265625
282694,1650.015567844,62.12784957885742,1008.5,34.32571792602539
282714,1650.036483877,62.0841064453125,1008.5051879882812,34.326560974121094
282734,1650.056750359,62.02396011352539,1008.51171875,34.32830047607422
282754,1650.076626057,62.07316970825195,1008.5060424804688,34.327388763427734
282774,1650.096141892,62.089576721191406,1008.5040893554688,34.32891845703125
282794,1650.116508309,62.10050964355469,1008.5033569335938,34.32785415649414
282814,1650.136693849,62.07316970825195,1008.5062255859375,34.328163146972656
282834,1650.156179718,62.1661262512207,1008.495361328125,34.32728576660156
282854,1650.175652117,62.19346618652344,1008.4923706054688,34.326629638671875
282874,1650.195934379,62.177059173583984,1008.4942626953125,34.32725143432617
282894,1650.216703103,62.1879997253418,1008.4927978515625,34.32881546020508
282914,1650.23633621,62.177059173583984,1008.4942016601562,34.329986572265625
282934,1650.255580755,62.111446380615234,1008.501708984375,34.333065032958984
282954,1650.275767336,62.12784957885742,1008.499755859375,34.332069396972656
282974,1650.295839318,62.062232971191406,1008.5072631835938,34.33351516723633
282994,1650.316614164,62.062232971191406,1008.5078125,34.33351516723633
283014,1650.335778375,62.10050964355469,1008.5029296875,34.33241271972656
283034,1650.355829499,62.04582977294922,1008.5096435546875,34.333770751953125
283054,1650.375974323,62.11691665649414,1008.50146484375,34.333702087402344
283074,1650.39585725,62.0841064453125,1008.5047607421875,34.33475112915039
283094,1650.415531962,62.105979919433594,1008.5021362304688,34.33333969116211
283114,1650.435224135,62.105979919433594,1008.5025634765625,34.3333740234375
283134,1650.455704801,62.144256591796875,1008.4983520507812,34.335594177246094
283154,1650.475956423,62.089576721191406,1008.5045776367188,34.3372802734375
283174,1650.496111536,62.089576721191406,1008.5045776367188,34.3372802734375
283194,1650.515044564,62.105979919433594,1008.5023193359375,34.33413314819336
283214,1650.535957686,62.12784957885742,1008.4996948242188,34.33616256713867
283234,1650.555828875,62.17159652709961,1008.4951171875,34.33659362792969
283254,1650.57571903,62.105979919433594,1008.5023803710938,34.33802032470703
283274,1650.595256237,62.177059173583984,1008.4944458007812,34.33798599243164
283294,1650.616474161,62.144256591796875,1008.4982299804688,34.33797073364258
283314,1650.635964206,62.111446380615234,1008.5018310546875,34.339054107666016
283334,1650.656134423,62.07316970825195,1008.5059204101562,34.33986282348633
283354,1650.675870415,62.09503936767578,1008.5037231445312,34.33936309814453
283374,1650.695360684,62.11691665649414,1008.5009765625,34.3390007019043
283394,1650.715931143,62.105979919433594,1008.502685546875,34.33982849121094
283414,1650.736092266,62.12784957885742,1008.5001220703125,34.33934783935547
283434,1650.754952157,62.11691665649414,1008.5010986328125,34.33788299560547
283454,1650.775050843,62.13878631591797,1008.4989013671875,34.33788299560547
283474,1650.795405711,62.105979919433594,1008.5026245117188,34.338985443115234
283494,1650.816313889,62.11691665649414,1008.501220703125,34.33871078491211
283514,1650.835315215,62.105979919433594,1008.5028076171875,34.339603424072266
283534,1650.855612729,62.13331985473633,1008.4991455078125,34.33807373046875
283554,1650.875954465,62.19346618652344,1008.4920654296875,34.33913803100586
283574,1650.894933396,62.09503936767578,1008.5037231445312,34.33993148803711
283594,1650.91722073,62.051300048828125,1008.508544921875,34.34051513671875
283614,1650.935576678,62.1879997253418,1008.4927978515625,34.33986282348633
283634,1650.955525682,62.21533966064453,1008.4896850585938,34.3404655456543
283654,1650.975817083,62.155189514160156,1008.4967651367188,34.3420295715332
283674,1650.995499473,62.111446380615234,1008.501953125,34.34320068359375
283694,1651.017395808,62.04035949707031,1008.509765625,34.34518051147461
283714,1651.035945686,62.0841064453125,1008.5048828125,34.34445571899414
283734,1651.055818965,62.10050964355469,1008.5033569335938,34.342803955078125
283754,1651.07581471,62.13331985473633,1008.4991455078125,34.34268569946289
283774,1651.09489445,62.09503936767578,1008.5037231445312,34.34368133544922
283794,1651.114855317,62.07863998413086,1008.5055541992188,34.34444046020508
283814,1651.135904533,62.06769943237305,1008.5071411132812,34.346107482910156
283834,1651.15596669,62.07863998413086,1008.5056762695312,34.34736251831055
283854,1651.174836219,62.0841064453125,1008.5048217773438,34.346092224121094
283874,1651.194899438,62.051300048828125,1008.5089721679688,34.347347259521484
283894,1651.215520728,62.062232971191406,1008.5075073242188,34.346092224121094
283914,1651.235990984,62.11691665649414,1008.5009765625,34.34404373168945
283934,1651.255989928,62.12784957885742,1008.5000610351562,34.343597412109375
283954,1651.275418115,62.07863998413086,1008.5054321289062,34.3454704284668
283974,1651.294560089,62.04035949707031,1008.5101318359375,34.34468078613281
283994,1651.31448927,61.99114990234375,1008.5159301757812,34.344078063964844
284014,1651.33488987,62.018489837646484,1008.512451171875,34.343631744384766
284034,1651.355081424,61.9747428894043,1008.5174560546875,34.34550476074219
284054,1651.374995672,61.985679626464844,1008.516357421875,34.344696044921875
284074,1651.394739911,61.985679626464844,1008.5164794921875,34.34629821777344
284094,1651.415065695,61.9802131652832,1008.5167236328125,34.34640121459961
284114,1651.434862994,62.051300048828125,1008.5084838867188,34.348670959472656
284134,1651.45468247,62.018489837646484,1008.5126953125,34.35039138793945
284154,1651.475051963,62.04582977294922,1008.509033203125,34.34836196899414
284174,1651.49526614,62.07863998413086,1008.505615234375,34.34904861450195
284194,1651.515122947,62.06769943237305,1008.506591796875,34.35066604614258
284214,1651.535204488,62.03489303588867,1008.5103759765625,34.351871490478516
284234,1651.555379981,62.02396011352539,1008.5120239257812,34.351680755615234
284254,1651.575097114,62.105979919433594,1008.5026245117188,34.35044479370117
284274,1651.595502629,62.051300048828125,1008.508544921875,34.35169982910156
284294,1651.614323781,62.02396011352539,1008.5118408203125,34.3515625
284314,1651.635121892,62.062232971191406,1008.5076293945312,34.352542877197266
284334,1651.655269207,62.062232971191406,1008.5072631835938,34.349979400634766
284354,1651.674510064,62.062232971191406,1008.5072631835938,34.349979400634766
284374,1651.69524315,62.056766510009766,1008.5082397460938,34.351356506347656
284394,1651.714286216,62.089576721191406,1008.5043334960938,34.35350799560547
284414,1651.734606274,62.122379302978516,1008.5005493164062,34.35400390625
284434,1651.754261666,62.155189514160156,1008.4967651367188,34.3532829284668
284454,1651.774431486,62.02396011352539,1008.5118408203125,34.35493469238281
284474,1651.794035318,62.11691665649414,1008.5009155273438,34.3550910949707
284494,1651.81454967,62.06769943237305,1008.507080078125,34.356292724609375
284514,1651.835270636,62.02396011352539,1008.5118408203125,34.35608673095703
284534,1651.854784239,61.94740295410156,1008.5205078125,34.357051849365234
284554,1651.874331647,61.95833969116211,1008.5194091796875,34.35667037963867
284574,1651.89422271,61.90913009643555,1008.5249633789062,34.357479095458984
284594,1651.914508247,61.86538314819336,1008.5304565429688,34.35808181762695
284614,1651.935104698,61.892723083496094,1008.527099609375,34.356346130371094
284634,1651.955102525,61.90913009643555,1008.525390625,34.35723876953125
284654,1651.975123668,61.88179016113281,1008.5280151367188,34.35791015625
284674,1651.995078399,61.92006301879883,1008.5239868164062,34.35620880126953
284694,1652.014961214,61.9747428894043,1008.5177612304688,34.35603713989258
284714,1652.035165795,62.029422760009766,1008.5115966796875,34.356998443603516
284734,1652.055442256,62.03489303588867,1008.5103759765625,34.35551834106445
284754,1652.075356483,62.01301956176758,1008.512939453125,34.35662078857422
284774,1652.094279118,61.996620178222656,1008.5148315429688,34.357444763183594
284794,1652.114781599,62.089576721191406,1008.5042724609375,34.356964111328125
284814,1652.13443388,62.029422760009766,1008.5110473632812,34.357704162597656
284834,1652.154442419,61.9747428894043,1008.517333984375,34.358253479003906
284854,1652.174413557,61.93647003173828,1008.5221557617188,34.35866928100586
284874,1652.194495213,62.018489837646484,1008.512451171875,34.35787582397461
284894,1652.214253155,62.04582977294922,1008.509521484375,34.35729217529297
284914,1652.23432911,62.0841064453125,1008.5053100585938,34.35794448852539
284934,1652.254795219,62.00208282470703,1008.5142211914062,34.35954666137695
284954,1652.2746188,62.02396011352539,1008.5117797851562,34.3596305847168
284974,1652.295319319,62.029422760009766,1008.51123046875,34.35969924926758
284994,1652.313906076,62.056766510009766,1008.5081176757812,34.3597526550293
285014,1652.333920845,61.985679626464844,1008.5161743164062,34.36200714111328
285034,1652.354382614,61.95833969116211,1008.5196533203125,34.36257553100586
285054,1652.374585372,61.91460037231445,1008.5247192382812,34.36302185058594
285074,1652.394921684,61.95287322998047,1008.5198364257812,34.362247467041016
285094,1652.414571628,61.92006301879883,1008.5240478515625,34.36166000366211
285114,1652.43392531,61.91460037231445,1008.5244140625,34.36121368408203
285134,1652.454419381,61.88179016113281,1008.5285034179688,34.36088562011719
285154,1652.474133785,61.92006301879883,1008.5238037109375,34.36064529418945
285174,1652.494314211,61.85991668701172,1008.5305786132812,34.36267852783203
285194,1652.514551086,61.86538314819336,1008.5303955078125,34.36309051513672
285214,1652.533732936,61.82164001464844,1008.5353393554688,34.364501953125
285234,1652.554962272,61.832576751708984,1008.5341186523438,34.36444854736328
285254,1652.575075766,61.832576751708984,1008.5341796875,34.365516662597656
285274,1652.593948723,61.86538314819336,1008.5303955078125,34.36632537841797
285294,1652.614314682,61.96928024291992,1008.5184936523438,34.364723205566406
285314,1652.633947978,61.9747428894043,1008.517333984375,34.363521575927734
285334,1652.654070849,61.91460037231445,1008.5245361328125,34.364810943603516
285354,1652.674336928,61.996620178222656,1008.5153198242188,34.363590240478516
285374,1652.69455954,61.963809967041016,1008.5189819335938,34.3648796081543
285394,1652.714619365,61.95287322998047,1008.5200805664062,34.365840911865234
285414,1652.733868448,61.985679626464844,1008.5165405273438,34.36876678466797
285434,1652.753992714,61.99114990234375,1008.5157470703125,34.36764907836914
285454,1652.774317574,62.00755310058594,1008.5140991210938,34.367923736572266
285474,1652.793747151,61.95287322998047,1008.5200805664062,34.37031555175781
285494,1652.81461146,62.03489303588867,1008.5106811523438,34.36771774291992
285514,1652.833746172,62.03489303588867,1008.5106811523438,34.36771774291992
285534,1652.854213899,62.062232971191406,1008.5075073242188,34.367977142333984
285554,1652.874438823,62.04035949707031,1008.5103149414062,34.3681640625
285574,1652.893884096,62.029422760009766,1008.5109252929688,34.36830139160156
285594,1652.913589735,61.95833969116211,1008.5194091796875,34.368404388427734
285614,1652.933831183,61.93647003173828,1008.5220947265625,34.368492126464844
285634,1652.954110077,61.94194030761719,1008.5213012695312,34.36854553222656
285654,1652.974044592,61.88179016113281,1008.528564453125,34.36749267578125
285674,1652.994124981,61.832576751708984,1008.5341186523438,34.36780548095703
285694,1653.01322162,61.90913009643555,1008.5250854492188,34.36692810058594
285714,1653.034277961,61.84897994995117,1008.5324096679688,34.36957550048828
285734,1653.053732924,61.832576751708984,1008.5341186523438,34.36936950683594
285754,1653.074735072,61.876319885253906,1008.5291137695312,34.369197845458984
285774,1653.093437756,61.870853424072266,1008.5294189453125,34.367977142333984
285794,1653.113701357,61.94194030761719,1008.521484375,34.3670654296875
285814,1653.134324092,61.93647003173828,1008.5218505859375,34.36747741699219
285834,1653.154312184,61.95287322998047,1008.5202026367188,34.36668395996094
285854,1653.173555846,61.92006301879883,1008.5240478515625,34.3661003112793
285874,1653.193460824,61.90913009643555,1008.5252685546875,34.366756439208984
285894,1653.213763424,61.90913009643555,1008.525390625,34.37165832519531
285914,1653.234502984,61.985679626464844,1008.5161743164062,34.369815826416016
285934,1653.253330177,61.870853424072266,1008.5294189453125,34.371742248535156
285954,1653.273343272,61.90365982055664,1008.5256958007812,34.3698844909668
285974,1653.292519764,61.930999755859375,1008.5223999023438,34.37069320678711
285994,1653.312492243,61.80523681640625,1008.5369262695312,34.372413635253906
286014,1653.332814694,61.745086669921875,1008.5438842773438,34.373687744140625
286034,1653.353101972,61.78883361816406,1008.5390625,34.3724479675293
286054,1653.373974526,61.777896881103516,1008.54052734375,34.37152099609375
286074,1653.39485033,61.8161735534668,1008.535888671875,34.373016357421875
286094,1653.413552678,61.96928024291992,1008.5184326171875,34.370849609375
286114,1653.433358144,62.06769943237305,1008.5067749023438,34.36921310424805
286134,1653.454048069,62.10050964355469,1008.5031127929688,34.36909484863281
286154,1653.473276318,62.111446380615234,1008.5017700195312,34.36899185180664
286174,1653.494185272,62.018489837646484,1008.5123901367188,34.36892318725586
286194,1653.513533943,62.029422760009766,1008.510986328125,34.369972229003906
286214,1653.533113843,61.95287322998047,1008.5203857421875,34.37296676635742
286234,1653.553799573,61.898193359375,1008.5262451171875,34.37411880493164
286254,1653.573807315,61.898193359375,1008.5265502929688,34.374961853027344
286274,1653.593807706,61.90365982055664,1008.5255126953125,34.375614166259766
286294,1653.613640455,61.876319885253906,1008.5289916992188,34.37389373779297
286314,1653.633917552,61.96928024291992,1008.5184936523438,34.37260437011719
286334,1653.653903859,61.93647003173828,1008.5221557617188,34.37382507324219
286354,1653.672976859,61.93647003173828,1008.5221557617188,34.374755859375
286374,1653.69335273,61.90913009643555,1008.5249633789062,34.37544250488281
286394,1653.713068092,61.85445022583008,1008.5316772460938,34.378177642822266
286414,1653.733798498,61.82710647583008,1008.5348510742188,34.37690734863281
286434,1653.753350047,61.84897994995117,1008.5323486328125,34.37485885620117
286454,1653.77305208,61.88725662231445,1008.5274658203125,34.37332534790039
286474,1653.793851663,61.90365982055664,1008.5260620117188,34.3754768371582
286494,1653.813976379,61.96928024291992,1008.518310546875,34.37599563598633
286514,1653.833423035,61.870853424072266,1008.5294189453125,34.37857437133789
286534,1653.853720184,61.88725662231445,1008.5277709960938,34.37831497192383
286554,1653.872697994,61.930999755859375,1008.5223999023438,34.37812805175781
286574,1653.893234023,61.94194030761719,1008.5213012695312,34.37687301635742
286594,1653.91335943,61.90913009643555,1008.5252075195312,34.378143310546875
286614,1653.933753608,61.898193359375,1008.5265502929688,34.38129425048828
286634,1653.954466906,61.930999755859375,1008.5225830078125,34.381446838378906
286654,1653.973445304,61.930999755859375,1008.5225830078125,34.381446838378906
286674,1653.993501358,61.99114990234375,1008.5156860351562,34.38046646118164
286694,1654.014221926,62.03489303588867,1008.5108642578125,34.37974548339844
286714,1654.034408601,61.99114990234375,1008.5160522460938,34.38029479980469
286734,1654.05351394,61.963809967041016,1008.5189819335938,34.379608154296875
286754,1654.073876729,62.01301956176758,1008.5131225585938,34.380191802978516
286774,1654.09353198,61.94740295410156,1008.520751953125,34.379520416259766
286794,1654.1126023,61.84351348876953,1008.532470703125,34.3812255859375
286814,1654.134223874,61.870853424072266,1008.5298461914062,34.38139724731445
286834,1654.153957634,61.91460037231445,1008.5248413085938,34.38263702392578
286854,1654.173987672,61.84351348876953,1008.5326538085938,34.385765075683594
286874,1654.193510575,61.85991668701172,1008.5310668945312,34.385902404785156
286894,1654.213447416,61.78883361816406,1008.5391845703125,34.386024475097656
286914,1654.233118773,61.76149368286133,1008.5422973632812,34.3871955871582
286934,1654.253525521,61.69587707519531,1008.550048828125,34.38808822631836
286954,1654.273516429,61.838043212890625,1008.5335693359375,34.385440826416016
286974,1654.292725512,61.75055694580078,1008.5435791015625,34.38566207885742
286994,1654.312934228,61.73961639404297,1008.544677734375,34.385833740234375
287014,1654.333955515,61.870853424072266,1008.5297241210938,34.38376998901367
287034,1654.353478071,61.84897994995117,1008.5324096679688,34.3855094909668
287054,1654.372622521,61.870853424072266,1008.5296020507812,34.38571548461914
287074,1654.393497076,61.90365982055664,1008.5260009765625,34.385868072509766
287094,1654.413941056,61.85991668701172,1008.5309448242188,34.38819122314453
287114,1654.435052833,61.832576751708984,1008.5340576171875,34.38552474975586
287134,1654.453864054,61.712276458740234,1008.5477294921875,34.38683319091797
287154,1654.473033216,61.76149368286133,1008.5421752929688,34.38671112060547
287174,1654.493988195,61.8161735534668,1008.5357666015625,34.3855094909668
287194,1654.512937299,61.80523681640625,1008.5369262695312,34.387916564941406
287214,1654.534128186,61.90913009643555,1008.5252075195312,34.385318756103516
287234,1654.553170704,61.91460037231445,1008.5242919921875,34.38557815551758
287254,1654.573712363,61.985679626464844,1008.5162963867188,34.38686752319336
287274,1654.593128455,61.94194030761719,1008.5213012695312,34.387847900390625
287294,1654.613673262,61.892723083496094,1008.5272216796875,34.389671325683594
287314,1654.635078183,61.925533294677734,1008.523193359375,34.38772964477539
287334,1654.652408942,61.90913009643555,1008.525146484375,34.388484954833984
287354,1654.67353242,61.85991668701172,1008.530517578125,34.38905334472656
287374,1654.693847639,61.892723083496094,1008.5267944335938,34.38838195800781
287394,1654.712352651,61.86538314819336,1008.5302734375,34.38896560668945
287414,1654.733993182,61.84351348876953,1008.53271484375,34.3894157409668
287434,1654.752839666,61.898193359375,1008.526611328125,34.39084243774414
287454,1654.772791422,61.94194030761719,1008.521484375,34.38862228393555
287474,1654.793331648,61.9802131652832,1008.5170288085938,34.389156341552734
287494,1654.813054487,62.04035949707031,1008.5099487304688,34.388450622558594
287514,1654.833131262,62.018489837646484,1008.512451171875,34.38901901245117
287534,1654.852441178,61.985679626464844,1008.5165405273438,34.39054870605469
287554,1654.872854237,61.876319885253906,1008.529296875,34.391700744628906
287574,1654.892986107,61.82710647583008,1008.5344848632812,34.39256286621094
287594,1654.913102097,61.85991668701172,1008.5307006835938,34.39321517944336
287614,1654.931854843,61.90913009643555,1008.5250854492188,34.393699645996094
287634,1654.952232653,61.892723083496094,1008.52734375,34.39516067504883
287654,1654.972357402,61.876319885253906,1008.529296875,34.39405822753906
287674,1654.992700097,61.85991668701172,1008.5310668945312,34.39323425292969
287694,1655.012310823,61.892723083496094,1008.5267944335938,34.39261245727539
287714,1655.034214496,61.90913009643555,1008.52490234375,34.39324951171875
287734,1655.05328464,61.95833969116211,1008.5192260742188,34.393714904785156
287754,1655.072725599,61.870853424072266,1008.5297241210938,34.39407730102539
287774,1655.092118742,61.870853424072266,1008.5297241210938,34.394351959228516
287794,1655.111936267,61.892723083496094,1008.5272216796875,34.39344024658203
287814,1655.132031549,61.93647003173828,1008.522216796875,34.39496994018555
287834,1655.152624999,61.88725662231445,1008.5279541015625,34.39612579345703
287854,1655.173467331,61.85991668701172,1008.5307006835938,34.3969841003418
287874,1655.191997987,61.85991668701172,1008.5307006835938,34.3969841003418
287894,1655.21246678,61.77242660522461,1008.5407104492188,34.39982223510742
287914,1655.233537392,61.82164001464844,1008.5352172851562,34.39865493774414
287934,1655.25296067,61.832576751708984,1008.5338745117188,34.39777755737305
287954,1655.271948779,61.85991668701172,1008.5310668945312,34.399322509765625
287974,1655.292143483,61.79429626464844,1008.5386352539062,34.39827346801758
287994,1655.312513609,61.876319885253906,1008.5286254882812,34.396400451660156
288014,1655.333084334,61.94740295410156,1008.520751953125,34.39609146118164
288034,1655.352996648,61.94740295410156,1008.5206298828125,34.39474868774414
288054,1655.372075721,61.92006301879883,1008.5241088867188,34.39485168457031
288074,1655.392546244,61.92006301879883,1008.5241088867188,34.394920349121094
288094,1655.413065403,61.876319885253906,1008.529296875,34.39609146118164
288114,1655.432127704,61.898193359375,1008.5266723632812,34.39584732055664
288134,1655.45303991,61.84897994995117,1008.531982421875,34.39897918701172
288154,1655.473226017,61.777896881103516,1008.5404663085938,34.39911651611328
288174,1655.492707473,61.832576751708984,1008.5337524414062,34.398136138916016
288194,1655.513060154,61.84351348876953,1008.5328979492188,34.39738082885742
288214,1655.531922615,61.799766540527344,1008.5380859375,34.39903259277344
288234,1655.552607219,61.76149368286133,1008.542236328125,34.4013557434082
288254,1655.572934527,61.80523681640625,1008.5372924804688,34.402008056640625
288274,1655.591997517,61.832576751708984,1008.5340576171875,34.401405334472656
288294,1655.612523911,61.82164001464844,1008.5352783203125,34.402042388916016
288314,1655.633043377,61.78883361816406,1008.5388793945312,34.402523040771484
288334,1655.651762747,61.81070327758789,1008.536376953125,34.40068435668945
288354,1655.672572641,61.72321701049805,1008.5465698242188,34.399288177490234
288374,1655.691765649,61.77242660522461,1008.541015625,34.398258209228516
288394,1655.712702443,61.8161735534668,1008.5355834960938,34.397483825683594
288414,1655.73189761,61.777896881103516,1008.540283203125,34.39910125732422
288434,1655.751370864,61.70134353637695,1008.5491333007812,34.40032196044922
288454,1655.772360848,61.745086669921875,1008.5440673828125,34.40013122558594
288474,1655.792604844,61.78883361816406,1008.5391235351562,34.39887619018555
288494,1655.8116276,61.799766540527344,1008.537841796875,34.3990478515625
288514,1655.831409531,61.84897994995117,1008.5319213867188,34.398067474365234
288534,1655.852285674,61.90365982055664,1008.5259399414062,34.39734649658203
288554,1655.872106158,61.892723083496094,1008.52685546875,34.39789581298828
288574,1655.891348774,61.93647003173828,1008.5220947265625,34.39720916748047
288594,1655.911750134,61.898193359375,1008.526611328125,34.39779281616211
288614,1655.932489167,61.91460037231445,1008.5242919921875,34.39823913574219
288634,1655.95211451,61.930999755859375,1008.5227661132812,34.39856719970703
288654,1655.971967435,61.95287322998047,1008.5202026367188,34.398807525634766
288674,1655.992340745,61.94740295410156,1008.520751953125,34.40009689331055
288694,1656.012301728,61.898193359375,1008.5266723632812,34.40106201171875
288714,1656.032511737,61.892723083496094,1008.52734375,34.39958190917969
288734,1656.052374021,61.90913009643555,1008.5249633789062,34.39958190917969
288754,1656.072351681,61.892723083496094,1008.52734375,34.39846420288086
288774,1656.092664055,61.88725662231445,1008.5277099609375,34.398738861083984
288794,1656.112286097,61.832576751708984,1008.5343017578125,34.40114974975586
288814,1656.13155116,61.8161735534668,1008.5357055664062,34.39965057373047
288834,1656.152087223,61.78883361816406,1008.5392456054688,34.399635314941406
288854,1656.171702045,61.72868347167969,1008.5457763671875,34.400718688964844
288874,1656.192354107,61.799766540527344,1008.537841796875,34.399322509765625
288894,1656.211618872,61.71774673461914,1008.5471801757812,34.40047836303711
288914,1656.231686785,61.79429626464844,1008.5386352539062,34.4013557434082
288934,1656.251555774,61.8161735534668,1008.5360717773438,34.402008056640625
288954,1656.272263247,61.75602340698242,1008.5428466796875,34.404693603515625
288974,1656.29148414,61.73961639404297,1008.5444946289062,34.404502868652344
288994,1656.31213459,61.72321701049805,1008.5469360351562,34.40546798706055
289014,1656.332829062,61.783363342285156,1008.5396728515625,34.40288543701172
289034,1656.352137617,61.73961639404297,1008.5444946289062,34.40426254272461
289054,1656.372959853,61.82164001464844,1008.53515625,34.40309143066406
289074,1656.392442498,61.82164001464844,1008.53515625,34.40309143066406
289094,1656.412879237,61.79429626464844,1008.53857421875,34.403297424316406
289114,1656.432691279,61.75602340698242,1008.5427856445312,34.40346908569336
289134,1656.452633207,61.85991668701172,1008.5309448242188,34.40359115600586
289154,1656.471830382,61.80523681640625,1008.536865234375,34.40367889404297
289174,1656.492483888,61.72321701049805,1008.54638671875,34.405948638916016
289194,1656.51185421,61.66853713989258,1008.5531005859375,34.407649993896484
289214,1656.532715219,61.72868347167969,1008.5457763671875,34.4056396484375
289234,1656.552048014,61.777896881103516,1008.5401611328125,34.40410614013672
289254,1656.571500214,61.77242660522461,1008.5408325195312,34.405174255371094
289274,1656.592482057,61.72321701049805,1008.54638671875,34.407066345214844
289294,1656.610968654,61.734153747558594,1008.5453491210938,34.40849304199219
289314,1656.631494869,61.73961639404297,1008.544677734375,34.40956115722656
289334,1656.651295962,61.712276458740234,1008.5480346679688,34.410369873046875
289354,1656.671550769,61.6849365234375,1008.55078125,34.410972595214844
289374,1656.692367124,61.76149368286133,1008.5419921875,34.41032028198242
289394,1656.711862218,61.832576751708984,1008.5341796875,34.40983581542969
289414,1656.731354267,61.82710647583008,1008.534912109375,34.410560607910156
289434,1656.751152671,61.84351348876953,1008.532958984375,34.41000747680664
289454,1656.771848809,61.84897994995117,1008.5324096679688,34.41069793701172
289474,1656.792368822,61.84351348876953,1008.53271484375,34.40901184082031
289494,1656.811262262,61.85445022583008,1008.5313720703125,34.40885543823242
289514,1656.832172309,61.86538314819336,1008.5302734375,34.40873718261719
289534,1656.851045347,61.80523681640625,1008.536865234375,34.41193771362305
289554,1656.871554472,61.81070327758789,1008.5368041992188,34.41324234008789
289574,1656.891232601,61.76149368286133,1008.5421142578125,34.413124084472656
289594,1656.911481744,61.799766540527344,1008.5380249023438,34.41303634643555
289614,1656.930947485,61.777896881103516,1008.540283203125,34.412967681884766
289634,1656.950817333,61.799766540527344,1008.5379638671875,34.41291809082031
289654,1656.971129421,61.78883361816406,1008.5391845703125,34.41288375854492
289674,1656.991689545,61.82710647583008,1008.53466796875,34.41284942626953
289694,1657.010821918,61.82164001464844,1008.53515625,34.4128303527832
289714,1657.031361149,61.81070327758789,1008.5368041992188,34.41391372680664
289734,1657.051260608,61.832576751708984,1008.5340576171875,34.413639068603516
289754,1657.071492899,61.799766540527344,1008.5374755859375,34.413414001464844
289774,1657.091756136,61.85991668701172,1008.5307006835938,34.41436004638672
289794,1657.110719715,61.69587707519531,1008.5499877929688,34.41836929321289
289814,1657.131710999,61.75602340698242,1008.5426635742188,34.416961669921875
289834,1657.150883837,61.745086669921875,1008.5438842773438,34.41590881347656
289854,1657.17061722,61.79429626464844,1008.5382080078125,34.41513442993164
289874,1657.191295705,61.832576751708984,1008.5337524414062,34.41563415527344
289894,1657.21134443,61.73961639404297,1008.5446166992188,34.41713333129883
289914,1657.231508493,61.82710647583008,1008.5348510742188,34.41603088378906
289934,1657.250861521,61.85445022583008,1008.5313720703125,34.41522216796875
289954,1657.271047981,61.898193359375,1008.5263061523438,34.41460418701172
289974,1657.291489799,61.85991668701172,1008.531005859375,34.416358947753906
289994,1657.310127201,61.838043212890625,1008.5335083007812,34.41766357421875
290014,1657.3311107,61.75055694580078,1008.5433959960938,34.41864776611328
290034,1657.351371076,61.745086669921875,1008.5439453125,34.419368743896484
290054,1657.371262025,61.66306686401367,1008.5533447265625,34.4210205078125
290074,1657.391105339,61.62479019165039,1008.5579223632812,34.42226028442383
290094,1657.411403193,61.71774673461914,1008.5474243164062,34.419883728027344
290114,1657.430591291,61.745086669921875,1008.5440673828125,34.421417236328125
290134,1657.450394057,61.75055694580078,1008.5432739257812,34.421451568603516
290154,1657.471259844,61.82164001464844,1008.5349731445312,34.42038345336914
290174,1657.491572138,61.876319885253906,1008.5287475585938,34.41847229003906
290194,1657.510589787,61.898193359375,1008.5264892578125,34.419246673583984
290214,1657.53106542,61.90913009643555,1008.5252075195312,34.41762924194336
290234,1657.550433472,61.92006301879883,1008.5237426757812,34.417510986328125
290254,1657.570506489,61.82164001464844,1008.5353393554688,34.42072677612305
290274,1657.590891899,61.82164001464844,1008.5353393554688,34.42072677612305
290294,1657.610611161,61.777896881103516,1008.5405883789062,34.422054290771484
290314,1657.631364983,61.75602340698242,1008.5428466796875,34.42303466796875
290334,1657.651112197,61.81070327758789,1008.536376953125,34.42047119140625
290354,1657.671275262,61.8161735534668,1008.5357666015625,34.421844482421875
290374,1657.690602437,61.77242660522461,1008.5408935546875,34.421775817871094
290394,1657.71099526,61.799766540527344,1008.5377807617188,34.422828674316406
290414,1657.730115637,61.80523681640625,1008.5369873046875,34.42361831665039
290434,1657.751242357,61.84351348876953,1008.5326538085938,34.42310333251953
290454,1657.771341962,61.80523681640625,1008.5369262695312,34.423824310302734
290474,1657.790076244,61.78883361816406,1008.5388793945312,34.42546081542969
290494,1657.809991979,61.777896881103516,1008.5403442382812,34.42559814453125
290514,1657.830359063,61.70681381225586,1008.548583984375,34.424598693847656
290534,1657.850352298,61.734153747558594,1008.5451049804688,34.42494201660156
290554,1657.870714784,61.75055694580078,1008.5435791015625,34.425201416015625
290574,1657.89080661,61.73961639404297,1008.544921875,34.426490783691406
290594,1657.910809255,61.73961639404297,1008.5450439453125,34.42637252807617
290614,1657.930806914,61.690406799316406,1008.5501098632812,34.4273681640625
290634,1657.950244021,61.679473876953125,1008.551513671875,34.427024841308594
290654,1657.970074567,61.71774673461914,1008.5473022460938,34.42566680908203
290674,1657.990255449,61.745086669921875,1008.5439453125,34.42685317993164
290694,1658.010365619,61.745086669921875,1008.5442504882812,34.42662811279297
290714,1658.030304446,61.75602340698242,1008.5430908203125,34.426475524902344
290734,1658.050608463,61.77242660522461,1008.5407104492188,34.42745590209961
290754,1658.069494311,61.69587707519531,1008.5496826171875,34.42817687988281
290774,1658.089809267,61.6849365234375,1008.5511474609375,34.42762756347656
290794,1658.110567641,61.66306686401367,1008.553466796875,34.428314208984375
290814,1658.130447703,61.67400360107422,1008.552490234375,34.4288330078125
290834,1658.150105547,61.67400360107422,1008.552001953125,34.42812728881836
290854,1658.17006882,61.646663665771484,1008.555419921875,34.42869567871094
290874,1658.190503781,61.657596588134766,1008.5540161132812,34.429107666015625
290894,1658.210307,61.646663665771484,1008.5556640625,34.4283332824707
290914,1658.230609748,61.646663665771484,1008.5551147460938,34.42995071411133
290934,1658.249782723,61.66306686401367,1008.5538330078125,34.4300537109375
290954,1658.270074909,61.657596588134766,1008.553955078125,34.430137634277344
290974,1658.290301266,61.62479019165039,1008.557861328125,34.432411193847656
290994,1658.310632842,61.619319915771484,1008.55859375,34.43189239501953
291014,1658.329987555,61.619319915771484,1008.558349609375,34.4337158203125
291034,1658.351060462,61.62479019165039,1008.5576171875,34.432891845703125
291054,1658.369857869,61.712276458740234,1008.5477905273438,34.4300537109375
291074,1658.390361189,61.641197204589844,1008.5563354492188,34.430137634277344
291094,1658.410069168,61.641197204589844,1008.5559692382812,34.430206298828125
291114,1658.430363554,61.63025665283203,1008.5570068359375,34.430240631103516
291134,1658.449830638,61.62479019165039,1008.5578002929688,34.430274963378906
291154,1658.469923936,61.54277038574219,1008.5673217773438,34.43251419067383
291174,1658.489952656,61.597450256347656,1008.5614013671875,34.433082580566406
291194,1658.510099285,61.586517333984375,1008.5623168945312,34.433509826660156
291214,1658.530451441,61.652130126953125,1008.5548706054688,34.433837890625
291234,1658.550596399,61.652130126953125,1008.5550537109375,34.432979583740234
291254,1658.569238418,61.66853713989258,1008.5532836914062,34.43342590332031
291274,1658.589465449,61.70681381225586,1008.5487060546875,34.43046569824219
291294,1658.609051943,61.657596588134766,1008.553955078125,34.43265151977539
291314,1658.628644127,61.66853713989258,1008.5529174804688,34.43208312988281
291334,1658.648861361,61.70134353637695,1008.5490112304688,34.43385696411133
291354,1658.668690407,61.77242660522461,1008.5411987304688,34.4329948425293
291374,1658.689666527,61.71774673461914,1008.5472412109375,34.432342529296875
291394,1658.709040305,61.70134353637695,1008.5492553710938,34.43185806274414
291414,1658.729735338,61.62479019165039,1008.5581665039062,34.43368148803711
291434,1658.750044419,61.62479019165039,1008.5581665039062,34.43368148803711
291454,1658.769568757,61.66853713989258,1008.5531005859375,34.4339599609375
291474,1658.789426018,61.63025665283203,1008.5573120117188,34.434165954589844
291494,1658.809924012,61.55917739868164,1008.5656127929688,34.435420989990234
291514,1658.828823117,61.49355697631836,1008.5729370117188,34.437469482421875
291534,1658.850069476,61.54823684692383,1008.5667724609375,34.436798095703125
291554,1658.868942636,61.564640045166016,1008.5650024414062,34.43629837036133
291574,1658.889851839,61.564640045166016,1008.5647583007812,34.43701934814453
291594,1658.909597827,61.57557678222656,1008.5633544921875,34.43757247924805
291614,1658.930588642,61.62479019165039,1008.55810546875,34.43796920776367
291634,1658.951040813,61.70134353637695,1008.548828125,34.43717575073242
291654,1658.969691453,61.72868347167969,1008.5462036132812,34.43767547607422
291674,1658.990525431,61.777896881103516,1008.5399780273438,34.438053131103516
291694,1659.008813055,61.734153747558594,1008.5454711914062,34.440547943115234
291714,1659.029568024,61.66853713989258,1008.552734375,34.44020462036133
291734,1659.049586903,61.657596588134766,1008.55419921875,34.43886184692383
291754,1659.069567685,61.679473876953125,1008.5518798828125,34.436744689941406
291774,1659.089400741,61.63025665283203,1008.5570068359375,34.43954849243164
291794,1659.109421383,61.657596588134766,1008.554443359375,34.44056701660156
291814,1659.128836322,61.657596588134766,1008.55419921875,34.44021987915039
291834,1659.151126035,61.71774673461914,1008.5473022460938,34.439964294433594
291854,1659.16940639,61.62479019165039,1008.5578002929688,34.44197463989258
291874,1659.189483183,61.66853713989258,1008.5531005859375,34.4390869140625
291894,1659.210032103,61.652130126953125,1008.5546875,34.43800354003906
291914,1659.229381044,61.679473876953125,1008.5517578125,34.43721008300781
291934,1659.251716451,61.734153747558594,1008.5455932617188,34.436607360839844
291954,1659.26947873,61.67400360107422,1008.5525512695312,34.43944549560547
291974,1659.289608727,61.62479019165039,1008.5580444335938,34.439395904541016
291994,1659.309904334,61.62479019165039,1008.557861328125,34.44154739379883
292014,1659.329752567,61.641197204589844,1008.5563354492188,34.44206237792969
292034,1659.352029386,61.69587707519531,1008.550048828125,34.442440032958984
292054,1659.369688495,61.70134353637695,1008.5491333007812,34.4438362121582
292074,1659.390340371,61.641197204589844,1008.5563354492188,34.44488525390625
292094,1659.409270161,61.61385726928711,1008.559326171875,34.44565963745117
292114,1659.429542263,61.69587707519531,1008.5494995117188,34.44404220581055
292134,1659.450058688,61.75055694580078,1008.5435791015625,34.445037841796875
292154,1659.470061196,61.734153747558594,1008.5454711914062,34.445777893066406
292174,1659.489457369,61.72868347167969,1008.5460205078125,34.44412612915039
292194,1659.510534525,61.70134353637695,1008.5489501953125,34.445106506347656
292214,1659.529170714,61.76149368286133,1008.5418701171875,34.443626403808594
292234,1659.549626208,61.73961639404297,1008.5443725585938,34.4447135925293
292254,1659.56953919,61.72868347167969,1008.5462036132812,34.44553756713867
292274,1659.590219501,61.646663665771484,1008.5555419921875,34.4461555480957
292294,1659.609459842,61.63025665283203,1008.5573120117188,34.44662094116211
292314,1659.630133676,61.6083869934082,1008.5598754882812,34.446964263916016
292334,1659.64938447,61.71774673461914,1008.5475463867188,34.44502258300781
292354,1659.669707585,61.72868347167969,1008.5458984375,34.445762634277344
292374,1659.68893479,61.71774673461914,1008.5474243164062,34.446327209472656
292394,1659.709429684,61.66306686401367,1008.5536499023438,34.44674301147461
292414,1659.728953964,61.619319915771484,1008.55859375,34.44706726074219
292434,1659.749055553,61.69587707519531,1008.5499877929688,34.44729232788086
292454,1659.76925127,61.619319915771484,1008.558349609375,34.44858169555664
292474,1659.788957682,61.62479019165039,1008.5579223632812,34.448429107666016
292494,1659.809299338,61.62479019165039,1008.5579223632812,34.44722366333008
292514,1659.829091659,61.619319915771484,1008.5587768554688,34.44741439819336
292534,1659.849364456,61.619319915771484,1008.55859375,34.447566986083984
292554,1659.868822507,61.61385726928711,1008.5594482421875,34.447669982910156
292574,1659.887702193,61.6849365234375,1008.5513916015625,34.445556640625
292594,1659.908277184,61.6849365234375,1008.5513916015625,34.445556640625
292614,1659.928633314,61.6849365234375,1008.5513305664062,34.44617462158203
292634,1659.948772498,61.72868347167969,1008.546142578125,34.44662094116211
292654,1659.96911411,61.69587707519531,1008.550048828125,34.446964263916016
292674,1659.988361215,61.641197204589844,1008.5558471679688,34.44722366333008
292694,1660.008737454,61.619319915771484,1008.5584716796875,34.44853210449219
292714,1660.029674664,61.646663665771484,1008.5553588867188,34.448394775390625
292734,1660.048642522,61.652130126953125,1008.5545043945312,34.44829177856445
292754,1660.069526749,61.63025665283203,1008.5572509765625,34.4515266418457
292774,1660.088941494,61.619319915771484,1008.558349609375,34.45064926147461
292794,1660.109504687,61.57011032104492,1008.564208984375,34.45219421386719
292814,1660.129608816,61.564640045166016,1008.565185546875,34.45114517211914
292834,1660.14890159,61.59197998046875,1008.5616455078125,34.45145797729492
292854,1660.169559427,61.657596588134766,1008.5543823242188,34.452796936035156
292874,1660.188865326,61.71774673461914,1008.5472412109375,34.451595306396484
292894,1660.208962907,61.73961639404297,1008.5443725585938,34.45069885253906
292914,1660.229463269,61.70681381225586,1008.5482788085938,34.452232360839844
292934,1660.249392118,61.657596588134766,1008.5540161132812,34.45338439941406
292954,1660.269494942,61.67400360107422,1008.552001953125,34.45204162597656
292974,1660.289589522,61.63025665283203,1008.5572509765625,34.451026916503906
292994,1660.309412652,61.59197998046875,1008.5620727539062,34.45247268676758
293014,1660.329383398,61.58104705810547,1008.5628662109375,34.453556060791016
293034,1660.349739288,61.58104705810547,1008.5628662109375,34.453556060791016
293054,1660.369124721,61.57011032104492,1008.56396484375,34.452178955078125
293074,1660.389464475,61.63572692871094,1008.5565185546875,34.452232360839844
293094,1660.408880957,61.62479019165039,1008.5579223632812,34.4522819519043
293114,1660.429271551,61.67400360107422,1008.5520629882812,34.45231628417969
293134,1660.449652196,61.70134353637695,1008.5492553710938,34.45123291015625
293154,1660.468981628,61.71774673461914,1008.5470581054688,34.4515266418457
293174,1660.488906762,61.679473876953125,1008.5516357421875,34.452850341796875
293194,1660.508460536,61.679473876953125,1008.5517578125,34.45164489746094
293214,1660.528092797,61.75055694580078,1008.5433349609375,34.45183563232422
293234,1660.5480645,61.79429626464844,1008.5386352539062,34.45197296142578
293254,1660.568499624,61.745086669921875,1008.5440673828125,34.45319366455078
293274,1660.589393566,61.70681381225586,1008.5482788085938,34.4540901184082
293294,1660.608398674,61.79429626464844,1008.538330078125,34.45257568359375
293314,1660.628162276,61.82710647583008,1008.53466796875,34.45252227783203
293334,1660.64854836,61.77242660522461,1008.5411987304688,34.454708099365234
293354,1660.669347682,61.77242660522461,1008.5408935546875,34.454124450683594
293374,1660.688618778,61.7669563293457,1008.541748046875,34.454795837402344
293394,1660.709506721,61.777896881103516,1008.5400390625,34.45420837402344
293414,1660.729039223,61.77242660522461,1008.541015625,34.455963134765625
293434,1660.748242633,61.78883361816406,1008.5389404296875,34.4583740234375
293454,1660.76941513,61.690406799316406,1008.5505981445312,34.46017837524414
293474,1660.788777527,61.71774673461914,1008.5474853515625,34.4604377746582
293494,1660.809099447,61.73961639404297,1008.5449829101562,34.46174621582031
293514,1660.828247304,61.77242660522461,1008.5410766601562,34.45940399169922
293534,1660.848487929,61.734153747558594,1008.5455932617188,34.46095275878906
293554,1660.868311156,61.783363342285156,1008.5396118164062,34.46212387084961
293574,1660.888801641,61.75055694580078,1008.5432739257812,34.46189880371094
293594,1660.908597629,61.76149368286133,1008.5419921875,34.461727142333984
293614,1660.928187702,61.777896881103516,1008.540283203125,34.45940399169922
293634,1660.948991315,61.76149368286133,1008.54248046875,34.45985412597656
293654,1660.968018178,61.72321701049805,1008.5465698242188,34.46129608154297
293674,1660.989287403,61.69587707519531,1008.549560546875,34.46238327026367
293694,1661.009029818,61.641197204589844,1008.5559692382812,34.463191986083984
293714,1661.028099395,61.62479019165039,1008.5578002929688,34.46379089355469
293734,1661.049485149,61.69587707519531,1008.5496826171875,34.46095275878906
293754,1661.068797273,61.69587707519531,1008.5496826171875,34.46095275878906
293774,1661.088917004,61.619319915771484,1008.55859375,34.46212387084961
293794,1661.108562954,61.70681381225586,1008.5484008789062,34.46080017089844
293814,1661.129341152,61.73961639404297,1008.5443725585938,34.46200180053711
293834,1661.149547564,61.734153747558594,1008.5452270507812,34.46289825439453
293854,1661.168579404,61.76149368286133,1008.5421142578125,34.463584899902344
293874,1661.188691687,61.77242660522461,1008.5408935546875,34.46410369873047
293894,1661.208950515,61.745086669921875,1008.544189453125,34.464481353759766
293914,1661.22935831,61.76149368286133,1008.5424194335938,34.46475601196289
293934,1661.249093045,61.838043212890625,1008.5332641601562,34.46498107910156
293954,1661.268075706,61.876319885253906,1008.529052734375,34.46513366699219
293974,1661.287959371,61.90365982055664,1008.5257568359375,34.46525573730469
293994,1661.308686733,61.799766540527344,1008.537841796875,34.46535873413086
294014,1661.327963775,61.85445022583008,1008.5314331054688,34.464324951171875
294034,1661.348751688,61.78883361816406,1008.5391845703125,34.466854095458984
294054,1661.368129412,61.84897994995117,1008.5321044921875,34.46654510498047
294074,1661.388034424,61.79429626464844,1008.53857421875,34.4674072265625
294094,1661.408754414,61.66853713989258,1008.5527954101562,34.46805953979492
294114,1661.427910077,61.712276458740234,1008.5477294921875,34.46745681762695
294134,1661.448179101,61.66853713989258,1008.5531005859375,34.46809387207031
294154,1661.46794592,61.679473876953125,1008.5518798828125,34.46747589111328
294174,1661.488509978,61.72321701049805,1008.5467529296875,34.468109130859375
294194,1661.507958523,61.67400360107422,1008.5521850585938,34.46859359741211
294214,1661.528979159,61.57557678222656,1008.5639038085938,34.470054626464844
294234,1661.549127078,61.63025665283203,1008.5574951171875,34.46895217895508
294254,1661.567936945,61.646663665771484,1008.5552978515625,34.468109130859375
294274,1661.588436542,61.646663665771484,1008.5555419921875,34.46969223022461
294294,1661.608674041,61.641197204589844,1008.55615234375,34.46977996826172
294314,1661.627957869,61.63572692871094,1008.556640625,34.470951080322266
294334,1661.64873286,61.63572692871094,1008.556640625,34.47180938720703
294354,1661.668460062,61.564640045166016,1008.5647583007812,34.47246551513672
294374,1661.687855993,61.59197998046875,1008.5616455078125,34.47296142578125
294394,1661.708676919,61.66853713989258,1008.5527954101562,34.47222137451172
294414,1661.728693588,61.72868347167969,1008.5458984375,34.472774505615234
294434,1661.747954961,61.70134353637695,1008.5489501953125,34.472084045410156
294454,1661.768731977,61.69587707519531,1008.5498046875,34.4715690612793
294474,1661.788192824,61.73961639404297,1008.544921875,34.473392486572266
294494,1661.807430298,61.72321701049805,1008.5465698242188,34.47365188598633
294514,1661.827810394,61.679473876953125,1008.5516967773438,34.47494125366211
294534,1661.847044476,61.657596588134766,1008.553955078125,34.47702407836914
294554,1661.866382049,61.734153747558594,1008.545654296875,34.47526931762695
294574,1661.887557654,61.70681381225586,1008.5486450195312,34.47506332397461
294594,1661.907723015,61.652130126953125,1008.5547485351562,34.47490692138672
294614,1661.927832787,61.69587707519531,1008.5499267578125,34.47478485107422
294634,1661.947985699,61.72321701049805,1008.5466918945312,34.47359848022461
294654,1661.96807236,61.712276458740234,1008.5479736328125,34.47380447387695
294674,1661.986890216,61.70134353637695,1008.5488891601562,34.473960876464844
294694,1662.007778526,61.66853713989258,1008.5532836914062,34.47628402709961
294714,1662.027725705,61.657596588134766,1008.5543823242188,34.4758186340332
294734,1662.048708154,61.67400360107422,1008.552490234375,34.47437286376953
294754,1662.06861305,61.69587707519531,1008.550048828125,34.473289489746094
294774,1662.08768787,61.72321701049805,1008.5466918945312,34.47246551513672
294794,1662.108607884,61.690406799316406,1008.5504760742188,34.474063873291016
294814,1662.127920868,61.61385726928711,1008.5595092773438,34.47635269165039
294834,1662.1484211,61.641197204589844,1008.556396484375,34.47587203979492
294854,1662.168606395,61.71774673461914,1008.5473022460938,34.47550964355469
294874,1662.187867412,61.69587707519531,1008.549560546875,34.47745132446289
294894,1662.208314741,61.73961639404297,1008.5447387695312,34.4766960144043
294914,1662.22784801,61.80523681640625,1008.5369262695312,34.477230072021484
294934,1662.248518212,61.80523681640625,1008.5369262695312,34.477230072021484
294954,1662.267763668,61.799766540527344,1008.5380859375,34.476524353027344
294974,1662.287189564,61.734153747558594,1008.5452270507812,34.477108001708984
294994,1662.307971139,61.70134353637695,1008.5491333007812,34.478641510009766
295014,1662.328528344,61.72321701049805,1008.5466918945312,34.479793548583984
295034,1662.347619431,61.75602340698242,1008.5431518554688,34.47734832763672
295054,1662.367603601,61.82164001464844,1008.5349731445312,34.47442626953125
295074,1662.388321148,61.7669563293457,1008.5414428710938,34.476627349853516
295094,1662.407843524,61.72321701049805,1008.5467529296875,34.476078033447266
295114,1662.428371847,61.679473876953125,1008.5517578125,34.47676467895508
295134,1662.447840306,61.72321701049805,1008.5464477539062,34.47727966308594
295154,1662.467339547,61.799766540527344,1008.5379638671875,34.47877883911133
295174,1662.488405358,61.783363342285156,1008.5394897460938,34.48099899291992
295194,1662.507479329,61.76149368286133,1008.542236328125,34.480445861816406
295214,1662.528324881,61.8161735534668,1008.5358276367188,34.477848052978516
295234,1662.547491673,61.832576751708984,1008.5338745117188,34.479190826416016
295254,1662.568057259,61.84351348876953,1008.53271484375,34.48020553588867
295274,1662.587348591,61.838043212890625,1008.533203125,34.48096466064453
295294,1662.607464785,61.85991668701172,1008.5309448242188,34.47932815551758
295314,1662.628056815,61.88725662231445,1008.5279541015625,34.480308532714844
295334,1662.647480475,61.88179016113281,1008.528076171875,34.481048583984375
295354,1662.667344464,61.88179016113281,1008.5284423828125,34.480499267578125
295374,1662.687401386,61.84351348876953,1008.5326538085938,34.48118591308594
295394,1662.706947853,61.81070327758789,1008.5365600585938,34.48390579223633
295414,1662.727485013,61.6849365234375,1008.5513305664062,34.487037658691406
295434,1662.746594994,61.6849365234375,1008.5511474609375,34.48609161376953
295454,1662.767606133,61.6849365234375,1008.5509643554688,34.48538589477539
295474,1662.787981832,61.745086669921875,1008.5439453125,34.4848518371582
295494,1662.806760143,61.690406799316406,1008.5505981445312,34.48664093017578
295514,1662.827337977,61.679473876953125,1008.5514526367188,34.487998962402344
295534,1662.847674313,61.71774673461914,1008.5470581054688,34.486812591552734
295554,1662.868798792,61.734153747558594,1008.5451049804688,34.48591613769531
295574,1662.88791373,61.80523681640625,1008.537109375,34.48634719848633
295594,1662.906920306,61.78883361816406,1008.538818359375,34.485572814941406
295614,1662.927486576,61.81070327758789,1008.536376953125,34.48388671875
295634,1662.94672393,61.66853713989258,1008.5531005859375,34.48593521118164
295654,1662.966814322,61.646663665771484,1008.5557861328125,34.48856735229492
295674,1662.986472308,61.690406799316406,1008.5502319335938,34.48722457885742
295694,1663.006134438,61.80523681640625,1008.5369873046875,34.487327575683594
295714,1663.026378534,61.82710647583008,1008.534912109375,34.48631286621094
295734,1663.047560391,61.80523681640625,1008.536865234375,34.48774337768555
295754,1663.069486498,61.78883361816406,1008.5387573242188,34.48772430419922
295774,1663.086618121,61.870853424072266,1008.5296020507812,34.48660659790039
295794,1663.107480187,61.82710647583008,1008.534423828125,34.48796463012695
295814,1663.127980237,61.734153747558594,1008.5455322265625,34.490081787109375
295834,1663.147467906,61.745086669921875,1008.5438842773438,34.49058151245117
295854,1663.16709609,61.82710647583008,1008.534423828125,34.48984146118164
295874,1663.186926452,61.82164001464844,1008.5352783203125,34.49039077758789
295894,1663.207526283,61.892723083496094,1008.52734375,34.48860168457031
295914,1663.226523722,61.832576751708984,1008.5338134765625,34.489463806152344
295934,1663.247475147,61.85445022583008,1008.53125,34.4879150390625
295954,1663.26659026,61.90913009643555,1008.5252685546875,34.48674392700195
295974,1663.28761887,61.91460037231445,1008.5248413085938,34.48586654663086
295994,1663.306425959,61.84897994995117,1008.5323486328125,34.4874153137207
296014,1663.327319145,61.86538314819336,1008.5299072265625,34.486366271972656
296034,1663.346611198,61.838043212890625,1008.5332641601562,34.48779296875
296054,1663.366522733,61.77242660522461,1008.5411376953125,34.488861083984375
296074,1663.387505968,61.81070327758789,1008.536376953125,34.48965072631836
296094,1663.407650233,61.876319885253906,1008.5287475585938,34.49025344848633
296114,1663.426949861,61.84351348876953,1008.5327758789062,34.48849868774414
296134,1663.44624783,61.84351348876953,1008.5327758789062,34.48849868774414
296154,1663.466867093,61.876319885253906,1008.52880859375,34.48939514160156
296174,1663.487495644,61.78883361816406,1008.5388793945312,34.49114990234375
296194,1663.506734591,61.8161735534668,1008.535888671875,34.491371154785156
296214,1663.527287299,61.82164001464844,1008.5352172851562,34.49154281616211
296234,1663.547223268,61.832576751708984,1008.5341796875,34.492767333984375
296254,1663.567380375,61.90365982055664,1008.5256958007812,34.492591857910156
296274,1663.58647941,61.91460037231445,1008.5245361328125,34.494659423828125
296294,1663.607486556,61.90365982055664,1008.5260620117188,34.49620819091797
296314,1663.627578796,61.86538314819336,1008.5302124023438,34.49627685546875
296334,1663.646700404,61.90365982055664,1008.5255126953125,34.495208740234375
296354,1663.66744194,61.91460037231445,1008.5244140625,34.49551773071289
296374,1663.68691504,62.00208282470703,1008.5143432617188,34.494659423828125
296394,1663.706369259,61.963809967041016,1008.518798828125,34.4951057434082
296414,1663.726449279,61.95833969116211,1008.5193481445312,34.49544906616211
296434,1663.747238105,61.93647003173828,1008.522216796875,34.49679183959961
296454,1663.766455915,61.925533294677734,1008.5230102539062,34.4967041015625
296474,1663.787468253,61.898193359375,1008.5265502929688,34.49775314331055
296494,1663.807106553,61.84897994995117,1008.5318603515625,34.49742889404297
296514,1663.827318161,61.88725662231445,1008.5275268554688,34.498287200927734
296534,1663.845993497,61.870853424072266,1008.5298461914062,34.497825622558594
296554,1663.866612318,61.84897994995117,1008.5318603515625,34.49747848510742
296574,1663.887162348,61.832576751708984,1008.5341186523438,34.498321533203125
296594,1663.907356158,61.838043212890625,1008.5333862304688,34.498958587646484
296614,1663.926473973,61.8161735534668,1008.5357666015625,34.49834060668945
296634,1663.947083493,61.838043212890625,1008.5333251953125,34.49675750732422
296654,1663.965951004,61.86538314819336,1008.5301513671875,34.49778747558594
296674,1663.986895829,61.84897994995117,1008.5318603515625,34.49744415283203
296694,1664.007131029,61.898193359375,1008.5264892578125,34.49830627441406
296714,1664.026428447,61.93647003173828,1008.522216796875,34.49894332885742
296734,1664.046704443,61.925533294677734,1008.5231323242188,34.498321533203125
296754,1664.065968072,61.94740295410156,1008.5210571289062,34.498958587646484
296774,1664.085914682,61.9802131652832,1008.5170288085938,34.49942398071289
296794,1664.10645754,61.96928024291992,1008.5178833007812,34.499786376953125
296814,1664.126767721,61.92006301879883,1008.5237426757812,34.50006103515625
296834,1664.147417256,61.892723083496094,1008.5269165039062,34.500247955322266
296854,1664.166575103,61.84897994995117,1008.5318603515625,34.500404357910156
296874,1664.185966354,61.8161735534668,1008.5357666015625,34.500526428222656
296894,1664.206828671,61.838043212890625,1008.5333251953125,34.49951171875
296914,1664.226056043,61.86538314819336,1008.5301513671875,34.49873733520508
296934,1664.246467103,61.73961639404297,1008.544677734375,34.50147247314453
296954,1664.266137685,61.76149368286133,1008.54248046875,34.50131607055664
296974,1664.286057659,61.79429626464844,1008.538330078125,34.50121307373047
296994,1664.306721657,61.79429626464844,1008.5386352539062,34.50333023071289
297014,1664.32737743,61.876319885253906,1008.529296875,34.50050735473633
297034,1664.346612574,61.91460037231445,1008.5245361328125,34.50059509277344
297054,1664.366130172,61.925533294677734,1008.523193359375,34.50176239013672
297074,1664.38593093,61.94740295410156,1008.5210571289062,34.50154113769531
297094,1664.406564663,62.04035949707031,1008.5101318359375,34.50136947631836
297114,1664.42561357,62.0841064453125,1008.5050659179688,34.500144958496094
297134,1664.445977894,62.07316970825195,1008.5064086914062,34.49921798706055
297154,1664.46703138,62.029422760009766,1008.5110473632812,34.500732421875
297174,1664.486975022,61.99114990234375,1008.5156860351562,34.502967834472656
297194,1664.506306489,61.94194030761719,1008.5216064453125,34.504638671875
297214,1664.526983821,61.96928024291992,1008.5184326171875,34.50368881225586
297234,1664.546465522,61.985679626464844,1008.5162963867188,34.50188446044922
297254,1664.565976979,61.95287322998047,1008.5198974609375,34.50272750854492
297274,1664.586479403,61.92006301879883,1008.5237426757812,34.50336456298828
297294,1664.606101304,61.90365982055664,1008.5255126953125,34.502742767333984
297314,1664.6262705,61.90365982055664,1008.5255126953125,34.502742767333984
297334,1664.645356025,61.92006301879883,1008.5240478515625,34.50336456298828
297354,1664.665707919,61.88179016113281,1008.5284423828125,34.502742767333984
297374,1664.685487636,61.90913009643555,1008.52490234375,34.502262115478516
297394,1664.705777561,61.930999755859375,1008.5224609375,34.50191879272461
297414,1664.726134255,62.018489837646484,1008.512451171875,34.50386428833008
297434,1664.745904827,61.99114990234375,1008.515625,34.504207611083984
297454,1664.766099139,61.996620178222656,1008.5151977539062,34.50336456298828
297474,1664.785704765,62.018489837646484,1008.5123291015625,34.504947662353516
297494,1664.805762277,62.09503936767578,1008.503662109375,34.50393295288086
297514,1664.825679627,62.07316970825195,1008.5059204101562,34.5053596496582
297534,1664.84627336,62.04582977294922,1008.5093383789062,34.505340576171875
297554,1664.865134144,62.0841064453125,1008.5050048828125,34.50642776489258
297574,1664.885965286,62.03489303588867,1008.5104370117188,34.50503158569336
297594,1664.905560898,62.144256591796875,1008.4981689453125,34.50398254394531
297614,1664.925276417,61.996620178222656,1008.5151977539062,34.505409240722656
297634,1664.946094124,61.92006301879883,1008.5239868164062,34.50647735595703
297654,1664.966313851,61.9747428894043,1008.517333984375,34.50727081298828
297674,1664.985754034,61.985679626464844,1008.5164794921875,34.506771087646484
297694,1665.005922976,61.95833969116211,1008.5195922851562,34.50749206542969
297714,1665.025997574,61.9802131652832,1008.5167846679688,34.50694274902344
297734,1665.045085048,61.92006301879883,1008.5240478515625,34.50761413574219
297754,1665.065035627,61.930999755859375,1008.522705078125,34.50812911987305
297774,1665.086237645,62.018489837646484,1008.5125732421875,34.507408142089844
297794,1665.104957244,62.00755310058594,1008.5140380859375,34.50797653198242
297814,1665.125930581,62.051300048828125,1008.5084838867188,34.50840377807617
297834,1665.145759537,61.9747428894043,1008.5172729492188,34.51091766357422
297854,1665.165472947,62.018489837646484,1008.5126953125,34.50840377807617
297874,1665.185278175,62.00208282470703,1008.5142822265625,34.50871276855469
297894,1665.205089272,61.94194030761719,1008.5215454101562,34.51005554199219
297914,1665.225493401,61.95833969116211,1008.5197143554688,34.508853912353516
297934,1665.245035745,61.94740295410156,1008.5208129882812,34.50905990600586
297954,1665.265721275,61.963809967041016,1008.5188598632812,34.509212493896484
297974,1665.285198907,61.930999755859375,1008.5224609375,34.510433197021484
297994,1665.305749776,61.95833969116211,1008.5192260742188,34.5091438293457
298014,1665.324773608,61.963809967041016,1008.5188598632812,34.5092658996582
298034,1665.345287078,61.963809967041016,1008.5187377929688,34.509368896484375
298054,1665.365649853,62.018489837646484,1008.512451171875,34.50833511352539
298074,1665.384774517,62.07316970825195,1008.5060424804688,34.5086784362793
298094,1665.405279351,62.13331985473633,1008.4995727539062,34.5089225769043
298114,1665.425073652,62.111446380615234,1008.501708984375,34.50910949707031
298134,1665.445491698,62.0841064453125,1008.5048828125,34.508148193359375
298154,1665.464988747,62.14971923828125,1008.497314453125,34.50962448120117
298174,1665.485089058,62.122379302978516,1008.5003662109375,34.508541107177734
298194,1665.504678248,62.155189514160156,1008.4966430664062,34.509918212890625
298214,1665.525379318,62.111446380615234,1008.5017700195312,34.51205062866211
298234,1665.545898132,62.089576721191406,1008.5042114257812,34.513668060302734
298254,1665.56477098,62.09503936767578,1008.5037231445312,34.512672424316406
298274,1665.586222597,62.144256591796875,1008.498046875,34.51301574707031
298294,1665.605854508,62.11691665649414,1008.5012817382812,34.514373779296875
298314,1665.624931644,62.13878631591797,1008.4989013671875,34.513206481933594
298334,1665.64488674,62.11691665649414,1008.5014038085938,34.5123291015625
298354,1665.665482743,62.11691665649414,1008.5014038085938,34.51275634765625
298374,1665.685361207,62.19346618652344,1008.4921875,34.51418685913086
298394,1665.705327677,62.177059173583984,1008.4942626953125,34.51525115966797
298414,1665.724761,62.17159652709961,1008.4950561523438,34.513858795166016
298434,1665.745261835,62.20439910888672,1008.4910888671875,34.515010833740234
298454,1665.764435157,62.13878631591797,1008.498779296875,34.516990661621094
298474,1665.785466714,62.04035949707031,1008.5098266601562,34.51845169067383
298494,1665.805469833,62.04035949707031,1008.5098266601562,34.51845169067383
298514,1665.825486024,62.0841064453125,1008.5048828125,34.518470764160156
298534,1665.845087511,62.09503936767578,1008.50390625,34.518470764160156
298554,1665.865242542,62.062232971191406,1008.5072631835938,34.518470764160156
298574,1665.884669009,62.089576721191406,1008.5042114257812,34.518470764160156
298594,1665.905261776,62.029422760009766,1008.5114135742188,34.518470764160156
298614,1665.925283588,62.13331985473633,1008.4995727539062,34.518470764160156
298634,1665.944740578,62.04582977294922,1008.5092163085938,34.518470764160156
298654,1665.96491343,62.056766510009766,1008.5083618164062,34.518470764160156
298674,1665.985483952,62.06769943237305,1008.5065307617188,34.518470764160156
298694,1666.005524989,62.12784957885742,1008.4998168945312,34.518470764160156
298714,1666.024756399,62.20439910888672,1008.4907836914062,34.518470764160156
298734,1666.04498186,62.23174285888672,1008.4880981445312,34.518470764160156
298754,1666.064737852,62.25908279418945,1008.4845581054688,34.518470764160156
298774,1666.084698249,62.22627639770508,1008.4887084960938,34.518470764160156
298794,1666.105332282,62.11691665649414,1008.5010986328125,34.518470764160156
298814,1666.124738536,62.0841064453125,1008.5050659179688,34.518470764160156
298834,1666.144461895,62.12784957885742,1008.4998168945312,34.52067184448242
298854,1666.164361473,62.13878631591797,1008.4984741210938,34.52012252807617
298874,1666.185261132,62.122379302978516,1008.5003662109375,34.51970672607422
298894,1666.20533928,62.23720932006836,1008.4872436523438,34.52050018310547
298914,1666.225293522,62.297359466552734,1008.4801635742188,34.518898010253906
298934,1666.244628506,62.3793830871582,1008.470703125,34.518795013427734
298954,1666.265272961,62.23720932006836,1008.4871826171875,34.520912170410156
298974,1666.284543064,62.23720932006836,1008.487548828125,34.52251434326172
298994,1666.305132188,62.291893005371094,1008.4810791015625,34.52370071411133
299014,1666.324307666,62.33016586303711,1008.4766845703125,34.52239227294922
299034,1666.3446261,62.25361633300781,1008.4852294921875,34.52251434326172
299054,1666.365286294,62.23174285888672,1008.48779296875,34.521514892578125
299074,1666.38447664,62.22627639770508,1008.4885864257812,34.52075958251953
299094,1666.404540139,62.302825927734375,1008.4796752929688,34.52019119262695
299114,1666.424663565,62.428592681884766,1008.4649658203125,34.51976013183594
299134,1666.444937338,62.41765594482422,1008.4666137695312,34.522735595703125
299154,1666.465227428,62.28642272949219,1008.481689453125,34.522769927978516
299174,1666.485059586,62.31376266479492,1008.4783935546875,34.521705627441406
299194,1666.504967592,62.28095626831055,1008.4822998046875,34.52309799194336
299214,1666.52490837,62.33016586303711,1008.476318359375,34.52194595336914
299234,1666.545592142,62.297359466552734,1008.48046875,34.52437210083008
299254,1666.564779855,62.324703216552734,1008.4772338867188,34.52511215209961
299274,1666.584535253,62.324703216552734,1008.4772338867188,34.52564239501953
299294,1666.604613719,62.341102600097656,1008.4750366210938,34.52495574951172
299314,1666.62554944,62.28095626831055,1008.482421875,34.52553939819336
299334,1666.645967707,62.198936462402344,1008.491455078125,34.52817153930664
299354,1666.665129087,62.30829620361328,1008.4790649414062,34.52684783935547
299374,1666.685178845,62.302825927734375,1008.47998046875,34.52806854248047
299394,1666.70453302,62.36297607421875,1008.47265625,34.527862548828125
299414,1666.7254636,62.3739128112793,1008.471435546875,34.52772521972656
299434,1666.744243796,62.27001953125,1008.4833374023438,34.52870559692383
299454,1666.764722819,62.324703216552734,1008.4771118164062,34.527259826660156
299474,1666.784691902,62.31376266479492,1008.4785766601562,34.527259826660156
299494,1666.804053228,62.36297607421875,1008.4730834960938,34.527259826660156
299514,1666.82476153,62.31923294067383,1008.4779663085938,34.52947998046875
299534,1666.845039465,62.297359466552734,1008.4802856445312,34.530033111572266
299554,1666.863963328,62.25908279418945,1008.485107421875,34.53044509887695
299574,1666.885486802,62.23720932006836,1008.4871826171875,34.53075408935547
299594,1666.904555087,62.21533966064453,1008.489990234375,34.52989196777344
299614,1666.924956711,62.17159652709961,1008.4949951171875,34.53034210205078
299634,1666.944351918,62.297359466552734,1008.4802856445312,34.52848434448242
299654,1666.965104542,62.25908279418945,1008.4846801757812,34.529273986816406
299674,1666.985086554,62.30829620361328,1008.479248046875,34.52767562866211
299694,1667.004435068,62.30829620361328,1008.479248046875,34.52767562866211
299714,1667.024620911,62.23174285888672,1008.4881591796875,34.527587890625
299734,1667.045487681,62.23174285888672,1008.4880981445312,34.52970504760742
299754,1667.06472399,62.302825927734375,1008.4799194335938,34.53020477294922
299774,1667.08545232,62.35204315185547,1008.474365234375,34.52838134765625
299794,1667.104554232,62.33016586303711,1008.4765625,34.52810287475586
299814,1667.125128222,62.3739128112793,1008.4713134765625,34.52899932861328
299834,1667.144719805,62.36297607421875,1008.4727172851562,34.53076934814453
299854,1667.164528193,62.33016586303711,1008.4763793945312,34.5309944152832
299874,1667.185582494,62.36297607421875,1008.4727172851562,34.530067443847656
299894,1667.204125634,62.35204315185547,1008.473876953125,34.530479431152344
299914,1667.224958307,62.26455307006836,1008.4839477539062,34.531890869140625
299934,1667.244402413,62.31376266479492,1008.4785766601562,34.53073501586914
299954,1667.264609631,62.28642272949219,1008.4818725585938,34.53207778930664
299974,1667.284119143,62.35204315185547,1008.47412109375,34.53197479248047
299994,1667.304614181,62.297359466552734,1008.4803466796875,34.53080368041992
300014,1667.323706443,62.34657287597656,1008.4744873046875,34.52992630004883
300034,1667.344656665,62.341102600097656,1008.4750366210938,34.53145980834961
300054,1667.363788496,62.27001953125,1008.4832763671875,34.532630920410156
300074,1667.384703011,62.23720932006836,1008.4869384765625,34.53459167480469
300094,1667.404255034,62.35204315185547,1008.4737548828125,34.53276824951172
300114,1667.424448552,62.357505798339844,1008.4732666015625,34.53248977661133
300134,1667.443550778,62.28095626831055,1008.4819946289062,34.53340530395508
300154,1667.463849246,62.28095626831055,1008.4819946289062,34.53407287597656
300174,1667.484655405,62.3739128112793,1008.4716186523438,34.532371520996094
300194,1667.503764662,62.428592681884766,1008.4650268554688,34.53219985961914
300214,1667.524259894,62.40672302246094,1008.4677734375,34.533180236816406
300234,1667.543906711,62.35204315185547,1008.4741821289062,34.53390121459961
300254,1667.563647063,62.341102600097656,1008.475341796875,34.53665542602539
300274,1667.58386289,62.36844253540039,1008.4719848632812,34.53541564941406
300294,1667.603510227,62.341102600097656,1008.4755859375,34.535587310791016
300314,1667.624448136,62.3793830871582,1008.4705810546875,34.535709381103516
300334,1667.644650032,62.3793830871582,1008.470703125,34.53581237792969
300354,1667.663762163,62.3793830871582,1008.470703125,34.53588104248047
300374,1667.685688645,62.390316009521484,1008.4693603515625,34.53593063354492
300394,1667.70455489,62.48874282836914,1008.4583129882812,34.53266525268555
300414,1667.723437866,62.52701950073242,1008.4536743164062,34.53242111206055
300434,1667.743722645,62.570762634277344,1008.448974609375,34.53223419189453
300454,1667.76387837,62.521549224853516,1008.4545288085938,34.53319549560547
300474,1667.784929045,62.395782470703125,1008.46875,34.5361213684082
300494,1667.803825342,62.41765594482422,1008.466552734375,34.5361213684082
300514,1667.823760314,62.3739128112793,1008.4718017578125,34.5361213684082
300534,1667.843906385,62.357505798339844,1008.4732666015625,34.535003662109375
300554,1667.863821865,62.3739128112793,1008.4713134765625,34.5352783203125
300574,1667.882914149,62.34657287597656,1008.4749145507812,34.53658676147461
300594,1667.903052311,62.42312240600586,1008.4661254882812,34.53536605834961
300614,1667.923976836,62.34657287597656,1008.4749145507812,34.53663635253906
300634,1667.944240281,62.297359466552734,1008.4806518554688,34.5364990234375
300654,1667.963362896,62.28095626831055,1008.48193359375,34.537498474121094
300674,1667.983635872,62.33016586303711,1008.4763793945312,34.53825378417969
300694,1668.003251746,62.31923294067383,1008.4775390625,34.537723541259766
300714,1668.023923165,62.3793830871582,1008.470703125,34.53730773925781
300734,1668.044763141,62.43952560424805,1008.4639892578125,34.5369987487793
300754,1668.063478178,62.428592681884766,1008.4652709960938,34.538978576660156
300774,1668.083504164,62.43952560424805,1008.4638671875,34.53935623168945
300794,1668.104257159,62.50514221191406,1008.4563598632812,34.53854751586914
300814,1668.123457436,62.46686935424805,1008.4609985351562,34.53902816772461
300834,1668.144398034,62.49967956542969,1008.4568481445312,34.53940963745117
300854,1668.164405661,62.49420928955078,1008.4574584960938,34.53858184814453
300874,1668.184221931,62.48874282836914,1008.4581298828125,34.5390625
300894,1668.203695105,62.48874282836914,1008.4581298828125,34.5390625
300914,1668.223093475,62.395782470703125,1008.4691772460938,34.539424896240234
300934,1668.243519525,62.43952560424805,1008.4641723632812,34.53858184814453
300954,1668.262917806,62.42312240600586,1008.4657592773438,34.5390625
300974,1668.283231864,62.42312240600586,1008.465576171875,34.539424896240234
300994,1668.303332532,62.483272552490234,1008.4591674804688,34.53639602661133
301014,1668.323120119,62.40125274658203,1008.4685668945312,34.537410736083984
301034,1668.343983159,62.42312240600586,1008.4661254882812,34.53928756713867
301054,1668.363377798,62.40125274658203,1008.4684448242188,34.54069900512695
301074,1668.383512239,62.41765594482422,1008.46630859375,34.539546966552734
301094,1668.403243218,62.483272552490234,1008.4591674804688,34.53978729248047
301114,1668.423759475,62.44499588012695,1008.4631958007812,34.54106140136719
301134,1668.444064972,62.40125274658203,1008.468505859375,34.54312515258789
301154,1668.463556634,62.341102600097656,1008.475341796875,34.54357147216797
301174,1668.483942465,62.297359466552734,1008.48046875,34.54499816894531
301194,1668.503521402,62.31923294067383,1008.4776611328125,34.54498291015625
301214,1668.523112799,62.450462341308594,1008.4627685546875,34.54166030883789
301234,1668.543544122,62.54342269897461,1008.4517822265625,34.54026794433594
301254,1668.562639929,62.450462341308594,1008.4624633789062,34.54252243041992
301274,1668.583341376,62.3793830871582,1008.4708251953125,34.54312515258789
301294,1668.603301279,62.43952560424805,1008.4638671875,34.54357147216797
301314,1668.623922961,62.483272552490234,1008.458740234375,34.54389953613281
301334,1668.644038541,62.51061248779297,1008.4559936523438,34.54305648803711
301354,1668.663517084,62.48874282836914,1008.4581909179688,34.54241943359375
301374,1668.683123837,62.43952560424805,1008.4638061523438,34.54303741455078
301394,1668.702918194,62.5324821472168,1008.4534301757812,34.54240036010742
301414,1668.724106755,62.521549224853516,1008.4546508789062,34.54302215576172
301434,1668.742676765,62.49967956542969,1008.45703125,34.54350280761719
301454,1668.763522249,62.40125274658203,1008.4680786132812,34.543846130371094
301474,1668.784251546,62.335636138916016,1008.475830078125,34.54630661010742
301494,1668.803513605,62.3739128112793,1008.4718627929688,34.54486083984375
301514,1668.82296954,62.46686935424805,1008.4608154296875,34.54377746582031
301534,1668.843523381,62.44499588012695,1008.4630737304688,34.54405212402344
301554,1668.863739332,62.47780227661133,1008.4592895507812,34.54425811767578
301574,1668.883369376,62.50514221191406,1008.4561767578125,34.5455322265625
301594,1668.903690766,62.48874282836914,1008.4581909179688,34.545379638671875
301614,1668.922533936,62.5324821472168,1008.4531860351562,34.54305648803711
301634,1668.943523525,62.48874282836914,1008.4585571289062,34.544620513916016
301654,1668.963922747,62.47233581542969,1008.4600830078125,34.54358673095703
301674,1668.981411966,62.44499588012695,1008.463623046875,34.54501724243164
301694,1669.002332332,62.3739128112793,1008.4713745117188,34.54608154296875
301714,1669.021827984,62.3793830871582,1008.4707641601562,34.54579162597656
301734,1669.042391253,62.40672302246094,1008.467529296875,34.546669006347656
301754,1669.063079105,62.428592681884766,1008.4654541015625,34.54623794555664
301774,1669.0824538,62.461402893066406,1008.4613037109375,34.54479217529297
301794,1669.103463175,62.42312240600586,1008.4656982421875,34.545928955078125
301814,1669.122828087,62.43952560424805,1008.4639892578125,34.54566955566406
301834,1669.143459124,62.5379524230957,1008.4523315429688,34.54438018798828
301854,1669.163171466,62.59263229370117,1008.4462890625,34.54229736328125
301874,1669.183341296,62.49420928955078,1008.4573364257812,34.54405212402344
301894,1669.202618086,62.428592681884766,1008.4654541015625,34.545379638671875
301914,1669.223363943,62.49967956542969,1008.4568481445312,34.54636001586914
301934,1669.243609012,62.46686935424805,1008.4609375,34.54819869995117
301954,1669.262773895,62.516082763671875,1008.4548950195312,34.5484733581543
301974,1669.283399577,62.554359436035156,1008.4505004882812,34.546478271484375
301994,1669.301789543,62.516082763671875,1008.454833984375,34.54828643798828
302014,1669.322610933,62.54342269897461,1008.4522705078125,34.54523849487305
302034,1669.342558707,62.59810256958008,1008.4459838867188,34.5451545715332
302054,1669.363031251,62.59810256958008,1008.4459838867188,34.5451545715332
302074,1669.382990598,62.58169937133789,1008.4473876953125,34.54618835449219
302094,1669.402476315,62.614501953125,1008.4439697265625,34.544776916503906
302114,1669.422644475,62.60356903076172,1008.445068359375,34.5448112487793
302134,1669.442533986,62.63637924194336,1008.44140625,34.545928955078125
302154,1669.462458089,62.576229095458984,1008.4482421875,34.54677200317383
302174,1669.48275776,62.554359436035156,1008.4508666992188,34.54630661010742
302194,1669.502862268,62.52701950073242,1008.4540405273438,34.545963287353516
302214,1669.522590731,62.516082763671875,1008.4549560546875,34.54678726196289
302234,1669.54304212,62.47233581542969,1008.4599609375,34.54632568359375
302254,1669.561987781,62.47780227661133,1008.4594116210938,34.54816436767578
302274,1669.582481912,62.50514221191406,1008.45654296875,34.54735565185547
302294,1669.602366501,62.46686935424805,1008.4608154296875,34.54783630371094
302314,1669.622571007,62.516082763671875,1008.454833984375,34.547115325927734
302334,1669.642840731,62.48874282836914,1008.4584350585938,34.547664642333984
302354,1669.662996707,62.51061248779297,1008.4555053710938,34.54917907714844
302374,1669.682440541,62.49967956542969,1008.4568481445312,34.550315856933594
302394,1669.702600925,62.5379524230957,1008.4523315429688,34.54895782470703
302414,1669.722180589,62.609039306640625,1008.4446411132812,34.54684066772461
302434,1669.742453277,62.56529235839844,1008.4494018554688,34.54745864868164
302454,1669.763031679,62.52701950073242,1008.4541015625,34.54682159423828
302474,1669.782409052,62.461402893066406,1008.4615478515625,34.54854202270508
302494,1669.802764041,62.4559326171875,1008.4620361328125,34.54873275756836
302514,1669.822717704,62.5324821472168,1008.4533081054688,34.547767639160156
302534,1669.843066446,62.587162017822266,1008.4467163085938,34.545963287353516
302554,1669.862342427,62.56529235839844,1008.4494018554688,34.54678726196289
302574,1669.882574696,62.54888916015625,1008.4515380859375,34.54742431640625
302594,1669.901878932,62.521549224853516,1008.454345703125,34.54899215698242
302614,1669.922041814,62.516082763671875,1008.4552612304688,34.549076080322266
302634,1669.942547307,62.641845703125,1008.4403076171875,34.54692459106445
302654,1669.962140038,62.58169937133789,1008.4473266601562,34.54752731323242
302674,1669.982835868,62.54888916015625,1008.4512329101562,34.549076080322266
302694,1670.002481966,62.52701950073242,1008.4537963867188,34.550228118896484
302714,1670.022627203,62.51061248779297,1008.455810546875,34.55110549926758
302734,1670.04187491,62.461402893066406,1008.4612426757812,34.55396270751953
302754,1670.062767059,62.47233581542969,1008.460205078125,34.55389404296875
302774,1670.083139462,62.51061248779297,1008.4556274414062,34.55274200439453
302794,1670.101957368,62.521549224853516,1008.4545288085938,34.552982330322266
302814,1670.122613553,62.521549224853516,1008.4542846679688,34.550968170166016
302834,1670.141905571,62.554359436035156,1008.4509887695312,34.551658630371094
302854,1670.162360641,62.52701950073242,1008.4537963867188,34.55217361450195
302874,1670.182742187,62.521549224853516,1008.4546508789062,34.553653717041016
302894,1670.202702747,62.483272552490234,1008.4591064453125,34.55366897583008
302914,1670.22156404,62.46686935424805,1008.4607543945312,34.55588912963867
302934,1670.242063217,62.521549224853516,1008.45458984375,34.55533981323242
302954,1670.262546658,62.5379524230957,1008.4524536132812,34.554927825927734
302974,1670.282054036,62.54888916015625,1008.4510498046875,34.55463409423828
302994,1670.301649365,62.619972229003906,1008.4429321289062,34.55549240112305
303014,1670.322287439,62.55982208251953,1008.4501342773438,34.556148529052734
303034,1670.342622237,62.59263229370117,1008.446533203125,34.555545806884766
303054,1670.361645363,62.5379524230957,1008.4526977539062,34.55728530883789
303074,1670.381997188,62.516082763671875,1008.455078125,34.55638885498047
303094,1670.401628954,62.47780227661133,1008.4595336914062,34.55571746826172
303114,1670.422100872,62.48874282836914,1008.4585571289062,34.55742263793945
303134,1670.441477391,62.49420928955078,1008.4577026367188,34.558692932128906
303154,1670.461600236,62.49420928955078,1008.4577026367188,34.557456970214844
303174,1670.481997661,62.48874282836914,1008.458251953125,34.558712005615234
303194,1670.501940408,62.4559326171875,1008.4620971679688,34.557472229003906
303214,1670.522606891,62.46686935424805,1008.4606323242188,34.5576286315918
303234,1670.540419128,62.46686935424805,1008.4606323242188,34.5576286315918
303254,1670.56087861,62.52701950073242,1008.4542236328125,34.55664825439453
303274,1670.580747705,62.52701950073242,1008.4537353515625,34.555908203125
303294,1670.601140392,62.49967956542969,1008.456787109375,34.557559967041016
303314,1670.621976743,62.49420928955078,1008.457763671875,34.55879592895508
303334,1670.641425701,62.516082763671875,1008.4551391601562,34.557525634765625
303354,1670.661919155,62.41218566894531,1008.4669189453125,34.558780670166016
303374,1670.681770634,62.51061248779297,1008.4559936523438,34.55970764160156
303394,1670.701525884,62.56529235839844,1008.4496459960938,34.55821228027344
303414,1670.722499209,62.60356903076172,1008.4447631835938,34.558197021484375
303434,1670.741557763,62.62544250488281,1008.4423217773438,34.55817794799805
303454,1670.761350754,62.59810256958008,1008.4454345703125,34.559261322021484
303474,1670.782491954,62.58169937133789,1008.4478759765625,34.56117248535156
303494,1670.802098323,62.59263229370117,1008.4461669921875,34.5593147277832
303514,1670.821358691,62.54888916015625,1008.4510498046875,34.56010437011719
303534,1670.841538937,62.461402893066406,1008.4613647460938,34.560707092285156
303554,1670.86172819,62.54342269897461,1008.4520874023438,34.56117248535156
303574,1670.881300476,62.60356903076172,1008.4450073242188,34.561500549316406
303594,1670.901724685,62.52701950073242,1008.4542236328125,34.5617561340332
303614,1670.922388306,62.54342269897461,1008.4517211914062,34.561946868896484
303634,1670.942501294,62.50514221191406,1008.45654296875,34.563201904296875
303654,1670.962078327,62.521549224853516,1008.4546508789062,34.56413269042969
303674,1670.981360506,62.5324821472168,1008.4531860351562,34.5648193359375
303694,1671.002077891,62.46686935424805,1008.4611206054688,34.56645202636719
303714,1671.021128519,62.51061248779297,1008.455810546875,34.56547164916992
303734,1671.042521879,62.63637924194336,1008.4414672851562,34.562530517578125
303754,1671.061630045,62.663719177246094,1008.4381713867188,34.56363296508789
303774,1671.081625474,62.63090896606445,1008.4420776367188,34.564456939697266
303794,1671.10247943,62.619972229003906,1008.4429321289062,34.5639762878418
303814,1671.121881122,62.60356903076172,1008.4450073242188,34.5614128112793
303834,1671.141129169,62.54342269897461,1008.4517211914062,34.56168746948242
303854,1671.16138881,62.450462341308594,1008.4629516601562,34.56299591064453
303874,1671.181495707,62.4559326171875,1008.4618530273438,34.56507873535156
303894,1671.20255312,62.428592681884766,1008.4653930664062,34.5655403137207
303914,1671.221642063,62.51061248779297,1008.4559326171875,34.565887451171875
303934,1671.242382558,62.52701950073242,1008.4536743164062,34.56283950805664
303954,1671.261035384,62.56529235839844,1008.4497680664062,34.5638542175293
303974,1671.28154382,62.52701950073242,1008.4539794921875,34.56352996826172
303994,1671.302701612,62.41218566894531,1008.4671630859375,34.56547164916992
304014,1671.322508918,62.428592681884766,1008.4654541015625,34.56473159790039
304034,1671.340980073,62.41218566894531,1008.4669799804688,34.56418228149414
304054,1671.361629566,62.43952560424805,1008.464111328125,34.56377029418945
304074,1671.380754087,62.4559326171875,1008.462158203125,34.56235885620117
304094,1671.40153293,62.47233581542969,1008.4602661132812,34.56349563598633
304114,1671.422044335,62.483272552490234,1008.458740234375,34.564353942871094
304134,1671.441350344,62.47780227661133,1008.4593505859375,34.56388854980469
304154,1671.461899922,62.46686935424805,1008.4606323242188,34.56464767456055
304174,1671.482046472,62.461402893066406,1008.4614868164062,34.566314697265625
304194,1671.50190311,62.41765594482422,1008.46630859375,34.56757354736328
304214,1671.522174428,62.4559326171875,1008.462158203125,34.566314697265625
304234,1671.541539521,62.390316009521484,1008.4692993164062,34.56757354736328
304254,1671.560828517,62.36844253540039,1008.4721069335938,34.56850051879883
304274,1671.581827533,62.428592681884766,1008.4652709960938,34.5670051574707
304294,1671.602411121,62.48874282836914,1008.458251953125,34.56808853149414
304314,1671.620917188,62.390316009521484,1008.4694213867188,34.56669616699219
304334,1671.641783838,62.40125274658203,1008.4684448242188,34.56674575805664
304354,1671.661338564,62.38484573364258,1008.4700317382812,34.56789779663086
304374,1671.68151139,62.46686935424805,1008.4609375,34.56655502319336
304394,1671.702898077,62.46686935424805,1008.4609375,34.56655502319336
304414,1671.720741632,62.47780227661133,1008.4595336914062,34.5655403137207
304434,1671.740957886,62.41218566894531,1008.4674682617188,34.566986083984375
304454,1671.761690523,62.47233581542969,1008.4603881835938,34.56586837768555
304474,1671.780687974,62.483272552490234,1008.4588623046875,34.56724548339844
304494,1671.8035469,62.450462341308594,1008.462890625,34.56715774536133
304514,1671.820462382,62.51061248779297,1008.4556274414062,34.56600570678711
304534,1671.841046813,62.48874282836914,1008.4580078125,34.56623077392578
304554,1671.860691307,62.450462341308594,1008.4624633789062,34.5675048828125
304574,1671.881426948,62.483272552490234,1008.4590454101562,34.56736373901367
304594,1671.902939367,62.48874282836914,1008.4581298828125,34.56724548339844
304614,1671.921032422,62.54342269897461,1008.4520263671875,34.56607437133789
304634,1671.940126332,62.55982208251953,1008.449951171875,34.566280364990234
304654,1671.960938446,62.54888916015625,1008.4510498046875,34.566436767578125
304674,1671.980136851,62.51061248779297,1008.455810546875,34.567657470703125
304694,1672.002659658,62.49420928955078,1008.4575805664062,34.56858825683594
304714,1672.020534296,62.51061248779297,1008.4554443359375,34.56927490234375
304734,1672.040844617,62.516082763671875,1008.4548950195312,34.56978988647461
304754,1672.061217148,62.47233581542969,1008.4599609375,34.57017135620117
304774,1672.08080248,62.461402893066406,1008.4612426757812,34.57046127319336
304794,1672.100949739,62.47780227661133,1008.4595947265625,34.568485260009766
304814,1672.120687096,62.49967956542969,1008.45703125,34.56808853149414
304834,1672.140113909,62.56529235839844,1008.4493408203125,34.56889724731445
304854,1672.160291104,62.521549224853516,1008.454345703125,34.56949996948242
304874,1672.180936632,62.54888916015625,1008.4515991210938,34.56996154785156
304894,1672.200684255,62.49420928955078,1008.4574584960938,34.570308685302734
304914,1672.220036014,62.43406295776367,1008.4645385742188,34.57056427001953
304934,1672.240061883,62.46686935424805,1008.4606323242188,34.57075500488281
304954,1672.260494456,62.47233581542969,1008.4601440429688,34.570892333984375
304974,1672.280504782,62.49420928955078,1008.4573364257812,34.571014404296875
304994,1672.300933306,62.5379524230957,1008.45263671875,34.568878173828125
305014,1672.320234241,62.47780227661133,1008.4595336914062,34.56949996948242
305034,1672.340130241,62.41218566894531,1008.4674682617188,34.5699462890625
305054,1672.359973087,62.461402893066406,1008.4616088867188,34.56808853149414
305074,1672.380795574,62.49967956542969,1008.45703125,34.56779479980469
305094,1672.400276735,62.516082763671875,1008.4549560546875,34.56869125366211
305114,1672.420214146,62.51061248779297,1008.4557495117188,34.56934356689453
305134,1672.441030001,62.5324821472168,1008.4533081054688,34.56764221191406
305154,1672.46002552,62.47233581542969,1008.4598999023438,34.56856918334961
305174,1672.480501321,62.48874282836914,1008.4584350585938,34.56925964355469
305194,1672.500613202,62.48874282836914,1008.4585571289062,34.56977462768555
305214,1672.520278756,62.49420928955078,1008.4573364257812,34.57017135620117
305234,1672.540661825,62.516082763671875,1008.4552001953125,34.57046127319336
305254,1672.559916471,62.49420928955078,1008.4573974609375,34.5706672668457
305274,1672.579934025,62.46686935424805,1008.4606323242188,34.57084274291992
305294,1672.601094772,62.390316009521484,1008.4694213867188,34.570960998535156
305314,1672.62126055,62.40125274658203,1008.4682006835938,34.571048736572266
305334,1672.640080551,62.46686935424805,1008.4605102539062,34.57111740112305
305354,1672.660568905,62.576229095458984,1008.4483642578125,34.570068359375
305374,1672.680771088,62.576229095458984,1008.4483642578125,34.57039260864258
305394,1672.701089717,62.56529235839844,1008.4495849609375,34.57061767578125
305414,1672.720776105,62.5324821472168,1008.4534301757812,34.570804595947266
305434,1672.741325624,62.49420928955078,1008.4573974609375,34.570926666259766
305454,1672.760138441,62.49420928955078,1008.4577026367188,34.57102966308594
305474,1672.78042668,62.52701950073242,1008.4542236328125,34.57109832763672
305494,1672.800531569,62.52701950073242,1008.4542236328125,34.5711669921875
305514,1672.820890718,62.50514221191406,1008.4567260742188,34.57120132446289
305534,1672.840431657,62.44499588012695,1008.463623046875,34.57233810424805
305554,1672.860351924,62.47780227661133,1008.459716796875,34.572078704833984
305574,1672.880517942,62.47780227661133,1008.459716796875,34.57189178466797
305594,1672.900815416,62.47780227661133,1008.459716796875,34.57189178466797
305614,1672.919990533,62.4559326171875,1008.4618530273438,34.572853088378906
305634,1672.940105365,62.428592681884766,1008.4650268554688,34.57247543334961
305654,1672.96033723,62.41765594482422,1008.46630859375,34.572181701660156
305674,1672.979925579,62.390316009521484,1008.4699096679688,34.57197570800781
305694,1672.999791558,62.41218566894531,1008.4671630859375,34.57180404663086
305714,1673.019098619,62.31923294067383,1008.4775390625,34.576087951660156
305734,1673.039417343,62.42312240600586,1008.4661254882812,34.57490158081055
305754,1673.06059623,62.483272552490234,1008.4590454101562,34.574005126953125
305774,1673.080562753,62.576229095458984,1008.4482421875,34.57443618774414
305794,1673.100218583,62.52701950073242,1008.4536743164062,34.57366180419922
305814,1673.119611629,62.56529235839844,1008.4494018554688,34.57417678833008
305834,1673.139718307,62.576229095458984,1008.4479370117188,34.5734748840332
305854,1673.159608594,62.48874282836914,1008.458251953125,34.57514190673828
305874,1673.179824095,62.46686935424805,1008.4607543945312,34.57638168334961
305894,1673.199951002,62.40672302246094,1008.4677734375,34.577327728271484
305914,1673.220741067,62.47233581542969,1008.4599609375,34.57693099975586
305934,1673.239687081,62.49967956542969,1008.4571533203125,34.57551956176758
305954,1673.26084917,62.41765594482422,1008.4663696289062,34.5766716003418
305974,1673.280200849,62.35204315185547,1008.473876953125,34.57645034790039
305994,1673.300972409,62.28642272949219,1008.481689453125,34.577362060546875
306014,1673.319431779,62.36844253540039,1008.4719848632812,34.57696533203125
306034,1673.34019026,62.450462341308594,1008.462890625,34.5777587890625
306054,1673.359586888,62.390316009521484,1008.4696044921875,34.577239990234375
306074,1673.379969662,62.42312240600586,1008.4656982421875,34.57575988769531
306094,1673.400716656,62.395782470703125,1008.4689331054688,34.57686233520508
306114,1673.420524105,62.36297607421875,1008.4727172851562,34.57769012451172
306134,1673.440444893,62.357505798339844,1008.4732666015625,34.576087951660156
306154,1673.460519409,62.428592681884766,1008.4653930664062,34.57710266113281
306174,1673.480175122,62.43406295776367,1008.4646606445312,34.57786178588867
306194,1673.500661403,62.357505798339844,1008.4735717773438,34.577327728271484
306214,1673.520380709,62.3793830871582,1008.4708862304688,34.578033447265625
306234,1673.54043124,62.38484573364258,1008.4701538085938,34.57856750488281
306254,1673.559843033,62.357505798339844,1008.473388671875,34.58006286621094
306274,1673.579951971,62.36844253540039,1008.4721069335938,34.580078125
306294,1673.600409562,62.341102600097656,1008.4751586914062,34.57899475097656
306314,1673.620635249,62.335636138916016,1008.4758911132812,34.57926940917969
306334,1673.639421828,62.23720932006836,1008.4869995117188,34.581695556640625
306354,1673.660157612,62.38484573364258,1008.4705200195312,34.579097747802734
306374,1673.679651527,62.28095626831055,1008.48193359375,34.5793571472168
306394,1673.700033383,62.31376266479492,1008.478271484375,34.57956314086914
306414,1673.719996954,62.20439910888672,1008.4910888671875,34.5841064453125
306434,1673.739465216,62.291893005371094,1008.481201171875,34.582008361816406
306454,1673.760161475,62.30829620361328,1008.479248046875,34.58154296875
306474,1673.78049862,62.395782470703125,1008.4690551757812,34.57899475097656
306494,1673.799425094,62.40125274658203,1008.4684448242188,34.57926940917969
306514,1673.819507101,62.41218566894531,1008.4669799804688,34.57949447631836
306534,1673.840529109,62.3793830871582,1008.4711303710938,34.57965087890625
306554,1673.859532023,62.335636138916016,1008.4757690429688,34.579769134521484
306574,1673.88013066,62.341102600097656,1008.4750366210938,34.579872131347656
306594,1673.899362533,62.40672302246094,1008.468017578125,34.57994079589844
306614,1673.920442529,62.483272552490234,1008.458740234375,34.579994201660156
306634,1673.939848559,62.44499588012695,1008.463623046875,34.58002853393555
306654,1673.959703936,62.248146057128906,1008.4861450195312,34.58555221557617
306674,1673.979613342,62.23174285888672,1008.48779296875,34.58641052246094
306694,1674.000017419,62.33016586303711,1008.4765625,34.583744049072266
306714,1674.01911524,62.395782470703125,1008.4689331054688,34.58283233642578
306734,1674.039926937,62.41765594482422,1008.4662475585938,34.581058502197266
306754,1674.059971034,62.41765594482422,1008.4662475585938,34.581058502197266
306774,1674.080267103,62.395782470703125,1008.4688720703125,34.583038330078125
306794,1674.100176388,62.36844253540039,1008.472412109375,34.58451843261719
306814,1674.118895829,62.31923294067383,1008.4778442382812,34.58341598510742
306834,1674.138923709,62.297359466552734,1008.4802856445312,34.58479309082031
306854,1674.159696461,62.31376266479492,1008.478515625,34.583641052246094
306874,1674.179897632,62.291893005371094,1008.4808349609375,34.584964752197266
306894,1674.19963072,62.22080612182617,1008.489013671875,34.58596420288086
306914,1674.218892747,62.27548599243164,1008.4825439453125,34.584503173828125
306934,1674.238946353,62.27548599243164,1008.4827270507812,34.58451843261719
306954,1674.259205528,62.1879997253418,1008.4930419921875,34.58671951293945
306974,1674.279448531,62.27548599243164,1008.4827270507812,34.58506774902344
306994,1674.298645784,62.36297607421875,1008.4725341796875,34.58384704589844
307014,1674.318700036,62.3793830871582,1008.4711303710938,34.58292007446289
307034,1674.339885091,62.3793830871582,1008.4710693359375,34.58663558959961
307054,1674.359920681,62.30829620361328,1008.4788208007812,34.58940505981445
307074,1674.379927137,62.30829620361328,1008.4793701171875,34.59040069580078
307094,1674.399426467,62.26455307006836,1008.484375,34.58893966674805
307114,1674.418601012,62.31376266479492,1008.4786987304688,34.58783721923828
307134,1674.438945907,62.324703216552734,1008.4769897460938,34.587013244628906
307154,1674.45907898,62.31376266479492,1008.4785766601562,34.587493896484375
307174,1674.479139395,62.341102600097656,1008.4755859375,34.586753845214844
307194,1674.498893475,62.40125274658203,1008.4683227539062,34.58510208129883
307214,1674.519545257,62.291893005371094,1008.4810791015625,34.58606719970703
307234,1674.538998958,62.335636138916016,1008.47607421875,34.586788177490234
307254,1674.559366746,62.357505798339844,1008.473388671875,34.58842468261719
307274,1674.579603686,62.35204315185547,1008.474365234375,34.58856201171875
307294,1674.599425113,62.34657287597656,1008.4746704101562,34.58974838256836
307314,1674.619360171,62.33016586303711,1008.4766235351562,34.58955764770508
307334,1674.638932739,62.302825927734375,1008.4794311523438,34.58940505981445
307354,1674.659109904,62.34657287597656,1008.4747314453125,34.58928298950195
307374,1674.679070362,62.390316009521484,1008.4699096679688,34.58919906616211
307394,1674.69929918,62.41765594482422,1008.466552734375,34.58914566040039
307414,1674.719894842,62.43952560424805,1008.4637451171875,34.58909606933594
307434,1674.739697567,62.390316009521484,1008.4697265625,34.58906173706055
307454,1674.758981956,62.428592681884766,1008.4652709960938,34.586822509765625
307474,1674.779366131,62.428592681884766,1008.4654541015625,34.58735656738281
307494,1674.798982652,62.4559326171875,1008.4620361328125,34.58555221557617
307514,1674.820020674,62.43406295776367,1008.4644165039062,34.586395263671875
307534,1674.839775315,62.44499588012695,1008.463623046875,34.58702850341797
307554,1674.858480524,62.42312240600586,1008.4656982421875,34.5875129699707
307574,1674.879079257,62.40125274658203,1008.4684448242188,34.58787155151367
307594,1674.899288967,62.3793830871582,1008.470703125,34.5870475769043
307614,1674.918523157,62.38484573364258,1008.4702758789062,34.58530807495117
307634,1674.938852968,62.390316009521484,1008.4696044921875,34.58401870727539
307654,1674.958910488,62.36297607421875,1008.4728393554688,34.58525848388672
307674,1674.978540709,62.297359466552734,1008.4803466796875,34.58727264404297
307694,1674.998368419,62.31376266479492,1008.478515625,34.58549880981445
307714,1675.020053658,62.40672302246094,1008.4677734375,34.58415603637695
307734,1675.039626272,62.38484573364258,1008.4702758789062,34.58534240722656
307754,1675.059659007,62.248146057128906,1008.4862060546875,34.58735656738281
307774,1675.078693743,62.30829620361328,1008.4788818359375,34.58775329589844
307794,1675.098710714,62.38484573364258,1008.4702758789062,34.58804702758789
307814,1675.119521658,62.324703216552734,1008.4771728515625,34.5882682800293
307834,1675.138553312,62.335636138916016,1008.4757080078125,34.58843994140625
307854,1675.158404686,62.27548599243164,1008.4827270507812,34.58856201171875
307874,1675.178598519,62.22080612182617,1008.4891967773438,34.58866500854492
307894,1675.19878075,62.248146057128906,1008.486328125,34.5887336730957
307914,1675.219225615,62.248146057128906,1008.486328125,34.5887336730957
307934,1675.23937669,62.242679595947266,1008.4865112304688,34.58988571166992
307954,1675.258099183,62.28095626831055,1008.482421875,34.59074783325195
307974,1675.279080773,62.31376266479492,1008.4783935546875,34.59029769897461
307994,1675.299375087,62.31923294067383,1008.47802734375,34.58997344970703
308014,1675.318929001,62.302825927734375,1008.4794921875,34.5875129699707
308034,1675.338696294,62.40125274658203,1008.4683227539062,34.585670471191406
308054,1675.358094763,62.335636138916016,1008.47607421875,34.58647918701172
308074,1675.377925738,62.26455307006836,1008.484130859375,34.588199615478516
308094,1675.399356019,62.35204315185547,1008.4739379882812,34.5894889831543
308114,1675.418878832,62.357505798339844,1008.4732055664062,34.5904541015625
308134,1675.439364165,62.324703216552734,1008.4769287109375,34.5900764465332
308154,1675.458846603,62.33016586303711,1008.4767456054688,34.59090042114258
308174,1675.478677215,62.33016586303711,1008.4766845703125,34.59040069580078
308194,1675.498275989,62.27548599243164,1008.4829711914062,34.59224319458008
308214,1675.519166674,62.40125274658203,1008.4685668945312,34.59031677246094
308234,1675.538415769,62.34657287597656,1008.4747924804688,34.588871002197266
308254,1675.558242594,62.27548599243164,1008.4826049804688,34.592193603515625
308274,1675.578461836,62.242679595947266,1008.4865112304688,34.59248352050781
308294,1675.598697197,62.23174285888672,1008.4879760742188,34.59160614013672
308314,1675.618973093,62.22080612182617,1008.4891357421875,34.592037200927734
308334,1675.637875155,62.291893005371094,1008.4807739257812,34.59126281738281
308354,1675.658611677,62.33016586303711,1008.4768676757812,34.59177780151367
308374,1675.679228834,62.33016586303711,1008.4766235351562,34.59327697753906
308394,1675.697957537,62.324703216552734,1008.477294921875,34.59439468383789
308414,1675.72024621,62.36297607421875,1008.4730834960938,34.59413528442383
308434,1675.739224268,62.34657287597656,1008.4744873046875,34.59614944458008
308454,1675.758271421,62.297359466552734,1008.4803466796875,34.5965461730957
308474,1675.778486054,62.291893005371094,1008.4810180664062,34.59355163574219
308494,1675.798893905,62.28095626831055,1008.482421875,34.59349822998047
308514,1675.820720839,62.25361633300781,1008.4856567382812,34.594566345214844
308534,1675.838917457,62.18252944946289,1008.4937133789062,34.596458435058594
308554,1675.859021485,62.22080612182617,1008.4889526367188,34.59788513183594
308574,1675.87785276,62.30829620361328,1008.4791870117188,34.59564971923828
308594,1675.89890432,62.324703216552734,1008.4771118164062,34.5950813293457
308614,1675.918386057,62.34657287597656,1008.4744262695312,34.59355163574219
308634,1675.937499202,62.324703216552734,1008.4772338867188,34.594600677490234
308654,1675.958375947,62.21533966064453,1008.4896850585938,34.59759521484375
308674,1675.977964236,62.20439910888672,1008.4913330078125,34.59762954711914
308694,1675.998377293,62.28095626831055,1008.4822998046875,34.595458984375
308714,1676.018178972,62.25361633300781,1008.485595703125,34.59823226928711
308734,1676.037511405,62.242679595947266,1008.4866333007812,34.600311279296875
308754,1676.058865294,62.07316970825195,1008.5059814453125,34.60187911987305
308774,1676.077691543,62.07316970825195,1008.5059814453125,34.60194778442383
308794,1676.098456016,62.09503936767578,1008.50341796875,34.60309982299805
308814,1676.118181281,62.122379302978516,1008.5003662109375,34.601776123046875
308834,1676.138462359,62.20439910888672,1008.490966796875,34.602962493896484
308854,1676.158519757,62.35204315185547,1008.4738159179688,34.6016731262207
308874,1676.178601762,62.41765594482422,1008.466552734375,34.598487854003906
308894,1676.197876131,62.41218566894531,1008.4671020507812,34.600502014160156
308914,1676.217917548,62.450462341308594,1008.4627075195312,34.59761047363281
308934,1676.238791911,62.450462341308594,1008.4629516601562,34.59984588623047
308954,1676.257617028,62.357505798339844,1008.4735107421875,34.601531982421875
308974,1676.278477435,62.26455307006836,1008.4842529296875,34.60279083251953
308994,1676.297679226,62.31923294067383,1008.47802734375,34.601531982421875
309014,1676.317912885,62.28095626831055,1008.4822998046875,34.60279083251953
309034,1676.337745934,62.18252944946289,1008.4933471679688,34.603736877441406
309054,1676.357967922,62.09503936767578,1008.5034790039062,34.602237701416016
309074,1676.378176665,62.089576721191406,1008.5040283203125,34.60332489013672
309094,1676.397727696,62.089576721191406,1008.5040283203125,34.60332489013672
309114,1676.418613999,62.198936462402344,1008.4915161132812,34.6019287109375
309134,1676.438714278,62.18252944946289,1008.4938354492188,34.60308074951172
309154,1676.45873961,62.21533966064453,1008.4900512695312,34.60395812988281
309174,1676.478511564,62.302825927734375,1008.479736328125,34.60131072998047
309194,1676.498387151,62.28095626831055,1008.482177734375,34.60261917114258
309214,1676.518574373,62.26455307006836,1008.4839477539062,34.603599548339844
309234,1676.538485559,62.23174285888672,1008.4881591796875,34.604339599609375
309254,1676.558671667,62.23720932006836,1008.4869995117188,34.60490417480469
309274,1676.578730683,62.12784957885742,1008.499755859375,34.60531997680664
309294,1676.597487472,62.18252944946289,1008.4934692382812,34.60452651977539
309314,1676.61755146,62.144256591796875,1008.4979248046875,34.60394287109375
309334,1676.638471179,62.22627639770508,1008.4885864257812,34.60129165649414
309354,1676.658163465,62.26455307006836,1008.484375,34.59819793701172
309374,1676.678104577,62.122379302978516,1008.5003051757812,34.60029602050781
309394,1676.698055233,62.13878631591797,1008.498779296875,34.60186004638672
309414,1676.718410914,62.18252944946289,1008.4938354492188,34.603031158447266
309434,1676.737753615,62.1879997253418,1008.4928588867188,34.60392379760742
309454,1676.758022772,62.22080612182617,1008.4893798828125,34.60457992553711
309474,1676.777916477,62.23720932006836,1008.4869384765625,34.602874755859375
309494,1676.798098959,62.16065979003906,1008.4959106445312,34.60380554199219
309514,1676.818049765,62.248146057128906,1008.486083984375,34.6044921875
309534,1676.838588278,62.27548599243164,1008.4830322265625,34.605010986328125
309554,1676.857596163,62.3793830871582,1008.4708251953125,34.60100173950195
309574,1676.877755908,62.28095626831055,1008.482177734375,34.602394104003906
309594,1676.897827904,62.302825927734375,1008.47998046875,34.60342788696289
309614,1676.917885707,62.31376266479492,1008.4783935546875,34.604217529296875
309634,1676.938067272,62.302825927734375,1008.4797973632812,34.604801177978516
309654,1676.9569086,62.209869384765625,1008.4903564453125,34.60525131225586
309674,1676.977952031,62.155189514160156,1008.4967651367188,34.60557556152344
309694,1676.998167053,62.1879997253418,1008.4931030273438,34.6080207824707
309714,1677.017384747,62.17159652709961,1008.4948120117188,34.60765838623047
309734,1677.036833264,62.22080612182617,1008.4891967773438,34.60297775268555
309754,1677.056742657,62.291893005371094,1008.481201171875,34.60387420654297
309774,1677.078024586,62.27548599243164,1008.483154296875,34.60454559326172
309794,1677.098116735,62.335636138916016,1008.4761352539062,34.60285949707031
309814,1677.116884791,62.33016586303711,1008.4766845703125,34.60378646850586
309834,1677.137604966,62.324703216552734,1008.477294921875,34.60447692871094
309854,1677.157165829,62.27548599243164,1008.4829711914062,34.6049919128418
309874,1677.177455477,62.302825927734375,1008.4794311523438,34.60538864135742
309894,1677.197852094,62.248146057128906,1008.4859008789062,34.606781005859375
309914,1677.216699192,62.18252944946289,1008.493408203125,34.60673141479492
309934,1677.237337514,62.18252944946289,1008.493896484375,34.606693267822266
309954,1677.257771547,62.144256591796875,1008.4982299804688,34.606658935546875
309974,1677.277580962,62.06769943237305,1008.5071411132812,34.608829498291016
309994,1677.296697231,62.16065979003906,1008.4959716796875,34.60826110839844
310014,1677.317124522,62.09503936767578,1008.50390625,34.60784912109375
310034,1677.336598212,62.122379302978516,1008.5003051757812,34.607521057128906
310054,1677.356773517,62.122379302978516,1008.5001831054688,34.60728073120117
310074,1677.376600902,62.21533966064453,1008.48974609375,34.60710906982422
310094,1677.396918914,62.18252944946289,1008.4935913085938,34.606971740722656
310114,1677.416686497,62.10050964355469,1008.5028686523438,34.607967376708984
310134,1677.437435181,62.062232971191406,1008.5072631835938,34.608726501464844
310154,1677.456622567,62.03489303588867,1008.5104370117188,34.609275817871094
310174,1677.476784953,62.12784957885742,1008.5000610351562,34.608604431152344
310194,1677.497571248,62.17159652709961,1008.4950561523438,34.60698699951172
310214,1677.517629578,62.26455307006836,1008.484375,34.60688400268555
310234,1677.536921368,62.21533966064453,1008.48974609375,34.6068000793457
310254,1677.557425914,62.27548599243164,1008.4830932617188,34.606746673583984
310274,1677.576639752,62.25908279418945,1008.4848022460938,34.606693267822266
310294,1677.597709145,62.25908279418945,1008.4848022460938,34.606693267822266
310314,1677.616432018,62.26455307006836,1008.4842529296875,34.60776138305664
310334,1677.637062247,62.20439910888672,1008.490966796875,34.60746765136719
310354,1677.657429201,62.27548599243164,1008.4826049804688,34.60724639892578
310374,1677.677842992,62.30829620361328,1008.4790649414062,34.60707473754883
310394,1677.69674463,62.33016586303711,1008.4767456054688,34.60475158691406
310414,1677.71733103,62.324703216552734,1008.4774169921875,34.60519790649414
310434,1677.73733924,62.33016586303711,1008.476318359375,34.60664367675781
310454,1677.757552063,62.28095626831055,1008.482421875,34.606624603271484
310474,1677.777868731,62.27548599243164,1008.4828491210938,34.60660934448242
310494,1677.796884139,62.19346618652344,1008.4924926757812,34.606590270996094
310514,1677.817332443,62.13331985473633,1008.4993286132812,34.60769271850586
310534,1677.837117146,62.10050964355469,1008.5028686523438,34.61070251464844
310554,1677.85734822,62.209869384765625,1008.4902954101562,34.60967254638672
310574,1677.877126562,62.248146057128906,1008.4859008789062,34.6099967956543
310594,1677.897369379,62.242679595947266,1008.4864501953125,34.6113395690918
310614,1677.916893826,62.30829620361328,1008.4791259765625,34.61125564575195
310634,1677.937326798,62.291893005371094,1008.4810180664062,34.61228561401367
310654,1677.957350229,62.22080612182617,1008.489501953125,34.613059997558594
310674,1677.976253555,62.20439910888672,1008.4907836914062,34.611427307128906
310694,1677.997437566,62.22627639770508,1008.4887084960938,34.612422943115234
310714,1678.017543069,62.21533966064453,1008.4901123046875,34.6109619140625
310734,1678.037429844,62.25361633300781,1008.485595703125,34.613162994384766
310754,1678.05751598,62.177059173583984,1008.4940185546875,34.612613677978516
310774,1678.076346071,62.155189514160156,1008.4965209960938,34.61330032348633
310794,1678.097391492,62.23174285888672,1008.4881591796875,34.61161422729492
310814,1678.116140825,62.209869384765625,1008.4906616210938,34.61366271972656
310834,1678.136521783,62.155189514160156,1008.4966430664062,34.61409378051758
310854,1678.156597844,62.22080612182617,1008.4892578125,34.61330032348633
310874,1678.176928873,62.198936462402344,1008.491455078125,34.61491775512695
310894,1678.197024058,62.17159652709961,1008.4946899414062,34.61393737792969
310914,1678.217387907,62.21533966064453,1008.4901123046875,34.61540222167969
310934,1678.23747019,62.14971923828125,1008.4976196289062,34.614280700683594
310954,1678.25632936,62.155189514160156,1008.4967041015625,34.614559173583984
310974,1678.276428669,62.11691665649414,1008.5009155273438,34.61586380004883
310994,1678.296708099,62.13331985473633,1008.4990234375,34.61464309692383
311014,1678.316586473,62.13331985473633,1008.4991455078125,34.61481475830078
311034,1678.336467861,62.14971923828125,1008.497314453125,34.61605453491211
311054,1678.356691423,62.22627639770508,1008.4886474609375,34.61368179321289
311074,1678.377132622,62.22627639770508,1008.4886474609375,34.61301040649414
311094,1678.395875483,62.28095626831055,1008.4822387695312,34.611392974853516
311114,1678.416176453,62.248146057128906,1008.4859008789062,34.614593505859375
311134,1678.436629027,62.155189514160156,1008.4969482421875,34.615882873535156
311154,1678.456325967,62.19346618652344,1008.4922485351562,34.614662170410156
311174,1678.475855368,62.19346618652344,1008.4922485351562,34.61593246459961
311194,1678.497324696,62.19346618652344,1008.4923095703125,34.61689758300781
311214,1678.516322534,62.23720932006836,1008.4874267578125,34.616519927978516
311234,1678.536514304,62.302825927734375,1008.479736328125,34.6140251159668
311254,1678.556719451,62.26455307006836,1008.484375,34.6143684387207
311274,1678.576496568,62.25361633300781,1008.4855346679688,34.61240768432617
311294,1678.595787241,62.18252944946289,1008.4939575195312,34.6142463684082
311314,1678.61585173,62.04582977294922,1008.509521484375,34.61564254760742
311334,1678.636578547,62.03489303588867,1008.510498046875,34.61667251586914
311354,1678.656823847,62.06769943237305,1008.5071411132812,34.61854934692383
311374,1678.676585403,62.07316970825195,1008.5064697265625,34.61775588989258
311394,1678.696831352,62.06769943237305,1008.506591796875,34.61935806274414
311414,1678.717121308,62.155189514160156,1008.496826171875,34.61725997924805
311434,1678.736318138,62.23174285888672,1008.4881591796875,34.615692138671875
311454,1678.756099132,62.16065979003906,1008.4957885742188,34.61670684814453
311474,1678.776404116,62.16065979003906,1008.4957885742188,34.61670684814453
311494,1678.796848252,62.16065979003906,1008.4962768554688,34.61748123168945
311514,1678.817126035,62.144256591796875,1008.4977416992188,34.6191520690918
311534,1678.836113677,62.16065979003906,1008.4962158203125,34.61930465698242
311554,1678.856319996,62.13331985473633,1008.4992065429688,34.62052917480469
311574,1678.876524314,62.111446380615234,1008.5016479492188,34.620338439941406
311594,1678.896614276,62.089576721191406,1008.5040893554688,34.62130355834961
311614,1678.915531069,62.10050964355469,1008.5030517578125,34.61982345581055
311634,1678.936453938,62.11691665649414,1008.5014038085938,34.620906829833984
311654,1678.956496137,62.04582977294922,1008.509521484375,34.62173080444336
311674,1678.976416084,61.99114990234375,1008.5155029296875,34.62233352661133
311694,1678.996136579,61.996620178222656,1008.5149536132812,34.622798919677734
311714,1679.016086732,62.03489303588867,1008.5106201171875,34.622039794921875
311734,1679.036549868,62.00755310058594,1008.5137329101562,34.62257385253906
311754,1679.056989213,62.11691665649414,1008.50146484375,34.62298583984375
311774,1679.075935905,62.22627639770508,1008.4884643554688,34.6221809387207
311794,1679.096222365,62.23174285888672,1008.4879760742188,34.622676849365234
311814,1679.115426722,62.198936462402344,1008.4916381835938,34.6230583190918
311834,1679.136067253,62.1661262512207,1008.4954223632812,34.62333297729492
311854,1679.155369762,62.13331985473633,1008.4995727539062,34.624656677246094
311874,1679.175832739,62.12784957885742,1008.5001220703125,34.624534606933594
311894,1679.196301155,62.21533966064453,1008.4900512695312,34.62445068359375
311914,1679.215547809,62.198936462402344,1008.4918823242188,34.62438201904297
311934,1679.236432835,62.209869384765625,1008.4905395507812,34.62432861328125
311954,1679.255801778,62.16065979003906,1008.4959716796875,34.62429428100586
311974,1679.275440286,62.105979919433594,1008.5023803710938,34.62646484375
311994,1679.295891049,62.09503936767578,1008.5036010742188,34.62589645385742
312014,1679.316395059,62.144256591796875,1008.4979248046875,34.625465393066406
312034,1679.337511963,62.22627639770508,1008.4886474609375,34.62403869628906
312054,1679.356371086,62.25908279418945,1008.4850463867188,34.62517166137695
312074,1679.376429888,62.23174285888672,1008.4880981445312,34.62493133544922
312094,1679.39594042,62.28095626831055,1008.4822998046875,34.62364196777344
312114,1679.415391911,62.248146057128906,1008.4860229492188,34.623779296875
312134,1679.437426753,62.31923294067383,1008.4780883789062,34.62388229370117
312154,1679.455924101,62.297359466552734,1008.480224609375,34.62284851074219
312174,1679.476667044,62.26455307006836,1008.484375,34.62319564819336
312194,1679.495700485,62.21533966064453,1008.4900512695312,34.624534606933594
312214,1679.515839034,62.177059173583984,1008.4943237304688,34.62445068359375
312234,1679.537521578,62.21533966064453,1008.4899291992188,34.62438201904297
312254,1679.555555229,62.122379302978516,1008.5008544921875,34.62432861328125
312274,1679.575424119,62.09503936767578,1008.5037841796875,34.62429428100586
312294,1679.595443998,62.111446380615234,1008.501708984375,34.62646484375
312314,1679.615522415,62.0841064453125,1008.5053100585938,34.62809753417969
312334,1679.637544036,62.21533966064453,1008.4898071289062,34.62711715698242
312354,1679.655862086,62.22627639770508,1008.4888305664062,34.627479553222656
312374,1679.675966641,62.18252944946289,1008.493408203125,34.626651763916016
312394,1679.696306386,62.209869384765625,1008.4904174804688,34.62493133544922
312414,1679.715307123,62.18252944946289,1008.4934692382812,34.62364196777344
312434,1679.737615565,62.23720932006836,1008.4871826171875,34.625980377197266
312454,1679.754868524,62.16065979003906,1008.4959716796875,34.62773513793945
312474,1679.775129052,62.144256591796875,1008.4983520507812,34.62904357910156
312494,1679.795200739,62.16065979003906,1008.4962158203125,34.630043029785156
312514,1679.816409749,62.22627639770508,1008.4884033203125,34.628578186035156
312534,1679.835309149,62.22080612182617,1008.4888916015625,34.62968063354492
312554,1679.85543227,62.242679595947266,1008.4866943359375,34.62830352783203
312574,1679.875028307,62.1879997253418,1008.4927368164062,34.63057327270508
312594,1679.895911007,62.177059173583984,1008.4945068359375,34.63117599487305
312614,1679.91607713,62.105979919433594,1008.5025634765625,34.63272476196289
312634,1679.936420029,62.13331985473633,1008.4994506835938,34.63279342651367
312654,1679.95613271,62.11691665649414,1008.501220703125,34.631744384765625
312674,1679.975090309,62.155189514160156,1008.4970092773438,34.63205337524414
312694,1679.994716667,62.155189514160156,1008.4970092773438,34.63205337524414
312714,1680.014933303,62.16065979003906,1008.4964599609375,34.632293701171875
312734,1680.035546829,62.111446380615234,1008.5015258789062,34.632469177246094
312754,1680.055454882,62.144256591796875,1008.4981079101562,34.63480758666992
312774,1680.075983201,62.20439910888672,1008.4911499023438,34.63214111328125
312794,1680.095822182,62.17159652709961,1008.4948120117188,34.632362365722656
312814,1680.116068181,62.16065979003906,1008.4961547851562,34.63362121582031
312834,1680.135450745,62.09503936767578,1008.5036010742188,34.63456726074219
312854,1680.156135907,62.18252944946289,1008.49365234375,34.63417053222656
312874,1680.174725252,62.18252944946289,1008.4934692382812,34.63608169555664
312894,1680.19555059,62.13331985473633,1008.4992065429688,34.63530731201172
312914,1680.21472274,62.06769943237305,1008.5071411132812,34.636924743652344
312934,1680.236119235,62.02396011352539,1008.5120239257812,34.63704299926758
312954,1680.255950259,62.155189514160156,1008.4969482421875,34.63602828979492
312974,1680.274946534,62.13331985473633,1008.4991455078125,34.63637161254883
312994,1680.295741803,62.07863998413086,1008.5055541992188,34.637733459472656
313014,1680.314947112,62.11691665649414,1008.50146484375,34.63764572143555
313034,1680.336051292,62.089576721191406,1008.5045776367188,34.63867950439453
313054,1680.355713819,62.13878631591797,1008.4984130859375,34.63726806640625
313074,1680.37483034,62.13878631591797,1008.4987182617188,34.63730239868164
313094,1680.395708791,62.17159652709961,1008.4946899414062,34.63842010498047
313114,1680.415191981,62.28642272949219,1008.481689453125,34.63595962524414
313134,1680.436048873,62.27001953125,1008.4835815429688,34.63521957397461
313154,1680.455534018,62.23720932006836,1008.4874877929688,34.636871337890625
313174,1680.474949049,62.1879997253418,1008.4931030273438,34.636993408203125
313194,1680.495444965,62.209869384765625,1008.4906616210938,34.6370964050293
313214,1680.515703662,62.22080612182617,1008.4891357421875,34.63716506958008
313234,1680.534942659,62.22080612182617,1008.4891357421875,34.63723373413086
313254,1680.555699871,62.1879997253418,1008.4931030273438,34.636165618896484
313274,1680.575390225,62.16065979003906,1008.4959716796875,34.637577056884766
313294,1680.594845689,62.22080612182617,1008.489013671875,34.63642501831055
313314,1680.615370082,62.22080612182617,1008.489013671875,34.63642501831055
313334,1680.634540826,62.18252944946289,1008.4938354492188,34.63886642456055
313354,1680.654367501,62.21533966064453,1008.4900512695312,34.63850784301758
313374,1680.674789637,62.17159652709961,1008.4947509765625,34.64043426513672
313394,1680.695075121,62.177059173583984,1008.4943237304688,34.640777587890625
313414,1680.714051724,62.155189514160156,1008.496826171875,34.64103698730469
313434,1680.734318092,62.1661262512207,1008.4956665039062,34.64232635498047
313454,1680.754278014,62.19346618652344,1008.4924926757812,34.642189025878906
313474,1680.774061953,62.25908279418945,1008.485107421875,34.63990020751953
313494,1680.794624808,62.18252944946289,1008.4937133789062,34.64036560058594
313514,1680.815061436,62.16065979003906,1008.4963989257812,34.640724182128906
313534,1680.834671623,62.177059173583984,1008.4943237304688,34.64099884033203
313554,1680.855093031,62.144256591796875,1008.498046875,34.64118957519531
313574,1680.874293666,62.198936462402344,1008.491943359375,34.63914108276367
313594,1680.894661905,62.25908279418945,1008.4844360351562,34.63981246948242
313614,1680.914949812,62.27548599243164,1008.4827270507812,34.64031219482422
313634,1680.933980679,62.26455307006836,1008.4839477539062,34.64067459106445
313654,1680.954951408,62.25908279418945,1008.4847412109375,34.64316940307617
313674,1680.974259573,62.155189514160156,1008.4970092773438,34.64502716064453
313694,1680.99452567,62.19346618652344,1008.4921875,34.64421844482422
313714,1681.014980156,62.10050964355469,1008.5029296875,34.644718170166016
313734,1681.034361987,62.16065979003906,1008.4964599609375,34.643978118896484
313754,1681.055230838,62.12784957885742,1008.5,34.6434440612793
313774,1681.075296668,62.13878631591797,1008.4985961914062,34.64303207397461
313794,1681.094580608,62.177059173583984,1008.4945678710938,34.64271926879883
313814,1681.114195661,62.20439910888672,1008.4911499023438,34.64360046386719
313834,1681.134501447,62.177059173583984,1008.494140625,34.645355224609375
313854,1681.154511857,62.144256591796875,1008.497802734375,34.64665985107422
313874,1681.174831996,62.122379302978516,1008.5001831054688,34.647640228271484
313894,1681.19454055,61.996620178222656,1008.51513671875,34.648380279541016
313914,1681.215372428,61.996620178222656,1008.51513671875,34.648380279541016
313934,1681.23503613,62.07316970825195,1008.5060424804688,34.64674758911133
313954,1681.255450945,62.04582977294922,1008.5093383789062,34.646610260009766
313974,1681.274515596,62.07316970825195,1008.5064697265625,34.64540481567383
313994,1681.295163512,62.062232971191406,1008.5072631835938,34.64451217651367
314014,1681.314516152,62.105979919433594,1008.5023193359375,34.64492416381836
314034,1681.334520717,62.13878631591797,1008.4985961914062,34.6463508605957
314054,1681.354522753,62.1879997253418,1008.4931030273438,34.64521408081055
314074,1681.375083254,62.155189514160156,1008.4970703125,34.64655685424805
314094,1681.394426474,62.111446380615234,1008.501953125,34.64867401123047
314114,1681.415215051,62.1879997253418,1008.492919921875,34.64805603027344
314134,1681.434432458,62.1661262512207,1008.4953002929688,34.64868927001953
314154,1681.454505221,62.19346618652344,1008.4924926757812,34.646968841552734
314174,1681.474740868,62.22627639770508,1008.4884643554688,34.64678192138672
314194,1681.493944008,62.18252944946289,1008.4932861328125,34.647727966308594
314214,1681.514692934,62.177059173583984,1008.4945678710938,34.6473503112793
314234,1681.534031431,62.1879997253418,1008.4927368164062,34.64707565307617
314254,1681.553579978,62.209869384765625,1008.490234375,34.645748138427734
314274,1681.574381418,62.242679595947266,1008.4867553710938,34.645870208740234
314294,1681.594139868,62.14971923828125,1008.4974975585938,34.647056579589844
314314,1681.61437182,62.19346618652344,1008.4923706054688,34.64573287963867
314334,1681.63463588,62.18252944946289,1008.49365234375,34.64695358276367
314354,1681.654626003,62.18252944946289,1008.4934692382812,34.64676284790039
314374,1681.673999338,62.16065979003906,1008.4959716796875,34.64552688598633
314394,1681.693503765,62.155189514160156,1008.4967041015625,34.64569854736328
314414,1681.714948524,62.198936462402344,1008.491455078125,34.64691925048828
314434,1681.734225801,62.122379302978516,1008.5005493164062,34.648948669433594
314454,1681.754072659,62.105979919433594,1008.5025634765625,34.64936065673828
314474,1681.77455182,62.11691665649414,1008.5009155273438,34.65077209472656
314494,1681.793606002,62.09503936767578,1008.5037231445312,34.65073776245117
314514,1681.814992575,62.144256591796875,1008.4978637695312,34.65180587768555
314534,1681.834333126,62.16065979003906,1008.49609375,34.65259552001953
314554,1681.854455684,62.105979919433594,1008.5025634765625,34.654300689697266
314574,1681.87481778,62.105979919433594,1008.5025024414062,34.65338897705078
314594,1681.89463213,62.0841064453125,1008.504638671875,34.654884338378906
314614,1681.914358527,62.0841064453125,1008.5051879882812,34.65602111816406
314634,1681.934563533,62.07863998413086,1008.505615234375,34.654659271240234
314654,1681.954354064,62.018489837646484,1008.5125732421875,34.65584945678711
314674,1681.974128969,62.056766510009766,1008.5081176757812,34.656742095947266
314694,1681.993540349,62.06769943237305,1008.5069580078125,34.654109954833984
314714,1682.013810812,62.089576721191406,1008.5044555664062,34.65323257446289
314734,1682.034358303,62.105979919433594,1008.5023193359375,34.654781341552734
314754,1682.054113375,62.04582977294922,1008.5096435546875,34.65703582763672
314774,1682.07333512,62.029422760009766,1008.5110473632812,34.65873718261719
314794,1682.093616811,62.051300048828125,1008.5084838867188,34.65890884399414
314814,1682.113670336,62.10050964355469,1008.5031127929688,34.656829833984375
314834,1682.133655476,62.089576721191406,1008.5044555664062,34.654178619384766
314854,1682.1529835,62.13878631591797,1008.4984130859375,34.65438461303711
314874,1682.17395036,62.144256591796875,1008.4979248046875,34.653438568115234
314894,1682.193915042,62.14971923828125,1008.497314453125,34.654937744140625
314914,1682.213406007,62.155189514160156,1008.4969482421875,34.65605545043945
314934,1682.233775617,62.22080612182617,1008.4889526367188,34.654693603515625
314954,1682.253678515,62.16065979003906,1008.49609375,34.6558837890625
314974,1682.274292206,62.09503936767578,1008.5036010742188,34.656761169433594
314994,1682.294254544,62.10050964355469,1008.5031127929688,34.657432556152344
315014,1682.31312903,62.051300048828125,1008.5089721679688,34.660133361816406
315034,1682.333133059,62.018489837646484,1008.5128173828125,34.66214370727539
315054,1682.354358082,62.06769943237305,1008.5071411132812,34.66147232055664
315074,1682.373073313,62.051300048828125,1008.5084838867188,34.66095733642578
315094,1682.393623288,62.0841064453125,1008.505126953125,34.660560607910156
315114,1682.413070785,62.0841064453125,1008.505126953125,34.660560607910156
315134,1682.433105115,62.06769943237305,1008.506591796875,34.66028594970703
315154,1682.452879403,62.18252944946289,1008.4933471679688,34.660064697265625
315174,1682.473533764,62.09503936767578,1008.5039672851562,34.662109375
315194,1682.493679133,62.13331985473633,1008.4995727539062,34.659236907958984
315214,1682.514245896,62.0841064453125,1008.5050048828125,34.66037368774414
315234,1682.533650372,62.14971923828125,1008.4976196289062,34.657928466796875
315254,1682.553980597,62.144256591796875,1008.4982299804688,34.6605110168457
315274,1682.573106864,62.09503936767578,1008.5037841796875,34.66133499145508
315294,1682.593714748,62.11691665649414,1008.50146484375,34.661956787109375
315314,1682.614043564,62.1879997253418,1008.4931030273438,34.661319732666016
315334,1682.633152894,62.1661262512207,1008.4953002929688,34.66083908081055
315354,1682.653046508,62.22627639770508,1008.4887084960938,34.660491943359375
315374,1682.673401763,62.22627639770508,1008.4886474609375,34.661319732666016
315394,1682.693855594,62.25908279418945,1008.485107421875,34.66083908081055
315414,1682.713976242,62.198936462402344,1008.4918823242188,34.660491943359375
315434,1682.732791246,62.19346618652344,1008.4926147460938,34.66021728515625
315454,1682.754050945,62.19346618652344,1008.4920654296875,34.660011291503906
315474,1682.772971232,62.1661262512207,1008.495361328125,34.66097640991211
315494,1682.793366649,62.18252944946289,1008.49365234375,34.66278076171875
315514,1682.813947725,62.20439910888672,1008.4913330078125,34.66193771362305
315534,1682.832743492,62.21533966064453,1008.4895629882812,34.662418365478516
315554,1682.853681132,62.22627639770508,1008.48828125,34.66276550292969
315574,1682.872970341,62.198936462402344,1008.4920043945312,34.66412353515625
315594,1682.893758253,62.27001953125,1008.4835205078125,34.66405487060547
315614,1682.912745578,62.19346618652344,1008.4925537109375,34.665103912353516
315634,1682.933056124,62.13331985473633,1008.4993286132812,34.6669807434082
315654,1682.952887792,62.122379302978516,1008.5004272460938,34.66728973388672
315674,1682.973538096,62.111446380615234,1008.5015258789062,34.66753005981445
315694,1682.993624546,62.09503936767578,1008.5036010742188,34.667701721191406
315714,1683.013600777,62.12784957885742,1008.499755859375,34.66783905029297
315734,1683.033489364,62.209869384765625,1008.4905395507812,34.66572189331055
315754,1683.052895836,62.21533966064453,1008.489990234375,34.66746139526367
315774,1683.073628323,62.25908279418945,1008.4844360351562,34.66654968261719
315794,1683.092724452,62.177059173583984,1008.4944458007812,34.66806411743164
315814,1683.112767508,62.0841064453125,1008.5050048828125,34.668113708496094
315834,1683.133575227,61.99114990234375,1008.5154418945312,34.66813278198242
315854,1683.153060092,62.00755310058594,1008.5139770507812,34.66926574707031
315874,1683.173031391,62.018489837646484,1008.5123901367188,34.67121124267578
315894,1683.192994182,61.96928024291992,1008.5182495117188,34.67265701293945
315914,1683.212754006,61.99114990234375,1008.5158081054688,34.67155456542969
315934,1683.232945382,62.04035949707031,1008.5100708007812,34.67181396484375
315954,1683.254094333,62.056766510009766,1008.5082397460938,34.672019958496094
315974,1683.273239588,62.144256591796875,1008.4981689453125,34.67107391357422
315994,1683.291967572,62.16065979003906,1008.49609375,34.66926574707031
316014,1683.311716096,62.111446380615234,1008.5020141601562,34.669010162353516
316034,1683.332392427,62.105979919433594,1008.5023803710938,34.66990280151367
316054,1683.353299434,62.10050964355469,1008.503173828125,34.669490814208984
316074,1683.373730136,62.111446380615234,1008.501708984375,34.670265197753906
316094,1683.393195464,62.155189514160156,1008.4966430664062,34.671966552734375
316114,1683.412927016,62.11691665649414,1008.5011596679688,34.6710205078125
316134,1683.433545956,62.10050964355469,1008.5030517578125,34.67253494262695
316154,1683.453039491,62.04035949707031,1008.5098876953125,34.67255401611328
316174,1683.47296944,62.056766510009766,1008.5081787109375,34.67367172241211
316194,1683.493674917,62.16065979003906,1008.4963989257812,34.67231369018555
316214,1683.512763989,62.155189514160156,1008.496826171875,34.673500061035156
316234,1683.533548653,62.04035949707031,1008.5101928710938,34.67437744140625
316254,1683.55412899,61.996620178222656,1008.5149536132812,34.675048828125
316274,1683.572636993,61.99114990234375,1008.5159912109375,34.6755485534668
316294,1683.59352195,61.99114990234375,1008.5159912109375,34.6755485534668
316314,1683.612590949,62.018489837646484,1008.5126342773438,34.674808502197266
316334,1683.632992776,62.0841064453125,1008.5048217773438,34.67537307739258
316354,1683.654291294,62.144256591796875,1008.498046875,34.674686431884766
316374,1683.673319079,62.18252944946289,1008.4938354492188,34.675270080566406
316394,1683.692734092,62.209869384765625,1008.4906616210938,34.67572021484375
316414,1683.713295033,62.18252944946289,1008.4938354492188,34.67604446411133
316434,1683.732703375,62.16065979003906,1008.4959716796875,34.67628479003906
316454,1683.753902347,62.16065979003906,1008.4963989257812,34.67537307739258
316474,1683.772411403,62.0841064453125,1008.5047607421875,34.67578887939453
316494,1683.792999003,62.056766510009766,1008.5083618164062,34.67609786987305
316514,1683.813747253,62.07863998413086,1008.5057373046875,34.675235748291016
316534,1683.833187144,62.029422760009766,1008.51123046875,34.677886962890625
316554,1683.853477352,62.03489303588867,1008.5104370117188,34.67768096923828
316574,1683.873394025,62.105979919433594,1008.5022583007812,34.6753044128418
316594,1683.893424683,62.13878631591797,1008.4984741210938,34.67573547363281
316614,1683.912447936,62.1661262512207,1008.4955444335938,34.67496109008789
316634,1683.933538465,62.09503936767578,1008.5037841796875,34.676578521728516
316654,1683.952062483,62.105979919433594,1008.5023193359375,34.676700592041016
316674,1683.972161796,62.09503936767578,1008.5036010742188,34.677886962890625
316694,1683.992877125,62.03489303588867,1008.5107421875,34.67876434326172
316714,1684.012216342,62.00755310058594,1008.5138549804688,34.68053436279297
316734,1684.032487314,62.04582977294922,1008.5094604492188,34.68075942993164
316754,1684.052772054,62.03489303588867,1008.510498046875,34.679832458496094
316774,1684.072282712,62.06769943237305,1008.507080078125,34.67912673950195
316794,1684.092722756,62.018489837646484,1008.5125732421875,34.679710388183594
316814,1684.113474411,62.056766510009766,1008.5082397460938,34.68124008178711
316834,1684.133189868,62.12784957885742,1008.5000610351562,34.68129348754883
316854,1684.152565266,62.13331985473633,1008.4991455078125,34.68132781982422
316874,1684.1726263,62.144256591796875,1008.4982299804688,34.68136215209961
316894,1684.193450938,62.062232971191406,1008.507568359375,34.68027877807617
316914,1684.212123707,62.04035949707031,1008.5098266601562,34.68277359008789
316934,1684.233206717,62.09503936767578,1008.5037231445312,34.682430267333984
316954,1684.252765397,62.06769943237305,1008.5071411132812,34.682186126708984
316974,1684.272821404,62.029422760009766,1008.5110473632812,34.68309783935547
316994,1684.291959907,62.04035949707031,1008.5101928710938,34.68158721923828
317014,1684.312509546,62.06769943237305,1008.5068359375,34.68155288696289
317034,1684.331806368,62.089576721191406,1008.5042114257812,34.6815185546875
317054,1684.352597276,62.111446380615234,1008.5020751953125,34.68260192871094
317074,1684.373101792,62.062232971191406,1008.5075073242188,34.682308197021484
317094,1684.392551555,62.1661262512207,1008.4955444335938,34.68098449707031
317114,1684.412279381,62.155189514160156,1008.4970703125,34.68220520019531
317134,1684.433309969,62.0841064453125,1008.5047607421875,34.6831169128418
317154,1684.452390666,62.111446380615234,1008.5020751953125,34.68488693237305
317174,1684.47360241,62.10050964355469,1008.5032348632812,34.68402862548828
317194,1684.492330581,62.11691665649414,1008.5014038085938,34.68449401855469
317214,1684.512976565,62.105979919433594,1008.502685546875,34.683719635009766
317234,1684.531988323,62.14971923828125,1008.4974975585938,34.68204879760742
317254,1684.551937235,62.144256591796875,1008.4981079101562,34.68409729003906
317274,1684.572958817,62.0841064453125,1008.5053100585938,34.68562698364258
317294,1684.592079254,61.963809967041016,1008.5187377929688,34.68678283691406
317314,1684.612748286,61.930999755859375,1008.5224609375,34.685455322265625
317334,1684.632414287,62.056766510009766,1008.5081176757812,34.68334197998047
317354,1684.652965609,62.04035949707031,1008.5101318359375,34.686180114746094
317374,1684.671722682,62.105979919433594,1008.5023803710938,34.68719482421875
317394,1684.692390945,62.04582977294922,1008.5093383789062,34.68905258178711
317414,1684.712908489,62.018489837646484,1008.5123291015625,34.69046401977539
317434,1684.73294839,62.018489837646484,1008.5123291015625,34.69046401977539
317454,1684.751982699,62.07863998413086,1008.505615234375,34.68931198120117
317474,1684.772874184,62.111446380615234,1008.5016479492188,34.68953323364258
317494,1684.791836395,62.06769943237305,1008.506591796875,34.688621520996094
317514,1684.812051445,62.0841064453125,1008.5053100585938,34.68791580200195
317534,1684.832348494,62.122379302978516,1008.5003051757812,34.687400817871094
317554,1684.852618068,62.122379302978516,1008.5005493164062,34.68700408935547
317574,1684.872418992,62.1879997253418,1008.4928588867188,34.685611724853516
317594,1684.892610741,62.11691665649414,1008.5011596679688,34.68788146972656
317614,1684.912356408,62.04035949707031,1008.5100708007812,34.68846893310547
317634,1684.932655876,62.07316970825195,1008.5064086914062,34.68891525268555
317654,1684.952328144,62.051300048828125,1008.5089111328125,34.689239501953125
317674,1684.971894446,62.062232971191406,1008.5078125,34.69060134887695
317694,1684.992470278,61.996620178222656,1008.5149536132812,34.69161605834961
317714,1685.012370423,61.985679626464844,1008.5162353515625,34.6923713684082
317734,1685.031995584,61.94194030761719,1008.5213012695312,34.69293975830078
317754,1685.051941171,61.85445022583008,1008.5315551757812,34.69447326660156
317774,1685.071374027,61.898193359375,1008.526123046875,34.694522857666016
317794,1685.091441446,61.88725662231445,1008.5274047851562,34.694557189941406
317814,1685.112556876,61.930999755859375,1008.5223999023438,34.69677734375
317834,1685.1323545,61.93647003173828,1008.5221557617188,34.69624328613281
317854,1685.152748106,62.00755310058594,1008.5138549804688,34.69584655761719
317874,1685.171719003,61.99114990234375,1008.5156860351562,34.695556640625
317894,1685.191716348,61.96928024291992,1008.5179443359375,34.69533157348633
317914,1685.212780903,61.96928024291992,1008.5185546875,34.695159912109375
317934,1685.232271795,62.029422760009766,1008.51123046875,34.69502258300781
317954,1685.251537421,62.089576721191406,1008.5042724609375,34.6938362121582
317974,1685.272648181,62.07863998413086,1008.5057373046875,34.69404220581055
317994,1685.291973666,62.04582977294922,1008.509521484375,34.69419479370117
318014,1685.311352262,62.03489303588867,1008.5107421875,34.69540023803711
318034,1685.331241266,62.09503936767578,1008.5037231445312,34.69520950317383
318054,1685.351453083,62.056766510009766,1008.5082397460938,34.693973541259766
318074,1685.37240009,62.07316970825195,1008.5059814453125,34.69414520263672
318094,1685.391399148,62.06769943237305,1008.506591796875,34.69536590576172
318114,1685.411634578,62.04035949707031,1008.5101928710938,34.695194244384766
318134,1685.431697093,62.062232971191406,1008.5073852539062,34.6950569152832
318154,1685.451847586,62.03489303588867,1008.5106201171875,34.69605255126953
318174,1685.471314635,62.029422760009766,1008.51123046875,34.697914123535156
318194,1685.491721288,61.9747428894043,1008.517333984375,34.69818878173828
318214,1685.511892851,62.051300048828125,1008.5089111328125,34.69731140136719
318234,1685.531940621,62.09503936767578,1008.5037841796875,34.69664001464844
318254,1685.552061556,62.10050964355469,1008.5028686523438,34.69614028930664
318274,1685.570909904,62.056766510009766,1008.5081176757812,34.69798278808594
318294,1685.591073115,62.056766510009766,1008.5083618164062,34.698238372802734
318314,1685.611314183,62.0841064453125,1008.504638671875,34.69734573364258
318334,1685.631823742,62.155189514160156,1008.4967041015625,34.69667434692383
318354,1685.651787378,62.13878631591797,1008.4989013671875,34.69617462158203
318374,1685.671379408,62.122379302978516,1008.5003662109375,34.695796966552734
318394,1685.691430573,62.111446380615234,1008.5020751953125,34.69770431518555
318414,1685.710931963,62.14971923828125,1008.4973754882812,34.69694900512695
318434,1685.73123079,62.18252944946289,1008.4937133789062,34.69746398925781
318454,1685.751411722,62.242679595947266,1008.4866943359375,34.6989631652832
318474,1685.770883257,62.13878631591797,1008.4989624023438,34.69789505004883
318494,1685.791512254,62.12784957885742,1008.5001220703125,34.69928741455078
318514,1685.81176472,62.16065979003906,1008.495849609375,34.69921875
318534,1685.83185474,62.20439910888672,1008.4911499023438,34.69808578491211
318554,1685.852129386,62.1879997253418,1008.4930419921875,34.698326110839844
318574,1685.871763806,62.1879997253418,1008.4930419921875,34.698326110839844
318594,1685.892225845,62.13331985473633,1008.4993286132812,34.70071792602539
318614,1685.910888549,62.122379302978516,1008.5001831054688,34.70250701904297
318634,1685.931967223,62.09503936767578,1008.5034790039062,34.7027473449707
318654,1685.950762935,61.99114990234375,1008.5154418945312,34.702919006347656
318674,1685.971438071,62.02396011352539,1008.5121459960938,34.70305633544922
318694,1685.991727612,61.9747428894043,1008.5176391601562,34.704261779785156
318714,1686.011898835,62.01301956176758,1008.512939453125,34.70295333862305
318734,1686.031318772,62.07316970825195,1008.5062866210938,34.704193115234375
318754,1686.051461018,62.056766510009766,1008.5079956054688,34.70510482788086
318774,1686.07192306,62.01301956176758,1008.5131225585938,34.70579147338867
318794,1686.091151028,61.9802131652832,1008.5170288085938,34.70630645751953
318814,1686.111450679,62.03489303588867,1008.5108642578125,34.70560073852539
318834,1686.131387185,62.07316970825195,1008.5060424804688,34.70507049560547
318854,1686.15154291,62.111446380615234,1008.5018310546875,34.70245361328125
318874,1686.170836481,62.09503936767578,1008.50341796875,34.70271301269531
318894,1686.19086971,62.13331985473633,1008.4992065429688,34.704002380371094
318914,1686.210979075,62.105979919433594,1008.502685546875,34.70386505126953
318934,1686.231364497,62.07863998413086,1008.5054321289062,34.70376205444336
318954,1686.251715019,62.051300048828125,1008.5084228515625,34.705894470214844
318974,1686.27130868,62.00755310058594,1008.5134887695312,34.70637512207031
318994,1686.291715923,62.00208282470703,1008.5145874023438,34.706756591796875
319014,1686.31062931,62.00208282470703,1008.5145874023438,34.705928802490234
319034,1686.330640537,62.02396011352539,1008.51171875,34.7053108215332
319054,1686.350509338,61.95287322998047,1008.5199584960938,34.7048454284668
319074,1686.371332765,61.95833969116211,1008.51953125,34.70560073852539
319094,1686.39147438,61.9747428894043,1008.5176391601562,34.707271575927734
319114,1686.411722986,62.00755310058594,1008.5138549804688,34.70630645751953
319134,1686.430551557,62.03489303588867,1008.5107421875,34.706703186035156
319154,1686.450476624,62.029422760009766,1008.5111694335938,34.70809555053711
319174,1686.470894343,62.00755310058594,1008.5140991210938,34.70802688598633
319194,1686.490532637,62.029422760009766,1008.510986328125,34.7090950012207
319214,1686.510440359,62.04035949707031,1008.5101318359375,34.70878601074219
319234,1686.531082933,62.07863998413086,1008.50537109375,34.708560943603516
319254,1686.550529293,62.13331985473633,1008.4994506835938,34.7072868347168
319274,1686.571096114,62.19346618652344,1008.4925537109375,34.70632553100586
319294,1686.591410273,62.16065979003906,1008.4959716796875,34.706703186035156
319314,1686.611855849,62.248146057128906,1008.48583984375,34.705894470214844
319334,1686.630474823,62.22627639770508,1008.4883422851562,34.707496643066406
319354,1686.650756165,62.177059173583984,1008.494140625,34.708683013916016
319374,1686.670980832,62.13878631591797,1008.498779296875,34.70847702026367
319394,1686.691195531,62.11691665649414,1008.5009765625,34.70832061767578
319414,1686.710666308,62.12784957885742,1008.4998168945312,34.709320068359375
319434,1686.730704114,62.09503936767578,1008.5039672851562,34.710060119628906
319454,1686.75087221,62.09503936767578,1008.503662109375,34.70950698852539
319474,1686.770848184,62.111446380615234,1008.5018310546875,34.7090950012207
319494,1686.790876647,62.06769943237305,1008.5069580078125,34.70988464355469
319514,1686.81119421,62.06769943237305,1008.5069580078125,34.710487365722656
319534,1686.830870289,62.051300048828125,1008.5084228515625,34.709835052490234
319554,1686.850712441,61.9747428894043,1008.5172729492188,34.7104377746582
319574,1686.870987147,62.04582977294922,1008.5090942382812,34.71200180053711
319594,1686.891250325,62.07863998413086,1008.505859375,34.71097183227539
319614,1686.9114649,62.10050964355469,1008.5033569335938,34.712398529052734
319634,1686.931826077,62.105979919433594,1008.502685546875,34.712364196777344
319654,1686.951840516,62.144256591796875,1008.4981689453125,34.71342849731445
319674,1686.970078376,62.16065979003906,1008.4963989257812,34.713138580322266
319694,1686.989748425,62.18252944946289,1008.4937133789062,34.711830139160156
319714,1687.011145064,62.177059173583984,1008.4944458007812,34.71193313598633
319734,1687.029910149,62.19346618652344,1008.4921875,34.71202087402344
319754,1687.049888336,62.19346618652344,1008.4921875,34.71202087402344
319774,1687.07121101,62.144256591796875,1008.4982299804688,34.71208953857422
319794,1687.09041198,62.18252944946289,1008.4938354492188,34.71212387084961
319814,1687.110618136,62.198936462402344,1008.49169921875,34.712158203125
319834,1687.130843583,62.11691665649414,1008.50146484375,34.714393615722656
319854,1687.150893001,62.144256591796875,1008.4977416992188,34.71385955810547
319874,1687.170445979,62.13878631591797,1008.4984741210938,34.71346664428711
319894,1687.190490761,62.21533966064453,1008.489990234375,34.71315383911133
319914,1687.210089191,62.1661262512207,1008.4953002929688,34.71293258666992
319934,1687.230046311,62.13331985473633,1008.49951171875,34.71277618408203
319954,1687.250471732,62.10050964355469,1008.5032348632812,34.7159423828125
319974,1687.270622077,62.07863998413086,1008.50537109375,34.715030670166016
319994,1687.290040425,62.056766510009766,1008.5083618164062,34.7143440246582
320014,1687.310665652,62.04035949707031,1008.5103149414062,34.716026306152344
320034,1687.329954588,62.062232971191406,1008.5076293945312,34.71728515625
320054,1687.350522473,62.029422760009766,1008.5110473632812,34.71712875366211
320074,1687.371797482,62.089576721191406,1008.5043334960938,34.71702575683594
320094,1687.38981472,62.105979919433594,1008.5021362304688,34.716941833496094
320114,1687.410680091,62.07316970825195,1008.5059204101562,34.71577072143555
320134,1687.429940667,62.06769943237305,1008.507080078125,34.71709442138672
320154,1687.45061028,62.144256591796875,1008.497802734375,34.71588897705078
320174,1687.470610894,62.155189514160156,1008.4965209960938,34.71718215942383
320194,1687.489909439,62.03489303588867,1008.510498046875,34.72036361694336
320214,1687.510408861,62.04035949707031,1008.5100708007812,34.72053527832031
320234,1687.529791265,61.99114990234375,1008.5158081054688,34.719573974609375
320254,1687.550632184,62.00208282470703,1008.5145874023438,34.71995162963867
320274,1687.570109533,62.051300048828125,1008.5084228515625,34.71912384033203
320294,1687.59049205,62.10050964355469,1008.5033569335938,34.71962356567383
320314,1687.610447803,62.105979919433594,1008.5023803710938,34.71998596191406
320334,1687.629786404,62.12784957885742,1008.5,34.72136306762695
320354,1687.650454111,62.029422760009766,1008.5112915039062,34.72349548339844
320374,1687.671572156,61.985679626464844,1008.5162353515625,34.725093841552734
320394,1687.690557136,62.03489303588867,1008.5106201171875,34.72407913208008
320414,1687.70977024,62.0841064453125,1008.5048828125,34.72444152832031
320434,1687.730703294,62.07316970825195,1008.5059814453125,34.72469711303711
320454,1687.750244761,62.04035949707031,1008.5098266601562,34.723785400390625
320474,1687.771508638,62.051300048828125,1008.5084228515625,34.72311782836914
320494,1687.789398835,62.144256591796875,1008.4983520507812,34.721500396728516
320514,1687.810101025,62.155189514160156,1008.4970703125,34.72359848022461
320534,1687.830392369,62.16065979003906,1008.4959106445312,34.725162506103516
320554,1687.849870732,62.111446380615234,1008.5020141601562,34.72414779663086
320574,1687.870557668,62.12784957885742,1008.499755859375,34.7244758605957
320594,1687.890618481,62.0841064453125,1008.5048217773438,34.724735260009766
320614,1687.910672081,62.07863998413086,1008.505859375,34.72492218017578
320634,1687.930104187,62.07863998413086,1008.5056762695312,34.725059509277344
320654,1687.949701873,62.105979919433594,1008.502685546875,34.724063873291016
320674,1687.969368523,62.10050964355469,1008.5028686523438,34.72552490234375
320694,1687.989795061,62.122379302978516,1008.5006103515625,34.72550582885742
320714,1688.009930591,62.11691665649414,1008.5012817382812,34.72660827636719
320734,1688.030076322,62.111446380615234,1008.5018310546875,34.726314544677734
320754,1688.049773696,62.09503936767578,1008.5037841796875,34.72610855102539
320774,1688.069974676,62.0841064453125,1008.5053100585938,34.725955963134766
320794,1688.089372236,62.051300048828125,1008.5089111328125,34.72693634033203
320814,1688.110358509,62.03489303588867,1008.5104370117188,34.72547149658203
320834,1688.130541193,62.0841064453125,1008.5048217773438,34.72547149658203
320854,1688.149530093,62.04582977294922,1008.5094604492188,34.72767639160156
320874,1688.170379856,62.07863998413086,1008.505859375,34.72602462768555
320894,1688.189789892,62.056766510009766,1008.5079345703125,34.72478485107422
320914,1688.210386534,62.029422760009766,1008.510986328125,34.72605895996094
320934,1688.229367545,62.029422760009766,1008.510986328125,34.72605895996094
320954,1688.249857439,62.01301956176758,1008.5131225585938,34.727020263671875
320974,1688.270438286,62.02396011352539,1008.5121459960938,34.72552490234375
320994,1688.289433863,61.996620178222656,1008.5150756835938,34.727725982666016
321014,1688.309549579,61.95287322998047,1008.5201416015625,34.7282600402832
321034,1688.329483083,61.99114990234375,1008.5159912109375,34.72757339477539
321054,1688.350402614,62.00208282470703,1008.5145874023438,34.72593688964844
321074,1688.369916964,62.01301956176758,1008.513427734375,34.725833892822266
321094,1688.390182014,61.95287322998047,1008.5202026367188,34.72684860229492
321114,1688.409504589,61.99114990234375,1008.5160522460938,34.726505279541016
321134,1688.42968638,61.91460037231445,1008.5243530273438,34.731754302978516
321154,1688.449610007,61.963809967041016,1008.5188598632812,34.73128890991211
321174,1688.469517765,61.930999755859375,1008.52294921875,34.730926513671875
321194,1688.490347666,61.963809967041016,1008.5187377929688,34.733970642089844
321214,1688.509180263,61.95287322998047,1008.5202026367188,34.73295593261719
321234,1688.528846891,62.00208282470703,1008.5146484375,34.732181549072266
321254,1688.548960178,62.062232971191406,1008.5076293945312,34.73271560668945
321274,1688.568852619,62.0841064453125,1008.5053100585938,34.73200988769531
321294,1688.589780223,62.018489837646484,1008.5126953125,34.731475830078125
321314,1688.609678566,61.963809967041016,1008.518798828125,34.7354850769043
321334,1688.629967111,61.930999755859375,1008.5227661132812,34.734073638916016
321354,1688.648769526,61.93647003173828,1008.5220336914062,34.73302459716797
321374,1688.670175062,62.01301956176758,1008.51318359375,34.73225021362305
321394,1688.689707731,61.96928024291992,1008.5181884765625,34.73495101928711
321414,1688.709380787,61.88179016113281,1008.5284423828125,34.73699951171875
321434,1688.729549442,61.94740295410156,1008.5208129882812,34.73521041870117
321454,1688.749423562,62.00755310058594,1008.5137939453125,34.73388671875
321474,1688.768926228,62.04582977294922,1008.5096435546875,34.73398971557617
321494,1688.789853072,62.00755310058594,1008.5140380859375,34.73625946044922
321514,1688.810403216,62.051300048828125,1008.5084838867188,34.73466110229492
321534,1688.82980653,62.10050964355469,1008.5033569335938,34.73347473144531
321554,1688.849513324,62.09503936767578,1008.50341796875,34.73257827758789
321574,1688.869212833,62.04035949707031,1008.5101928710938,34.73190689086914
321594,1688.889702457,62.062232971191406,1008.5072631835938,34.730289459228516
321614,1688.909917903,62.09503936767578,1008.5034790039062,34.730186462402344
321634,1688.929869476,62.018489837646484,1008.5123901367188,34.73122024536133
321654,1688.94922781,62.07316970825195,1008.5059204101562,34.73199462890625
321674,1688.97023251,62.03489303588867,1008.5104370117188,34.73256301879883
321694,1688.988790541,62.06769943237305,1008.5071411132812,34.73299026489258
321714,1689.008969929,62.03489303588867,1008.5108642578125,34.73551940917969
321734,1689.029944707,61.99114990234375,1008.5160522460938,34.7385139465332
321754,1689.049228662,61.963809967041016,1008.518798828125,34.73966598510742
321774,1689.06959106,61.93647003173828,1008.5221557617188,34.74162673950195
321794,1689.089396705,61.9747428894043,1008.5173950195312,34.738685607910156
321814,1689.108623254,61.9747428894043,1008.5174560546875,34.73758316040039
321834,1689.129570582,62.00755310058594,1008.5140380859375,34.73565673828125
321854,1689.148843408,62.0841064453125,1008.504638671875,34.73421096801758
321874,1689.169298437,62.02396011352539,1008.5120239257812,34.734230041503906
321894,1689.188961678,62.07863998413086,1008.5056762695312,34.73424530029297
321914,1689.209679794,61.9802131652832,1008.5170288085938,34.7342643737793
321934,1689.228529652,62.018489837646484,1008.5126342773438,34.73646545410156
321954,1689.249077949,61.95287322998047,1008.5200805664062,34.739219665527344
321974,1689.269172747,61.96928024291992,1008.5184936523438,34.73689651489258
321994,1689.288365617,61.963809967041016,1008.5186767578125,34.736244201660156
322014,1689.308290566,61.963809967041016,1008.5187377929688,34.734642028808594
322034,1689.329806935,61.90365982055664,1008.5256958007812,34.73786163330078
322054,1689.348669788,61.876319885253906,1008.5288696289062,34.739166259765625
322074,1689.36905713,61.925533294677734,1008.5234985351562,34.737945556640625
322094,1689.388672607,61.85991668701172,1008.531005859375,34.74033737182617
322114,1689.40865342,61.985679626464844,1008.5166015625,34.74212646484375
322134,1689.428560305,61.985679626464844,1008.5166015625,34.74212646484375
322154,1689.448742892,62.01301956176758,1008.5131225585938,34.74016571044922
322174,1689.46950326,62.029422760009766,1008.510986328125,34.74090576171875
322194,1689.488953708,62.018489837646484,1008.5123901367188,34.742557525634766
322214,1689.509161186,62.07316970825195,1008.5062255859375,34.7393913269043
322234,1689.529309363,62.051300048828125,1008.5089111328125,34.740318298339844
322254,1689.54944718,61.9802131652832,1008.51708984375,34.74211120605469
322274,1689.568154627,61.88725662231445,1008.5274658203125,34.74345016479492
322294,1689.588493017,61.84351348876953,1008.5325317382812,34.74446487426758
322314,1689.608448551,61.95287322998047,1008.5198364257812,34.74081802368164
322334,1689.628731829,61.94194030761719,1008.5216064453125,34.74138641357422
322354,1689.648087895,61.90913009643555,1008.5252685546875,34.7440185546875
322374,1689.668262606,61.88179016113281,1008.5284423828125,34.74379348754883
322394,1689.689376395,61.85991668701172,1008.53076171875,34.74472427368164
322414,1689.708610079,61.925533294677734,1008.523193359375,34.74431228637695
322434,1689.728330907,61.930999755859375,1008.52294921875,34.74400329589844
322454,1689.748707415,61.88179016113281,1008.5280151367188,34.743778228759766
322474,1689.768415148,61.898193359375,1008.5264892578125,34.74360656738281
322494,1689.789029564,61.95287322998047,1008.5203857421875,34.74128341674805
322514,1689.809290512,61.91460037231445,1008.5248413085938,34.741729736328125
322534,1689.827984405,61.84897994995117,1008.5319213867188,34.7431755065918
322554,1689.848054193,61.8161735534668,1008.5358276367188,34.744258880615234
322574,1689.86889063,61.7669563293457,1008.5414428710938,34.74506759643555
322594,1689.889459822,61.81070327758789,1008.5363159179688,34.745670318603516
322614,1689.909076345,61.783363342285156,1008.5396728515625,34.745033264160156
322634,1689.929256292,61.898193359375,1008.5262451171875,34.741249084472656
322654,1689.949424721,61.84897994995117,1008.531982421875,34.74171447753906
322674,1689.969429708,61.838043212890625,1008.533203125,34.743160247802734
322694,1689.988978085,61.783363342285156,1008.5396728515625,34.74424362182617
322714,1690.008234694,61.832576751708984,1008.5337524414062,34.74394989013672
322734,1690.028638574,61.82710647583008,1008.534912109375,34.74484634399414
322754,1690.049111736,61.73961639404297,1008.5443725585938,34.74661636352539
322774,1690.067948556,61.76149368286133,1008.5424194335938,34.74794006347656
322794,1690.089107737,61.70134353637695,1008.5490112304688,34.74782180786133
322814,1690.108339467,61.77242660522461,1008.5407104492188,34.74775314331055
322834,1690.128345224,61.783363342285156,1008.5397338867188,34.748783111572266
322854,1690.148492117,61.78883361816406,1008.538818359375,34.74955749511719
322874,1690.168468756,61.81070327758789,1008.53662109375,34.750144958496094
322894,1690.188519411,61.876319885253906,1008.5289916992188,34.749488830566406
322914,1690.208922492,61.870853424072266,1008.5296630859375,34.74898910522461
322934,1690.227874579,61.876319885253906,1008.529052734375,34.74861145019531
322954,1690.248401996,61.91460037231445,1008.5245361328125,34.74833679199219
322974,1690.268828982,61.85445022583008,1008.53125,34.74923324584961
322994,1690.288461907,61.799766540527344,1008.5376586914062,34.75100326538086
323014,1690.307576445,61.8161735534668,1008.5361328125,34.750125885009766
323034,1690.328338737,61.84351348876953,1008.532470703125,34.749473571777344
323054,1690.348496893,61.777896881103516,1008.5401611328125,34.74897384643555
323074,1690.367975581,61.94740295410156,1008.5210571289062,34.74861145019531
323094,1690.388177254,61.88725662231445,1008.5277709960938,34.74833679199219
323114,1690.407972439,61.84351348876953,1008.53271484375,34.748130798339844
323134,1690.428875738,61.82164001464844,1008.53515625,34.74797439575195
323154,1690.448292841,61.88725662231445,1008.5275268554688,34.74785614013672
323174,1690.468547527,61.892723083496094,1008.52734375,34.74776840209961
323194,1690.488041197,61.892723083496094,1008.5270385742188,34.74769973754883
323214,1690.508405182,61.832576751708984,1008.5341796875,34.750953674316406
323234,1690.527664272,61.838043212890625,1008.5330810546875,34.75229263305664
323254,1690.548335105,61.76149368286133,1008.5418701171875,34.753292083740234
323274,1690.568965902,61.745086669921875,1008.5438842773438,34.755149841308594
323294,1690.588812341,61.745086669921875,1008.5438842773438,34.755149841308594
323314,1690.607746828,61.75055694580078,1008.5433349609375,34.75434112548828
323334,1690.628210507,61.75602340698242,1008.5427856445312,34.75484085083008
323354,1690.647491117,61.76149368286133,1008.5421752929688,34.75520324707031
323374,1690.667599192,61.777896881103516,1008.54052734375,34.75547790527344
323394,1690.688955166,61.76149368286133,1008.54248046875,34.753482818603516
323414,1690.707988226,61.8161735534668,1008.5357666015625,34.751983642578125
323434,1690.728740442,61.88725662231445,1008.5278930664062,34.7508659362793
323454,1690.747483666,61.84351348876953,1008.5328979492188,34.750022888183594
323474,1690.767820031,61.85991668701172,1008.531005859375,34.75048828125
323494,1690.788582098,61.88179016113281,1008.5284423828125,34.750850677490234
323514,1690.807928647,61.8161735534668,1008.5357666015625,34.75000762939453
323534,1690.827939085,61.85991668701172,1008.5309448242188,34.749385833740234
323554,1690.848492287,61.92006301879883,1008.5241088867188,34.75000762939453
323574,1690.868744837,61.91460037231445,1008.5244140625,34.75048828125
323594,1690.888510714,61.99114990234375,1008.5160522460938,34.7486457824707
323614,1690.9078898,61.96928024291992,1008.5181274414062,34.75055694580078
323634,1690.928517302,61.90913009643555,1008.5250854492188,34.75200271606445
323654,1690.948628294,61.85445022583008,1008.5316772460938,34.75306701660156
323674,1690.967742029,61.85445022583008,1008.5315551757812,34.752777099609375
323694,1690.987524953,61.82164001464844,1008.5354614257812,34.751468658447266
323714,1691.008521205,61.85991668701172,1008.5305786132812,34.75046920776367
323734,1691.02765599,61.90913009643555,1008.525146484375,34.750831604003906
323754,1691.047917844,61.92006301879883,1008.5241088867188,34.75000762939453
323774,1691.068062361,61.892723083496094,1008.5271606445312,34.75046920776367
323794,1691.087400246,61.88725662231445,1008.5279541015625,34.75193405151367
323814,1691.107593337,61.925533294677734,1008.5233154296875,34.75303268432617
323834,1691.127692426,61.96928024291992,1008.518310546875,34.752742767333984
323854,1691.148448046,61.892723083496094,1008.5267944335938,34.75363540649414
323874,1691.167603365,61.90913009643555,1008.5250854492188,34.753204345703125
323894,1691.188030926,61.799766540527344,1008.5377197265625,34.75728225708008
323914,1691.20802394,61.72868347167969,1008.5460205078125,34.75924301147461
323934,1691.227971532,61.75055694580078,1008.5435791015625,34.75740432739258
323954,1691.24838511,61.72321701049805,1008.546875,34.75712966918945
323974,1691.267189455,61.72321701049805,1008.546630859375,34.75692367553711
323994,1691.288448014,61.745086669921875,1008.5438232421875,34.75676727294922
324014,1691.307521595,61.78883361816406,1008.5390625,34.75666427612305
324034,1691.328028053,61.78883361816406,1008.5390625,34.75878143310547
324054,1691.34836805,61.82710647583008,1008.5343627929688,34.75706100463867
324074,1691.367188723,61.898193359375,1008.526611328125,34.75687026977539
324094,1691.387964209,61.84351348876953,1008.5327758789062,34.75673294067383
324114,1691.407054738,61.892723083496094,1008.52685546875,34.756629943847656
324134,1691.427470307,61.84351348876953,1008.5325317382812,34.75874710083008
324154,1691.447980847,61.85445022583008,1008.5317993164062,34.75924301147461
324174,1691.46805932,61.876319885253906,1008.5287475585938,34.75850296020508
324194,1691.487600381,61.876319885253906,1008.5288696289062,34.759056091308594
324214,1691.508407979,61.94194030761719,1008.5213623046875,34.758365631103516
324234,1691.528171301,61.90365982055664,1008.5260620117188,34.757850646972656
324254,1691.547839975,61.88179016113281,1008.5284423828125,34.75747299194336
324274,1691.56791249,61.84351348876953,1008.5326538085938,34.75828170776367
324294,1691.588460547,61.90913009643555,1008.5252075195312,34.757781982421875
324314,1691.607468922,61.85445022583008,1008.5313720703125,34.75962448120117
324334,1691.627754995,61.91460037231445,1008.5247192382812,34.757694244384766
324354,1691.647595108,61.876319885253906,1008.5287475585938,34.75735092163086
324374,1691.666841998,61.86538314819336,1008.5304565429688,34.75709533691406
324394,1691.68729954,61.898193359375,1008.5263061523438,34.75688934326172
324414,1691.707471907,61.925533294677734,1008.5232543945312,34.75674819946289
324434,1691.728049217,61.9747428894043,1008.5177612304688,34.75883102416992
324454,1691.746950678,61.91460037231445,1008.5245361328125,34.760414123535156
324474,1691.766934066,61.91460037231445,1008.5245361328125,34.760414123535156
324494,1691.786999919,61.892723083496094,1008.5269165039062,34.7615852355957
324514,1691.807399659,61.783363342285156,1008.5393676757812,34.7624626159668
324534,1691.827378849,61.70681381225586,1008.54833984375,34.76313400268555
324554,1691.847985717,61.7669563293457,1008.5413818359375,34.76142883300781
324574,1691.866968238,61.73961639404297,1008.5447998046875,34.7612419128418
324594,1691.888548901,61.690406799316406,1008.5502319335938,34.76222229003906
324614,1691.907979813,61.67400360107422,1008.552490234375,34.762943267822266
324634,1691.926954395,61.70134353637695,1008.5491333007812,34.763492584228516
324654,1691.947444377,61.78883361816406,1008.5392456054688,34.761688232421875
324674,1691.967436527,61.783363342285156,1008.5394897460938,34.760345458984375
324694,1691.987753001,61.82710647583008,1008.5344848632812,34.75933074951172
324714,1692.007388278,61.88179016113281,1008.5280151367188,34.75857162475586
324734,1692.027385087,61.838043212890625,1008.5335693359375,34.76020812988281
324754,1692.047503386,61.832576751708984,1008.5338134765625,34.76144790649414
324774,1692.066415247,61.85445022583008,1008.53125,34.762359619140625
324794,1692.088889034,61.8161735534668,1008.5360107421875,34.76194381713867
324814,1692.106745492,61.84351348876953,1008.5328979492188,34.76273727416992
324834,1692.126826704,61.84897994995117,1008.5318603515625,34.76113510131836
324854,1692.146622882,61.77242660522461,1008.5407104492188,34.76213455200195
324874,1692.167164825,61.70681381225586,1008.5482788085938,34.762874603271484
324894,1692.188088079,61.73961639404297,1008.54443359375,34.76344299316406
324914,1692.207531031,61.783363342285156,1008.5396118164062,34.762752532958984
324934,1692.226573545,61.712276458740234,1008.548095703125,34.765541076660156
324954,1692.246496895,61.70681381225586,1008.548583984375,34.765438079833984
324974,1692.267449865,61.72868347167969,1008.5462036132812,34.7653694152832
324994,1692.289625735,61.73961639404297,1008.54443359375,34.764198303222656
325014,1692.306921667,61.73961639404297,1008.5450439453125,34.76222229003906
325034,1692.327563212,61.82710647583008,1008.5346069335938,34.7607421875
325054,1692.346779175,61.81070327758789,1008.5364379882812,34.76404571533203
325074,1692.367743122,61.77242660522461,1008.541015625,34.764320373535156
325094,1692.386686815,61.72868347167969,1008.5457763671875,34.76450729370117
325114,1692.406628424,61.72321701049805,1008.5469360351562,34.76466369628906
325134,1692.427482029,61.77242660522461,1008.5408935546875,34.76478576660156
325154,1692.446558994,61.78883361816406,1008.5391845703125,34.76376724243164
325174,1692.46745942,61.82164001464844,1008.5349731445312,34.764095306396484
325194,1692.486391187,61.799766540527344,1008.5377197265625,34.76325225830078
325214,1692.507623761,61.8161735534668,1008.5360107421875,34.76151657104492
325234,1692.526971504,61.81070327758789,1008.5363159179688,34.763511657714844
325254,1692.547604714,61.71774673461914,1008.5472412109375,34.7661247253418
325274,1692.56691853,61.72321701049805,1008.5465698242188,34.765869140625
325294,1692.587163134,61.712276458740234,1008.5477294921875,34.76457595825195
325314,1692.607465032,61.76149368286133,1008.5418701171875,34.76251220703125
325334,1692.627425913,61.79429626464844,1008.5382080078125,34.76316833496094
325354,1692.646944834,61.72321701049805,1008.5463256835938,34.76585006713867
325374,1692.666185256,61.78883361816406,1008.5389404296875,34.76567840576172
325394,1692.686963088,61.71774673461914,1008.5470581054688,34.765541076660156
325414,1692.706397482,61.712276458740234,1008.5477905273438,34.765438079833984
325434,1692.726462175,61.6849365234375,1008.5509033203125,34.765350341796875
325454,1692.747216505,61.712276458740234,1008.5481567382812,34.763099670410156
325474,1692.766731338,61.76149368286133,1008.54248046875,34.76249694824219
325494,1692.787331694,61.79429626464844,1008.5386352539062,34.76314926147461
325514,1692.806972995,61.832576751708984,1008.5340576171875,34.76144790649414
325534,1692.826245336,61.90365982055664,1008.5260009765625,34.762359619140625
325554,1692.846723185,61.963809967041016,1008.5188598632812,34.76194381713867
325574,1692.866421539,61.95287322998047,1008.5200805664062,34.76273727416992
325594,1692.887539289,61.870853424072266,1008.5296020507812,34.765541076660156
325614,1692.907256987,61.75055694580078,1008.5432739257812,34.768741607666016
325634,1692.926248069,61.77242660522461,1008.5408325195312,34.76782989501953
325654,1692.947539405,61.77242660522461,1008.5408325195312,34.76782989501953
325674,1692.965272302,61.777896881103516,1008.540283203125,34.76715850830078
325694,1692.985842552,61.90913009643555,1008.525390625,34.76664352416992
325714,1693.005971295,61.80523681640625,1008.5369873046875,34.76626205444336
325734,1693.02629882,61.81070327758789,1008.5362548828125,34.764869689941406
325754,1693.045725217,61.79429626464844,1008.5382690429688,34.76493835449219
325774,1693.066439688,61.79429626464844,1008.5383911132812,34.76497268676758
325794,1693.086584728,61.8161735534668,1008.5355224609375,34.767208099365234
325814,1693.106963731,61.832576751708984,1008.5340576171875,34.76449203491211
325834,1693.126387599,61.799766540527344,1008.5377807617188,34.7657470703125
325854,1693.147222671,61.82164001464844,1008.5352172851562,34.766693115234375
325874,1693.166372517,61.8161735534668,1008.535888671875,34.767398834228516
325894,1693.186567674,61.86538314819336,1008.5303955078125,34.76573181152344
325914,1693.206162214,61.90365982055664,1008.5255737304688,34.76667785644531
325934,1693.226724098,61.892723083496094,1008.5272216796875,34.76848220825195
325954,1693.245721952,61.82164001464844,1008.5350341796875,34.769840240478516
325974,1693.2663475,61.8161735534668,1008.5360717773438,34.768672943115234
325994,1693.286988576,61.86538314819336,1008.5299072265625,34.76777648925781
326014,1693.30648565,61.892723083496094,1008.5270385742188,34.76710510253906
326034,1693.326481015,61.870853424072266,1008.5294189453125,34.7688102722168
326054,1693.346773782,61.88179016113281,1008.5285034179688,34.76569747924805
326074,1693.367209172,61.84351348876953,1008.532470703125,34.765541076660156
326094,1693.387431621,61.82164001464844,1008.5354614257812,34.765438079833984
326114,1693.40653161,61.80523681640625,1008.5369873046875,34.767555236816406
326134,1693.425960803,61.81070327758789,1008.5363159179688,34.76695251464844
326154,1693.446901153,61.79429626464844,1008.538330078125,34.76648712158203
326174,1693.466758232,61.73961639404297,1008.5443725585938,34.769447326660156
326194,1693.485813891,61.73961639404297,1008.54443359375,34.76836395263672
326214,1693.506996524,61.66853713989258,1008.5531005859375,34.77085876464844
326234,1693.526426814,61.63572692871094,1008.5569458007812,34.77273178100586
326254,1693.545762486,61.6083869934082,1008.5601196289062,34.77302551269531
326274,1693.566864321,61.690406799316406,1008.5503540039062,34.77324676513672
326294,1693.586632805,61.66306686401367,1008.5537109375,34.77342224121094
326314,1693.605866468,61.72321701049805,1008.54638671875,34.771339416503906
326334,1693.625732842,61.712276458740234,1008.547607421875,34.773094177246094
326354,1693.646516422,61.66853713989258,1008.5530395507812,34.77330017089844
326374,1693.666751985,61.70134353637695,1008.5491333007812,34.77455520629883
326394,1693.685553512,61.69587707519531,1008.550048828125,34.7744026184082
326414,1693.705470338,61.73961639404297,1008.5446166992188,34.77207946777344
326434,1693.726538929,61.734153747558594,1008.5452880859375,34.77474594116211
326454,1693.745751413,61.75055694580078,1008.5435180664062,34.772335052490234
326474,1693.765760245,61.838043212890625,1008.5330200195312,34.770530700683594
326494,1693.786362027,61.79429626464844,1008.5382690429688,34.77027130126953
326514,1693.806122672,61.8161735534668,1008.5358276367188,34.76898193359375
326534,1693.825294307,61.78883361816406,1008.5389404296875,34.77022171020508
326554,1693.84579922,61.85991668701172,1008.5308227539062,34.771148681640625
326574,1693.865340686,61.88179016113281,1008.5283203125,34.7718391418457
326594,1693.885714426,61.88725662231445,1008.5277709960938,34.772369384765625
326614,1693.906431809,61.838043212890625,1008.533203125,34.770545959472656
326634,1693.925835064,61.84351348876953,1008.53271484375,34.772491455078125
326654,1693.946054085,61.82710647583008,1008.5343627929688,34.771751403808594
326674,1693.96594225,61.91460037231445,1008.5248413085938,34.77009963989258
326694,1693.985918465,61.963809967041016,1008.5187377929688,34.77104568481445
326714,1694.005425908,61.876319885253906,1008.5287475585938,34.77177047729492
326734,1694.026135737,61.838043212890625,1008.5335083007812,34.772300720214844
326754,1694.046433936,61.71774673461914,1008.5475463867188,34.7738151550293
326774,1694.065361786,61.80523681640625,1008.536865234375,34.77384948730469
326794,1694.086777304,61.745086669921875,1008.5438842773438,34.773868560791016
326814,1694.106474876,61.657596588134766,1008.5540161132812,34.774986267089844
326834,1694.125360273,61.657596588134766,1008.5540161132812,34.774986267089844
326854,1694.145250831,61.69587707519531,1008.5496826171875,34.77581024169922
326874,1694.165306187,61.71774673461914,1008.5474853515625,34.77644729614258
326894,1694.185928145,61.690406799316406,1008.5501098632812,34.776912689208984
326914,1694.204969479,61.6849365234375,1008.5510864257812,34.77617263793945
326934,1694.225360575,61.62479019165039,1008.5578002929688,34.777809143066406
326954,1694.245660632,61.646663665771484,1008.555419921875,34.7768440246582
326974,1694.265339287,61.586517333984375,1008.562255859375,34.77830505371094
326994,1694.285869985,61.646663665771484,1008.5556640625,34.779422760009766
327014,1694.304872407,61.66306686401367,1008.5537109375,34.77804946899414
327034,1694.325067587,61.641197204589844,1008.5558471679688,34.77921676635742
327054,1694.344767666,61.6849365234375,1008.5511474609375,34.77789306640625
327074,1694.365577952,61.76149368286133,1008.542236328125,34.77799606323242
327094,1694.384746072,61.80523681640625,1008.5371704101562,34.776981353759766
327114,1694.405511869,61.777896881103516,1008.54052734375,34.77732467651367
327134,1694.425580385,61.832576751708984,1008.5337524414062,34.77536392211914
327154,1694.44560628,61.76149368286133,1008.5424194335938,34.77610397338867
327174,1694.465513868,61.71774673461914,1008.5475463867188,34.77667236328125
327194,1694.484837325,61.69587707519531,1008.5499877929688,34.77708435058594
327214,1694.505029983,61.75055694580078,1008.5436401367188,34.77849578857422
327234,1694.525025863,61.72868347167969,1008.5457763671875,34.779563903808594
327254,1694.545757244,61.79429626464844,1008.5385131835938,34.77705001831055
327274,1694.565025125,61.79429626464844,1008.5382080078125,34.77626037597656
327294,1694.584743788,61.81070327758789,1008.5362548828125,34.77787780761719
327314,1694.605558429,61.799766540527344,1008.5377197265625,34.77799606323242
327334,1694.624501177,61.75602340698242,1008.5426635742188,34.77808380126953
327354,1694.645332485,61.783363342285156,1008.5396728515625,34.77923583984375
327374,1694.664722854,61.838043212890625,1008.5336303710938,34.77791213989258
327394,1694.684918435,61.783363342285156,1008.5394897460938,34.77911376953125
327414,1694.705642121,61.783363342285156,1008.5399169921875,34.780025482177734
327434,1694.725073867,61.734153747558594,1008.5455932617188,34.779598236083984
327454,1694.744656682,61.76149368286133,1008.542236328125,34.7781867980957
327474,1694.765586368,61.77242660522461,1008.5408935546875,34.778221130371094
327494,1694.78533882,61.71774673461914,1008.5474243164062,34.779354095458984
327514,1694.804484266,61.71774673461914,1008.5472412109375,34.78019714355469
327534,1694.825477517,61.6849365234375,1008.5513305664062,34.77973556518555
327554,1694.845197802,61.62479019165039,1008.5580444335938,34.78047561645508
327574,1694.865051121,61.6849365234375,1008.5513916015625,34.77994155883789
327594,1694.88460525,61.6029167175293,1008.560546875,34.78064727783203
327614,1694.904587494,61.63025665283203,1008.5572509765625,34.780059814453125
327634,1694.924701369,61.6083869934082,1008.56005859375,34.779632568359375
327654,1694.944848383,61.61385726928711,1008.5594482421875,34.7804069519043
327674,1694.964550567,61.6849365234375,1008.5510864257812,34.77878952026367
327694,1694.985351003,61.66853713989258,1008.552734375,34.77976989746094
327714,1695.004355212,61.76149368286133,1008.5421142578125,34.77830505371094
327734,1695.024050941,61.76149368286133,1008.5419921875,34.778324127197266
327754,1695.044128113,61.75055694580078,1008.5433959960938,34.7772216796875
327774,1695.064992741,61.70134353637695,1008.5488891601562,34.780799865722656
327794,1695.084739293,61.62479019165039,1008.5577392578125,34.78128433227539
327814,1695.104695819,61.6849365234375,1008.5509643554688,34.78164291381836
327834,1695.124432133,61.7669563293457,1008.5416870117188,34.781917572021484
327854,1695.144890246,61.799766540527344,1008.5376586914062,34.782127380371094
327874,1695.165110879,61.77242660522461,1008.540771484375,34.783382415771484
327894,1695.18497045,61.85991668701172,1008.53076171875,34.781005859375
327914,1695.205088066,61.88725662231445,1008.5277099609375,34.781436920166016
327934,1695.224803634,61.84351348876953,1008.5325317382812,34.78176498413086
327954,1695.244330674,61.783363342285156,1008.5399169921875,34.782005310058594
327974,1695.264996215,61.734153747558594,1008.5453491210938,34.783294677734375
327994,1695.284033275,61.75602340698242,1008.542724609375,34.78315734863281
328014,1695.30403604,61.79429626464844,1008.53857421875,34.781951904296875
328034,1695.324670751,61.79429626464844,1008.53857421875,34.781951904296875
328054,1695.344971023,61.81070327758789,1008.5368041992188,34.78104019165039
328074,1695.364107621,61.82164001464844,1008.5353393554688,34.780372619628906
328094,1695.384854873,61.783363342285156,1008.5394897460938,34.78095626831055
328114,1695.404619316,61.79429626464844,1008.5383911132812,34.781402587890625
328134,1695.424805618,61.85445022583008,1008.5311279296875,34.78173065185547
328154,1695.444831841,61.870853424072266,1008.5294189453125,34.781986236572266
328174,1695.463937626,61.85991668701172,1008.5310668945312,34.78217697143555
328194,1695.484065184,61.81070327758789,1008.5363159179688,34.78231430053711
328214,1695.504965129,61.80523681640625,1008.5372924804688,34.78241729736328
328234,1695.525085486,61.79429626464844,1008.538330078125,34.78250503540039
328254,1695.544709907,61.78883361816406,1008.5388793945312,34.782554626464844
328274,1695.564989402,61.82164001464844,1008.5354614257812,34.78260803222656
328294,1695.584696053,61.86538314819336,1008.5299682617188,34.78374099731445
328314,1695.604709521,61.838043212890625,1008.5336303710938,34.78568649291992
328334,1695.624581857,61.799766540527344,1008.5380859375,34.786048889160156
328354,1695.644667308,61.8161735534668,1008.5355834960938,34.78742599487305
328374,1695.66430071,61.75602340698242,1008.5431518554688,34.788455963134766
328394,1695.683884881,61.79429626464844,1008.5385131835938,34.78702926635742
328414,1695.704714121,61.7669563293457,1008.5416259765625,34.787044525146484
328434,1695.724496689,61.77242660522461,1008.5411987304688,34.78818130493164
328454,1695.744604376,61.73961639404297,1008.544921875,34.78682327270508
328474,1695.764818749,61.712276458740234,1008.5480346679688,34.785789489746094
328494,1695.783683081,61.71774673461914,1008.5472412109375,34.7861328125
328514,1695.804687242,61.67400360107422,1008.5521850585938,34.786373138427734
328534,1695.824119218,61.641197204589844,1008.555908203125,34.78766632080078
328554,1695.843704586,61.66853713989258,1008.5532836914062,34.786441802978516
328574,1695.864157033,61.77242660522461,1008.5408935546875,34.78551483154297
328594,1695.884463669,61.72868347167969,1008.5460205078125,34.785926818847656
328614,1695.904460364,61.799766540527344,1008.5377807617188,34.78622055053711
328634,1695.924360282,61.72321701049805,1008.5464477539062,34.78756332397461
328654,1695.943816348,61.6849365234375,1008.5513305664062,34.78855895996094
328674,1695.963778288,61.82164001464844,1008.5353393554688,34.7870979309082
328694,1695.98385599,61.82164001464844,1008.5352783203125,34.786014556884766
328714,1696.004499298,61.783363342285156,1008.5393676757812,34.785186767578125
328734,1696.024406877,61.72868347167969,1008.5460205078125,34.78676986694336
328754,1696.043821572,61.6849365234375,1008.5511474609375,34.7879753112793
328774,1696.064872046,61.78883361816406,1008.5390625,34.78666687011719
328794,1696.084322957,61.898193359375,1008.526123046875,34.78678894042969
328814,1696.104024069,61.799766540527344,1008.5376586914062,34.78687286376953
328834,1696.123982162,61.71774673461914,1008.5473022460938,34.789146423339844
328854,1696.144467213,61.75602340698242,1008.5428466796875,34.78864669799805
328874,1696.163989007,61.80523681640625,1008.5369873046875,34.787166595458984
328894,1696.183352557,61.870853424072266,1008.5297241210938,34.787147521972656
328914,1696.204117652,61.84897994995117,1008.5322265625,34.78824996948242
328934,1696.224333492,61.85445022583008,1008.5313110351562,34.7890739440918
328954,1696.244491229,61.82710647583008,1008.53466796875,34.789695739746094
328974,1696.264311826,61.870853424072266,1008.5293579101562,34.789058685302734
328994,1696.283740633,61.90913009643555,1008.5252075195312,34.789676666259766
329014,1696.303987894,61.88725662231445,1008.5274047851562,34.79014205932617
329034,1696.323699833,61.8161735534668,1008.5360717773438,34.78938674926758
329054,1696.344068317,61.76149368286133,1008.5419921875,34.78993606567383
329074,1696.363921411,61.80523681640625,1008.5372924804688,34.79033279418945
329094,1696.383961862,61.81070327758789,1008.536376953125,34.79064178466797
329114,1696.404851395,61.734153747558594,1008.5452270507812,34.79086685180664
329134,1696.42368474,61.80523681640625,1008.5372314453125,34.78993606567383
329154,1696.44385286,61.80523681640625,1008.5372314453125,34.78993606567383
329174,1696.463336145,61.81070327758789,1008.5364379882812,34.79033279418945
329194,1696.483652358,61.838043212890625,1008.5333862304688,34.7895393371582
329214,1696.504319947,61.88179016113281,1008.528076171875,34.7900390625
329234,1696.523796975,61.870853424072266,1008.5297241210938,34.7904167175293
329254,1696.54372732,61.90913009643555,1008.5254516601562,34.78959274291992
329274,1696.563388791,61.92006301879883,1008.524169921875,34.78788757324219
329294,1696.583968668,61.90913009643555,1008.5254516601562,34.78879928588867
329314,1696.603988222,61.94740295410156,1008.5208129882812,34.78948974609375
329334,1696.623735394,61.90913009643555,1008.5254516601562,34.79000473022461
329354,1696.643332145,61.88725662231445,1008.5274047851562,34.790382385253906
329374,1696.664335307,61.898193359375,1008.5262451171875,34.791778564453125
329394,1696.684453388,61.870853424072266,1008.5294799804688,34.791725158691406
329414,1696.7041806,61.898193359375,1008.5264892578125,34.79277420043945
329434,1696.724333255,61.892723083496094,1008.527099609375,34.79136276245117
329454,1696.743975306,61.86538314819336,1008.5299682617188,34.79251480102539
329474,1696.763973787,61.84897994995117,1008.5318603515625,34.79447937011719
329494,1696.783517294,61.783363342285156,1008.5399169921875,34.79594039916992
329514,1696.805511959,61.72868347167969,1008.5460205078125,34.79704284667969
329534,1696.823806957,61.777896881103516,1008.5400390625,34.79786682128906
329554,1696.844635263,61.86538314819336,1008.5303955078125,34.79628372192383
329574,1696.864421944,61.81070327758789,1008.536376953125,34.796199798583984
329594,1696.883971516,61.876319885253906,1008.5287475585938,34.79724884033203
329614,1696.904733757,61.84351348876953,1008.5328979492188,34.79581832885742
329634,1696.923885865,61.88725662231445,1008.5277099609375,34.79475402832031
329654,1696.943975595,61.94740295410156,1008.5210571289062,34.7939453125
329674,1696.9643401,61.9747428894043,1008.5177612304688,34.79334259033203
329694,1696.983723936,61.963809967041016,1008.5187377929688,34.79509735107422
329714,1697.004044522,61.91460037231445,1008.524658203125,34.79640579223633
329734,1697.023898776,61.898193359375,1008.526611328125,34.797401428222656
329754,1697.043550096,61.84897994995117,1008.5322265625,34.79814147949219
329774,1697.062961773,61.870853424072266,1008.5294189453125,34.79869079589844
329794,1697.083248619,61.838043212890625,1008.5330810546875,34.79690170288086
329814,1697.102667623,61.838043212890625,1008.5330200195312,34.79776382446289
329834,1697.123873971,61.84351348876953,1008.5327758789062,34.79841613769531
329854,1697.143493964,61.777896881103516,1008.5402221679688,34.79999923706055
329874,1697.163969309,61.79429626464844,1008.538330078125,34.800086975097656
329894,1697.183487926,61.71774673461914,1008.5474853515625,34.80125427246094
329914,1697.204033086,61.70134353637695,1008.5489501953125,34.80103302001953
329934,1697.223533266,61.77242660522461,1008.540771484375,34.80086135864258
329954,1697.243097207,61.8161735534668,1008.5357055664062,34.801841735839844
329974,1697.263886728,61.777896881103516,1008.5403442382812,34.80146408081055
329994,1697.283475042,61.876319885253906,1008.5289916992188,34.801185607910156
330014,1697.304404107,61.832576751708984,1008.5337524414062,34.80097961425781
330034,1697.323993985,61.80523681640625,1008.5374145507812,34.80082702636719
330054,1697.343725898,61.84897994995117,1008.5324096679688,34.80070495605469
330074,1697.363180954,61.88179016113281,1008.5283203125,34.79951858520508
330094,1697.383417555,61.88725662231445,1008.5279541015625,34.79972457885742
330114,1697.403557172,61.90913009643555,1008.5252075195312,34.79988098144531
330134,1697.424464635,61.94194030761719,1008.521484375,34.79999923706055
330154,1697.443365378,61.892723083496094,1008.5269165039062,34.800086975097656
330174,1697.462828566,61.84897994995117,1008.5321655273438,34.80015563964844
330194,1697.483453351,61.838043212890625,1008.5333862304688,34.80020523071289
330214,1697.503894213,61.838043212890625,1008.5332641601562,34.80023956298828
330234,1697.523443125,61.86538314819336,1008.5302124023438,34.80137634277344
330254,1697.543732703,61.81070327758789,1008.5362548828125,34.801116943359375
330274,1697.563885496,61.84351348876953,1008.5326538085938,34.80093002319336
330294,1697.583239779,61.870853424072266,1008.5297241210938,34.80077362060547
330314,1697.603354426,61.870853424072266,1008.5297241210938,34.80077362060547
330334,1697.623225375,61.7669563293457,1008.5416259765625,34.805076599121094
330354,1697.642511373,61.799766540527344,1008.5377807617188,34.804988861083984
330374,1697.663077091,61.777896881103516,1008.5400390625,34.80493927001953
330394,1697.683649009,61.799766540527344,1008.5379638671875,34.80488586425781
330414,1697.703432711,61.90365982055664,1008.5258178710938,34.803749084472656
330434,1697.722957527,61.876319885253906,1008.5286254882812,34.80290603637695
330454,1697.743660121,61.925533294677734,1008.5231323242188,34.80227279663086
330474,1697.762947472,61.985679626464844,1008.5162353515625,34.800689697265625
330494,1697.783478597,61.95287322998047,1008.5201416015625,34.80170440673828
330514,1697.802844434,61.925533294677734,1008.5232543945312,34.801361083984375
330534,1697.822613809,61.838043212890625,1008.5332641601562,34.80221939086914
330554,1697.843317064,61.8161735534668,1008.5358276367188,34.801753997802734
330574,1697.862670363,61.82710647583008,1008.5347290039062,34.801395416259766
330594,1697.8829459,61.799766540527344,1008.5377197265625,34.80333709716797
330614,1697.903490149,61.88179016113281,1008.5283203125,34.80259704589844
330634,1697.923616887,61.95833969116211,1008.5197143554688,34.803131103515625
330654,1697.942675882,62.056766510009766,1008.5081787109375,34.80244445800781
330674,1697.963591305,62.01301956176758,1008.5130004882812,34.801910400390625
330694,1697.982553599,61.963809967041016,1008.5186767578125,34.803733825683594
330714,1698.003767048,61.94740295410156,1008.5206298828125,34.803993225097656
330734,1698.022684493,61.95833969116211,1008.51953125,34.80308151245117
330754,1698.042998203,61.88179016113281,1008.5280151367188,34.802391052246094
330774,1698.063055235,61.85445022583008,1008.5311279296875,34.80519485473633
330794,1698.082290587,61.81070327758789,1008.53662109375,34.805076599121094
330814,1698.10311952,61.838043212890625,1008.5336303710938,34.80610656738281
330834,1698.122716444,61.84897994995117,1008.531982421875,34.80466079711914
330854,1698.143248817,61.8161735534668,1008.535888671875,34.80467987060547
330874,1698.16329973,61.81070327758789,1008.5363159179688,34.80359649658203
330894,1698.182276954,61.8161735534668,1008.5358276367188,34.80609130859375
330914,1698.202630591,61.870853424072266,1008.5294799804688,34.805763244628906
330934,1698.222405663,61.799766540527344,1008.5377807617188,34.80660629272461
330954,1698.242625588,61.84897994995117,1008.5318603515625,34.80724334716797
330974,1698.263088313,61.783363342285156,1008.5396728515625,34.80772399902344
330994,1698.2827519,61.777896881103516,1008.54052734375,34.805885314941406
331014,1698.302306139,61.84351348876953,1008.5327758789062,34.805606842041016
331034,1698.322860001,61.85991668701172,1008.5305786132812,34.807586669921875
331054,1698.343127955,61.925533294677734,1008.523193359375,34.805782318115234
331074,1698.362245005,61.9747428894043,1008.5172729492188,34.80552291870117
331094,1698.38223958,61.925533294677734,1008.523193359375,34.806434631347656
331114,1698.402795582,61.94740295410156,1008.5210571289062,34.80712127685547
331134,1698.423307567,61.95833969116211,1008.5195922851562,34.8065185546875
331154,1698.442795768,61.90365982055664,1008.5260620117188,34.808292388916016
331174,1698.462417728,61.88725662231445,1008.5274047851562,34.807395935058594
331194,1698.482615272,61.94194030761719,1008.5215454101562,34.80784606933594
331214,1698.501869277,61.90365982055664,1008.5260009765625,34.81037521362305
331234,1698.522841994,61.93647003173828,1008.522216796875,34.807861328125
331254,1698.54216425,61.9747428894043,1008.5176391601562,34.808189392089844
331274,1698.562706771,61.84351348876953,1008.532470703125,34.810630798339844
331294,1698.582642338,61.95287322998047,1008.5198364257812,34.810272216796875
331314,1698.603079681,61.92006301879883,1008.5238647460938,34.81109619140625
331334,1698.622717876,61.930999755859375,1008.5227661132812,34.809513092041016
331354,1698.642903786,61.99114990234375,1008.515625,34.80942916870117
331374,1698.663417023,62.018489837646484,1008.5125732421875,34.80936050415039
331394,1698.68217261,62.01301956176758,1008.5130004882812,34.81040954589844
331414,1698.702807045,62.00208282470703,1008.5146484375,34.81010055541992
331434,1698.721879584,62.01301956176758,1008.5131225585938,34.81095886230469
331454,1698.742241894,62.01301956176758,1008.5131225585938,34.81095886230469
331474,1698.763165588,61.930999755859375,1008.5224609375,34.81161117553711
331494,1698.783385401,61.88179016113281,1008.5280151367188,34.813194274902344
331514,1698.802072723,61.81070327758789,1008.5363159179688,34.81439971923828
331534,1698.821948031,61.799766540527344,1008.5374755859375,34.81309127807617
331554,1698.842358025,61.86538314819336,1008.5304565429688,34.812110900878906
331574,1698.86265145,61.88725662231445,1008.5279541015625,34.810272216796875
331594,1698.883514557,61.85991668701172,1008.5309448242188,34.812198638916016
331614,1698.902738713,61.8161735534668,1008.5357666015625,34.81364440917969
331634,1698.92239348,61.832576751708984,1008.5343017578125,34.81362533569336
331654,1698.942545713,61.8161735534668,1008.5360107421875,34.81250762939453
331674,1698.963075308,61.892723083496094,1008.5269165039062,34.80946350097656
331694,1698.982118295,61.876319885253906,1008.529052734375,34.81049346923828
331714,1699.002902875,61.898193359375,1008.5263061523438,34.81235122680664
331734,1699.02290203,61.84351348876953,1008.5325317382812,34.812660217285156
331754,1699.041711366,61.870853424072266,1008.5293579101562,34.81178283691406
331774,1699.062745302,61.90913009643555,1008.5254516601562,34.812232971191406
331794,1699.081951428,61.81070327758789,1008.5366821289062,34.815860748291016
331814,1699.102694333,61.85991668701172,1008.5310668945312,34.81529235839844
331834,1699.12288527,61.876319885253906,1008.5291748046875,34.81596374511719
331854,1699.142840443,61.783363342285156,1008.5394287109375,34.81756591796875
331874,1699.162135298,61.77242660522461,1008.5408325195312,34.81766891479492
331894,1699.182600456,61.82164001464844,1008.5352783203125,34.8177375793457
331914,1699.202638933,61.90365982055664,1008.5256958007812,34.817806243896484
331934,1699.221619246,61.898193359375,1008.5265502929688,34.817840576171875
331954,1699.242614423,61.88725662231445,1008.5276489257812,34.815673828125
331974,1699.262600272,61.94194030761719,1008.521484375,34.81513977050781
331994,1699.281635197,61.898193359375,1008.5263061523438,34.81364440917969
332014,1699.302439307,61.92006301879883,1008.5240478515625,34.815826416015625
332034,1699.322137783,61.90913009643555,1008.525390625,34.81525802612305
332054,1699.342178317,61.832576751708984,1008.533935546875,34.81703186035156
332074,1699.362456639,61.91460037231445,1008.5248413085938,34.8172721862793
332094,1699.38187347,61.88179016113281,1008.528564453125,34.81744384765625
332114,1699.402937114,61.925533294677734,1008.5234375,34.81648254394531
332134,1699.422953961,61.94194030761719,1008.521240234375,34.81574249267578
332154,1699.442089915,61.892723083496094,1008.5269165039062,34.81631088256836
332174,1699.46136925,61.84351348876953,1008.5326538085938,34.81782150268555
332194,1699.482355436,61.80523681640625,1008.5369873046875,34.81785583496094
332214,1699.502612292,61.81070327758789,1008.536376953125,34.81679153442383
332234,1699.522361211,61.799766540527344,1008.5374755859375,34.81708526611328
332254,1699.541420097,61.79429626464844,1008.53857421875,34.81950759887695
332274,1699.561942414,61.80523681640625,1008.536865234375,34.82131576538086
332294,1699.582629581,61.783363342285156,1008.5399169921875,34.82269287109375
332314,1699.601893868,61.838043212890625,1008.5333862304688,34.820404052734375
332334,1699.621476672,61.90365982055664,1008.5256958007812,34.819801330566406
332354,1699.641489346,62.00755310058594,1008.5137939453125,34.81603240966797
332374,1699.661629264,61.90913009643555,1008.5252685546875,34.81871795654297
332394,1699.682454405,61.88179016113281,1008.5282592773438,34.82073211669922
332414,1699.701449684,61.9802131652832,1008.5170288085938,34.817840576171875
332434,1699.721606188,61.92006301879883,1008.5240478515625,34.817874908447266
332454,1699.742449486,61.90913009643555,1008.525146484375,34.81789016723633
332474,1699.761362219,61.86538314819336,1008.5299682617188,34.81901168823242
332494,1699.782624655,61.86538314819336,1008.5304565429688,34.820953369140625
332514,1699.802416552,61.898193359375,1008.526123046875,34.820213317871094
332534,1699.821871851,61.93647003173828,1008.5221557617188,34.82184982299805
332554,1699.842263952,61.95287322998047,1008.5198974609375,34.820884704589844
332574,1699.86142738,61.84897994995117,1008.5322265625,34.822349548339844
332594,1699.88215592,61.898193359375,1008.5262451171875,34.82126235961914
332614,1699.901359143,61.898193359375,1008.5262451171875,34.82126235961914
332634,1699.92245996,61.94194030761719,1008.5216674804688,34.820438385009766
332654,1699.941746067,62.029422760009766,1008.5114135742188,34.819820404052734
332674,1699.962340531,62.00208282470703,1008.5143432617188,34.81935501098633
332694,1699.981717632,61.9747428894043,1008.517578125,34.82121276855469
332714,1700.001359969,61.85991668701172,1008.530517578125,34.82260513305664
332734,1700.022455924,61.870853424072266,1008.5298461914062,34.82253646850586
332754,1700.041218083,61.79429626464844,1008.5382080078125,34.8258056640625
332774,1700.062237279,61.77242660522461,1008.540771484375,34.826045989990234
332794,1700.081621231,61.78883361816406,1008.5387573242188,34.826236724853516
332814,1700.101117539,61.75055694580078,1008.543701171875,34.82747268676758
332834,1700.120773599,61.679473876953125,1008.5517578125,34.82509994506836
332854,1700.141408209,61.67400360107422,1008.5524291992188,34.82551193237305
332874,1700.16129807,61.79429626464844,1008.5383911132812,34.82472229003906
332894,1700.181822165,61.745086669921875,1008.5439453125,34.823036193847656
332914,1700.201969343,61.80523681640625,1008.5369873046875,34.8239631652832
332934,1700.221416839,61.84897994995117,1008.5318603515625,34.824668884277344
332954,1700.241972198,61.90365982055664,1008.5258178710938,34.823001861572266
332974,1700.26083842,61.84897994995117,1008.5322265625,34.826148986816406
332994,1700.281107211,61.734153747558594,1008.5452880859375,34.82850646972656
333014,1700.301528389,61.712276458740234,1008.5477294921875,34.82807540893555
333034,1700.321345525,61.78883361816406,1008.538818359375,34.82554626464844
333054,1700.341126517,61.85991668701172,1008.531005859375,34.82365417480469
333074,1700.361531945,61.8161735534668,1008.5355224609375,34.82442855834961
333094,1700.381835432,61.870853424072266,1008.5297241210938,34.822811126708984
333114,1700.401130743,61.734153747558594,1008.5451049804688,34.82381057739258
333134,1700.421567663,61.832576751708984,1008.5343017578125,34.822349548339844
333154,1700.440968196,61.78883361816406,1008.5389404296875,34.82455062866211
333174,1700.46141409,61.832576751708984,1008.5338134765625,34.822914123535156
333194,1700.481960387,61.8161735534668,1008.5361328125,34.82387924194336
333214,1700.50121826,61.81070327758789,1008.5363159179688,34.82570266723633
333234,1700.520800657,61.71774673461914,1008.5472412109375,34.82707977294922
333254,1700.541437374,61.777896881103516,1008.5400390625,34.824790954589844
333274,1700.562093708,61.838043212890625,1008.5330810546875,34.82308578491211
333294,1700.580941015,61.86538314819336,1008.5303955078125,34.82401657104492
333314,1700.601507008,61.82710647583008,1008.5344848632812,34.8258056640625
333334,1700.621423977,61.82164001464844,1008.5354614257812,34.826045989990234
333354,1700.642141476,61.80523681640625,1008.5374145507812,34.826236724853516
333374,1700.661451016,61.892723083496094,1008.52685546875,34.82637405395508
333394,1700.682147427,61.82710647583008,1008.534912109375,34.82647705078125
333414,1700.70209768,61.73961639404297,1008.5447998046875,34.8276481628418
333434,1700.721622069,61.832576751708984,1008.5341796875,34.82522201538086
333454,1700.741888574,61.84351348876953,1008.532470703125,34.82451629638672
333474,1700.760877098,61.84351348876953,1008.532470703125,34.82451629638672
333494,1700.78042605,61.832576751708984,1008.5343017578125,34.82398223876953
333514,1700.800344921,61.82710647583008,1008.5348510742188,34.82577133178711
333534,1700.821912492,61.80523681640625,1008.5369262695312,34.82603073120117
333554,1700.840951561,61.77242660522461,1008.540771484375,34.82841873168945
333574,1700.860422958,61.870853424072266,1008.5294189453125,34.826908111572266
333594,1700.881203309,61.86538314819336,1008.5302124023438,34.827972412109375
333614,1700.900835321,61.832576751708984,1008.5341796875,34.82988357543945
333634,1700.922051669,61.925533294677734,1008.5233154296875,34.828006744384766
333654,1700.940614494,61.88179016113281,1008.5280151367188,34.828800201416016
333674,1700.960927227,61.85445022583008,1008.5317993164062,34.82828140258789
333694,1700.981366018,61.90913009643555,1008.525146484375,34.82900619506836
333714,1701.001392808,61.85991668701172,1008.5307006835938,34.830657958984375
333734,1701.021638329,61.8161735534668,1008.5360107421875,34.83189392089844
333754,1701.04169376,61.82164001464844,1008.5352172851562,34.830604553222656
333774,1701.060596942,61.82164001464844,1008.5352172851562,34.830604553222656
333794,1701.081409987,61.85445022583008,1008.5316162109375,34.82965850830078
333814,1701.100631069,61.80523681640625,1008.5369262695312,34.83003616333008
333834,1701.122452972,61.76149368286133,1008.542236328125,34.83141326904297
333854,1701.140468955,61.75055694580078,1008.5435180664062,34.831363677978516
333874,1701.161423794,61.777896881103516,1008.540283203125,34.83241271972656
333894,1701.181049988,61.76149368286133,1008.5419921875,34.83320236206055
333914,1701.200504068,61.799766540527344,1008.5376586914062,34.833805084228516
333934,1701.221515041,61.799766540527344,1008.5377807617188,34.833152770996094
333954,1701.240620891,61.75602340698242,1008.5426635742188,34.83375549316406
333974,1701.261070743,61.8161735534668,1008.5355834960938,34.8342170715332
333994,1701.281404711,61.81070327758789,1008.5362548828125,34.832359313964844
334014,1701.300044233,61.86538314819336,1008.530029296875,34.83096694946289
334034,1701.322712731,61.838043212890625,1008.5330810546875,34.831016540527344
334054,1701.341197189,61.78883361816406,1008.5391235351562,34.8321533203125
334074,1701.360021529,61.78883361816406,1008.5388793945312,34.830810546875
334094,1701.380402937,61.783363342285156,1008.5393676757812,34.832000732421875
334114,1701.400775675,61.70134353637695,1008.5492553710938,34.83289337158203
334134,1701.421313305,61.799766540527344,1008.5376586914062,34.829158782958984
334154,1701.441124633,61.77242660522461,1008.5411987304688,34.83077621459961
334174,1701.46135579,61.777896881103516,1008.5402221679688,34.82978057861328
334194,1701.480358992,61.76149368286133,1008.5421142578125,34.83122634887695
334214,1701.500139755,61.81070327758789,1008.53662109375,34.831207275390625
334234,1701.520577137,61.80523681640625,1008.536865234375,34.831207275390625
334254,1701.540081997,61.75055694580078,1008.5432739257812,34.83230972290039
334274,1701.56065245,61.73961639404297,1008.5443725585938,34.8331184387207
334294,1701.580094874,61.77242660522461,1008.5407104492188,34.833736419677734
334314,1701.601468578,61.783363342285156,1008.5396118164062,34.83420181274414
334334,1701.620268181,61.70134353637695,1008.5493774414062,34.83454513549805
334354,1701.640572507,61.72868347167969,1008.5460815429688,34.83480453491211
334374,1701.661374832,61.66306686401367,1008.5535888671875,34.838294982910156
334394,1701.680970645,61.734153747558594,1008.5452880859375,34.836524963378906
334414,1701.700843229,61.71774673461914,1008.5473022460938,34.835182189941406
334434,1701.720969519,61.777896881103516,1008.5404663085938,34.83528518676758
334454,1701.740512747,61.73961639404297,1008.5444946289062,34.83535385131836
334474,1701.76042537,61.77242660522461,1008.5410766601562,34.837623596191406
334494,1701.780166425,61.925533294677734,1008.5232543945312,34.83270263671875
334514,1701.800671616,61.930999755859375,1008.5223388671875,34.83342742919922
334534,1701.821043933,61.95287322998047,1008.5204467773438,34.833961486816406
334554,1701.840859948,61.838043212890625,1008.5332641601562,34.83657455444336
334574,1701.86018778,61.85445022583008,1008.5313110351562,34.8363151550293
334594,1701.880722306,61.892723083496094,1008.5272216796875,34.836143493652344
334614,1701.900031789,61.838043212890625,1008.5332641601562,34.83710861206055
334634,1701.920602439,61.925533294677734,1008.5234985351562,34.835628509521484
334654,1701.940040326,61.838043212890625,1008.5330810546875,34.83561325073242
334674,1701.960441354,61.82164001464844,1008.5352172851562,34.83671188354492
334694,1701.979938489,61.799766540527344,1008.5375366210938,34.838623046875
334714,1702.000303718,61.79429626464844,1008.5382690429688,34.838966369628906
334734,1702.020864849,61.799766540527344,1008.5377197265625,34.8381233215332
334754,1702.040718366,61.783363342285156,1008.539794921875,34.83858871459961
334774,1702.060057992,61.870853424072266,1008.5296630859375,34.83782958984375
334794,1702.080368681,61.892723083496094,1008.52734375,34.8372802734375
334814,1702.100436207,61.838043212890625,1008.533203125,34.83795166015625
334834,1702.119391082,61.799766540527344,1008.5376586914062,34.839569091796875
334854,1702.139987386,61.92006301879883,1008.5237426757812,34.83856964111328
334874,1702.160415458,61.898193359375,1008.5263671875,34.84001541137695
334894,1702.179415892,61.90365982055664,1008.5260620117188,34.83891296386719
334914,1702.200437373,61.90365982055664,1008.5260620117188,34.83891296386719
334934,1702.219396561,61.876319885253906,1008.5287475585938,34.83808898925781
334954,1702.24035142,61.88725662231445,1008.5278930664062,34.83745193481445
334974,1702.259532674,61.86538314819336,1008.5301513671875,34.83698654174805
334994,1702.27981941,61.88725662231445,1008.5275268554688,34.83664321899414
335014,1702.300288522,61.86538314819336,1008.5303955078125,34.83856964111328
335034,1702.319314641,61.86538314819336,1008.530029296875,34.84003448486328
335054,1702.339660946,61.86538314819336,1008.5299072265625,34.84111785888672
335074,1702.359806148,61.832576751708984,1008.5338134765625,34.841941833496094
335094,1702.379060448,61.90913009643555,1008.52490234375,34.8414421081543
335114,1702.399420652,61.91460037231445,1008.5247192382812,34.83998107910156
335134,1702.419755552,61.8161735534668,1008.5355224609375,34.8388786315918
335154,1702.439787825,61.838043212890625,1008.533203125,34.83805465698242
335174,1702.459991381,61.88179016113281,1008.5281982421875,34.83853530883789
335194,1702.479251026,61.90365982055664,1008.5259399414062,34.84000015258789
335214,1702.500067005,61.95833969116211,1008.5193481445312,34.83779525756836
335234,1702.519840988,61.930999755859375,1008.5223388671875,34.83724594116211
335254,1702.539204064,61.92006301879883,1008.5238037109375,34.83903503417969
335274,1702.559579449,61.85991668701172,1008.5305786132812,34.84037780761719
335294,1702.579352689,61.8161735534668,1008.5355224609375,34.841373443603516
335314,1702.599760975,61.832576751708984,1008.5341796875,34.83993148803711
335334,1702.620139468,61.838043212890625,1008.533203125,34.84104919433594
335354,1702.639367592,61.85991668701172,1008.5308227539062,34.84187316894531
335374,1702.659728363,61.85445022583008,1008.5316162109375,34.84251022338867
335394,1702.680223872,61.876319885253906,1008.5288696289062,34.84077453613281
335414,1702.699028827,61.86538314819336,1008.5304565429688,34.839481353759766
335434,1702.718970262,61.82710647583008,1008.5343627929688,34.840702056884766
335454,1702.739246188,61.84897994995117,1008.5319213867188,34.84053039550781
335474,1702.759241789,61.85445022583008,1008.5315551757812,34.83929443359375
335494,1702.780672824,61.870853424072266,1008.5296630859375,34.8405647277832
335514,1702.7993786,61.88179016113281,1008.5282592773438,34.841529846191406
335534,1702.819638254,61.85445022583008,1008.5313110351562,34.84113311767578
335554,1702.839370548,61.799766540527344,1008.5374755859375,34.84196090698242
335574,1702.858840811,61.85445022583008,1008.5311279296875,34.84256362915039
335594,1702.879830317,61.85991668701172,1008.531005859375,34.84192657470703
335614,1702.900139827,61.84897994995117,1008.5322265625,34.8414421081543
335634,1702.919801677,61.76149368286133,1008.5418701171875,34.84218215942383
335654,1702.939739241,61.7669563293457,1008.5416870117188,34.84163284301758
335674,1702.959951238,61.7669563293457,1008.5414428710938,34.84231948852539
335694,1702.979092974,61.799766540527344,1008.5380249023438,34.842838287353516
335714,1703.000164757,61.8161735534668,1008.5358276367188,34.843231201171875
335734,1703.019023248,61.838043212890625,1008.5330200195312,34.84352493286133
335754,1703.039640931,61.898193359375,1008.526611328125,34.84373092651367
335774,1703.06045753,61.876319885253906,1008.5286254882812,34.843902587890625
335794,1703.079543275,61.75055694580078,1008.5433349609375,34.844024658203125
335814,1703.098925528,61.69587707519531,1008.550048828125,34.8463134765625
335834,1703.119537578,61.76149368286133,1008.5422973632812,34.844730377197266
335854,1703.139751176,61.91460037231445,1008.5248413085938,34.84244155883789
335874,1703.159735861,61.832576751708984,1008.5338134765625,34.84294128417969
335894,1703.179094542,61.82164001464844,1008.5352783203125,34.843299865722656
335914,1703.199734493,61.82164001464844,1008.5354614257812,34.84247589111328
335934,1703.220380929,61.78883361816406,1008.5391235351562,34.84295654296875
335954,1703.238997526,61.838043212890625,1008.533203125,34.84111785888672
335974,1703.258933369,61.838043212890625,1008.5333251953125,34.84192657470703
335994,1703.279112044,61.85445022583008,1008.5311279296875,34.8414421081543
336014,1703.2999953,61.82710647583008,1008.5346069335938,34.84218215942383
336034,1703.31945251,61.82710647583008,1008.5346069335938,34.84218215942383
336054,1703.339168192,61.838043212890625,1008.5332641601562,34.842735290527344
336074,1703.359455201,61.90365982055664,1008.5260620117188,34.840946197509766
336094,1703.378701933,61.94194030761719,1008.521484375,34.84180450439453
336114,1703.39962966,61.96928024291992,1008.5181884765625,34.84245681762695
336134,1703.419997763,61.96928024291992,1008.5179443359375,34.84294128417969
336154,1703.439732851,61.93647003173828,1008.5221557617188,34.843299865722656
336174,1703.459209159,61.94740295410156,1008.52099609375,34.84467697143555
336194,1703.47861301,61.985679626464844,1008.5165405273438,34.844608306884766
336214,1703.499218649,61.96928024291992,1008.5184326171875,34.84345626831055
336234,1703.519225315,61.930999755859375,1008.52294921875,34.84147644042969
336254,1703.539628062,61.92006301879883,1008.5241088867188,34.84442138671875
336274,1703.559383961,61.898193359375,1008.5263671875,34.84550476074219
336294,1703.5786007,61.838043212890625,1008.5335693359375,34.84632873535156
336314,1703.599063542,61.88179016113281,1008.5285034179688,34.845848083496094
336334,1703.619069228,61.892723083496094,1008.5272216796875,34.84548568725586
336354,1703.639368071,61.898193359375,1008.5265502929688,34.845211029052734
336374,1703.658688137,61.84897994995117,1008.5324096679688,34.84500503540039
336394,1703.6790868,61.88725662231445,1008.5277709960938,34.84375
336414,1703.698750688,61.876319885253906,1008.529296875,34.84500503540039
336434,1703.719277745,61.80523681640625,1008.5369873046875,34.845951080322266
336454,1703.738608113,61.78883361816406,1008.5390625,34.84667205810547
336474,1703.75806829,61.712276458740234,1008.548095703125,34.847206115722656
336494,1703.778973042,61.734153747558594,1008.5455322265625,34.84870529174805
336514,1703.799687141,61.745086669921875,1008.5441284179688,34.847618103027344
336534,1703.81847463,61.712276458740234,1008.548095703125,34.8479118347168
336554,1703.839567514,61.652130126953125,1008.5549926757812,34.84923553466797
336574,1703.85973372,61.6849365234375,1008.55078125,34.8491325378418
336594,1703.878535047,61.76149368286133,1008.54248046875,34.84904861450195
336614,1703.898766023,61.75602340698242,1008.5428466796875,34.85007858276367
336634,1703.919124655,61.876319885253906,1008.5291137695312,34.846466064453125
336654,1703.939811151,61.85991668701172,1008.530517578125,34.845951080322266
336674,1703.959051988,61.832576751708984,1008.533935546875,34.846656799316406
336694,1703.979875726,61.78883361816406,1008.5391845703125,34.847190856933594
336714,1703.999503919,61.799766540527344,1008.5377197265625,34.84758377075195
336734,1704.018985408,61.8161735534668,1008.5358276367188,34.84679412841797
336754,1704.040045791,61.78883361816406,1008.538818359375,34.848392486572266
336774,1704.058627967,61.777896881103516,1008.5404663085938,34.84739685058594
336794,1704.078362693,61.783363342285156,1008.5396118164062,34.84884262084961
336814,1704.099098742,61.75055694580078,1008.5433959960938,34.84884262084961
336834,1704.118800778,61.783363342285156,1008.5396728515625,34.84882354736328
336854,1704.13940351,61.832576751708984,1008.5341796875,34.84882354736328
336874,1704.159352295,61.892723083496094,1008.527099609375,34.851009368896484
336894,1704.179305394,61.90913009643555,1008.5252075195312,34.8471565246582
336914,1704.199253648,61.91460037231445,1008.5244140625,34.84756851196289
336934,1704.218677215,61.930999755859375,1008.5228881835938,34.847877502441406
336954,1704.239419458,61.88179016113281,1008.5280151367188,34.84920120239258
336974,1704.259151696,61.838043212890625,1008.533203125,34.85020065307617
336994,1704.278935666,61.783363342285156,1008.5399169921875,34.850955963134766
337014,1704.297933397,61.75602340698242,1008.5431518554688,34.85150909423828
337034,1704.319196951,61.84351348876953,1008.5328979492188,34.85083770751953
337054,1704.339419331,61.876319885253906,1008.529052734375,34.850318908691406
337074,1704.35934454,61.832576751708984,1008.5341186523438,34.851043701171875
337094,1704.379061005,61.85445022583008,1008.5313110351562,34.84937286376953
337114,1704.398279074,61.82710647583008,1008.534423828125,34.850337982177734
337134,1704.417840205,61.82164001464844,1008.5353393554688,34.85105895996094
337154,1704.439191626,61.82164001464844,1008.5353393554688,34.85105895996094
337174,1704.458931069,61.876319885253906,1008.5291748046875,34.851593017578125
337194,1704.478773044,61.82710647583008,1008.534423828125,34.850887298583984
337214,1704.498251842,61.799766540527344,1008.537841796875,34.85147476196289
337234,1704.519032007,61.832576751708984,1008.5341796875,34.85080337524414
337254,1704.538263841,61.799766540527344,1008.5377197265625,34.85140609741211
337274,1704.55893175,61.84351348876953,1008.5328979492188,34.85074996948242
337294,1704.578854817,61.88725662231445,1008.5275268554688,34.85026931762695
337314,1704.598932463,61.88725662231445,1008.5277709960938,34.849891662597656
337334,1704.618849996,61.876319885253906,1008.5288696289062,34.85071563720703
337354,1704.638429742,61.82164001464844,1008.5352172851562,34.85133743286133
337374,1704.658412307,61.80523681640625,1008.5372924804688,34.85179901123047
337394,1704.678385821,61.838043212890625,1008.5333251953125,34.8521614074707
337414,1704.698751036,61.82710647583008,1008.534423828125,34.852420806884766
337434,1704.717978316,61.72868347167969,1008.5460205078125,34.85260772705078
337454,1704.737625171,61.870853424072266,1008.5296020507812,34.851661682128906
337474,1704.758661014,61.90913009643555,1008.5254516601562,34.84983825683594
337494,1704.778044755,61.88179016113281,1008.5282592773438,34.851783752441406
337514,1704.798401041,61.80523681640625,1008.5372314453125,34.852142333984375
337534,1704.817997457,61.75055694580078,1008.5433349609375,34.85130310058594
337554,1704.83908274,61.72868347167969,1008.546142578125,34.85068130493164
337574,1704.85906714,61.745086669921875,1008.5441284179688,34.85130310058594
337594,1704.879420823,61.777896881103516,1008.5401611328125,34.85068130493164
337614,1704.898064224,61.832576751708984,1008.5343017578125,34.85130310058594
337634,1704.918428556,61.82164001464844,1008.5349731445312,34.851783752441406
337654,1704.93904111,61.82710647583008,1008.534423828125,34.852142333984375
337674,1704.957612403,61.783363342285156,1008.5394897460938,34.85240173339844
337694,1704.979382324,61.799766540527344,1008.5377197265625,34.85260772705078
337714,1704.997976987,61.7669563293457,1008.5416259765625,34.85384750366211
337734,1705.018512578,61.783363342285156,1008.5396728515625,34.85259246826172
337754,1705.038779608,61.82164001464844,1008.53515625,34.852745056152344
337774,1705.057650372,61.898193359375,1008.5265502929688,34.852848052978516
337794,1705.078162855,61.96928024291992,1008.5185546875,34.852935791015625
337814,1705.098818234,61.95833969116211,1008.5194091796875,34.853004455566406
337834,1705.11852991,61.92006301879883,1008.524169921875,34.85195541381836
337854,1705.138959182,61.99114990234375,1008.5157470703125,34.85336685180664
337874,1705.158193621,62.04582977294922,1008.5093383789062,34.85333251953125
337894,1705.177208673,61.99114990234375,1008.5160522460938,34.85439682006836
337914,1705.197899752,61.94194030761719,1008.5216674804688,34.854087829589844
337934,1705.217328901,61.91460037231445,1008.5245971679688,34.85386276245117
337954,1705.237987801,61.96928024291992,1008.5185546875,34.85371017456055
337974,1705.258419759,61.94740295410156,1008.520751953125,34.85247039794922
337994,1705.27758671,61.85991668701172,1008.530517578125,34.8526611328125
338014,1705.297719749,61.892723083496094,1008.527099609375,34.85279846191406
338034,1705.31789618,61.892723083496094,1008.527099609375,34.852901458740234
338054,1705.339019387,61.85445022583008,1008.5311279296875,34.852970123291016
338074,1705.358075432,61.86538314819336,1008.5302124023438,34.854122161865234
338094,1705.37724463,61.82710647583008,1008.5348510742188,34.85389709472656
338114,1705.39780078,61.799766540527344,1008.5376586914062,34.85593032836914
338134,1705.41772791,61.81070327758789,1008.53662109375,34.85523986816406
338154,1705.438945397,61.876319885253906,1008.5288696289062,34.854740142822266
338174,1705.457905279,61.870853424072266,1008.5296630859375,34.855445861816406
338194,1705.477113488,61.90913009643555,1008.525146484375,34.854896545410156
338214,1705.497977264,61.93647003173828,1008.5218505859375,34.85446548461914
338234,1705.517941334,61.94740295410156,1008.5206298828125,34.854156494140625
338254,1705.538764135,61.9802131652832,1008.5170288085938,34.85391616821289
338274,1705.558245325,61.93647003173828,1008.5220947265625,34.85372543334961
338294,1705.57712253,61.93647003173828,1008.5220947265625,34.85372543334961
338314,1705.598041144,61.91460037231445,1008.5248413085938,34.853607177734375
338334,1705.617917831,61.838043212890625,1008.5330810546875,34.85570526123047
338354,1705.639157108,61.82710647583008,1008.534423828125,34.85508728027344
338374,1705.657489821,61.86538314819336,1008.530029296875,34.8546028137207
338394,1705.676973401,61.84897994995117,1008.5318603515625,34.85536193847656
338414,1705.697304887,61.80523681640625,1008.536865234375,34.85591125488281
338434,1705.717823597,61.78883361816406,1008.538818359375,34.85523986816406
338454,1705.739314049,61.79429626464844,1008.5382690429688,34.85582733154297
338474,1705.756898913,61.86538314819336,1008.5299682617188,34.85627365112305
338494,1705.778092313,61.876319885253906,1008.5291748046875,34.85660171508789
338514,1705.79783332,61.925533294677734,1008.523193359375,34.85575866699219
338534,1705.818217387,61.88179016113281,1008.5284423828125,34.85512161254883
338554,1705.839791252,61.84897994995117,1008.5321655273438,34.85573959350586
338574,1705.85727617,61.86538314819336,1008.5302734375,34.857303619384766
338594,1705.877858056,61.85991668701172,1008.5308227539062,34.85737228393555
338614,1705.898153421,61.832576751708984,1008.533935546875,34.85634231567383
338634,1705.917066681,61.84897994995117,1008.5322265625,34.85554885864258
338654,1705.937393115,61.84897994995117,1008.5321044921875,34.8571662902832
338674,1705.957365609,61.79429626464844,1008.5386352539062,34.857269287109375
338694,1705.977250956,61.82164001464844,1008.5354614257812,34.85845947265625
338714,1705.996991378,61.838043212890625,1008.533203125,34.859352111816406
338734,1706.017679796,61.93647003173828,1008.5220947265625,34.85890579223633
338754,1706.037143754,61.88179016113281,1008.5283203125,34.85968017578125
338774,1706.056783909,61.898193359375,1008.5265502929688,34.859161376953125
338794,1706.077084853,61.898193359375,1008.526611328125,34.859867095947266
338814,1706.097041146,61.876319885253906,1008.5291137695312,34.85930252075195
338834,1706.117272479,61.870853424072266,1008.5298461914062,34.859989166259766
338854,1706.137930177,61.832576751708984,1008.5338134765625,34.86048889160156
338874,1706.1573279,61.88725662231445,1008.5278930664062,34.86086654663086
338894,1706.177494234,61.92006301879883,1008.5238647460938,34.86005783081055
338914,1706.197690226,61.90913009643555,1008.525146484375,34.86164093017578
338934,1706.216535058,61.84351348876953,1008.532958984375,34.86282730102539
338954,1706.236883749,61.84897994995117,1008.5324096679688,34.86262130737305
338974,1706.256627425,61.870853424072266,1008.5294189453125,34.862464904785156
338994,1706.276929068,61.930999755859375,1008.5227661132812,34.864566802978516
339014,1706.297139492,61.88725662231445,1008.5277099609375,34.863929748535156
339034,1706.316657023,61.94740295410156,1008.5206298828125,34.86234664916992
339054,1706.336882562,61.95287322998047,1008.5203857421875,34.86225891113281
339074,1706.357678268,61.925533294677734,1008.5234985351562,34.86109161376953
339094,1706.37652528,61.90913009643555,1008.525390625,34.861331939697266
339114,1706.39639734,61.84351348876953,1008.532470703125,34.86040115356445
339134,1706.416506097,61.870853424072266,1008.5294189453125,34.85969543457031
339154,1706.437715231,61.85445022583008,1008.53125,34.86028289794922
339174,1706.456712741,61.94740295410156,1008.52099609375,34.8585090637207
339194,1706.477576409,61.876319885253906,1008.5288696289062,34.8593864440918
339214,1706.496837747,61.870853424072266,1008.5294799804688,34.86003875732422
339234,1706.51732739,61.85991668701172,1008.5309448242188,34.86164093017578
339254,1706.537366962,61.838043212890625,1008.5333862304688,34.861724853515625
339274,1706.557054807,61.898193359375,1008.5262451171875,34.861793518066406
339294,1706.577353585,61.84897994995117,1008.5323486328125,34.86404800415039
339314,1706.596982422,61.925533294677734,1008.523193359375,34.86134719848633
339334,1706.617049284,61.94740295410156,1008.5209350585938,34.86150360107422
339354,1706.636962599,61.94740295410156,1008.5209350585938,34.86164093017578
339374,1706.656565136,61.94740295410156,1008.5206298828125,34.861724853515625
339394,1706.677627483,61.93647003173828,1008.5220336914062,34.861793518066406
339414,1706.697706479,61.90365982055664,1008.5255126953125,34.861846923828125
339434,1706.717805157,61.90365982055664,1008.5255126953125,34.861846923828125
339454,1706.737953202,61.82710647583008,1008.5344848632812,34.86410140991211
339474,1706.757020738,61.892723083496094,1008.52734375,34.861366271972656
339494,1706.776979611,61.930999755859375,1008.522705078125,34.86263656616211
339514,1706.796812462,62.02396011352539,1008.5119018554688,34.86028289794922
339534,1706.817189828,61.93647003173828,1008.5220947265625,34.86071014404297
339554,1706.837542127,61.95287322998047,1008.5204467773438,34.86103820800781
339574,1706.857484782,61.963809967041016,1008.5189819335938,34.86127853393555
339594,1706.876991665,62.02396011352539,1008.5118408203125,34.85926818847656
339614,1706.897948743,61.9802131652832,1008.516845703125,34.85885238647461
339634,1706.917061546,61.930999755859375,1008.5224609375,34.861846923828125
339654,1706.938368087,61.925533294677734,1008.523193359375,34.861881256103516
339674,1706.956872591,61.90913009643555,1008.5249633789062,34.861915588378906
339694,1706.977446323,61.8161735534668,1008.5357055664062,34.8641357421875
339714,1706.997477896,61.876319885253906,1008.52880859375,34.86470413208008
339734,1707.016996438,61.892723083496094,1008.5267944335938,34.86293029785156
339754,1707.037470963,61.898193359375,1008.5265502929688,34.86270523071289
339774,1707.056563656,61.85445022583008,1008.53125,34.86473846435547
339794,1707.075850423,61.870853424072266,1008.5294189453125,34.86625289916992
339814,1707.095852273,61.95287322998047,1008.5204467773438,34.86518478393555
339834,1707.117309089,61.93647003173828,1008.5220336914062,34.8632926940918
339854,1707.136345754,61.963809967041016,1008.5188598632812,34.86296463012695
339874,1707.156787918,61.95287322998047,1008.5203857421875,34.86272430419922
339894,1707.17663127,61.892723083496094,1008.5271606445312,34.862552642822266
339914,1707.197634894,61.86538314819336,1008.5302734375,34.86461639404297
339934,1707.216552623,61.86538314819336,1008.530029296875,34.86616516113281
339954,1707.236471789,61.876319885253906,1008.5289916992188,34.86513137817383
339974,1707.257445554,61.898193359375,1008.5263061523438,34.86654281616211
339994,1707.276940224,61.96928024291992,1008.5184326171875,34.86430740356445
340014,1707.297481048,61.963809967041016,1008.5189819335938,34.863739013671875
340034,1707.316848838,61.996620178222656,1008.51513671875,34.864410400390625
340054,1707.335962791,61.9747428894043,1008.5173950195312,34.86600875854492
340074,1707.356364241,61.963809967041016,1008.5191040039062,34.86721420288086
340094,1707.376368101,62.029422760009766,1008.51123046875,34.86590576171875
340114,1707.396689286,61.95287322998047,1008.5202026367188,34.86494445800781
340134,1707.417034561,61.95287322998047,1008.5199584960938,34.86640548706055
340154,1707.436218054,61.95833969116211,1008.5195922851562,34.86750793457031
340174,1707.456996606,61.93647003173828,1008.522216796875,34.86613082885742
340194,1707.476208387,61.90913009643555,1008.525390625,34.86730194091797
340214,1707.496299434,61.88179016113281,1008.5280151367188,34.86597442626953
340234,1707.516214101,61.892723083496094,1008.5271606445312,34.8671989440918
340254,1707.536666163,61.86538314819336,1008.5299682617188,34.86919403076172
340274,1707.556622908,61.86538314819336,1008.5302734375,34.86740493774414
340294,1707.576770222,61.838043212890625,1008.5336303710938,34.869346618652344
340314,1707.595864055,61.88725662231445,1008.5278930664062,34.867523193359375
340334,1707.616306221,61.892723083496094,1008.5272216796875,34.866146087646484
340354,1707.635792709,61.92006301879883,1008.5239868164062,34.865116119384766
340374,1707.656484625,61.85991668701172,1008.531005859375,34.86544418334961
340394,1707.676382007,61.84897994995117,1008.5318603515625,34.86788558959961
340414,1707.696863042,61.876319885253906,1008.5286254882812,34.86750793457031
340434,1707.715911052,61.898193359375,1008.5264892578125,34.86723327636719
340454,1707.736371812,61.85991668701172,1008.531005859375,34.868125915527344
340474,1707.756583383,61.86538314819336,1008.5302734375,34.86989974975586
340494,1707.777100783,61.88179016113281,1008.5280151367188,34.86793518066406
340514,1707.796932018,61.870853424072266,1008.5296630859375,34.86865997314453
340534,1707.816093542,61.870853424072266,1008.5293579101562,34.86919403076172
340554,1707.83685785,61.838043212890625,1008.5333251953125,34.87070846557617
340574,1707.856559445,61.838043212890625,1008.5333251953125,34.87070846557617
340594,1707.875827539,61.892723083496094,1008.527099609375,34.86962127685547
340614,1707.897073686,61.94194030761719,1008.5215454101562,34.86772918701172
340634,1707.916098206,61.94740295410156,1008.52099609375,34.86740493774414
340654,1707.936905898,61.91460037231445,1008.5244140625,34.868247985839844
340674,1707.956845508,61.90913009643555,1008.525390625,34.87000274658203
340694,1707.97703765,61.88725662231445,1008.5276489257812,34.871307373046875
340714,1707.996638411,61.94194030761719,1008.5213012695312,34.87118911743164
340734,1708.015933333,61.99114990234375,1008.5154418945312,34.87108612060547
340754,1708.035876997,61.99114990234375,1008.5160522460938,34.87101745605469
340774,1708.055946815,61.95833969116211,1008.519287109375,34.872066497802734
340794,1708.076126925,61.93647003173828,1008.5217895507812,34.87175750732422
340814,1708.096378445,61.925533294677734,1008.5234985351562,34.872615814208984
340834,1708.116145654,61.898193359375,1008.526123046875,34.873268127441406
340854,1708.136088567,61.870853424072266,1008.5294799804688,34.872650146484375
340874,1708.156090297,61.90365982055664,1008.5255126953125,34.8722038269043
340894,1708.175601645,61.92006301879883,1008.5238037109375,34.87186050415039
340914,1708.196653196,61.876319885253906,1008.5291748046875,34.87160110473633
340934,1708.216088858,61.838043212890625,1008.533203125,34.871395111083984
340954,1708.235773111,61.799766540527344,1008.5374755859375,34.87235641479492
340974,1708.2553197,61.79429626464844,1008.5383911132812,34.876365661621094
340994,1708.275464424,61.76149368286133,1008.54248046875,34.877193450927734
341014,1708.295693747,61.78883361816406,1008.5390625,34.87669372558594
341034,1708.316402673,61.73961639404297,1008.5443725585938,34.8763313293457
341054,1708.33648563,61.85445022583008,1008.5313720703125,34.87495422363281
341074,1708.355242311,61.838043212890625,1008.5333862304688,34.873924255371094
341094,1708.375119275,61.75602340698242,1008.5428466796875,34.87425231933594
341114,1708.395883125,61.81070327758789,1008.53662109375,34.87449264526367
341134,1708.415399218,61.82164001464844,1008.5354614257812,34.875762939453125
341154,1708.435638092,61.82710647583008,1008.5348510742188,34.87672805786133
341174,1708.455855706,61.88725662231445,1008.5278930664062,34.87744903564453
341194,1708.475990754,61.92006301879883,1008.5240478515625,34.87689971923828
341214,1708.49532165,61.88179016113281,1008.5280151367188,34.87538528442383
341234,1708.515580977,61.91460037231445,1008.5244140625,34.87423324584961
341254,1708.535864244,61.876319885253906,1008.529296875,34.87559127807617
341274,1708.555387353,61.85991668701172,1008.5305786132812,34.8743896484375
341294,1708.575466142,61.85991668701172,1008.531005859375,34.87679672241211
341314,1708.595742412,61.930999755859375,1008.5226440429688,34.875301361083984
341334,1708.615316922,61.90365982055664,1008.5260009765625,34.87858581542969
341354,1708.635360114,61.85445022583008,1008.5316772460938,34.87884521484375
341374,1708.656447274,61.90913009643555,1008.525390625,34.877933502197266
341394,1708.675479684,61.925533294677734,1008.5235595703125,34.877262115478516
341414,1708.695600457,61.870853424072266,1008.5297241210938,34.877845764160156
341434,1708.715069522,61.870853424072266,1008.5296630859375,34.87609100341797
341454,1708.735338915,61.85991668701172,1008.530517578125,34.87696838378906
341474,1708.7551666,61.92006301879883,1008.5236206054688,34.87543869018555
341494,1708.775795304,61.93647003173828,1008.5221557617188,34.87538528442383
341514,1708.795452788,61.898193359375,1008.5265502929688,34.875335693359375
341534,1708.815136037,61.870853424072266,1008.5294189453125,34.87641906738281
341554,1708.835899513,61.85445022583008,1008.5311279296875,34.87940979003906
341574,1708.855417968,61.82710647583008,1008.534423828125,34.878360748291016
341594,1708.875875156,61.79429626464844,1008.538330078125,34.877586364746094
341614,1708.894866047,61.76149368286133,1008.5418701171875,34.880287170410156
341634,1708.915107345,61.79429626464844,1008.5385131835938,34.877933502197266
341654,1708.935530206,61.783363342285156,1008.5396118164062,34.88054656982422
341674,1708.955297962,61.82164001464844,1008.5352783203125,34.87922286987305
341694,1708.975584138,61.82164001464844,1008.5352783203125,34.87922286987305
341714,1708.996048187,61.81070327758789,1008.536376953125,34.87822341918945
341734,1709.014847255,61.75602340698242,1008.5431518554688,34.88077163696289
341754,1709.035264222,61.84351348876953,1008.5328979492188,34.87827682495117
341774,1709.054892759,61.84897994995117,1008.5318603515625,34.87751770019531
341794,1709.075399343,61.77242660522461,1008.5411376953125,34.879154205322266
341814,1709.095117514,61.81070327758789,1008.5364379882812,34.8792724609375
341834,1709.115195773,61.8161735534668,1008.5357666015625,34.878257751464844
341854,1709.135448789,61.86538314819336,1008.530029296875,34.87750244140625
341874,1709.155361846,61.90365982055664,1008.5255126953125,34.87693405151367
341894,1709.175437168,61.84351348876953,1008.532470703125,34.87980651855469
341914,1709.195666105,61.925533294677734,1008.5235595703125,34.8775520324707
341934,1709.214573968,61.93647003173828,1008.5218505859375,34.87807083129883
341954,1709.234721897,61.95287322998047,1008.5204467773438,34.87846374511719
341974,1709.254748327,61.86538314819336,1008.530029296875,34.880958557128906
341994,1709.274742114,61.86538314819336,1008.5302124023438,34.882816314697266
342014,1709.295662479,61.870853424072266,1008.5296630859375,34.88202667236328
342034,1709.31463512,61.75055694580078,1008.5433349609375,34.88362503051758
342054,1709.335482031,61.734153747558594,1008.5454711914062,34.88593292236328
342074,1709.356203977,61.75055694580078,1008.5435180664062,34.88544845581055
342094,1709.375115324,61.77242660522461,1008.5410766601562,34.882904052734375
342114,1709.394339681,61.745086669921875,1008.5440673828125,34.884281158447266
342134,1709.414958034,61.80523681640625,1008.536865234375,34.884212493896484
342154,1709.434356336,61.799766540527344,1008.5380859375,34.885276794433594
342174,1709.45582822,61.80523681640625,1008.5369262695312,34.88276672363281
342194,1709.474733354,61.8161735534668,1008.5357055664062,34.884178161621094
342214,1709.495079178,61.832576751708984,1008.533935546875,34.88193893432617
342234,1709.515223248,61.870853424072266,1008.5294799804688,34.88135528564453
342254,1709.534135041,61.76149368286133,1008.5418701171875,34.88312911987305
342274,1709.556079918,61.73961639404297,1008.5444946289062,34.88445281982422
342294,1709.5749523,61.70134353637695,1008.5493774414062,34.88544845581055
342314,1709.595112117,61.70134353637695,1008.5489501953125,34.88618850708008
342334,1709.615360179,61.6849365234375,1008.55078125,34.88785934448242
342354,1709.634294099,61.73961639404297,1008.5446166992188,34.887996673583984
342374,1709.65612474,61.81070327758789,1008.5364379882812,34.88481521606445
342394,1709.675332748,61.876319885253906,1008.5287475585938,34.88570785522461
342414,1709.69445373,61.898193359375,1008.5266723632812,34.88639450073242
342434,1709.71482287,61.88179016113281,1008.5282592773438,34.88469314575195
342454,1709.735254213,61.94194030761719,1008.5213623046875,34.88343811035156
342474,1709.75504627,61.84897994995117,1008.5318603515625,34.884674072265625
342494,1709.774096459,61.79429626464844,1008.5382690429688,34.886722564697266
342514,1709.794295182,61.898193359375,1008.5262451171875,34.884952545166016
342534,1709.815354801,61.876319885253906,1008.5288696289062,34.88581085205078
342554,1709.835322507,61.838043212890625,1008.5335693359375,34.8864631652832
342574,1709.85497582,61.80523681640625,1008.536865234375,34.886962890625
342594,1709.87504785,61.85445022583008,1008.5314331054688,34.887325286865234
342614,1709.895089714,61.832576751708984,1008.5338134765625,34.888702392578125
342634,1709.914667694,61.80523681640625,1008.5371704101562,34.888633728027344
342654,1709.934336775,61.86538314819336,1008.5302734375,34.888580322265625
342674,1709.953865722,61.832576751708984,1008.5341186523438,34.8907470703125
342694,1709.975024349,61.832576751708984,1008.5337524414062,34.887962341308594
342714,1709.995401914,61.82710647583008,1008.5344848632812,34.88808059692383
342734,1710.015396359,61.86538314819336,1008.5304565429688,34.88596725463867
342754,1710.034707107,61.876319885253906,1008.5291137695312,34.8865852355957
342774,1710.055565001,61.86538314819336,1008.5302124023438,34.884849548339844
342794,1710.075488936,61.82710647583008,1008.534423828125,34.8857421875
342814,1710.094353114,61.81070327758789,1008.5363159179688,34.88641357421875
342834,1710.114701576,61.734153747558594,1008.5452880859375,34.88911437988281
342854,1710.135442864,61.734153747558594,1008.5452880859375,34.88911437988281
342874,1710.155652104,61.734153747558594,1008.545654296875,34.88894271850586
342894,1710.175126407,61.75055694580078,1008.5433349609375,34.88882064819336
342914,1710.1946149,61.75602340698242,1008.5427856445312,34.88871765136719
342934,1710.214640202,61.777896881103516,1008.5400390625,34.888648986816406
342954,1710.235344626,61.76149368286133,1008.5419311523438,34.88859939575195
342974,1710.25408099,61.81070327758789,1008.53662109375,34.88856506347656
342994,1710.274705185,61.84897994995117,1008.5321044921875,34.89073181152344
343014,1710.294686804,61.876319885253906,1008.5291748046875,34.8901481628418
343034,1710.314894318,61.93647003173828,1008.5217895507812,34.88971710205078
343054,1710.334390705,61.90913009643555,1008.5252075195312,34.890506744384766
343074,1710.354646662,61.898193359375,1008.5264892578125,34.89109420776367
343094,1710.3743571,61.84897994995117,1008.5323486328125,34.89372634887695
343114,1710.394246658,61.90913009643555,1008.5254516601562,34.892398834228516
343134,1710.414989803,61.898193359375,1008.5263061523438,34.89470672607422
343154,1710.433914745,61.876319885253906,1008.5288696289062,34.89313888549805
343174,1710.454316285,61.876319885253906,1008.5291748046875,34.893070220947266
343194,1710.473968985,61.838043212890625,1008.5333251953125,34.89410400390625
343214,1710.494807634,61.832576751708984,1008.5341186523438,34.89269256591797
343234,1710.514127774,61.81070327758789,1008.5366821289062,34.894927978515625
343254,1710.534062862,61.876319885253906,1008.5288696289062,34.8922119140625
343274,1710.55365701,61.8161735534668,1008.5355834960938,34.89346694946289
343294,1710.574809572,61.80523681640625,1008.5369262695312,34.893310546875
343314,1710.594067592,61.799766540527344,1008.5380859375,34.89208984375
343334,1710.613584817,61.81070327758789,1008.5363159179688,34.891178131103516
343354,1710.634740235,61.78883361816406,1008.538818359375,34.89269256591797
343374,1710.653578452,61.81070327758789,1008.5366821289062,34.891624450683594
343394,1710.674531574,61.82710647583008,1008.5346069335938,34.89523696899414
343414,1710.693571879,61.88179016113281,1008.5283203125,34.89353561401367
343434,1710.713836411,62.00208282470703,1008.5145874023438,34.89116287231445
343454,1710.734102433,61.9802131652832,1008.51708984375,34.89267349243164
343474,1710.75477833,61.84897994995117,1008.5321044921875,34.8938102722168
343494,1710.773964011,61.82710647583008,1008.5343627929688,34.89356994628906
343514,1710.794598463,61.8161735534668,1008.535888671875,34.894500732421875
343534,1710.813553665,61.77242660522461,1008.540771484375,34.89518737792969
343554,1710.834349445,61.73961639404297,1008.5449829101562,34.89460372924805
343574,1710.854864715,61.66853713989258,1008.5531005859375,34.89525604248047
343594,1710.87468705,61.72321701049805,1008.546875,34.895755767822266
343614,1710.894473808,61.78883361816406,1008.5392456054688,34.8939323425293
343634,1710.9137161,61.72868347167969,1008.5460815429688,34.89475631713867
343654,1710.934464828,61.71774673461914,1008.5470581054688,34.89647674560547
343674,1710.953537203,61.777896881103516,1008.5400390625,34.895565032958984
343694,1710.974388431,61.690406799316406,1008.550537109375,34.89707946777344
343714,1710.994676165,61.7669563293457,1008.5413818359375,34.897132873535156
343734,1711.0134706,61.75055694580078,1008.543701171875,34.89714813232422
343754,1711.033809321,61.712276458740234,1008.548095703125,34.89718246459961
343774,1711.054104513,61.73961639404297,1008.544677734375,34.89830017089844
343794,1711.073789026,61.82710647583008,1008.5347290039062,34.89582443237305
343814,1711.093933472,61.838043212890625,1008.5335083007812,34.896183013916016
343834,1711.11404015,61.78883361816406,1008.5390625,34.89644241333008
343854,1711.134318064,61.88725662231445,1008.5277099609375,34.894447326660156
343874,1711.154260786,61.84897994995117,1008.5322265625,34.89513397216797
343894,1711.173324313,61.84351348876953,1008.532958984375,34.895668029785156
343914,1711.19430302,61.82710647583008,1008.5343627929688,34.89826583862305
343934,1711.213076062,61.783363342285156,1008.5396728515625,34.89910888671875
343954,1711.233205413,61.73961639404297,1008.5450439453125,34.89974594116211
343974,1711.253140006,61.73961639404297,1008.5450439453125,34.89974594116211
343994,1711.273882515,61.79429626464844,1008.5383911132812,34.89801025390625
344014,1711.294242982,61.80523681640625,1008.5372924804688,34.898921966552734
344034,1711.313376502,61.838043212890625,1008.5332641601562,34.896305084228516
344054,1711.333530145,61.79429626464844,1008.5385131835938,34.89762878417969
344074,1711.353855943,61.72321701049805,1008.5467529296875,34.898643493652344
344094,1711.372911588,61.745086669921875,1008.5438842773438,34.898284912109375
344114,1711.393984034,61.6849365234375,1008.5510864257812,34.89912796020508
344134,1711.413454575,61.76149368286133,1008.5422973632812,34.90086364746094
344154,1711.433693444,61.84351348876953,1008.5326538085938,34.89995193481445
344174,1711.453730579,61.85445022583008,1008.5315551757812,34.90038299560547
344194,1711.473093206,61.88179016113281,1008.528564453125,34.89849090576172
344214,1711.493922609,61.898193359375,1008.5265502929688,34.89597702026367
344234,1711.513652412,61.75602340698242,1008.5431518554688,34.89738845825195
344254,1711.533693257,61.783363342285156,1008.5394897460938,34.89845657348633
344274,1711.553361486,61.78883361816406,1008.5391845703125,34.90034866333008
344294,1711.572804316,61.85991668701172,1008.5310668945312,34.90177536010742
344314,1711.593021003,61.86538314819336,1008.5304565429688,34.9028434753418
344334,1711.613259469,61.838043212890625,1008.5335693359375,34.90365219116211
344354,1711.633300639,61.75602340698242,1008.5428466796875,34.90425491333008
344374,1711.653071052,61.712276458740234,1008.5479736328125,34.90690231323242
344394,1711.6727935,61.71774673461914,1008.5473022460938,34.90559387207031
344414,1711.693073906,61.77242660522461,1008.5408935546875,34.904598236083984
344434,1711.713441533,61.876319885253906,1008.529052734375,34.90275573730469
344454,1711.733963076,61.82710647583008,1008.5343627929688,34.90248107910156
344474,1711.75379721,61.85445022583008,1008.5316772460938,34.90117263793945
344494,1711.7733153,61.832576751708984,1008.5337524414062,34.90239334106445
344514,1711.793729414,61.82710647583008,1008.5348510742188,34.90220642089844
344534,1711.812799244,61.84897994995117,1008.531982421875,34.902069091796875
344554,1711.833393646,61.799766540527344,1008.5377197265625,34.9019660949707
344574,1711.853760874,61.783363342285156,1008.5394897460938,34.90298080444336
344594,1711.873720961,61.69587707519531,1008.5498046875,34.90375518798828
344614,1711.89278449,61.734153747558594,1008.5455322265625,34.90432357788086
344634,1711.912834335,61.690406799316406,1008.55029296875,34.90475082397461
344654,1711.932913967,61.646663665771484,1008.5553588867188,34.90507888793945
344674,1711.953052619,61.63572692871094,1008.5568237304688,34.90422058105469
344694,1711.973720609,61.652130126953125,1008.5547485351562,34.90468215942383
344714,1711.993093809,61.712276458740234,1008.5480346679688,34.905025482177734
344734,1712.012909189,61.75602340698242,1008.5431518554688,34.90418243408203
344754,1712.033820224,61.72868347167969,1008.5458984375,34.90464782714844
344774,1712.052794097,61.7669563293457,1008.5415649414062,34.904991149902344
344794,1712.072501149,61.80523681640625,1008.5371704101562,34.90416717529297
344814,1712.093525334,61.777896881103516,1008.540283203125,34.90353012084961
344834,1712.113295417,61.75602340698242,1008.5428466796875,34.9030647277832
344854,1712.132201627,61.78883361816406,1008.5388793945312,34.903804779052734
344874,1712.152677242,61.79429626464844,1008.5386352539062,34.90437316894531
344894,1712.172462611,61.777896881103516,1008.5399780273438,34.90478515625
344914,1712.192950557,61.77242660522461,1008.5410766601562,34.903995513916016
344934,1712.213031416,61.799766540527344,1008.5375366210938,34.904510498046875
344954,1712.233097392,61.6849365234375,1008.5508422851562,34.9070930480957
344974,1712.253236271,61.734153747558594,1008.5451049804688,34.90683364868164
344994,1712.273659923,61.77242660522461,1008.5408935546875,34.90664291381836
345014,1712.292525079,61.82710647583008,1008.534912109375,34.906490325927734
345034,1712.312911467,61.84897994995117,1008.5319213867188,34.9052848815918
345054,1712.33308627,61.799766540527344,1008.5374755859375,34.90547561645508
345074,1712.353417323,61.84897994995117,1008.5324096679688,34.90561294555664
345094,1712.373038787,61.84351348876953,1008.53271484375,34.905731201171875
345114,1712.393384552,61.832576751708984,1008.5341796875,34.905799865722656
345134,1712.413103583,61.870853424072266,1008.5294799804688,34.90807342529297
345154,1712.433060141,61.81070327758789,1008.5366821289062,34.909759521484375
345174,1712.453435168,61.81070327758789,1008.5366821289062,34.909759521484375
345194,1712.472769627,61.92006301879883,1008.5236206054688,34.90882873535156
345214,1712.492600308,61.84351348876953,1008.5325317382812,34.90924072265625
345234,1712.512787603,61.85445022583008,1008.5315551757812,34.908451080322266
345254,1712.533122538,61.832576751708984,1008.533935546875,34.91004943847656
345274,1712.553056306,61.84351348876953,1008.5325317382812,34.909053802490234
345294,1712.572583275,61.81070327758789,1008.53662109375,34.908294677734375
345314,1712.59196733,61.876319885253906,1008.5291748046875,34.90773010253906
345334,1712.612314722,61.81070327758789,1008.5368041992188,34.90731430053711
345354,1712.632534931,61.876319885253906,1008.5291748046875,34.907005310058594
345374,1712.652787241,61.88725662231445,1008.5274047851562,34.90676498413086
345394,1712.672355174,61.90365982055664,1008.5260620117188,34.907676696777344
345414,1712.693122158,61.9747428894043,1008.517333984375,34.90727996826172
345434,1712.71220777,61.94740295410156,1008.5206298828125,34.90917205810547
345454,1712.732698276,61.925533294677734,1008.5232543945312,34.91060256958008
345474,1712.753275336,61.95287322998047,1008.5200805664062,34.91166687011719
345494,1712.772955369,61.91460037231445,1008.5243530273438,34.91246032714844
345514,1712.792642681,61.832576751708984,1008.5341186523438,34.913063049316406
345534,1712.812784631,61.963809967041016,1008.5191040039062,34.91130828857422
345554,1712.833207544,61.930999755859375,1008.5224609375,34.912200927734375
345574,1712.852022517,61.93647003173828,1008.5221557617188,34.9117546081543
345594,1712.872124572,62.029422760009766,1008.5115356445312,34.91032409667969
345614,1712.892244337,61.91460037231445,1008.5244140625,34.911460876464844
345634,1712.912208098,61.90365982055664,1008.5259399414062,34.91340637207031
345654,1712.932350113,61.86538314819336,1008.530029296875,34.91376495361328
345674,1712.952804699,61.88725662231445,1008.5279541015625,34.912940979003906
345694,1712.972971714,61.898193359375,1008.526123046875,34.913421630859375
345714,1712.992700346,61.96928024291992,1008.5185546875,34.911582946777344
345734,1713.01229661,61.963809967041016,1008.5189819335938,34.913490295410156
345754,1713.032079616,61.985679626464844,1008.5165405273438,34.91493606567383
345774,1713.052389173,61.88179016113281,1008.5281982421875,34.914920806884766
345794,1713.072397558,61.94194030761719,1008.5216064453125,34.91270065307617
345814,1713.092488412,61.96928024291992,1008.5185546875,34.91323471069336
345834,1713.112856119,61.90365982055664,1008.5257568359375,34.91364669799805
345854,1713.132112611,61.84351348876953,1008.532470703125,34.91395568847656
345874,1713.153511685,61.870853424072266,1008.5294189453125,34.915279388427734
345894,1713.172512598,61.832576751708984,1008.5338745117188,34.91517639160156
345914,1713.192853592,61.82710647583008,1008.5344848632812,34.91619110107422
345934,1713.212615899,61.7669563293457,1008.5414428710938,34.91696548461914
345954,1713.233138718,61.734153747558594,1008.5452880859375,34.91753387451172
345974,1713.2519306,61.652130126953125,1008.5548706054688,34.917964935302734
345994,1713.272848314,61.734153747558594,1008.5452270507812,34.91719055175781
346014,1713.292091295,61.77242660522461,1008.540771484375,34.915504455566406
346034,1713.312845526,61.832576751708984,1008.533935546875,34.91755294799805
346054,1713.333209601,61.90913009643555,1008.525390625,34.9168815612793
346074,1713.352765547,61.930999755859375,1008.5226440429688,34.91746520996094
346094,1713.372847084,61.82164001464844,1008.5354614257812,34.916812896728516
346114,1713.392776235,61.85445022583008,1008.5317993164062,34.91743087768555
346134,1713.412351491,61.91460037231445,1008.5244140625,34.917877197265625
346154,1713.432048382,61.81070327758789,1008.5368041992188,34.91822052001953
346174,1713.452682609,61.85991668701172,1008.5305786132812,34.91517639160156
346194,1713.472585611,61.95833969116211,1008.5197143554688,34.91730880737305
346214,1713.492045375,61.85445022583008,1008.5314331054688,34.91889190673828
346234,1713.51187769,61.84351348876953,1008.5326538085938,34.917877197265625
346254,1713.532586785,61.85991668701172,1008.53076171875,34.91822052001953
346274,1713.552348305,61.892723083496094,1008.527099609375,34.91737747192383
346294,1713.57353528,61.898193359375,1008.5263061523438,34.91896057128906
346314,1713.592239013,61.898193359375,1008.5263061523438,34.91896057128906
346334,1713.611880492,61.925533294677734,1008.5233154296875,34.92013168334961
346354,1713.631355246,61.96928024291992,1008.5184326171875,34.91990661621094
346374,1713.651722645,61.99114990234375,1008.5160522460938,34.91975402832031
346394,1713.672614139,61.9802131652832,1008.5167846679688,34.92073440551758
346414,1713.691702714,61.963809967041016,1008.5189819335938,34.92035675048828
346434,1713.711950852,61.94740295410156,1008.5208129882812,34.91897964477539
346454,1713.731924105,61.91460037231445,1008.5245361328125,34.91904830932617
346474,1713.752040649,61.925533294677734,1008.5232543945312,34.919097900390625
346494,1713.772328239,61.99114990234375,1008.5159301757812,34.919151306152344
346514,1713.79146925,62.00208282470703,1008.5142822265625,34.918067932128906
346534,1713.811605085,62.00208282470703,1008.514404296875,34.91837692260742
346554,1713.832615899,62.00208282470703,1008.514404296875,34.918601989746094
346574,1713.852527718,62.029422760009766,1008.5115356445312,34.919857025146484
346594,1713.871935059,62.018489837646484,1008.5123901367188,34.918617248535156
346614,1713.892323803,62.00208282470703,1008.5145263671875,34.91877365112305
346634,1713.912435178,61.90365982055664,1008.5258178710938,34.92219543457031
346654,1713.932057251,61.88179016113281,1008.5280151367188,34.92255783081055
346674,1713.952784022,61.99114990234375,1008.5155029296875,34.920631408691406
346694,1713.971449371,61.963809967041016,1008.5189819335938,34.92138671875
346714,1713.992038144,61.95833969116211,1008.5195922851562,34.91975402832031
346734,1714.011891824,61.95833969116211,1008.51953125,34.92073440551758
346754,1714.03213277,61.91460037231445,1008.5245971679688,34.92147445678711
346774,1714.052376405,61.925533294677734,1008.5234375,34.92202377319336
346794,1714.071963863,61.99114990234375,1008.5156860351562,34.92243576049805
346814,1714.090966609,61.95287322998047,1008.5204467773438,34.92274475097656
346834,1714.111153648,62.04582977294922,1008.5093383789062,34.922969818115234
346854,1714.130848747,61.95833969116211,1008.5196533203125,34.92424392700195
346874,1714.151684194,61.9802131652832,1008.5167846679688,34.92410659790039
346894,1714.171632124,61.88725662231445,1008.5279541015625,34.92398452758789
346914,1714.192037479,61.90365982055664,1008.5259399414062,34.92391586303711
346934,1714.211729778,62.02396011352539,1008.5120849609375,34.92384719848633
346954,1714.23097989,61.930999755859375,1008.5227661132812,34.924896240234375
346974,1714.251388344,61.84351348876953,1008.5326538085938,34.925689697265625
346994,1714.272179903,61.8161735534668,1008.5357055664062,34.92518997192383
347014,1714.291724946,61.88725662231445,1008.5274047851562,34.92591094970703
347034,1714.311478596,61.90913009643555,1008.525390625,34.92534255981445
347054,1714.332354027,61.876319885253906,1008.5291137695312,34.924930572509766
347074,1714.35233805,61.84897994995117,1008.5319213867188,34.92460632324219
347094,1714.372324074,61.82164001464844,1008.5353393554688,34.924381256103516
347114,1714.391414924,61.75055694580078,1008.5432739257812,34.924190521240234
347134,1714.411428406,61.84897994995117,1008.5319213867188,34.924072265625
347154,1714.430991738,61.777896881103516,1008.540283203125,34.926170349121094
347174,1714.451455777,61.777896881103516,1008.5399780273438,34.927734375
347194,1714.471350168,61.92006301879883,1008.5239868164062,34.926719665527344
347214,1714.492096978,61.79429626464844,1008.5385131835938,34.92706298828125
347234,1714.511166391,61.8161735534668,1008.5360717773438,34.92730712890625
347254,1714.531761287,61.94194030761719,1008.5216674804688,34.92529296875
347274,1714.552031567,61.925533294677734,1008.5235595703125,34.92599868774414
347294,1714.571336957,61.925533294677734,1008.5235595703125,34.925411224365234
347314,1714.591214113,61.86538314819336,1008.5304565429688,34.926082611083984
347334,1714.610667905,61.84897994995117,1008.5324096679688,34.92658233642578
347354,1714.631340023,61.832576751708984,1008.5343017578125,34.926944732666016
347374,1714.650972085,61.90913009643555,1008.5252075195312,34.9261360168457
347394,1714.671600651,61.96928024291992,1008.5184936523438,34.92551803588867
347414,1714.691059805,62.01301956176758,1008.5131225585938,34.925052642822266
347434,1714.711563506,62.02396011352539,1008.5119018554688,34.92580795288086
347454,1714.730864306,62.02396011352539,1008.5119018554688,34.92580795288086
347474,1714.75133636,62.03489303588867,1008.5106811523438,34.92637634277344
347494,1714.770912584,62.0841064453125,1008.5050048828125,34.925689697265625
347514,1714.791589472,62.06769943237305,1008.507080078125,34.92518997192383
347534,1714.811812976,62.051300048828125,1008.508544921875,34.92591094970703
347554,1714.831391467,62.13331985473633,1008.4992065429688,34.92534255981445
347574,1714.851427454,62.07316970825195,1008.5064086914062,34.92713165283203
347594,1714.871303732,62.051300048828125,1008.5089111328125,34.92845916748047
347614,1714.890835095,62.018489837646484,1008.5126953125,34.92837142944336
347634,1714.911383656,62.00208282470703,1008.5142822265625,34.92718505859375
347654,1714.931601656,62.04035949707031,1008.5098876953125,34.92741012573242
347674,1714.951166485,62.04582977294922,1008.50927734375,34.928680419921875
347694,1714.971611576,62.051300048828125,1008.5084838867188,34.92962646484375
347714,1714.991801787,62.06769943237305,1008.507080078125,34.928131103515625
347734,1715.010576529,62.09503936767578,1008.5034790039062,34.9270133972168
347754,1715.031615808,62.17159652709961,1008.4950561523438,34.92839050292969
347774,1715.051465262,62.13331985473633,1008.4994506835938,34.929405212402344
347794,1715.071106838,62.11691665649414,1008.5012817382812,34.930179595947266
347814,1715.091444824,62.00755310058594,1008.5137329101562,34.92854309082031
347834,1715.11092216,62.00755310058594,1008.5137329101562,34.92732238769531
347854,1715.130784154,62.029422760009766,1008.510986328125,34.92641067504883
347874,1715.150912049,62.018489837646484,1008.5126953125,34.92792510986328
347894,1715.170827551,61.95287322998047,1008.5200805664062,34.9312629699707
347914,1715.190635311,62.056766510009766,1008.5078735351562,34.93046951293945
347934,1715.210907085,61.9802131652832,1008.5171508789062,34.92987060546875
347954,1715.230324845,61.99114990234375,1008.5159912109375,34.93052291870117
347974,1715.251752459,61.996620178222656,1008.5148315429688,34.93100357055664
347994,1715.270647464,62.03489303588867,1008.5104370117188,34.93028259277344
348014,1715.290745656,62.029422760009766,1008.5111694335938,34.92972946166992
348034,1715.310933314,61.985679626464844,1008.5166015625,34.930419921875
348054,1715.331632515,61.99114990234375,1008.5160522460938,34.928733825683594
348074,1715.350467747,61.930999755859375,1008.5223999023438,34.93186569213867
348094,1715.371474591,61.930999755859375,1008.5225830078125,34.9320182800293
348114,1715.390350126,61.898193359375,1008.526123046875,34.93434143066406
348134,1715.410858194,61.898193359375,1008.5265502929688,34.933876037597656
348154,1715.431339111,61.93647003173828,1008.5217895507812,34.93241500854492
348174,1715.451520368,61.94740295410156,1008.5209350585938,34.931331634521484
348194,1715.470754212,61.91460037231445,1008.5245361328125,34.93052291870117
348214,1715.490391013,61.94194030761719,1008.5211791992188,34.93100357055664
348234,1715.510383998,62.01301956176758,1008.5133666992188,34.932464599609375
348254,1715.5306971,62.00208282470703,1008.5143432617188,34.932464599609375
348274,1715.550534407,61.996620178222656,1008.5149536132812,34.93356704711914
348294,1715.57045708,62.0841064453125,1008.5047607421875,34.933292388916016
348314,1715.590639431,62.04035949707031,1008.5103149414062,34.93528747558594
348334,1715.611522926,62.02396011352539,1008.5118408203125,34.9345817565918
348354,1715.631495705,61.9802131652832,1008.5170288085938,34.9362678527832
348374,1715.651325773,62.062232971191406,1008.507568359375,34.93532180786133
348394,1715.670619983,62.04035949707031,1008.5100708007812,34.934600830078125
348414,1715.691624815,61.95833969116211,1008.5197143554688,34.93406677246094
348434,1715.711967264,61.93647003173828,1008.5217895507812,34.93477249145508
348454,1715.730914695,61.95833969116211,1008.51953125,34.933101654052734
348474,1715.751113114,62.04035949707031,1008.5098266601562,34.931846618652344
348494,1715.771113785,61.95833969116211,1008.519287109375,34.9342041015625
348514,1715.791546475,61.930999755859375,1008.5223388671875,34.93597412109375
348534,1715.811329054,61.90913009643555,1008.5252685546875,34.935096740722656
348554,1715.831825561,61.84351348876953,1008.532470703125,34.934444427490234
348574,1715.850838391,61.892723083496094,1008.5272216796875,34.93394470214844
348594,1715.87139232,61.892723083496094,1008.5272216796875,34.93394470214844
348614,1715.891457441,61.777896881103516,1008.5403442382812,34.935787200927734
348634,1715.910545641,61.77242660522461,1008.5410766601562,34.93606185913086
348654,1715.930568195,61.734153747558594,1008.5453491210938,34.93737030029297
348674,1715.951303435,61.76149368286133,1008.5424194335938,34.93614959716797
348694,1715.970304109,61.84351348876953,1008.532958984375,34.93741989135742
348714,1715.991081272,61.85445022583008,1008.5313110351562,34.938385009765625
348734,1716.010367895,61.876319885253906,1008.529296875,34.9358024597168
348754,1716.031127353,61.94740295410156,1008.5206298828125,34.93717956542969
348774,1716.050163065,61.92006301879883,1008.5237426757812,34.93599319458008
348794,1716.07097932,61.9747428894043,1008.5177001953125,34.93731689453125
348814,1716.089953673,61.870853424072266,1008.5294189453125,34.938316345214844
348834,1716.110609206,61.832576751708984,1008.5340576171875,34.93795394897461
348854,1716.131541427,61.90365982055664,1008.5259399414062,34.93657684326172
348874,1716.150746402,61.86538314819336,1008.530029296875,34.93776321411133
348894,1716.169964503,61.8161735534668,1008.5360107421875,34.936439514160156
348914,1716.19015751,61.82164001464844,1008.5349731445312,34.937644958496094
348934,1716.209713775,61.88725662231445,1008.5277709960938,34.93635559082031
348954,1716.230089107,61.95287322998047,1008.5199584960938,34.93539047241211
348974,1716.250934835,61.94740295410156,1008.520751953125,34.93465042114258
348994,1716.270412818,61.94740295410156,1008.5206909179688,34.93632125854492
349014,1716.290183487,61.985679626464844,1008.5166015625,34.937557220458984
349034,1716.311033934,61.86538314819336,1008.5299682617188,34.9384880065918
349054,1716.330507598,61.985679626464844,1008.5161743164062,34.93699264526367
349074,1716.350994327,61.9747428894043,1008.5177001953125,34.935855865478516
349094,1716.370440061,61.898193359375,1008.5262451171875,34.939414978027344
349114,1716.390186455,61.85445022583008,1008.5315551757812,34.93988037109375
349134,1716.410724399,61.925533294677734,1008.5234375,34.940223693847656
349154,1716.43039242,62.00755310058594,1008.5134887695312,34.94049835205078
349174,1716.450094455,61.94740295410156,1008.520751953125,34.94068908691406
349194,1716.470361916,61.94740295410156,1008.520751953125,34.94084548950195
349214,1716.490693091,61.90365982055664,1008.5260620117188,34.940948486328125
349234,1716.509908073,62.00208282470703,1008.514404296875,34.93993377685547
349254,1716.530529177,62.029422760009766,1008.5110473632812,34.93807601928711
349274,1716.549584102,62.00755310058594,1008.513671875,34.93776321411133
349294,1716.570304513,62.0841064453125,1008.5051879882812,34.936439514160156
349314,1716.590467845,62.04035949707031,1008.509765625,34.93545913696289
349334,1716.610944959,62.04035949707031,1008.5101928710938,34.9347038269043
349354,1716.631352746,61.93647003173828,1008.5221557617188,34.93635559082031
349374,1716.650092423,62.00208282470703,1008.5142211914062,34.93647384643555
349394,1716.670858968,62.01301956176758,1008.51318359375,34.937679290771484
349414,1716.690407935,62.062232971191406,1008.5073852539062,34.93859100341797
349434,1716.711377719,62.07863998413086,1008.50537109375,34.93926239013672
349454,1716.731374456,62.062232971191406,1008.5076293945312,34.940860748291016
349474,1716.751077446,61.985679626464844,1008.5162963867188,34.94096374511719
349494,1716.770140268,61.898193359375,1008.5265502929688,34.94325256347656
349514,1716.790297348,61.84351348876953,1008.53271484375,34.9449577331543
349534,1716.810881615,61.88725662231445,1008.5279541015625,34.94624710083008
349554,1716.830019554,61.92006301879883,1008.5236206054688,34.94500732421875
349574,1716.850907692,61.95287322998047,1008.5202026367188,34.9440803527832
349594,1716.87028674,62.018489837646484,1008.5125732421875,34.94337463378906
349614,1716.89111008,61.95287322998047,1008.5198974609375,34.94285583496094
349634,1716.910271798,61.925533294677734,1008.5230102539062,34.94246292114258
349654,1716.930834345,61.925533294677734,1008.5233154296875,34.94437026977539
349674,1716.950739752,61.876319885253906,1008.5288696289062,34.945796966552734
349694,1716.970372939,61.82710647583008,1008.5348510742188,34.944664001464844
349714,1716.989936279,61.91460037231445,1008.5245971679688,34.94491958618164
349734,1717.010275375,61.91460037231445,1008.5245971679688,34.94491958618164
349754,1717.030753269,61.870853424072266,1008.5297241210938,34.94621276855469
349774,1717.049739164,61.91460037231445,1008.524658203125,34.946075439453125
349794,1717.07071047,61.93647003173828,1008.5220336914062,34.94709014892578
349814,1717.090250888,61.91460037231445,1008.5244140625,34.94562530517578
349834,1717.110124726,61.92006301879883,1008.5236206054688,34.944541931152344
349854,1717.129038199,61.96928024291992,1008.5178833007812,34.94373321533203
349874,1717.15013191,61.94194030761719,1008.5215454101562,34.942012786865234
349894,1717.16892768,61.95287322998047,1008.5198974609375,34.94292449951172
349914,1717.189782155,62.02396011352539,1008.5118408203125,34.9436149597168
349934,1717.2101992,62.04035949707031,1008.5098876953125,34.94523239135742
349954,1717.230254803,62.07863998413086,1008.505859375,34.944252014160156
349974,1717.250131409,62.105979919433594,1008.5025024414062,34.94571304321289
349994,1717.269271038,62.00755310058594,1008.5137329101562,34.94459533691406
350014,1717.289888023,62.07316970825195,1008.5064086914062,34.94376754760742
350034,1717.308856268,62.06769943237305,1008.5068359375,34.945350646972656
350054,1717.329198691,61.99114990234375,1008.5156860351562,34.9443359375
350074,1717.348889378,62.00755310058594,1008.5140380859375,34.944679260253906
350094,1717.369094828,61.95833969116211,1008.5192260742188,34.94712448120117
350114,1717.389503625,61.96928024291992,1008.5178833007812,34.9478645324707
350134,1717.409851558,62.14971923828125,1008.4974975585938,34.94622802734375
350154,1717.428835083,62.14971923828125,1008.4974975585938,34.94719314575195
350174,1717.449251568,62.089576721191406,1008.5044555664062,34.946815490722656
350194,1717.469506566,61.88179016113281,1008.5280151367188,34.9487419128418
350214,1717.490911322,61.91460037231445,1008.5243530273438,34.949066162109375
350234,1717.509880281,61.93647003173828,1008.522216796875,34.94822311401367
350254,1717.528856341,61.94194030761719,1008.521484375,34.94758605957031
350274,1717.54935624,61.876319885253906,1008.529052734375,34.94820785522461
350294,1717.568986848,61.84897994995117,1008.5318603515625,34.94868850708008
350314,1717.589497942,61.91460037231445,1008.524658203125,34.949031829833984
350334,1717.609434558,61.96928024291992,1008.5184936523438,34.94709014892578
350354,1717.629527928,61.996620178222656,1008.5147705078125,34.947845458984375
350374,1717.648478711,61.99114990234375,1008.5158081054688,34.94841384887695
350394,1717.668945413,62.029422760009766,1008.5114135742188,34.94882583618164
350414,1717.690506588,62.056766510009766,1008.5082397460938,34.94693374633789
350434,1717.708451468,62.111446380615234,1008.5017700195312,34.94772720336914
350454,1717.729252804,62.00755310058594,1008.5139770507812,34.94941329956055
350474,1717.749141277,61.985679626464844,1008.5166015625,34.9495849609375
350494,1717.768582823,61.9802131652832,1008.5170288085938,34.95192337036133
350514,1717.788769447,61.963809967041016,1008.5188598632812,34.95145797729492
350534,1717.809692341,62.029422760009766,1008.5111694335938,34.95001220703125
350554,1717.828850281,61.99114990234375,1008.5159301757812,34.95003128051758
350574,1717.849315564,61.99114990234375,1008.515380859375,34.95004653930664
350594,1717.869700896,61.996620178222656,1008.5150756835938,34.95006561279297
350614,1717.889308394,62.056766510009766,1008.5078735351562,34.95116424560547
350634,1717.9095712,62.03489303588867,1008.510498046875,34.95199203491211
350654,1717.928988204,62.09503936767578,1008.5036010742188,34.9515266418457
350674,1717.949647172,62.06769943237305,1008.5071411132812,34.952266693115234
350694,1717.968857961,62.07316970825195,1008.5062866210938,34.951717376708984
350714,1717.98852371,62.089576721191406,1008.5042724609375,34.950218200683594
350734,1718.009789291,62.06769943237305,1008.506591796875,34.9501838684082
350754,1718.028851711,61.94194030761719,1008.5215454101562,34.952354431152344
350774,1718.049710835,62.00755310058594,1008.5135498046875,34.95398712158203
350794,1718.068866508,61.9747428894043,1008.5177612304688,34.953025817871094
350814,1718.088852409,61.88179016113281,1008.5285034179688,34.95338439941406
350834,1718.109459003,61.91460037231445,1008.5248413085938,34.95365905761719
350854,1718.128536418,61.91460037231445,1008.5248413085938,34.95365905761719
350874,1718.148765277,61.985679626464844,1008.5165405273438,34.95276641845703
350894,1718.169260852,62.01301956176758,1008.5130004882812,34.95319747924805
350914,1718.189351404,62.06769943237305,1008.5065307617188,34.953521728515625
350934,1718.208381783,62.06769943237305,1008.5070190429688,34.95266342163086
350954,1718.228529854,62.111446380615234,1008.5020751953125,34.9520263671875
350974,1718.248837127,62.0841064453125,1008.5050048828125,34.95264434814453
350994,1718.26923465,62.056766510009766,1008.5082397460938,34.95310974121094
351014,1718.289293962,62.11691665649414,1008.5009765625,34.94905090332031
351034,1718.309022186,62.09503936767578,1008.5037231445312,34.95151138305664
351054,1718.328355498,62.089576721191406,1008.5044555664062,34.95335006713867
351074,1718.348864155,62.111446380615234,1008.501708984375,34.95254135131836
351094,1718.36884001,62.07316970825195,1008.5060424804688,34.95192337036133
351114,1718.388690908,62.00208282470703,1008.5145263671875,34.95257568359375
351134,1718.40845057,61.996620178222656,1008.5153198242188,34.954158782958984
351154,1718.428552068,62.02396011352539,1008.5118408203125,34.955345153808594
351174,1718.449208642,62.03489303588867,1008.5108642578125,34.95512390136719
351194,1718.468302138,62.029422760009766,1008.5114135742188,34.95606994628906
351214,1718.488365393,62.105979919433594,1008.5022583007812,34.9567756652832
351234,1718.508908121,62.111446380615234,1008.5018310546875,34.957305908203125
351254,1718.52799659,62.10050964355469,1008.5029296875,34.95770263671875
351274,1718.54927906,62.122379302978516,1008.5003051757812,34.9579963684082
351294,1718.568474446,61.996620178222656,1008.5151977539062,34.95821762084961
351314,1718.588733229,62.062232971191406,1008.507568359375,34.95949172973633
351334,1718.607887679,62.105979919433594,1008.5022583007812,34.95823669433594
351354,1718.627302461,62.04035949707031,1008.5103149414062,34.95840835571289
351374,1718.647379534,62.06769943237305,1008.5069580078125,34.957427978515625
351394,1718.667353313,62.07863998413086,1008.5056762695312,34.956687927246094
351414,1718.68742716,62.07316970825195,1008.5062255859375,34.956138610839844
351434,1718.708136688,62.02396011352539,1008.5118408203125,34.956825256347656
351454,1718.728261456,62.01301956176758,1008.51318359375,34.95844268798828
351474,1718.748112131,62.029422760009766,1008.5115356445312,34.95856475830078
351494,1718.768522384,62.00208282470703,1008.5143432617188,34.958648681640625
351514,1718.788907981,61.92006301879883,1008.5238647460938,34.96090316772461
351534,1718.808453374,61.93647003173828,1008.522216796875,34.96040344238281
351554,1718.828661032,61.9802131652832,1008.5171508789062,34.960025787353516
351574,1718.848092657,62.02396011352539,1008.5117797851562,34.95975112915039
351594,1718.868025256,62.051300048828125,1008.508544921875,34.95732498168945
351614,1718.889106517,62.02396011352539,1008.5120239257812,34.95772171020508
351634,1718.908503682,62.07863998413086,1008.50537109375,34.958011627197266
351654,1718.929321254,62.13331985473633,1008.4992065429688,34.95823669433594
351674,1718.949339379,62.0841064453125,1008.5053100585938,34.95840835571289
351694,1718.968976494,62.10050964355469,1008.5030517578125,34.95853042602539
351714,1718.988283216,62.11691665649414,1008.5012817382812,34.958614349365234
351734,1719.009454376,62.04035949707031,1008.5103149414062,34.95978546142578
351754,1719.028614671,62.18252944946289,1008.4938354492188,34.95846176147461
351774,1719.049185128,62.22080612182617,1008.4891967773438,34.958580017089844
351794,1719.068130692,62.22080612182617,1008.489501953125,34.958648681640625
351814,1719.088782286,62.14971923828125,1008.4974975585938,34.96091842651367
351834,1719.107803585,62.07316970825195,1008.5064697265625,34.96040344238281
351854,1719.128376058,62.13878631591797,1008.4985961914062,34.960025787353516
351874,1719.148716333,62.111446380615234,1008.5020141601562,34.95975112915039
351894,1719.167964465,62.1661262512207,1008.4953002929688,34.95954513549805
351914,1719.188103729,62.13331985473633,1008.49951171875,34.959373474121094
351934,1719.207763225,62.177059173583984,1008.4943237304688,34.96035385131836
351954,1719.228197604,62.14971923828125,1008.497314453125,34.96109390258789
351974,1719.24831447,62.122379302978516,1008.5008544921875,34.96164321899414
351994,1719.268772853,62.122379302978516,1008.5008544921875,34.96164321899414
352014,1719.2874789,62.0841064453125,1008.5050659179688,34.96095275878906
352034,1719.307991194,62.00755310058594,1008.5140380859375,34.963741302490234
352054,1719.328255883,61.99114990234375,1008.5159912109375,34.96474075317383
352074,1719.348449078,61.996620178222656,1008.5147705078125,34.964378356933594
352094,1719.368369901,62.00755310058594,1008.5140991210938,34.9630012512207
352114,1719.388451559,61.99114990234375,1008.5157470703125,34.96529006958008
352134,1719.408419854,62.056766510009766,1008.5081176757812,34.96479034423828
352154,1719.42749115,62.00755310058594,1008.5134887695312,34.96661376953125
352174,1719.44769202,62.0841064453125,1008.5048828125,34.966888427734375
352194,1719.467445604,62.07316970825195,1008.5062866210938,34.96709442138672
352214,1719.487777516,62.062232971191406,1008.5072631835938,34.968353271484375
352234,1719.508127649,62.144256591796875,1008.4977416992188,34.96597671508789
352254,1719.528543082,62.122379302978516,1008.500732421875,34.966407775878906
352274,1719.547531626,62.07863998413086,1008.5056762695312,34.968936920166016
352294,1719.567843819,61.996620178222656,1008.5149536132812,34.9686279296875
352314,1719.587786939,62.04035949707031,1008.509765625,34.96840286254883
352334,1719.608094733,62.056766510009766,1008.5081787109375,34.97043228149414
352354,1719.628394495,62.04035949707031,1008.5098876953125,34.970848083496094
352374,1719.647534731,61.99114990234375,1008.5155029296875,34.970054626464844
352394,1719.668039867,62.018489837646484,1008.5126342773438,34.9705696105957
352414,1719.688331193,61.99114990234375,1008.5160522460938,34.96986770629883
352434,1719.707747939,61.985679626464844,1008.5161743164062,34.96931457519531
352454,1719.728238444,61.95287322998047,1008.5200805664062,34.96891784667969
352474,1719.747696608,61.985679626464844,1008.5165405273438,34.96751022338867
352494,1719.768068105,62.029422760009766,1008.5111694335938,34.966461181640625
352514,1719.788099707,62.089576721191406,1008.5042114257812,34.96677017211914
352534,1719.807252981,62.051300048828125,1008.5084228515625,34.967010498046875
352554,1719.828021711,62.04035949707031,1008.5103149414062,34.968284606933594
352574,1719.848083927,62.029422760009766,1008.511474609375,34.96924591064453
352594,1719.866792017,62.029422760009766,1008.5111694335938,34.96995162963867
352614,1719.886301196,62.01301956176758,1008.5133666992188,34.97050094604492
352634,1719.90629508,62.04035949707031,1008.5101318359375,34.96979522705078
352654,1719.926883572,62.04035949707031,1008.5098266601562,34.97038269042969
352674,1719.947293908,61.90365982055664,1008.5255737304688,34.9719123840332
352694,1719.967535103,62.00755310058594,1008.5137329101562,34.970863342285156
352714,1719.987331074,61.99114990234375,1008.515380859375,34.97227478027344
352734,1720.007659833,62.018489837646484,1008.5123901367188,34.97333908081055
352754,1720.028536132,61.9802131652832,1008.51708984375,34.97303009033203
352774,1720.047778942,62.018489837646484,1008.5126342773438,34.9716911315918
352794,1720.067099624,61.9802131652832,1008.5170288085938,34.97289276123047
352814,1720.087341667,61.9747428894043,1008.5176391601562,34.97380447387695
352834,1720.107984738,61.99114990234375,1008.5154418945312,34.9744758605957
352854,1720.127122739,61.892723083496094,1008.5272216796875,34.97499084472656
352874,1720.148470739,61.84351348876953,1008.5328979492188,34.97757339477539
352894,1720.167463286,61.7669563293457,1008.5416870117188,34.97621536254883
352914,1720.188685258,61.783363342285156,1008.5399169921875,34.97628402709961
352934,1720.207423371,61.84351348876953,1008.532470703125,34.97523498535156
352954,1720.227805035,61.88725662231445,1008.5277709960938,34.97555923461914
352974,1720.248206658,61.91460037231445,1008.524658203125,34.974700927734375
352994,1720.267295538,61.925533294677734,1008.5232543945312,34.97514724731445
353014,1720.287543174,61.93647003173828,1008.5220947265625,34.976593017578125
353034,1720.308051533,62.00755310058594,1008.5137329101562,34.9754753112793
353054,1720.327169398,62.11691665649414,1008.5012817382812,34.97242736816406
353074,1720.347256164,62.144256591796875,1008.4981079101562,34.97124099731445
353094,1720.367382101,62.144256591796875,1008.4981689453125,34.97256851196289
353114,1720.387763029,62.144256591796875,1008.4981689453125,34.97256851196289
353134,1720.407418816,62.07316970825195,1008.5060424804688,34.973548889160156
353154,1720.42771367,62.02396011352539,1008.5120239257812,34.97428512573242
353174,1720.446838334,62.01301956176758,1008.512939453125,34.9737548828125
353194,1720.468558195,62.06769943237305,1008.5067138671875,34.97333908081055
353214,1720.487548789,62.144256591796875,1008.497802734375,34.9741325378418
353234,1720.507308327,62.11691665649414,1008.50146484375,34.97693634033203
353254,1720.52789122,62.051300048828125,1008.5087280273438,34.97683334350586
353274,1720.547186184,62.018489837646484,1008.5126953125,34.97674560546875
353294,1720.567956431,62.0841064453125,1008.5050048828125,34.9766960144043
353314,1720.587196461,62.111446380615234,1008.5020141601562,34.97664260864258
353334,1720.607762855,62.12784957885742,1008.4998168945312,34.97660827636719
353354,1720.628511677,62.111446380615234,1008.5020751953125,34.977691650390625
353374,1720.648357554,62.155189514160156,1008.496826171875,34.97740173339844
353394,1720.667411357,62.22627639770508,1008.48828125,34.9749755859375
353414,1720.687756383,62.25361633300781,1008.485595703125,34.97425079345703
353434,1720.707886271,62.198936462402344,1008.4913940429688,34.97481918334961
353454,1720.728494465,62.122379302978516,1008.5005493164062,34.97745132446289
353474,1720.747691915,62.02396011352539,1008.5121459960938,34.977210998535156
353494,1720.768287049,62.01301956176758,1008.5133666992188,34.97924041748047
353514,1720.786770403,62.01301956176758,1008.5133666992188,34.97924041748047
353534,1720.807491795,61.90913009643555,1008.5249633789062,34.98075485229492
353554,1720.827066295,61.96928024291992,1008.5184326171875,34.979705810546875
353574,1720.84749867,61.930999755859375,1008.5228881835938,34.97889709472656
353594,1720.867496902,61.892723083496094,1008.5272216796875,34.97831344604492
353614,1720.887116976,61.876319885253906,1008.529052734375,34.978965759277344
353634,1720.906774681,61.95287322998047,1008.5200805664062,34.97834777832031
353654,1720.927421576,62.03489303588867,1008.5106201171875,34.977882385253906
353674,1720.946707211,62.07316970825195,1008.5059814453125,34.9775390625
353694,1720.966642187,62.0841064453125,1008.5051879882812,34.9783821105957
353714,1720.987718709,62.029422760009766,1008.510986328125,34.98011779785156
353734,1721.007975457,62.062232971191406,1008.50732421875,34.98142623901367
353754,1721.026998159,62.018489837646484,1008.5125732421875,34.983489990234375
353774,1721.047728089,62.029422760009766,1008.510986328125,34.98505783081055
353794,1721.066989299,61.996620178222656,1008.5151977539062,34.98512649536133
353814,1721.087441893,62.03489303588867,1008.5106811523438,34.984073638916016
353834,1721.106320871,62.00755310058594,1008.5140380859375,34.9843864440918
353854,1721.126785642,62.062232971191406,1008.50732421875,34.982425689697266
353874,1721.147232622,62.07316970825195,1008.5062866210938,34.9809455871582
353894,1721.167415941,62.0841064453125,1008.505126953125,34.98202896118164
353914,1721.18650636,62.03489303588867,1008.5106201171875,34.98395538330078
353934,1721.206377032,61.93647003173828,1008.5217895507812,34.98540115356445
353954,1721.226703585,61.892723083496094,1008.5272216796875,34.98648452758789
353974,1721.246950515,61.996620178222656,1008.5153198242188,34.9872932434082
353994,1721.267110287,62.02396011352539,1008.5120239257812,34.986793518066406
354014,1721.287072437,61.95287322998047,1008.5198364257812,34.98753356933594
354034,1721.306893759,61.93647003173828,1008.5220336914062,34.98698425292969
354054,1721.32592313,61.925533294677734,1008.5234375,34.9876708984375
354074,1721.347320702,61.95287322998047,1008.5203857421875,34.98818588256836
354094,1721.366462784,62.029422760009766,1008.510986328125,34.98526382446289
354114,1721.386579429,62.0841064453125,1008.504638671875,34.98527908325195
354134,1721.4070715,62.0841064453125,1008.5048828125,34.98639678955078
354154,1721.426164798,62.0841064453125,1008.5053100585938,34.98722457885742
354174,1721.446478872,62.029422760009766,1008.5111694335938,34.98674011230469
354194,1721.467555716,62.062232971191406,1008.50732421875,34.98749923706055
354214,1721.486582621,62.029422760009766,1008.5114135742188,34.9869499206543
354234,1721.507445359,62.07316970825195,1008.5061645507812,34.986534118652344
354254,1721.526817088,62.07316970825195,1008.5061645507812,34.986534118652344
354274,1721.546217825,62.07316970825195,1008.5064086914062,34.986244201660156
354294,1721.566942508,61.9802131652832,1008.51708984375,34.98710250854492
354314,1721.586963942,61.925533294677734,1008.5233154296875,34.98885726928711
354334,1721.607256682,61.892723083496094,1008.5270385742188,34.98908233642578
354354,1721.626448137,61.93647003173828,1008.5219116210938,34.989234924316406
354374,1721.64706482,61.996620178222656,1008.51513671875,34.989356994628906
354394,1721.666623855,61.9802131652832,1008.5170288085938,34.98945999145508
354414,1721.686964057,61.99114990234375,1008.515625,34.990631103515625
354434,1721.708028931,61.99114990234375,1008.515625,34.99150848388672
354454,1721.726890326,62.01301956176758,1008.5133666992188,34.991058349609375
354474,1721.746746598,62.029422760009766,1008.5115966796875,34.99071502685547
354494,1721.766124051,62.029422760009766,1008.5112915039062,34.9915771484375
354514,1721.786515511,62.062232971191406,1008.5075073242188,34.99000930786133
354534,1721.807203681,62.04035949707031,1008.5099487304688,34.98994064331055
354554,1721.8259865,62.04582977294922,1008.5092163085938,34.98878860473633
354574,1721.846087862,61.996620178222656,1008.5147705078125,34.991214752197266
354594,1721.866019155,62.029422760009766,1008.5115356445312,34.99085235595703
354614,1721.886729927,62.018489837646484,1008.512451171875,34.991661071777344
354634,1721.906358374,62.02396011352539,1008.5121459960938,34.99228286743164
354654,1721.926046277,62.02396011352539,1008.5120849609375,34.99164581298828
354674,1721.946386359,62.062232971191406,1008.5076904296875,34.99226379394531
354694,1721.966521323,62.04582977294922,1008.5096435546875,34.99272918701172
354714,1721.986614127,61.93647003173828,1008.5218505859375,34.993072509765625
354734,1722.006795204,61.95287322998047,1008.5204467773438,34.99334716796875
354754,1722.025813574,61.94740295410156,1008.5205078125,34.99353790283203
354774,1722.04597328,62.00755310058594,1008.5140380859375,34.993690490722656
354794,1722.066487519,61.99114990234375,1008.5159301757812,34.99379348754883
354814,1722.086072466,61.99114990234375,1008.5159912109375,34.9949836730957
354834,1722.106302,61.95287322998047,1008.5199584960938,34.994773864746094
354854,1722.12685687,61.95287322998047,1008.520263671875,34.99460220336914
354874,1722.145904213,61.925533294677734,1008.5232543945312,34.994483947753906
354894,1722.166746612,61.9747428894043,1008.5173950195312,34.9943962097168
354914,1722.186133617,62.01301956176758,1008.5132446289062,34.993228912353516
354934,1722.208972264,62.029422760009766,1008.5111694335938,34.99345016479492
354954,1722.22693679,62.051300048828125,1008.5084228515625,34.993621826171875
354974,1722.246138379,61.9802131652832,1008.51708984375,34.993743896484375
354994,1722.266406393,61.9802131652832,1008.5167236328125,34.99494934082031
355014,1722.286506,61.963809967041016,1008.5191040039062,34.9947395324707
355034,1722.305679605,61.9802131652832,1008.5169067382812,34.99458694458008
355054,1722.327046793,61.985679626464844,1008.5162353515625,34.99666976928711
355074,1722.346259887,61.963809967041016,1008.5189819335938,34.99603271484375
355094,1722.366868643,62.00208282470703,1008.5142211914062,34.995567321777344
355114,1722.385530704,62.02396011352539,1008.5120849609375,34.99520492553711
355134,1722.405978479,62.018489837646484,1008.5128173828125,34.99603271484375
355154,1722.426971984,61.9747428894043,1008.5174560546875,34.99666976928711
355174,1722.445558147,61.9802131652832,1008.51708984375,34.99603271484375
355194,1722.466077546,62.029422760009766,1008.5115966796875,34.995548248291016
355214,1722.486759648,62.051300048828125,1008.5086669921875,34.996307373046875
355234,1722.506849018,62.062232971191406,1008.50732421875,34.996856689453125
355254,1722.526437736,62.01301956176758,1008.513427734375,34.99726867675781
355274,1722.546449823,62.051300048828125,1008.5087280273438,34.99649429321289
355294,1722.565314962,62.00755310058594,1008.5140991210938,34.99809646606445
355314,1722.585765991,61.95833969116211,1008.51953125,35.00041961669922
355334,1722.606029401,61.86538314819336,1008.5302734375,35.00103759765625
355354,1722.626086719,61.86538314819336,1008.5299682617188,35.00151824951172
355374,1722.646454711,61.95833969116211,1008.5194091796875,35.001861572265625
355394,1722.665375294,61.95833969116211,1008.5194091796875,35.001861572265625
355414,1722.685751023,61.99114990234375,1008.5159301757812,34.999935150146484
355434,1722.706301823,61.930999755859375,1008.5224609375,34.99959182739258
355454,1722.725364798,61.99114990234375,1008.5156860351562,34.99821472167969
355474,1722.74581256,62.03489303588867,1008.5103759765625,34.99720001220703
355494,1722.765837757,62.018489837646484,1008.5128173828125,34.99863052368164
355514,1722.786150784,61.99114990234375,1008.5158081054688,34.99971389770508
355534,1722.806326744,61.96928024291992,1008.5181884765625,35.00052261352539
355554,1722.825238291,61.930999755859375,1008.5223388671875,35.00112533569336
355574,1722.845843382,61.9802131652832,1008.516845703125,35.00046920776367
355594,1722.86545733,62.018489837646484,1008.5123901367188,34.9999885559082
355614,1722.885739367,61.96928024291992,1008.5184326171875,35.000728607177734
355634,1722.906473263,61.99114990234375,1008.5159301757812,35.001277923583984
355654,1722.925919347,62.018489837646484,1008.5126342773438,35.00168991088867
355674,1722.946691848,61.9802131652832,1008.51708984375,35.00200271606445
355694,1722.964248606,61.91460037231445,1008.5244140625,35.00224304199219
355714,1722.985804706,62.00755310058594,1008.5138549804688,35.00241470336914
355734,1723.006042075,61.985679626464844,1008.5166015625,35.0025520324707
355754,1723.025621113,61.99114990234375,1008.515380859375,35.00043487548828
355774,1723.046074589,62.018489837646484,1008.512451171875,35.00107192993164
355794,1723.065505702,61.95833969116211,1008.5192260742188,35.00373840332031
355814,1723.086078646,61.925533294677734,1008.5230102539062,35.00463104248047
355834,1723.105935275,61.876319885253906,1008.5287475585938,35.00421905517578
355854,1723.1253307,61.90913009643555,1008.5252075195312,35.0038948059082
355874,1723.145535818,61.892723083496094,1008.52734375,35.005855560302734
355894,1723.166317301,61.963809967041016,1008.51904296875,35.004032135009766
355914,1723.18588772,61.985679626464844,1008.5165405273438,35.003753662109375
355934,1723.205564211,61.90913009643555,1008.5252075195312,35.0046501159668
355954,1723.226318917,61.85445022583008,1008.5311279296875,35.00642013549805
355974,1723.245723274,61.85991668701172,1008.531005859375,35.00554275512695
355994,1723.264997519,61.91460037231445,1008.5243530273438,35.00379180908203
356014,1723.285440196,61.90913009643555,1008.5252075195312,35.00578689575195
356034,1723.306109143,61.876319885253906,1008.529052734375,35.00728225708008
356054,1723.32593895,61.838043212890625,1008.5330200195312,35.008399963378906
356074,1723.344970128,61.838043212890625,1008.5332641601562,35.00812530517578
356094,1723.365724187,61.85445022583008,1008.5313110351562,35.0068359375
356114,1723.385827496,61.94740295410156,1008.520751953125,35.00475311279297
356134,1723.404843668,61.996620178222656,1008.5149536132812,35.00430679321289
356154,1723.425848887,62.00208282470703,1008.5142822265625,35.00616455078125
356174,1723.444830438,61.94740295410156,1008.5205078125,35.0075569152832
356194,1723.465274053,61.96928024291992,1008.5185546875,35.00860595703125
356214,1723.485254305,61.95833969116211,1008.5197143554688,35.0093994140625
356234,1723.505518641,61.925533294677734,1008.5232543945312,35.00998306274414
356254,1723.525130697,61.876319885253906,1008.5288696289062,35.00931167602539
356274,1723.544922448,61.82164001464844,1008.5353393554688,35.00992965698242
356294,1723.564994095,61.8161735534668,1008.5360107421875,35.01258087158203
356314,1723.584975529,61.84351348876953,1008.5327758789062,35.01237487792969
356334,1723.605115841,61.86538314819336,1008.5304565429688,35.0122184753418
356354,1723.624897768,61.898193359375,1008.5262451171875,35.00989532470703
356374,1723.645197602,61.963809967041016,1008.51904296875,35.01036071777344
356394,1723.665737958,61.90913009643555,1008.525390625,35.010704040527344
356414,1723.685595387,61.876319885253906,1008.52880859375,35.010963439941406
356434,1723.704983372,61.88725662231445,1008.5275268554688,35.01115417480469
356454,1723.724369325,61.90913009643555,1008.5250854492188,35.01130676269531
356474,1723.74461953,61.90365982055664,1008.5260620117188,35.011409759521484
356494,1723.765067653,61.82710647583008,1008.534423828125,35.01369857788086
356514,1723.785347132,61.82710647583008,1008.534423828125,35.01369857788086
356534,1723.805482882,61.85445022583008,1008.5315551757812,35.01321792602539
356554,1723.824556427,61.838043212890625,1008.5335693359375,35.012840270996094
356574,1723.844672251,61.870853424072266,1008.5294799804688,35.0125617980957
356594,1723.865245807,61.84897994995117,1008.5319213867188,35.01235580444336
356614,1723.885470522,61.85445022583008,1008.5311279296875,35.012203216552734
356634,1723.905509374,61.85445022583008,1008.5317993164062,35.01210021972656
356654,1723.925634957,61.88179016113281,1008.5284423828125,35.01201248168945
356674,1723.944668311,61.91460037231445,1008.5245971679688,35.01194381713867
356694,1723.965504352,61.90365982055664,1008.5255126953125,35.01189422607422
356714,1723.985287015,61.898193359375,1008.5263671875,35.01185989379883
356734,1724.005446368,61.838043212890625,1008.5336303710938,35.01182556152344
356754,1724.024724584,61.82710647583008,1008.5348510742188,35.012908935546875
356774,1724.044476864,61.86538314819336,1008.5302734375,35.01371765136719
356794,1724.064319926,61.88179016113281,1008.528564453125,35.01321792602539
356814,1724.084627771,61.925533294677734,1008.523193359375,35.01395797729492
356834,1724.10463493,61.90365982055664,1008.5255126953125,35.01450729370117
356854,1724.124664217,61.84897994995117,1008.5324096679688,35.016021728515625
356874,1724.145166091,61.783363342285156,1008.5394287109375,35.01495361328125
356894,1724.164841989,61.82164001464844,1008.5353393554688,35.0152473449707
356914,1724.184269698,61.80523681640625,1008.536865234375,35.016571044921875
356934,1724.20530542,61.75602340698242,1008.542724609375,35.01757049560547
356954,1724.224330973,61.745086669921875,1008.5439453125,35.018310546875
356974,1724.244637509,61.80523681640625,1008.536865234375,35.01887512207031
356994,1724.264907301,61.892723083496094,1008.5270385742188,35.017086029052734
357014,1724.285102823,61.84897994995117,1008.5324096679688,35.01686477661133
357034,1724.305302181,61.832576751708984,1008.5338134765625,35.01777648925781
357054,1724.324700323,61.85991668701172,1008.531005859375,35.01627731323242
357074,1724.344450079,61.876319885253906,1008.5287475585938,35.0173454284668
357094,1724.364518339,61.81070327758789,1008.5363159179688,35.01813888549805
357114,1724.38398047,61.81070327758789,1008.5368041992188,35.01763916015625
357134,1724.40558812,61.86538314819336,1008.5302734375,35.01837921142578
357154,1724.424775695,61.84897994995117,1008.5319213867188,35.0189094543457
357174,1724.444889665,61.81070327758789,1008.5365600585938,35.017120361328125
357194,1724.46507562,61.86538314819336,1008.5301513671875,35.017982482910156
357214,1724.485299856,61.892723083496094,1008.52685546875,35.01751708984375
357234,1724.504236819,61.85991668701172,1008.5305786132812,35.01937484741211
357254,1724.525379237,61.8161735534668,1008.535888671875,35.02186965942383
357274,1724.544711701,61.892723083496094,1008.5272216796875,35.020442962646484
357294,1724.565129652,61.80523681640625,1008.5372924804688,35.02267837524414
357314,1724.585265689,61.82710647583008,1008.5347290039062,35.02214431762695
357334,1724.604501307,61.76149368286133,1008.5422973632812,35.02064895629883
357354,1724.62447579,61.838043212890625,1008.5330810546875,35.01951217651367
357374,1724.645218863,61.876319885253906,1008.5288696289062,35.0208740234375
357394,1724.664167115,61.90365982055664,1008.5258178710938,35.01970291137695
357414,1724.684738853,61.78883361816406,1008.5392456054688,35.02101135253906
357434,1724.705343152,61.870853424072266,1008.5293579101562,35.02199172973633
357454,1724.724540636,61.86538314819336,1008.5302734375,35.02052688598633
357474,1724.745032615,61.963809967041016,1008.518798828125,35.020545959472656
357494,1724.764335735,61.88179016113281,1008.528564453125,35.021644592285156
357514,1724.78464134,61.92006301879883,1008.5240478515625,35.0224723815918
357534,1724.805072329,61.91460037231445,1008.524658203125,35.02199172973633
357554,1724.824250696,61.876319885253906,1008.5291748046875,35.021629333496094
357574,1724.845439794,61.82710647583008,1008.534912109375,35.023555755615234
357594,1724.864630932,61.870853424072266,1008.5297241210938,35.02501678466797
357614,1724.88408233,61.876319885253906,1008.5289916992188,35.025001525878906
357634,1724.904380737,61.8161735534668,1008.535888671875,35.026084899902344
357654,1724.924351029,61.8161735534668,1008.535888671875,35.026084899902344
357674,1724.944530468,61.90365982055664,1008.5256958007812,35.02470779418945
357694,1724.964519472,61.90365982055664,1008.5256958007812,35.02476119995117
357714,1724.984511405,61.93647003173828,1008.5220947265625,35.023712158203125
357734,1725.004350732,61.838043212890625,1008.5335083007812,35.02511978149414
357754,1725.024432251,61.77242660522461,1008.541015625,35.02508544921875
357774,1725.044368182,61.77242660522461,1008.5411987304688,35.02505111694336
357794,1725.064970152,61.799766540527344,1008.5377807617188,35.02393341064453
357814,1725.084384028,61.745086669921875,1008.5439453125,35.02529525756836
357834,1725.104674099,61.73961639404297,1008.544921875,35.024105072021484
357854,1725.12444698,61.734153747558594,1008.5452270507812,35.025413513183594
357874,1725.144693467,61.7669563293457,1008.5413818359375,35.02751159667969
357894,1725.16392889,61.832576751708984,1008.5338134765625,35.02577590942383
357914,1725.184607057,61.7669563293457,1008.5413208007812,35.02446746826172
357934,1725.203844387,61.75602340698242,1008.5426635742188,35.02568817138672
357954,1725.224336552,61.76149368286133,1008.54248046875,35.0265998840332
357974,1725.244862337,61.77242660522461,1008.5408325195312,35.02729034423828
357994,1725.264354562,61.799766540527344,1008.5380859375,35.02780532836914
358014,1725.28433715,61.73961639404297,1008.54443359375,35.027099609375
358034,1725.303652902,61.75055694580078,1008.5435791015625,35.02766799926758
358054,1725.325105235,61.73961639404297,1008.544677734375,35.02587890625
358074,1725.344444371,61.799766540527344,1008.5374755859375,35.02455520629883
358094,1725.363632644,61.7669563293457,1008.5413818359375,35.024658203125
358114,1725.383993456,61.777896881103516,1008.5399780273438,35.02582550048828
358134,1725.404521487,61.78883361816406,1008.5391845703125,35.02561950683594
358154,1725.42552592,61.8161735534668,1008.535888671875,35.025447845458984
358174,1725.443590721,61.777896881103516,1008.5399780273438,35.02642822265625
358194,1725.464505638,61.70681381225586,1008.548583984375,35.026065826416016
358214,1725.483442743,61.73961639404297,1008.5444946289062,35.02469253540039
358234,1725.503482867,61.777896881103516,1008.5401611328125,35.023658752441406
358254,1725.524490353,61.71774673461914,1008.5469970703125,35.02508544921875
358274,1725.54347495,61.69587707519531,1008.5494995117188,35.026153564453125
358294,1725.564083513,61.72868347167969,1008.5460815429688,35.02694320678711
358314,1725.583353244,61.783363342285156,1008.5396118164062,35.02754592895508
358334,1725.603449281,61.82710647583008,1008.5344848632812,35.028011322021484
358354,1725.625235758,61.80523681640625,1008.5369873046875,35.02943801879883
358374,1725.64352485,61.77242660522461,1008.5408325195312,35.029422760009766
358394,1725.663869404,61.76149368286133,1008.542236328125,35.02940368652344
358414,1725.684074507,61.76149368286133,1008.5418701171875,35.02940368652344
358434,1725.703559203,61.734153747558594,1008.545654296875,35.029388427734375
358454,1725.724314346,61.71774673461914,1008.5471801757812,35.029388427734375
358474,1725.743628195,61.72321701049805,1008.5469360351562,35.03047180175781
358494,1725.764723539,61.8161735534668,1008.5360107421875,35.03019714355469
358514,1725.783449346,61.8161735534668,1008.5360107421875,35.029991149902344
358534,1725.803915102,61.870853424072266,1008.5297241210938,35.02763366699219
358554,1725.823896563,61.88179016113281,1008.5285034179688,35.0280647277832
358574,1725.8434763,61.832576751708984,1008.5340576171875,35.02949142456055
358594,1725.863697381,61.898193359375,1008.5263061523438,35.030555725097656
358614,1725.883936816,61.832576751708984,1008.5338745117188,35.03136444091797
358634,1725.903781309,61.85445022583008,1008.5315551757812,35.03196716308594
358654,1725.925393357,61.799766540527344,1008.5375366210938,35.032413482666016
358674,1725.943785219,61.79429626464844,1008.53857421875,35.03164291381836
358694,1725.963703983,61.90365982055664,1008.5259399414062,35.03107452392578
358714,1725.984907803,61.870853424072266,1008.5294189453125,35.03174591064453
358734,1726.003782465,61.85991668701172,1008.53076171875,35.03226089477539
358754,1726.026037237,61.79429626464844,1008.538330078125,35.03374099731445
358774,1726.043979835,61.79429626464844,1008.538330078125,35.03374099731445
358794,1726.063501879,61.84897994995117,1008.5322265625,35.03263854980469
358814,1726.083105457,61.8161735534668,1008.535888671875,35.03181457519531
358834,1726.103335473,61.930999755859375,1008.522705078125,35.03010940551758
358854,1726.123102287,61.925533294677734,1008.5232543945312,35.02992248535156
358874,1726.144445857,61.95833969116211,1008.5192260742188,35.031986236572266
358894,1726.163582855,61.95287322998047,1008.5204467773438,35.032432556152344
358914,1726.184027551,61.85991668701172,1008.5307006835938,35.03385925292969
358934,1726.204387539,61.84351348876953,1008.5328979492188,35.034942626953125
358954,1726.223930369,61.870853424072266,1008.5297241210938,35.03355026245117
358974,1726.243940353,61.90365982055664,1008.5260620117188,35.03139877319336
358994,1726.262966855,61.92006301879883,1008.5241088867188,35.033084869384766
359014,1726.283746093,61.92006301879883,1008.524169921875,35.03215789794922
359034,1726.304133,61.9802131652832,1008.5167236328125,35.03145217895508
359054,1726.324302539,61.9802131652832,1008.5170288085938,35.03203582763672
359074,1726.34407287,61.88179016113281,1008.5280151367188,35.0335693359375
359094,1726.363503724,61.91460037231445,1008.5244140625,35.03252029418945
359114,1726.38392645,61.86538314819336,1008.5301513671875,35.0317268371582
359134,1726.402825875,61.86538314819336,1008.5299072265625,35.03224182128906
359154,1726.423442872,61.799766540527344,1008.5376586914062,35.033721923828125
359174,1726.443257216,61.783363342285156,1008.5393676757812,35.03482437133789
359194,1726.463955259,61.80523681640625,1008.5369262695312,35.035667419433594
359214,1726.482979999,61.745086669921875,1008.5442504882812,35.035186767578125
359234,1726.503831044,61.799766540527344,1008.5376586914062,35.03594207763672
359254,1726.522760779,61.76149368286133,1008.542236328125,35.03649139404297
359274,1726.543411052,61.78883361816406,1008.5388793945312,35.036903381347656
359294,1726.562720747,61.7669563293457,1008.5416259765625,35.0372314453125
359314,1726.58367758,61.80523681640625,1008.5371704101562,35.03745651245117
359334,1726.602759956,61.86538314819336,1008.530029296875,35.03544235229492
359354,1726.623602082,61.88179016113281,1008.5285034179688,35.03611373901367
359374,1726.643889241,61.85991668701172,1008.5310668945312,35.03662872314453
359394,1726.663762821,61.898193359375,1008.5265502929688,35.037010192871094
359414,1726.683308956,61.870853424072266,1008.5297241210938,35.03730010986328
359434,1726.703897345,61.84897994995117,1008.5321655273438,35.03752517700195
359454,1726.723648831,61.91460037231445,1008.5245971679688,35.03767776489258
359474,1726.744377126,61.85445022583008,1008.5313110351562,35.03669738769531
359494,1726.764401094,61.85991668701172,1008.531005859375,35.034873962402344
359514,1726.784409103,61.80523681640625,1008.5372314453125,35.035701751708984
359534,1726.803132817,61.81070327758789,1008.53662109375,35.035221099853516
359554,1726.823925932,61.84897994995117,1008.531982421875,35.03595733642578
359574,1726.844497158,61.88179016113281,1008.5284423828125,35.0365104675293
359594,1726.864343779,61.82164001464844,1008.53515625,35.03802490234375
359614,1726.883048647,61.91460037231445,1008.5244140625,35.03585433959961
359634,1726.903360584,61.93647003173828,1008.5217895507812,35.036441802978516
359654,1726.92394686,61.88725662231445,1008.5274047851562,35.036869049072266
359674,1726.94370476,61.88725662231445,1008.5278930664062,35.03609848022461
359694,1726.96354374,61.94740295410156,1008.520751953125,35.0344123840332
359714,1726.984374291,61.94194030761719,1008.5215454101562,35.03425598144531
359734,1727.003586135,61.94740295410156,1008.5208129882812,35.03413391113281
359754,1727.023868866,61.870853424072266,1008.5294799804688,35.035133361816406
359774,1727.042964382,61.84897994995117,1008.5322265625,35.0347900390625
359794,1727.063235201,61.832576751708984,1008.5340576171875,35.0356330871582
359814,1727.082072028,61.81070327758789,1008.5362548828125,35.03847122192383
359834,1727.102093055,61.92006301879883,1008.5240478515625,35.03620147705078
359854,1727.122557379,61.85991668701172,1008.5307006835938,35.03668212890625
359874,1727.142846542,61.799766540527344,1008.5380249023438,35.03816223144531
359894,1727.163134941,61.832576751708984,1008.5343017578125,35.03816223144531
359914,1727.183087641,61.832576751708984,1008.5343017578125,35.03816223144531
359934,1727.202260477,61.783363342285156,1008.5394897460938,35.04036331176758
359954,1727.221969022,61.876319885253906,1008.5286254882812,35.03871154785156
359974,1727.242774256,61.86538314819336,1008.5299682617188,35.039676666259766
359994,1727.263126436,61.88179016113281,1008.5283203125,35.0392951965332
360014,1727.2820343,61.892723083496094,1008.527099609375,35.03902053833008
360034,1727.302383787,61.84897994995117,1008.5324096679688,35.04100036621094
360054,1727.322735555,61.81070327758789,1008.5364379882812,35.04139709472656
360074,1727.342738294,61.82164001464844,1008.5354614257812,35.042789459228516
360094,1727.362680709,61.85445022583008,1008.5313110351562,35.0416374206543
360114,1727.382736619,61.85991668701172,1008.5307006835938,35.040775299072266
360134,1727.402875878,61.82164001464844,1008.5350341796875,35.04232406616211
360154,1727.422097516,61.80523681640625,1008.5371704101562,35.04237747192383
360174,1727.442108622,61.832576751708984,1008.5340576171875,35.04573059082031
360194,1727.46186472,61.876319885253906,1008.5287475585938,35.04493713378906
360214,1727.482374902,61.8161735534668,1008.5360717773438,35.04545593261719
360234,1727.502821035,61.876319885253906,1008.529052734375,35.04363250732422
360254,1727.522754976,61.90913009643555,1008.5250854492188,35.04227066040039
360274,1727.542779101,61.95287322998047,1008.5204467773438,35.04124069213867
360294,1727.562751126,61.91460037231445,1008.5248413085938,35.042667388916016
360314,1727.582885938,61.898193359375,1008.5266723632812,35.04375076293945
360334,1727.602519671,61.95287322998047,1008.5203857421875,35.0423583984375
360354,1727.622048398,61.9802131652832,1008.51708984375,35.04241180419922
360374,1727.642790247,61.94740295410156,1008.5210571289062,35.04244613647461
360394,1727.661746185,61.84897994995117,1008.5318603515625,35.0435791015625
360414,1727.68228425,61.832576751708984,1008.5343017578125,35.04662322998047
360434,1727.702337515,61.777896881103516,1008.5399780273438,35.048912048339844
360454,1727.72184155,61.70681381225586,1008.5486450195312,35.048431396484375
360474,1727.741713898,61.783363342285156,1008.5397338867188,35.04697036743164
360494,1727.762060913,61.72321701049805,1008.546630859375,35.049171447753906
360514,1727.781979854,61.72868347167969,1008.546142578125,35.046417236328125
360534,1727.801858282,61.73961639404297,1008.5443725585938,35.04435348510742
360554,1727.821715865,61.734153747558594,1008.5452880859375,35.04610824584961
360574,1727.84151309,61.67400360107422,1008.552490234375,35.04743194580078
360594,1727.861980002,61.69587707519531,1008.5496826171875,35.04951477050781
360614,1727.881814227,61.66306686401367,1008.5533447265625,35.04887771606445
360634,1727.90203255,61.66853713989258,1008.5531005859375,35.05061721801758
360654,1727.923020869,61.70134353637695,1008.5491333007812,35.049705505371094
360674,1727.942994218,61.734153747558594,1008.5452270507812,35.047916412353516
360694,1727.962395448,61.734153747558594,1008.5455932617188,35.04989242553711
360714,1727.982921496,61.73961639404297,1008.5450439453125,35.04915237426758
360734,1728.002104661,61.783363342285156,1008.5393676757812,35.04751968383789
360754,1728.022955771,61.777896881103516,1008.540283203125,35.04738235473633
360774,1728.042987932,61.75055694580078,1008.5433349609375,35.048377990722656
360794,1728.062140489,61.80523681640625,1008.5369262695312,35.045833587646484
360814,1728.082952166,61.82710647583008,1008.53466796875,35.04610824584961
360834,1728.102162973,61.777896881103516,1008.5402221679688,35.04853439331055
360854,1728.122537303,61.81070327758789,1008.53662109375,35.04924011230469
360874,1728.142223549,61.7669563293457,1008.541748046875,35.050872802734375
360894,1728.162895869,61.72868347167969,1008.5462036132812,35.04991149902344
360914,1728.181699023,61.72321701049805,1008.546630859375,35.049171447753906
360934,1728.202954846,61.71774673461914,1008.5471801757812,35.048622131347656
360954,1728.221573958,61.69587707519531,1008.549560546875,35.050411224365234
360974,1728.242749206,61.7669563293457,1008.5413208007812,35.0495491027832
360994,1728.262552281,61.84351348876953,1008.5325317382812,35.048912048339844
361014,1728.282534982,61.876319885253906,1008.5291748046875,35.05063247680664
361034,1728.301509331,61.84897994995117,1008.5323486328125,35.05302429199219
361054,1728.322430636,61.85991668701172,1008.530517578125,35.0537109375
361074,1728.341950427,61.84897994995117,1008.5321044921875,35.052024841308594
361094,1728.362766585,61.84897994995117,1008.5321044921875,35.052024841308594
361114,1728.381631861,61.832576751708984,1008.5343017578125,35.054073333740234
361134,1728.402429975,61.870853424072266,1008.5293579101562,35.05450439453125
361154,1728.421723795,61.78883361816406,1008.5391235351562,35.054813385009766
361174,1728.442403054,61.76149368286133,1008.5424194335938,35.0550537109375
361194,1728.462552417,61.69587707519531,1008.550048828125,35.05524444580078
361214,1728.481703244,61.63572692871094,1008.5567016601562,35.05758285522461
361234,1728.501409952,61.712276458740234,1008.5481567382812,35.0538330078125
361254,1728.522031396,61.75602340698242,1008.54296875,35.0521125793457
361274,1728.542547242,61.7669563293457,1008.5414428710938,35.05082321166992
361294,1728.562120173,61.690406799316406,1008.55029296875,35.054264068603516
361314,1728.581967076,61.66853713989258,1008.5531616210938,35.05574035644531
361334,1728.602233089,61.67400360107422,1008.5523071289062,35.053558349609375
361354,1728.622520208,61.69587707519531,1008.5496826171875,35.05300521850586
361374,1728.641973306,61.63025665283203,1008.5570678710938,35.0526123046875
361394,1728.662411699,61.679473876953125,1008.5519409179688,35.053401947021484
361414,1728.681761064,61.690406799316406,1008.5504760742188,35.05398941040039
361434,1728.702037914,61.783363342285156,1008.5393676757812,35.0522346496582
361454,1728.721491492,61.73961639404297,1008.5449829101562,35.054229736328125
361474,1728.741222605,61.734153747558594,1008.5452270507812,35.054622650146484
361494,1728.761949272,61.72321701049805,1008.5469360351562,35.0560188293457
361514,1728.781415406,61.82164001464844,1008.5353393554688,35.05374526977539
361534,1728.802105005,61.81070327758789,1008.53662109375,35.054264068603516
361554,1728.821824961,61.78883361816406,1008.5391845703125,35.05464172363281
361574,1728.841969173,61.77242660522461,1008.541015625,35.054935455322266
361594,1728.861491441,61.66853713989258,1008.5529174804688,35.05624008178711
361614,1728.882119722,61.690406799316406,1008.5501098632812,35.056121826171875
361634,1728.901506673,61.70134353637695,1008.5494384765625,35.056034088134766
361654,1728.922067752,61.745086669921875,1008.5438842773438,35.05377960205078
361674,1728.941403922,61.75602340698242,1008.5430297851562,35.05427932739258
361694,1728.961529687,61.72321701049805,1008.546630859375,35.054656982421875
361714,1728.981790593,61.73961639404297,1008.5447998046875,35.05713653564453
361734,1729.002486797,61.84897994995117,1008.5324096679688,35.054588317871094
361754,1729.021534811,61.85991668701172,1008.5305786132812,35.054901123046875
361774,1729.041481654,61.77242660522461,1008.5411987304688,35.05512237548828
361794,1729.061703884,61.79429626464844,1008.53857421875,35.05527877807617
361814,1729.082076832,61.777896881103516,1008.54052734375,35.056514739990234
361834,1729.102120509,61.73961639404297,1008.54443359375,35.05742645263672
361854,1729.121606874,61.72321701049805,1008.5463256835938,35.05701446533203
361874,1729.141382391,61.72321701049805,1008.5465698242188,35.056705474853516
361894,1729.161863384,61.734153747558594,1008.5452880859375,35.055381774902344
361914,1729.181172894,61.71774673461914,1008.5469970703125,35.055484771728516
361934,1729.201477205,61.75055694580078,1008.5433959960938,35.05335235595703
361954,1729.221435459,61.777896881103516,1008.5401611328125,35.053951263427734
361974,1729.241741532,61.78883361816406,1008.5389404296875,35.055519104003906
361994,1729.260743851,61.75055694580078,1008.5433959960938,35.05669021606445
362014,1729.281810163,61.78883361816406,1008.5388793945312,35.05646514892578
362034,1729.302056997,61.79429626464844,1008.5382080078125,35.05629348754883
362054,1729.320802642,61.70134353637695,1008.5489501953125,35.058372497558594
362074,1729.340136464,61.75602340698242,1008.54296875,35.05882263183594
362094,1729.36023622,61.73961639404297,1008.544921875,35.059165954589844
362114,1729.382116927,61.77242660522461,1008.5411987304688,35.059425354003906
362134,1729.402431358,61.72868347167969,1008.5460815429688,35.06071472167969
362154,1729.421446351,61.63572692871094,1008.556640625,35.061676025390625
362174,1729.442358731,61.646663665771484,1008.5552368164062,35.061317443847656
362194,1729.460628586,61.553707122802734,1008.5659790039062,35.0610237121582
362214,1729.480831327,61.55917739868164,1008.5653076171875,35.059715270996094
362234,1729.501576028,61.61385726928711,1008.5590209960938,35.05873489379883
362254,1729.520545507,61.619319915771484,1008.5587158203125,35.0579948425293
362274,1729.541369221,61.619319915771484,1008.5587158203125,35.0579948425293
362294,1729.560340339,61.61385726928711,1008.559326171875,35.05854797363281
362314,1729.580530549,61.61385726928711,1008.5590209960938,35.057857513427734
362334,1729.600834819,61.646663665771484,1008.555419921875,35.05954360961914
362354,1729.620784168,61.679473876953125,1008.5516967773438,35.05970001220703
362374,1729.64275309,61.6849365234375,1008.5512084960938,35.06092071533203
362394,1729.660617965,61.712276458740234,1008.547607421875,35.05964660644531
362414,1729.680974761,61.70681381225586,1008.5485229492188,35.059783935546875
362434,1729.701514856,61.73961639404297,1008.5447998046875,35.06098937988281
362454,1729.720775068,61.72321701049805,1008.5463256835938,35.06078338623047
362474,1729.742812002,61.70681381225586,1008.5486450195312,35.061729431152344
362494,1729.760349541,61.66853713989258,1008.5526123046875,35.06465148925781
362514,1729.78108752,61.712276458740234,1008.548095703125,35.06463623046875
362534,1729.800538617,61.73961639404297,1008.5446166992188,35.06461715698242
362554,1729.821041361,61.73961639404297,1008.544677734375,35.06461715698242
362574,1729.84006215,61.75055694580078,1008.5435791015625,35.06351852416992
362594,1729.860056551,61.799766540527344,1008.5376586914062,35.06157302856445
362614,1729.881418864,61.77242660522461,1008.5408325195312,35.06122970581055
362634,1729.900340496,61.799766540527344,1008.5380249023438,35.06207275390625
362654,1729.92077706,61.7669563293457,1008.5413208007812,35.061607360839844
362674,1729.941288308,61.77242660522461,1008.5408325195312,35.062347412109375
362694,1729.960535896,61.79429626464844,1008.5382080078125,35.06181335449219
362714,1729.98085755,61.75602340698242,1008.542724609375,35.062503814697266
362734,1730.000803285,61.73961639404297,1008.5443725585938,35.063018798828125
362754,1730.020956127,61.71774673461914,1008.5470581054688,35.06341552734375
362774,1730.039990343,61.66853713989258,1008.5532836914062,35.06370544433594
362794,1730.060708869,61.62479019165039,1008.5578002929688,35.06393051147461
362814,1730.080965527,61.641197204589844,1008.555908203125,35.06410217285156
362834,1730.100292806,61.63025665283203,1008.5573120117188,35.0631217956543
362854,1730.120532414,61.63572692871094,1008.5569458007812,35.06348419189453
362874,1730.14133337,61.62479019165039,1008.5576171875,35.06595993041992
362894,1730.160701966,61.646663665771484,1008.5556640625,35.065616607666016
362914,1730.180038862,61.63025665283203,1008.5570068359375,35.06535720825195
362934,1730.201240014,61.71774673461914,1008.5473022460938,35.06517028808594
362954,1730.220138833,61.66853713989258,1008.5532836914062,35.066131591796875
362974,1730.240542149,61.71774673461914,1008.5472412109375,35.065738677978516
362994,1730.260125533,61.690406799316406,1008.5505981445312,35.065460205078125
363014,1730.280364248,61.679473876953125,1008.5516357421875,35.06633758544922
363034,1730.300567203,61.66306686401367,1008.5534057617188,35.068111419677734
363054,1730.320349667,61.6029167175293,1008.5606689453125,35.06723403930664
363074,1730.340661419,61.641197204589844,1008.5562133789062,35.068763732910156
363094,1730.359926841,61.72868347167969,1008.5458984375,35.06663131713867
363114,1730.380058528,61.6849365234375,1008.5509033203125,35.06611633300781
363134,1730.400374372,61.72321701049805,1008.5469360351562,35.065738677978516
363154,1730.420776807,61.657596588134766,1008.5541381835938,35.06654357910156
363174,1730.440352385,61.63572692871094,1008.556640625,35.06826400756836
363194,1730.460776469,61.679473876953125,1008.5519409179688,35.06953811645508
363214,1730.480801503,61.59197998046875,1008.56201171875,35.069400787353516
363234,1730.499699192,61.6029167175293,1008.560302734375,35.06819534301758
363254,1730.520301579,61.59197998046875,1008.5618286132812,35.06730270385742
363274,1730.539024698,61.6083869934082,1008.5597534179688,35.06883239746094
363294,1730.559096044,61.6083869934082,1008.5601196289062,35.06776809692383
363314,1730.579461804,61.586517333984375,1008.5626220703125,35.069175720214844
363334,1730.599385632,61.657596588134766,1008.55419921875,35.068023681640625
363354,1730.619973379,61.657596588134766,1008.55419921875,35.069366455078125
363374,1730.639679848,61.679473876953125,1008.551513671875,35.07038116455078
363394,1730.660544804,61.745086669921875,1008.5442504882812,35.070037841796875
363414,1730.680944178,61.745086669921875,1008.5440673828125,35.07088088989258
363434,1730.700973694,61.745086669921875,1008.5440673828125,35.07088088989258
363454,1730.720909599,61.76149368286133,1008.542236328125,35.07149887084961
363474,1730.741186188,61.79429626464844,1008.5383911132812,35.071983337402344
363494,1730.759764782,61.712276458740234,1008.5480346679688,35.071224212646484
363514,1730.77972586,61.75055694580078,1008.5435180664062,35.06847381591797
363534,1730.800768521,61.79429626464844,1008.5383911132812,35.067508697509766
363554,1730.820914895,61.82710647583008,1008.5344848632812,35.06787109375
363574,1730.840812439,61.79429626464844,1008.5382690429688,35.06816101074219
363594,1730.860473112,61.76149368286133,1008.5421752929688,35.0694694519043
363614,1730.87976352,61.777896881103516,1008.5401611328125,35.06935119628906
363634,1730.900937822,61.76149368286133,1008.5421142578125,35.07036590576172
363654,1730.920612516,61.70134353637695,1008.5489501953125,35.07112121582031
363674,1730.940388014,61.76149368286133,1008.54248046875,35.070587158203125
363694,1730.960737062,61.734153747558594,1008.5453491210938,35.071292877197266
363714,1730.980514694,61.72868347167969,1008.5460205078125,35.07182693481445
363734,1731.000871782,61.63572692871094,1008.5567626953125,35.074424743652344
363754,1731.020637088,61.597450256347656,1008.5614013671875,35.07416534423828
363774,1731.040525557,61.61385726928711,1008.5595092773438,35.073978424072266
363794,1731.059987533,61.586517333984375,1008.5625610351562,35.07271957397461
363814,1731.080352614,61.641197204589844,1008.5563354492188,35.07179260253906
363834,1731.100910978,61.657596588134766,1008.5543823242188,35.07218933105469
363854,1731.119793396,61.679473876953125,1008.5516357421875,35.0724983215332
363874,1731.140888339,61.61385726928711,1008.5590209960938,35.07271957397461
363894,1731.160609801,61.6849365234375,1008.5509033203125,35.07289505004883
363914,1731.180344705,61.66853713989258,1008.5528564453125,35.07301330566406
363934,1731.20037832,61.57011032104492,1008.5646362304688,35.0753173828125
363954,1731.220392716,61.57557678222656,1008.5635986328125,35.073734283447266
363974,1731.239745601,61.57557678222656,1008.5637817382812,35.07365036010742
363994,1731.259462678,61.51543045043945,1008.5706787109375,35.07358169555664
364014,1731.280380537,61.43887710571289,1008.5792846679688,35.075748443603516
364034,1731.300452157,61.50449752807617,1008.5715942382812,35.075164794921875
364054,1731.319511836,61.57557678222656,1008.5634155273438,35.07361602783203
364074,1731.340051828,61.63572692871094,1008.5569458007812,35.07356262207031
364094,1731.36004087,61.67400360107422,1008.552490234375,35.07242965698242
364114,1731.380364348,61.657596588134766,1008.5541381835938,35.07156753540039
364134,1731.399442144,61.72321701049805,1008.5464477539062,35.07091522216797
364154,1731.41993428,61.71774673461914,1008.5473022460938,35.0704345703125
364174,1731.440064259,61.81070327758789,1008.5368041992188,35.07117462158203
364194,1731.460446479,61.78883361816406,1008.5391845703125,35.073944091796875
364214,1731.479260499,61.745086669921875,1008.5442504882812,35.07380676269531
364234,1731.499732059,61.66853713989258,1008.5532836914062,35.073699951171875
364254,1731.519886738,61.690406799316406,1008.5503540039062,35.075836181640625
364274,1731.538989327,61.73961639404297,1008.5444946289062,35.07521438598633
364294,1731.559572812,61.777896881103516,1008.5400390625,35.07476806640625
364314,1731.579608891,61.71774673461914,1008.5474243164062,35.075523376464844
364334,1731.600545104,61.63572692871094,1008.556640625,35.07719421386719
364354,1731.619541132,61.57557678222656,1008.5634765625,35.07844924926758
364374,1731.639507787,61.531837463378906,1008.5687255859375,35.07939529418945
364394,1731.659418747,61.54277038574219,1008.5675659179688,35.07899856567383
364414,1731.680367287,61.6083869934082,1008.5597534179688,35.07979202270508
364434,1731.700135778,61.70681381225586,1008.5487060546875,35.078189849853516
364454,1731.720396118,61.71774673461914,1008.5474243164062,35.077003479003906
364474,1731.739490119,61.71774673461914,1008.5472412109375,35.07829666137695
364494,1731.759699679,61.69587707519531,1008.5499877929688,35.07927703857422
364514,1731.78051887,61.70134353637695,1008.5491943359375,35.080013275146484
364534,1731.79891357,61.690406799316406,1008.5501098632812,35.079463958740234
364554,1731.820461413,61.75602340698242,1008.5430908203125,35.07794952392578
364574,1731.83967578,61.7669563293457,1008.5416870117188,35.07681655883789
364594,1731.859825993,61.8161735534668,1008.5355224609375,35.07595443725586
364614,1731.879624616,61.77242660522461,1008.5408325195312,35.07862091064453
364634,1731.90007267,61.77242660522461,1008.5408325195312,35.07862091064453
364654,1731.920306368,61.690406799316406,1008.5503540039062,35.07951736450195
364674,1731.940289555,61.66306686401367,1008.5534057617188,35.0801887512207
364694,1731.959385711,61.734153747558594,1008.5452880859375,35.07848358154297
364714,1731.980481573,61.71774673461914,1008.5474853515625,35.078311920166016
364734,1731.999176906,61.69587707519531,1008.550048828125,35.078189849853516
364754,1732.020485655,61.66306686401367,1008.5534057617188,35.07918930053711
364774,1732.039853338,61.745086669921875,1008.5441284179688,35.07774353027344
364794,1732.059127596,61.70134353637695,1008.5488891601562,35.078861236572266
364814,1732.079171809,61.6849365234375,1008.5511474609375,35.07860565185547
364834,1732.100438812,61.745086669921875,1008.5438842773438,35.07729721069336
364854,1732.11962557,61.66853713989258,1008.552734375,35.07741928100586
364874,1732.139490426,61.70681381225586,1008.5486450195312,35.07862091064453
364894,1732.159712512,61.77242660522461,1008.5407104492188,35.07731246948242
364914,1732.178904069,61.77242660522461,1008.540771484375,35.07853698730469
364934,1732.200385622,61.77242660522461,1008.541015625,35.07944869995117
364954,1732.219907524,61.80523681640625,1008.5371704101562,35.080135345458984
364974,1732.23904161,61.73961639404297,1008.5450439453125,35.079551696777344
364994,1732.260097029,61.745086669921875,1008.5441284179688,35.080223083496094
365014,1732.279351195,61.75055694580078,1008.5435180664062,35.080718994140625
365034,1732.29968349,61.69587707519531,1008.549560546875,35.08108139038086
365054,1732.319294419,61.70134353637695,1008.5489501953125,35.08137512207031
365074,1732.339092611,61.75602340698242,1008.5431518554688,35.082679748535156
365094,1732.359369148,61.838043212890625,1008.5333862304688,35.081459045410156
365114,1732.378526631,61.84351348876953,1008.53271484375,35.08164978027344
365134,1732.398754872,61.85991668701172,1008.5309448242188,35.081787109375
365154,1732.418982507,61.8161735534668,1008.5361328125,35.08189010620117
365174,1732.439342435,61.7669563293457,1008.541748046875,35.08197784423828
365194,1732.459586118,61.84897994995117,1008.5323486328125,35.082027435302734
365214,1732.478536299,61.85991668701172,1008.5307006835938,35.08208084106445
365234,1732.498874625,61.7669563293457,1008.5413818359375,35.082115173339844
365254,1732.519391813,61.734153747558594,1008.5451049804688,35.08323287963867
365274,1732.539092311,61.7669563293457,1008.5415649414062,35.08297348022461
365294,1732.55854704,61.777896881103516,1008.540283203125,35.08278274536133
365314,1732.578891654,61.82164001464844,1008.5353393554688,35.082645416259766
365334,1732.599556927,61.79429626464844,1008.5382690429688,35.08252716064453
365354,1732.618986967,61.81070327758789,1008.5362548828125,35.08355712890625
365374,1732.638356511,61.73961639404297,1008.5450439453125,35.08541488647461
365394,1732.658469398,61.799766540527344,1008.5374755859375,35.08460998535156
365414,1732.679241691,61.82710647583008,1008.53466796875,35.084007263183594
365434,1732.699562475,61.90365982055664,1008.5256958007812,35.08355712890625
365454,1732.718801543,61.95287322998047,1008.5203857421875,35.083213806152344
365474,1732.739430447,61.898193359375,1008.526123046875,35.085174560546875
365494,1732.759535749,61.94740295410156,1008.520751953125,35.08553695678711
365514,1732.778982786,61.9747428894043,1008.5176391601562,35.08579635620117
365534,1732.798593347,61.94740295410156,1008.520751953125,35.08489990234375
365554,1732.818863448,61.88179016113281,1008.5285034179688,35.085330963134766
365574,1732.839850997,61.8161735534668,1008.5358276367188,35.084556579589844
365594,1732.859505719,61.85991668701172,1008.530517578125,35.0839729309082
365614,1732.879090025,61.80523681640625,1008.5372924804688,35.08352279663086
365634,1732.899129095,61.80523681640625,1008.5369262695312,35.08429718017578
365654,1732.918435131,61.745086669921875,1008.5440673828125,35.08488464355469
365674,1732.939063625,61.71774673461914,1008.5470581054688,35.0864143371582
365694,1732.958911039,61.734153747558594,1008.5454711914062,35.08646774291992
365714,1732.978864652,61.745086669921875,1008.5442504882812,35.08650207519531
365734,1732.998661769,61.646663665771484,1008.5552978515625,35.0865364074707
365754,1733.018328223,61.72321701049805,1008.5464477539062,35.086551666259766
365774,1733.038648113,61.783363342285156,1008.5394897460938,35.086570739746094
365794,1733.059030689,61.783363342285156,1008.5394897460938,35.086570739746094
365814,1733.078865699,61.80523681640625,1008.5374145507812,35.08546829223633
365834,1733.09826684,61.641197204589844,1008.5560913085938,35.08906173706055
365854,1733.119266134,61.619319915771484,1008.5584716796875,35.09064483642578
365874,1733.138970473,61.69587707519531,1008.550048828125,35.08964920043945
365894,1733.158064761,61.76149368286133,1008.5421142578125,35.08999252319336
365914,1733.17928676,61.78883361816406,1008.5391845703125,35.089149475097656
365934,1733.199056227,61.77242660522461,1008.5408935546875,35.0885124206543
365954,1733.218750549,61.81070327758789,1008.5366821289062,35.08803176879883
365974,1733.238099613,61.734153747558594,1008.5451049804688,35.09099197387695
365994,1733.258276246,61.679473876953125,1008.5516967773438,35.09099197387695
366014,1733.27915375,61.6849365234375,1008.5513305664062,35.09209060668945
366034,1733.298789872,61.6083869934082,1008.5601196289062,35.092933654785156
366054,1733.318290096,61.641197204589844,1008.5558471679688,35.09465408325195
366074,1733.339236167,61.6083869934082,1008.5596923828125,35.094844818115234
366094,1733.359205997,61.690406799316406,1008.5506591796875,35.0949821472168
366114,1733.37882504,61.66853713989258,1008.5531005859375,35.09400177001953
366134,1733.398587838,61.69587707519531,1008.5494995117188,35.09434509277344
366154,1733.419335055,61.77242660522461,1008.540771484375,35.0924186706543
366174,1733.438764652,61.777896881103516,1008.5404663085938,35.09315872192383
366194,1733.45901784,61.75055694580078,1008.5436401367188,35.094825744628906
366214,1733.478768871,61.745086669921875,1008.5439453125,35.0949821472168
366234,1733.4983843,61.75602340698242,1008.5427856445312,35.0939826965332
366254,1733.518963505,61.73961639404297,1008.5449829101562,35.091041564941406
366274,1733.538328791,61.80523681640625,1008.5372924804688,35.08993911743164
366294,1733.558583575,61.777896881103516,1008.54052734375,35.0901985168457
366314,1733.578326498,61.777896881103516,1008.5405883789062,35.08930587768555
366334,1733.598119793,61.7669563293457,1008.5413818359375,35.09083557128906
366354,1733.618729842,61.72868347167969,1008.5460815429688,35.09309005737305
366374,1733.639195344,61.81070327758789,1008.5366821289062,35.09147262573242
366394,1733.658881911,61.8161735534668,1008.5360717773438,35.09245300292969
366414,1733.677877154,61.82164001464844,1008.5354614257812,35.09319305419922
366434,1733.698123101,61.7669563293457,1008.5415649414062,35.09374237060547
366454,1733.718683443,61.745086669921875,1008.5438842773438,35.09307098388672
366474,1733.738969706,61.77242660522461,1008.5411376953125,35.093658447265625
366494,1733.758201458,61.72868347167969,1008.5460205078125,35.0941047668457
366514,1733.778134255,61.72321701049805,1008.546630859375,35.09663391113281
366534,1733.797861011,61.799766540527344,1008.5380249023438,35.09632110595703
366554,1733.818537007,61.70681381225586,1008.548583984375,35.097198486328125
366574,1733.83755038,61.646663665771484,1008.5555419921875,35.09675216674805
366594,1733.858270522,61.679473876953125,1008.551513671875,35.09642791748047
366614,1733.878246635,61.70681381225586,1008.5482788085938,35.096168518066406
366634,1733.897807736,61.745086669921875,1008.5439453125,35.092674255371094
366654,1733.918641795,61.70134353637695,1008.5489501953125,35.09446334838867
366674,1733.938341106,61.75602340698242,1008.5430297851562,35.09250259399414
366694,1733.958898251,61.75055694580078,1008.5435791015625,35.092124938964844
366714,1733.978349054,61.63572692871094,1008.5567016601562,35.09515380859375
366734,1733.997789514,61.641197204589844,1008.5562133789062,35.09522247314453
366754,1734.018552321,61.70134353637695,1008.5493774414062,35.094173431396484
366774,1734.037801644,61.745086669921875,1008.5440673828125,35.094482421875
366794,1734.057774561,61.77242660522461,1008.5411987304688,35.0958251953125
366814,1734.077831139,61.81070327758789,1008.5366821289062,35.09572219848633
366834,1734.098841571,61.75055694580078,1008.5433959960938,35.097835540771484
366854,1734.118102466,61.8161735534668,1008.535888671875,35.097232818603516
366874,1734.137881003,61.82710647583008,1008.534912109375,35.0978889465332
366894,1734.158702019,61.75055694580078,1008.543701171875,35.09836959838867
366914,1734.177872036,61.80523681640625,1008.5372314453125,35.09762954711914
366934,1734.198140319,61.8161735534668,1008.5360107421875,35.098182678222656
366954,1734.21807393,61.86538314819336,1008.5303955078125,35.09639358520508
366974,1734.238202529,61.86538314819336,1008.5303955078125,35.09639358520508
366994,1734.259555694,61.85991668701172,1008.5309448242188,35.097251892089844
367014,1734.278614628,61.91460037231445,1008.5248413085938,35.09678649902344
367034,1734.297963029,61.799766540527344,1008.5376586914062,35.0975456237793
367054,1734.318457179,61.799766540527344,1008.5380249023438,35.09701156616211
367074,1734.337811509,61.799766540527344,1008.537841796875,35.09771728515625
367094,1734.359353077,61.832576751708984,1008.5341186523438,35.09825134277344
367114,1734.378470504,61.78883361816406,1008.5389404296875,35.0986442565918
367134,1734.397807549,61.799766540527344,1008.5375366210938,35.097835540771484
367154,1734.418030951,61.712276458740234,1008.5478515625,35.10053634643555
367174,1734.438489593,61.7669563293457,1008.5413818359375,35.10034942626953
367194,1734.459513003,61.76149368286133,1008.5419921875,35.10022735595703
367214,1734.478582303,61.71774673461914,1008.5472412109375,35.101226806640625
367234,1734.497867034,61.73961639404297,1008.5449829101562,35.10086441040039
367254,1734.517345082,61.832576751708984,1008.5341796875,35.09950637817383
367274,1734.537587918,61.90365982055664,1008.5256958007812,35.09959030151367
367294,1734.557268303,61.88725662231445,1008.5275268554688,35.09964370727539
367314,1734.57741525,61.876319885253906,1008.5287475585938,35.099693298339844
367334,1734.597925228,61.799766540527344,1008.5377197265625,35.099727630615234
367354,1734.617339373,61.745086669921875,1008.544189453125,35.10084533691406
367374,1734.637968883,61.745086669921875,1008.5438842773438,35.100589752197266
367394,1734.657295089,61.838043212890625,1008.5336303710938,35.09819793701172
367414,1734.678357237,61.745086669921875,1008.5438842773438,35.09971237182617
367434,1734.697913154,61.72868347167969,1008.546142578125,35.100830078125
367454,1734.717522471,61.72321701049805,1008.5466918945312,35.101688385009766
367474,1734.738335161,61.82710647583008,1008.534912109375,35.101226806640625
367494,1734.757366332,61.838043212890625,1008.5335693359375,35.098663330078125
367514,1734.776896067,61.79429626464844,1008.5383911132812,35.10005569458008
367534,1734.798138927,61.72321701049805,1008.5463256835938,35.100006103515625
367554,1734.818091829,61.712276458740234,1008.548095703125,35.099952697753906
367574,1734.836954381,61.75602340698242,1008.54296875,35.099918365478516
367594,1734.857800467,61.75602340698242,1008.5426635742188,35.10210418701172
367614,1734.87816303,61.799766540527344,1008.5376586914062,35.10153579711914
367634,1734.898037215,61.78883361816406,1008.5390625,35.101104736328125
367654,1734.917919053,61.745086669921875,1008.5438842773438,35.10187911987305
367674,1734.937362644,61.76149368286133,1008.5418701171875,35.10356521606445
367694,1734.9573996,61.8161735534668,1008.5355224609375,35.103736877441406
367714,1734.978474748,61.72868347167969,1008.5462036132812,35.10606002807617
367734,1734.997852662,61.79429626464844,1008.5385131835938,35.105594635009766
367754,1735.018047652,61.81070327758789,1008.5366821289062,35.106353759765625
367774,1735.037359904,61.80523681640625,1008.537109375,35.10471725463867
367794,1735.057350118,61.7669563293457,1008.541748046875,35.1078987121582
367814,1735.076985703,61.75602340698242,1008.54296875,35.10919189453125
367834,1735.097750152,61.76149368286133,1008.54248046875,35.10905456542969
367854,1735.11798667,61.79429626464844,1008.5382690429688,35.10894775390625
367874,1735.136955742,61.86538314819336,1008.530029296875,35.10776138305664
367894,1735.157128254,61.80523681640625,1008.5369262695312,35.10798645019531
367914,1735.177595185,61.712276458740234,1008.5478515625,35.112545013427734
367934,1735.196901803,61.77242660522461,1008.541015625,35.11156463623047
367954,1735.217476468,61.8161735534668,1008.5357666015625,35.11082458496094
367974,1735.236498467,61.80523681640625,1008.5369873046875,35.11137390136719
367994,1735.257822443,61.79429626464844,1008.5382080078125,35.11178970336914
368014,1735.277068933,61.82710647583008,1008.53466796875,35.11099624633789
368034,1735.297247447,61.832576751708984,1008.5340576171875,35.109310150146484
368054,1735.317315436,61.82710647583008,1008.534912109375,35.10913848876953
368074,1735.337047553,61.82164001464844,1008.53515625,35.1090202331543
368094,1735.356916935,61.81070327758789,1008.5368041992188,35.10891342163086
368114,1735.37665784,61.7669563293457,1008.5413208007812,35.11104965209961
368134,1735.396992417,61.72321701049805,1008.5467529296875,35.11154556274414
368154,1735.416998063,61.72321701049805,1008.5467529296875,35.11154556274414
368174,1735.436996418,61.69587707519531,1008.5497436523438,35.115211486816406
368194,1735.45687487,61.69587707519531,1008.5499267578125,35.115779876708984
368214,1735.477022133,61.734153747558594,1008.5452880859375,35.115089416503906
368234,1735.496531865,61.72321701049805,1008.5467529296875,35.11347198486328
368254,1735.516910359,61.73961639404297,1008.5450439453125,35.114471435546875
368274,1735.537345679,61.70134353637695,1008.5490112304688,35.115211486816406
368294,1735.557890775,61.597450256347656,1008.5609130859375,35.11906433105469
368314,1735.577481887,61.641197204589844,1008.5559692382812,35.1164665222168
368334,1735.596370876,61.67400360107422,1008.552001953125,35.11670684814453
368354,1735.616989872,61.70134353637695,1008.5490112304688,35.115779876708984
368374,1735.637108022,61.712276458740234,1008.548095703125,35.11619186401367
368394,1735.657043149,61.745086669921875,1008.5438232421875,35.11429977416992
368414,1735.677043801,61.78883361816406,1008.5390625,35.113990783691406
368434,1735.696963003,61.777896881103516,1008.5399780273438,35.11705017089844
368454,1735.716728114,61.75602340698242,1008.5428466796875,35.117156982421875
368474,1735.737314666,61.70681381225586,1008.5482788085938,35.11942672729492
368494,1735.756480012,61.84897994995117,1008.531982421875,35.115623474121094
368514,1735.776245886,61.77242660522461,1008.5411376953125,35.11497116088867
368534,1735.797309683,61.8161735534668,1008.5355224609375,35.1144905090332
368554,1735.816328368,61.783363342285156,1008.5396118164062,35.11412811279297
368574,1735.837346931,61.69587707519531,1008.5498046875,35.117156982421875
368594,1735.856190476,61.72868347167969,1008.5460205078125,35.117225646972656
368614,1735.877077897,61.783363342285156,1008.5396728515625,35.115074157714844
368634,1735.896319882,61.75055694580078,1008.5436401367188,35.11567687988281
368654,1735.916530809,61.734153747558594,1008.5455932617188,35.11500549316406
368674,1735.936801763,61.6849365234375,1008.5508422851562,35.115623474121094
368694,1735.956355042,61.70134353637695,1008.5491943359375,35.11606979370117
368714,1735.976654081,61.66306686401367,1008.5533447265625,35.11861801147461
368734,1735.996951974,61.63025665283203,1008.5574951171875,35.12052536010742
368754,1736.016582321,61.6029167175293,1008.5607299804688,35.120853424072266
368774,1736.037028074,61.657596588134766,1008.55419921875,35.1199951171875
368794,1736.056608503,61.586517333984375,1008.5621948242188,35.12266159057617
368814,1736.076298405,61.53730010986328,1008.568115234375,35.12355422973633
368834,1736.095969268,61.57557678222656,1008.563720703125,35.12202453613281
368854,1736.116440378,61.58104705810547,1008.5628051757812,35.12308883666992
368874,1736.136532156,61.66853713989258,1008.5529174804688,35.121681213378906
368894,1736.156320701,61.652130126953125,1008.5547485351562,35.1228141784668
368914,1736.176121323,61.690406799316406,1008.5505981445312,35.12367630004883
368934,1736.196265677,61.69587707519531,1008.5496826171875,35.12651443481445
368954,1736.215996692,61.734153747558594,1008.5452880859375,35.12644577026367
368974,1736.236638388,61.66853713989258,1008.5529174804688,35.12639236450195
368994,1736.255958498,61.586517333984375,1008.5623168945312,35.12746047973633
369014,1736.277086238,61.59197998046875,1008.5616455078125,35.12715148925781
369034,1736.295840343,61.586517333984375,1008.5621948242188,35.128028869628906
369054,1736.315833427,61.63025665283203,1008.5573120117188,35.12868118286133
369074,1736.336996553,61.71774673461914,1008.5471801757812,35.12807846069336
369094,1736.356036954,61.6849365234375,1008.5513916015625,35.12871551513672
369114,1736.375695855,61.657596588134766,1008.5542602539062,35.12919616699219
369134,1736.395874212,61.66306686401367,1008.5537109375,35.12625503540039
369154,1736.41638908,61.76149368286133,1008.5424194335938,35.12295150756836
369174,1736.436374792,61.70134353637695,1008.5490112304688,35.1248779296875
369194,1736.456822735,61.76149368286133,1008.5424194335938,35.125221252441406
369214,1736.476729392,61.75602340698242,1008.542724609375,35.12548065185547
369234,1736.497065228,61.712276458740234,1008.5478515625,35.12677001953125
369254,1736.51579532,61.745086669921875,1008.5439453125,35.12773513793945
369274,1736.536207357,61.734153747558594,1008.5451049804688,35.128475189208984
369294,1736.556235164,61.70134353637695,1008.5491333007812,35.12570571899414
369314,1736.576979983,61.70134353637695,1008.5491333007812,35.12570571899414
369334,1736.596582967,61.63572692871094,1008.5567626953125,35.1269416809082
369354,1736.616818131,61.690406799316406,1008.5505981445312,35.127872467041016
369374,1736.635776357,61.75055694580078,1008.5435791015625,35.12746047973633
369394,1736.656202372,61.71774673461914,1008.5469970703125,35.12936782836914
369414,1736.675844438,61.70681381225586,1008.54833984375,35.13077926635742
369434,1736.696199702,61.69587707519531,1008.549560546875,35.13074493408203
369454,1736.716648636,61.7669563293457,1008.5416259765625,35.12852478027344
369474,1736.736047593,61.75055694580078,1008.5435180664062,35.12795639038086
369494,1736.756071649,61.70681381225586,1008.5482788085938,35.13083267211914
369514,1736.776810196,61.712276458740234,1008.5479736328125,35.13188171386719
369534,1736.797040342,61.76149368286133,1008.54248046875,35.13267135620117
369554,1736.81732826,61.73961639404297,1008.5447998046875,35.13327407836914
369574,1736.836192024,61.70134353637695,1008.5492553710938,35.13372039794922
369594,1736.856350476,61.657596588134766,1008.5541381835938,35.13404846191406
369614,1736.877118689,61.66853713989258,1008.5527954101562,35.132102966308594
369634,1736.896998138,61.69587707519531,1008.5498046875,35.13394546508789
369654,1736.915952641,61.66306686401367,1008.5533447265625,35.134220123291016
369674,1736.936432272,61.73961639404297,1008.5450439453125,35.133323669433594
369694,1736.957359518,61.73961639404297,1008.5444946289062,35.13265609741211
369714,1736.976575671,61.66853713989258,1008.5531005859375,35.13325500488281
369734,1736.9971274,61.66306686401367,1008.553466796875,35.131500244140625
369754,1737.01595645,61.641197204589844,1008.5562133789062,35.13019561767578
369774,1737.036628845,61.657596588134766,1008.5541381835938,35.12919616699219
369794,1737.05571432,61.63572692871094,1008.5565185546875,35.13065719604492
369814,1737.076561296,61.646663665771484,1008.5555419921875,35.13175964355469
369834,1737.095342569,61.712276458740234,1008.5477905273438,35.13368606567383
369854,1737.115597618,61.66853713989258,1008.5531616210938,35.134029388427734
369874,1737.136501309,61.63572692871094,1008.5567626953125,35.13539123535156
369894,1737.155901745,61.553707122802734,1008.5662841796875,35.13530349731445
369914,1737.176827039,61.652130126953125,1008.5549926757812,35.134132385253906
369934,1737.196065218,61.690406799316406,1008.5505981445312,35.134376525878906
369954,1737.215315217,61.66306686401367,1008.553466796875,35.13564682006836
369974,1737.235434498,61.72321701049805,1008.5466918945312,35.135494232177734
369994,1737.256125329,61.70134353637695,1008.5494384765625,35.13539123535156
370014,1737.276134719,61.72868347167969,1008.5460815429688,35.13640594482422
370034,1737.295489502,61.783363342285156,1008.5396728515625,35.13496017456055
370054,1737.31661391,61.78883361816406,1008.5389404296875,35.13499450683594
370074,1737.335773914,61.72321701049805,1008.54638671875,35.135009765625
370094,1737.356356913,61.72321701049805,1008.5465698242188,35.135009765625
370114,1737.375864914,61.679473876953125,1008.5518798828125,35.13612747192383
370134,1737.395883988,61.597450256347656,1008.5612182617188,35.13695526123047
370154,1737.415024979,61.53730010986328,1008.5679321289062,35.13869094848633
370174,1737.435914516,61.586517333984375,1008.5626831054688,35.137779235839844
370194,1737.455984252,61.586517333984375,1008.5626220703125,35.1381950378418
370214,1737.475456628,61.58104705810547,1008.5628051757812,35.137420654296875
370234,1737.495801895,61.66306686401367,1008.5536499023438,35.136817932128906
370254,1737.51487195,61.62479019165039,1008.55810546875,35.138587951660156
370274,1737.536139253,61.58104705810547,1008.5631103515625,35.139896392822266
370294,1737.555734037,61.61385726928711,1008.5591430664062,35.13869094848633
370314,1737.576019832,61.641197204589844,1008.5558471679688,35.13888168334961
370334,1737.595855279,61.66306686401367,1008.5533447265625,35.13901901245117
370354,1737.615265072,61.72868347167969,1008.5458374023438,35.14023971557617
370374,1737.634761649,61.646663665771484,1008.5553588867188,35.141136169433594
370394,1737.65594174,61.6849365234375,1008.5512084960938,35.141822814941406
370414,1737.674834436,61.61385726928711,1008.5590209960938,35.1423225402832
370434,1737.695706548,61.712276458740234,1008.548095703125,35.1405143737793
370454,1737.71573765,61.79429626464844,1008.5382080078125,35.14023971557617
370474,1737.735874512,61.79429626464844,1008.5382080078125,35.14023971557617
370494,1737.754744429,61.84897994995117,1008.5321044921875,35.141151428222656
370514,1737.775467235,61.930999755859375,1008.5224609375,35.140724182128906
370534,1737.795951507,61.88179016113281,1008.5280151367188,35.14151382446289
370554,1737.815691352,61.78883361816406,1008.5387573242188,35.1431999206543
370574,1737.835476157,61.72868347167969,1008.5457763671875,35.14337158203125
370594,1737.855750288,61.69587707519531,1008.5494995117188,35.14349365234375
370614,1737.875629056,61.67400360107422,1008.5524291992188,35.14468002319336
370634,1737.895793393,61.734153747558594,1008.5455322265625,35.142269134521484
370654,1737.915882427,61.586517333984375,1008.5625,35.144866943359375
370674,1737.936450113,61.586517333984375,1008.5623779296875,35.14462661743164
370694,1737.955036027,61.597450256347656,1008.5608520507812,35.144439697265625
370714,1737.97570813,61.531837463378906,1008.5689697265625,35.14318084716797
370734,1737.995461353,61.553707122802734,1008.5658569335938,35.14335250854492
370754,1738.015926755,61.619319915771484,1008.55859375,35.141273498535156
370774,1738.035506578,61.75055694580078,1008.5435791015625,35.13972473144531
370794,1738.055393274,61.78883361816406,1008.5390625,35.13965606689453
370814,1738.075400751,61.81070327758789,1008.53662109375,35.14070510864258
370834,1738.09474064,61.745086669921875,1008.5438232421875,35.14259719848633
370854,1738.114619958,61.70134353637695,1008.5493774414062,35.14400863647461
370874,1738.135104994,61.652130126953125,1008.5546875,35.146175384521484
370894,1738.155064568,61.71774673461914,1008.5469970703125,35.145591735839844
370914,1738.175850358,61.66853713989258,1008.5528564453125,35.146263122558594
370934,1738.194604911,61.71774673461914,1008.5474853515625,35.14455795288086
370954,1738.214567697,61.70134353637695,1008.5494384765625,35.14328384399414
370974,1738.234566577,61.66853713989258,1008.5526123046875,35.1434211730957
370994,1738.255460634,61.70134353637695,1008.5493774414062,35.1435432434082
371014,1738.274997018,61.73961639404297,1008.5443725585938,35.143611907958984
371034,1738.2954596,61.85445022583008,1008.5314331054688,35.142581939697266
371054,1738.315615377,61.78883361816406,1008.5391235351562,35.141788482666016
371074,1738.335579871,61.734153747558594,1008.5455322265625,35.144508361816406
371094,1738.355458607,61.63025665283203,1008.5575561523438,35.144351959228516
371114,1738.375508719,61.57557678222656,1008.5635986328125,35.14643478393555
371134,1738.394970338,61.5263671875,1008.5692138671875,35.147979736328125
371154,1738.41592165,61.59197998046875,1008.5617065429688,35.14805221557617
371174,1738.435531477,61.70134353637695,1008.5494384765625,35.148101806640625
371194,1738.455082517,61.63025665283203,1008.557373046875,35.149253845214844
371214,1738.475871405,61.72321701049805,1008.54638671875,35.14789581298828
371234,1738.49481471,61.61385726928711,1008.5590209960938,35.14910125732422
371254,1738.515037173,61.57011032104492,1008.5645141601562,35.149993896484375
371274,1738.534535647,61.59197998046875,1008.5619506835938,35.150665283203125
371294,1738.555050836,61.57011032104492,1008.564208984375,35.15116500854492
371314,1738.576504666,61.657596588134766,1008.553955078125,35.14934158325195
371334,1738.595080278,61.657596588134766,1008.5541381835938,35.15016555786133
371354,1738.615529429,61.72321701049805,1008.5466918945312,35.148582458496094
371374,1738.634549873,61.72868347167969,1008.5462036132812,35.14851379394531
371394,1738.655292976,61.712276458740234,1008.5481567382812,35.1495475769043
371414,1738.675894244,61.77242660522461,1008.540771484375,35.14812088012695
371434,1738.695095139,61.72321701049805,1008.546875,35.149253845214844
371454,1738.714531349,61.70134353637695,1008.548828125,35.150115966796875
371474,1738.734933515,61.690406799316406,1008.550537109375,35.1485481262207
371494,1738.755360196,61.619319915771484,1008.558349609375,35.14958190917969
371514,1738.776720932,61.679473876953125,1008.5518798828125,35.15035629272461
371534,1738.794514799,61.690406799316406,1008.5504760742188,35.148719787597656
371554,1738.815592307,61.6849365234375,1008.5513916015625,35.14971923828125
371574,1738.834544895,61.6849365234375,1008.5511474609375,35.148258209228516
371594,1738.854934102,61.6849365234375,1008.5511474609375,35.148258209228516
371614,1738.876995869,61.66853713989258,1008.5530395507812,35.15045928955078
371634,1738.894600007,61.72321701049805,1008.5467529296875,35.15100860595703
371654,1738.915438096,61.69587707519531,1008.550048828125,35.15142059326172
371674,1738.934440937,61.61385726928711,1008.5589599609375,35.1517333984375
371694,1738.954783025,61.63572692871094,1008.5565185546875,35.151973724365234
371714,1738.976064509,61.641197204589844,1008.5559692382812,35.15214538574219
371734,1738.994241161,61.734153747558594,1008.5454711914062,35.150081634521484
371754,1739.014672095,61.76149368286133,1008.542236328125,35.150718688964844
371774,1739.034088637,61.734153747558594,1008.5454711914062,35.151214599609375
371794,1739.053983984,61.76149368286133,1008.5424194335938,35.150474548339844
371814,1739.073842303,61.77242660522461,1008.5407104492188,35.14882278442383
371834,1739.094133074,61.6849365234375,1008.5508422851562,35.14978790283203
371854,1739.114270486,61.657596588134766,1008.55419921875,35.151611328125
371874,1739.134057925,61.690406799316406,1008.55029296875,35.1507682800293
371894,1739.154648642,61.62479019165039,1008.5576171875,35.15235137939453
371914,1739.174607605,61.652130126953125,1008.5545654296875,35.15131759643555
371934,1739.194815584,61.679473876953125,1008.5517578125,35.15166473388672
371954,1739.214612043,61.690406799316406,1008.5501098632812,35.14970016479492
371974,1739.23513615,61.619319915771484,1008.5587158203125,35.152645111083984
371994,1739.255123775,61.59197998046875,1008.561767578125,35.15266036987305
372014,1739.274774203,61.586517333984375,1008.5625,35.15376281738281
372034,1739.293956283,61.53730010986328,1008.5680541992188,35.15458679199219
372054,1739.315123721,61.59197998046875,1008.5620727539062,35.15410614013672
372074,1739.334280373,61.597450256347656,1008.5609130859375,35.15594482421875
372094,1739.354809288,61.641197204589844,1008.556396484375,35.15513610839844
372114,1739.374872287,61.63025665283203,1008.5574951171875,35.154518127441406
372134,1739.395102206,61.62479019165039,1008.5580444335938,35.154052734375
372154,1739.413848709,61.531837463378906,1008.5685424804688,35.15591049194336
372174,1739.434312234,61.47715377807617,1008.5753784179688,35.15730667114258
372194,1739.453782386,61.520896911621094,1008.5700073242188,35.15613555908203
372214,1739.475114652,61.57557678222656,1008.5633544921875,35.155277252197266
372234,1739.493890415,61.6083869934082,1008.5596923828125,35.15462112426758
372254,1739.514771422,61.66853713989258,1008.5532836914062,35.15414047241211
372274,1739.533645399,61.66306686401367,1008.553466796875,35.15376281738281
372294,1739.553850662,61.652130126953125,1008.5549926757812,35.15348815917969
372314,1739.574711462,61.70681381225586,1008.5482788085938,35.15327835083008
372334,1739.59487712,61.63572692871094,1008.5568237304688,35.156429290771484
372354,1739.613916528,61.51543045043945,1008.5703735351562,35.1588020324707
372374,1739.63444957,61.499027252197266,1008.5723876953125,35.15947341918945
372394,1739.654399852,61.57011032104492,1008.564208984375,35.15776824951172
372414,1739.674798526,61.55917739868164,1008.5654296875,35.157596588134766
372434,1739.693981367,61.63025665283203,1008.5572509765625,35.1563606262207
372454,1739.713889292,61.619319915771484,1008.5588989257812,35.156532287597656
372474,1739.735025326,61.71774673461914,1008.5470581054688,35.15556716918945
372494,1739.754456743,61.72868347167969,1008.546142578125,35.15484619140625
372514,1739.773791581,61.783363342285156,1008.539794921875,35.1553955078125
372534,1739.794953848,61.82164001464844,1008.5353393554688,35.155826568603516
372554,1739.813648243,61.8161735534668,1008.5357055664062,35.1572380065918
372574,1739.834120638,61.82164001464844,1008.5349731445312,35.15608215332031
372594,1739.854513387,61.84351348876953,1008.5327758789062,35.156341552734375
372614,1739.874740702,61.77242660522461,1008.5408935546875,35.15541458129883
372634,1739.895044752,61.799766540527344,1008.5376586914062,35.15472412109375
372654,1739.914642456,61.7669563293457,1008.5416259765625,35.155311584472656
372674,1739.934963645,61.81070327758789,1008.5368041992188,35.15465545654297
372694,1739.955113639,61.84351348876953,1008.5328979492188,35.15525817871094
372714,1739.974865307,61.799766540527344,1008.5380249023438,35.154605865478516
372734,1739.994536417,61.734153747558594,1008.5455322265625,35.15852737426758
372754,1740.013545884,61.745086669921875,1008.5438232421875,35.15706253051758
372774,1740.033494058,61.745086669921875,1008.5438232421875,35.15706253051758
372794,1740.0538141,61.77242660522461,1008.540771484375,35.15706253051758
372814,1740.07334199,61.73961639404297,1008.5444946289062,35.15926742553711
372834,1740.09367496,61.72868347167969,1008.5457763671875,35.158714294433594
372854,1740.113851438,61.6849365234375,1008.5509033203125,35.16160583496094
372874,1740.134749698,61.646663665771484,1008.555419921875,35.16157150268555
372894,1740.154035683,61.6083869934082,1008.559814453125,35.162654876708984
372914,1740.173100354,61.63025665283203,1008.5574951171875,35.16456604003906
372934,1740.194109734,61.63025665283203,1008.5575561523438,35.16489028930664
372954,1740.214265324,61.57011032104492,1008.5643310546875,35.164031982421875
372974,1740.234258705,61.57557678222656,1008.5635986328125,35.16559600830078
372994,1740.253763283,61.50449752807617,1008.5717163085938,35.1634635925293
373014,1740.273489047,61.59197998046875,1008.5617065429688,35.161865234375
373034,1740.292989811,61.657596588134766,1008.553955078125,35.162879943847656
373054,1740.314113697,61.6849365234375,1008.5509033203125,35.16361999511719
373074,1740.333976252,61.62479019165039,1008.5577392578125,35.1641845703125
373094,1740.35304763,61.641197204589844,1008.5559692382812,35.16571807861328
373114,1740.373440347,61.6849365234375,1008.5510864257812,35.164649963378906
373134,1740.393065978,61.59197998046875,1008.5619506835938,35.16495895385742
373154,1740.413298085,61.58104705810547,1008.563232421875,35.16628646850586
373174,1740.433975205,61.57011032104492,1008.5643310546875,35.16728210449219
373194,1740.453727274,61.657596588134766,1008.5540161132812,35.16804122924805
373214,1740.473761707,61.6083869934082,1008.559814453125,35.1685905456543
373234,1740.493434333,61.652130126953125,1008.5549926757812,35.16791915893555
373254,1740.51353525,61.679473876953125,1008.5518798828125,35.16740417480469
373274,1740.533354426,61.72321701049805,1008.5465698242188,35.165924072265625
373294,1740.553055004,61.72321701049805,1008.54638671875,35.16700744628906
373314,1740.574301055,61.70681381225586,1008.5487060546875,35.16783142089844
373334,1740.593862568,61.70134353637695,1008.5492553710938,35.168453216552734
373354,1740.613944838,61.70681381225586,1008.5485229492188,35.16779708862305
373374,1740.633866348,61.6849365234375,1008.5510864257812,35.16621780395508
373394,1740.653705298,61.61385726928711,1008.5591430664062,35.167232513427734
373414,1740.673754159,61.66853713989258,1008.5532836914062,35.165802001953125
373434,1740.693426766,61.66853713989258,1008.5532836914062,35.165802001953125
373454,1740.713416209,61.62479019165039,1008.5581665039062,35.16691970825195
373474,1740.733415472,61.61385726928711,1008.5592651367188,35.166664123535156
373494,1740.753615123,61.619319915771484,1008.5588989257812,35.16535568237305
373514,1740.773968919,61.6083869934082,1008.5599975585938,35.16439437866211
373534,1740.792869762,61.652130126953125,1008.5549926757812,35.165870666503906
373554,1740.81307717,61.63025665283203,1008.5573120117188,35.16366958618164
373574,1740.83330044,61.619319915771484,1008.558349609375,35.165321350097656
373594,1740.853155903,61.679473876953125,1008.551513671875,35.16545867919922
373614,1740.872993452,61.6029167175293,1008.5607299804688,35.166664123535156
373634,1740.893308239,61.59197998046875,1008.5617065429688,35.16867446899414
373654,1740.912756666,61.679473876953125,1008.5516967773438,35.1668701171875
373674,1740.933531173,61.734153747558594,1008.5454711914062,35.1644287109375
373694,1740.953815349,61.66306686401367,1008.5533447265625,35.165889739990234
373714,1740.973951904,61.619319915771484,1008.5584106445312,35.166988372802734
373734,1740.993253502,61.619319915771484,1008.5587768554688,35.167816162109375
373754,1741.013324403,61.66853713989258,1008.5527954101562,35.168434143066406
373774,1741.033520133,61.63025665283203,1008.5575561523438,35.16889953613281
373794,1741.053809347,61.652130126953125,1008.5545043945312,35.16924285888672
373814,1741.073613214,61.58104705810547,1008.5628662109375,35.16950225830078
373834,1741.093903729,61.51543045043945,1008.5704956054688,35.17079162597656
373854,1741.113269883,61.58104705810547,1008.5628662109375,35.16957092285156
373874,1741.13381452,61.619319915771484,1008.5588989257812,35.16864013671875
373894,1741.153937083,61.597450256347656,1008.5609741210938,35.16795349121094
373914,1741.172951383,61.553707122802734,1008.5665283203125,35.16853713989258
373934,1741.194041725,61.564640045166016,1008.5651245117188,35.17007064819336
373954,1741.212902223,61.564640045166016,1008.5651245117188,35.17007064819336
373974,1741.233291844,61.58104705810547,1008.5630493164062,35.17012023925781
373994,1741.252432622,61.586517333984375,1008.5623168945312,35.17127227783203
374014,1741.273035797,61.50996017456055,1008.571044921875,35.172115325927734
374034,1741.292800166,61.54277038574219,1008.5675659179688,35.171669006347656
374054,1741.31335566,61.58104705810547,1008.5628662109375,35.17242431640625
374074,1741.333499571,61.619319915771484,1008.5586547851562,35.17189407348633
374094,1741.353686486,61.61385726928711,1008.5594482421875,35.171478271484375
374114,1741.372365557,61.63572692871094,1008.5569458007812,35.17228698730469
374134,1741.392394686,61.61385726928711,1008.5594482421875,35.171791076660156
374154,1741.412899331,61.6083869934082,1008.5595703125,35.17251205444336
374174,1741.432795789,61.586517333984375,1008.5626220703125,35.17306137084961
374194,1741.453616802,61.57557678222656,1008.5635986328125,35.17235565185547
374214,1741.472530099,61.49355697631836,1008.5733642578125,35.174041748046875
374234,1741.492479018,61.597450256347656,1008.5609741210938,35.173095703125
374254,1741.513098419,61.61385726928711,1008.5594482421875,35.17459487915039
374274,1741.533352832,61.70134353637695,1008.5493774414062,35.173526763916016
374294,1741.552482009,61.712276458740234,1008.548095703125,35.17491912841797
374314,1741.572969275,61.67400360107422,1008.552490234375,35.17485046386719
374334,1741.593046184,61.6849365234375,1008.55078125,35.1737174987793
374354,1741.613070977,61.72321701049805,1008.546630859375,35.17395782470703
374374,1741.633600685,61.657596588134766,1008.5540161132812,35.17414474487305
374394,1741.653715685,61.646663665771484,1008.5557861328125,35.17428207397461
374414,1741.672525572,61.61385726928711,1008.559326171875,35.17548751831055
374434,1741.691983991,61.531837463378906,1008.5690307617188,35.17638397216797
374454,1741.712933554,61.44434356689453,1008.5786743164062,35.17595291137695
374474,1741.732639673,61.50449752807617,1008.57177734375,35.17454147338867
374494,1741.752994918,61.54277038574219,1008.567626953125,35.17457580566406
374514,1741.771845605,61.47715377807617,1008.5753173828125,35.17461013793945
374534,1741.79286935,61.54277038574219,1008.567626953125,35.17462921142578
374554,1741.813482933,61.586517333984375,1008.5621948242188,35.173545837402344
374574,1741.832065036,61.62479019165039,1008.5576171875,35.17382049560547
374594,1741.852412539,61.63025665283203,1008.5572509765625,35.172943115234375
374614,1741.872313112,61.58104705810547,1008.563232421875,35.17447280883789
374634,1741.893480502,61.619319915771484,1008.5584106445312,35.17452621459961
374654,1741.912770568,61.58104705810547,1008.5631103515625,35.17457580566406
374674,1741.933717471,61.597450256347656,1008.5609130859375,35.17569351196289
374694,1741.952996207,61.553707122802734,1008.5658569335938,35.17765426635742
374714,1741.972345245,61.63025665283203,1008.5571899414062,35.173614501953125
374734,1741.993080555,61.67400360107422,1008.5525512695312,35.17387008666992
374754,1742.012111825,61.72321701049805,1008.546630859375,35.17517852783203
374774,1742.032699619,61.70681381225586,1008.5485229492188,35.17726135253906
374794,1742.052040362,61.58104705810547,1008.563232421875,35.1777229309082
374814,1742.072773929,61.61385726928711,1008.5594482421875,35.179168701171875
374834,1742.092809782,61.63572692871094,1008.5567626953125,35.17915344238281
374854,1742.11244929,61.58104705810547,1008.5630493164062,35.179134368896484
374874,1742.132735605,61.597450256347656,1008.5610961914062,35.178016662597656
374894,1742.152925184,61.6029167175293,1008.5606079101562,35.17939376831055
374914,1742.171974548,61.55917739868164,1008.5653076171875,35.1815071105957
374934,1742.191713484,61.53730010986328,1008.5680541992188,35.180908203125
374954,1742.211577368,61.61385726928711,1008.5595092773438,35.179359436035156
374974,1742.232573068,61.63572692871094,1008.5569458007812,35.179290771484375
374994,1742.251926595,61.61385726928711,1008.5590209960938,35.178138732910156
375014,1742.271528572,61.646663665771484,1008.5553588867188,35.17837905883789
375034,1742.291770231,61.6029167175293,1008.560302734375,35.178550720214844
375054,1742.312623209,61.51543045043945,1008.5709228515625,35.179786682128906
375074,1742.332580132,61.6029167175293,1008.560302734375,35.17851638793945
375094,1742.352661911,61.6029167175293,1008.560302734375,35.17851638793945
375114,1742.371858151,61.59197998046875,1008.5617065429688,35.17755126953125
375134,1742.392066236,61.641197204589844,1008.55615234375,35.17684555053711
375154,1742.412027969,61.652130126953125,1008.5547485351562,35.17629623413086
375174,1742.431996191,61.61385726928711,1008.5594482421875,35.179203033447266
375194,1742.45235381,61.564640045166016,1008.5648803710938,35.179168701171875
375214,1742.472362025,61.54277038574219,1008.5675048828125,35.18025207519531
375234,1742.493067141,61.553707122802734,1008.566162109375,35.18216323852539
375254,1742.513031008,61.57011032104492,1008.5646362304688,35.18138885498047
375274,1742.532469907,61.5263671875,1008.569091796875,35.18082046508789
375294,1742.552175363,61.66306686401367,1008.5537109375,35.17818832397461
375314,1742.572871157,61.6849365234375,1008.5509643554688,35.17951202392578
375334,1742.592592929,61.652130126953125,1008.5548706054688,35.17831039428711
375354,1742.612548409,61.641197204589844,1008.5560913085938,35.178497314453125
375374,1742.632623421,61.641197204589844,1008.5558471679688,35.17755126953125
375394,1742.652822938,61.59197998046875,1008.5618286132812,35.18013381958008
375414,1742.672029296,61.57011032104492,1008.5646362304688,35.18207550048828
375434,1742.691971741,61.586517333984375,1008.5621948242188,35.18133544921875
375454,1742.711937921,61.63572692871094,1008.5564575195312,35.18077087402344
375474,1742.732504326,61.57011032104492,1008.5646362304688,35.18255615234375
375494,1742.751479464,61.58104705810547,1008.5631713867188,35.18278121948242
375514,1742.771879248,61.586517333984375,1008.562255859375,35.1829719543457
375534,1742.791849283,61.58104705810547,1008.5628051757812,35.18199157714844
375554,1742.812081016,61.62479019165039,1008.5576171875,35.183467864990234
375574,1742.831601011,61.50996017456055,1008.571044921875,35.1845703125
375594,1742.852362165,61.44981384277344,1008.5780029296875,35.18761444091797
375614,1742.872095226,61.406070709228516,1008.5831909179688,35.18988800048828
375634,1742.892035955,61.43887710571289,1008.5797729492188,35.189388275146484
375654,1742.9115218,61.48262023925781,1008.5744018554688,35.18790817260742
375674,1742.932161793,61.50996017456055,1008.571533203125,35.18901062011719
375694,1742.952377437,61.5263671875,1008.5694580078125,35.1887321472168
375714,1742.972051865,61.47168731689453,1008.575927734375,35.18852615356445
375734,1742.992930947,61.48262023925781,1008.5744018554688,35.18727111816406
375754,1743.011689296,61.47168731689453,1008.57568359375,35.18632507324219
375774,1743.03208775,61.44981384277344,1008.578125,35.18672180175781
375794,1743.052561085,61.49355697631836,1008.572998046875,35.1859130859375
375814,1743.071970725,61.54823684692383,1008.5667724609375,35.18531036376953
375834,1743.093548983,61.553707122802734,1008.5661010742188,35.18594741821289
375854,1743.111486496,61.5263671875,1008.5693359375,35.18644714355469
375874,1743.131869526,61.47168731689453,1008.5755004882812,35.18901062011719
375894,1743.151622919,61.427940368652344,1008.5804443359375,35.1887321472168
375914,1743.171515887,61.4224739074707,1008.5810546875,35.19072723388672
375934,1743.193830249,61.43887710571289,1008.579345703125,35.190025329589844
375954,1743.211463659,61.44981384277344,1008.578125,35.189491271972656
375974,1743.231737244,61.460750579833984,1008.5770263671875,35.18909454345703
375994,1743.251760537,61.5263671875,1008.569580078125,35.188785552978516
376014,1743.27180748,61.48262023925781,1008.5745849609375,35.188560485839844
376034,1743.290911195,61.37873077392578,1008.5865478515625,35.18840789794922
376054,1743.310912802,61.460750579833984,1008.5768432617188,35.188270568847656
376074,1743.332427512,61.47715377807617,1008.5748291015625,35.18818283081055
376094,1743.351493727,61.48262023925781,1008.5746459960938,35.188114166259766
376114,1743.37190876,61.49355697631836,1008.5731201171875,35.18806457519531
376134,1743.393940091,61.460750579833984,1008.576904296875,35.19021224975586
376154,1743.412397137,61.49355697631836,1008.5732421875,35.19074630737305
376174,1743.431949743,61.553707122802734,1008.5664672851562,35.19222640991211
376194,1743.451682643,61.57011032104492,1008.5643310546875,35.19114303588867
376214,1743.472448055,61.57011032104492,1008.5643310546875,35.19114303588867
376234,1743.49104658,61.5263671875,1008.5694580078125,35.19033432006836
376254,1743.512524553,61.553707122802734,1008.5665283203125,35.18973159790039
376274,1743.532591784,61.58104705810547,1008.5631103515625,35.189266204833984
376294,1743.551132524,61.652130126953125,1008.5549926757812,35.18892288208008
376314,1743.57147798,61.586517333984375,1008.5625,35.188663482666016
376334,1743.592142059,61.57011032104492,1008.5641479492188,35.1884765625
376354,1743.61175288,61.50996017456055,1008.5714721679688,35.1905403137207
376374,1743.631541281,61.55917739868164,1008.5655517578125,35.18986892700195
376394,1743.652124083,61.499027252197266,1008.5724487304688,35.19158935546875
376414,1743.671562502,61.49355697631836,1008.5728759765625,35.1917610168457
376434,1743.691302081,61.460750579833984,1008.5767822265625,35.19300079345703
376454,1743.712652317,61.460750579833984,1008.5770874023438,35.19392776489258
376474,1743.731409822,61.51543045043945,1008.5708618164062,35.192413330078125
376494,1743.751283907,61.47168731689453,1008.5757446289062,35.1912956237793
376514,1743.772069241,61.531837463378906,1008.5687255859375,35.19043731689453
376534,1743.791896627,61.47715377807617,1008.574951171875,35.19090270996094
376554,1743.8119186,61.47168731689453,1008.5758666992188,35.19236373901367
376574,1743.831266963,61.51543045043945,1008.5709228515625,35.19344711303711
376594,1743.850972921,61.51543045043945,1008.5709228515625,35.19535446166992
376614,1743.870817221,61.597450256347656,1008.5608520507812,35.19459915161133
376634,1743.892025872,61.597450256347656,1008.5611572265625,35.19511413574219
376654,1743.911321236,61.564640045166016,1008.5651245117188,35.19551086425781
376674,1743.93150218,61.5263671875,1008.5696411132812,35.19581985473633
376694,1743.952045889,61.47168731689453,1008.5755004882812,35.196044921875
376714,1743.971474049,61.44434356689453,1008.5785522460938,35.19729995727539
376734,1743.990771497,61.47168731689453,1008.57568359375,35.19716262817383
376754,1744.011401105,61.466217041015625,1008.576171875,35.19704055786133
376774,1744.030649451,61.50996017456055,1008.5711669921875,35.196956634521484
376794,1744.051038876,61.520896911621094,1008.5698852539062,35.1979866027832
376814,1744.071325012,61.499027252197266,1008.572265625,35.19547653198242
376834,1744.092079171,61.5263671875,1008.5696411132812,35.19578552246094
376854,1744.111872112,61.58104705810547,1008.5628662109375,35.193809509277344
376874,1744.131711136,61.586517333984375,1008.5623168945312,35.19453048706055
376894,1744.151063326,61.553707122802734,1008.566162109375,35.1950798034668
376914,1744.171106925,61.531837463378906,1008.5689086914062,35.19657897949219
376934,1744.191535343,61.54277038574219,1008.5675048828125,35.19440841674805
376954,1744.211355696,61.531837463378906,1008.5685424804688,35.19607925415039
376974,1744.231687343,61.55917739868164,1008.5655517578125,35.195133209228516
376994,1744.251035946,61.58104705810547,1008.5631713867188,35.19552993774414
377014,1744.270755186,61.57557678222656,1008.5634155273438,35.19361877441406
377034,1744.29085557,61.57011032104492,1008.56396484375,35.19549560546875
377054,1744.310836529,61.50996017456055,1008.5712890625,35.195804595947266
377074,1744.330887209,61.520896911621094,1008.5700073242188,35.1982307434082
377094,1744.351089108,61.49355697631836,1008.5733642578125,35.195648193359375
377114,1744.370707887,61.48262023925781,1008.5746459960938,35.19590759277344
377134,1744.391536145,61.48809051513672,1008.5740356445312,35.19611358642578
377154,1744.41170227,61.51543045043945,1008.5707397460938,35.196250915527344
377174,1744.430540978,61.499027252197266,1008.5726318359375,35.196372985839844
377194,1744.451494987,61.466217041015625,1008.5764770507812,35.19755935668945
377214,1744.470695513,61.373260498046875,1008.5869140625,35.19953536987305
377234,1744.49146319,61.384193420410156,1008.58544921875,35.20103454589844
377254,1744.511541389,61.43887710571289,1008.5795288085938,35.199951171875
377274,1744.530530696,61.44434356689453,1008.5789794921875,35.19914245605469
377294,1744.551581675,61.38966369628906,1008.5848999023438,35.200740814208984
377314,1744.570874528,61.45528030395508,1008.5778198242188,35.19972610473633
377334,1744.591503903,61.45528030395508,1008.57763671875,35.19896697998047
377354,1744.611052197,61.45528030395508,1008.57763671875,35.19896697998047
377374,1744.630534305,61.45528030395508,1008.577392578125,35.199501037597656
377394,1744.650982608,61.411537170410156,1008.5827026367188,35.198814392089844
377414,1744.670241052,61.4224739074707,1008.5813598632812,35.19938278198242
377434,1744.690534502,61.411537170410156,1008.5825805664062,35.20091247558594
377454,1744.711077056,61.43887710571289,1008.5792846679688,35.197662353515625
377474,1744.73123036,61.45528030395508,1008.577392578125,35.19742202758789
377494,1744.751095593,61.47168731689453,1008.5757446289062,35.19834899902344
377514,1744.771215315,61.48809051513672,1008.57373046875,35.19793701171875
377534,1744.790353098,61.48262023925781,1008.5742797851562,35.198726654052734
377554,1744.810072775,61.47715377807617,1008.574951171875,35.1993293762207
377574,1744.829974064,61.520896911621094,1008.5700073242188,35.20087814331055
377594,1744.850103456,61.553707122802734,1008.5662231445312,35.202030181884766
377614,1744.869973479,61.54277038574219,1008.5675048828125,35.20180892944336
377634,1744.890515676,61.45528030395508,1008.5774536132812,35.202735900878906
377654,1744.910064409,61.44434356689453,1008.5789794921875,35.20232391357422
377674,1744.930026257,61.4170036315918,1008.5821533203125,35.2020149230957
377694,1744.950030506,61.4170036315918,1008.5821533203125,35.20178985595703
377714,1744.970111467,61.466217041015625,1008.5765380859375,35.202720642089844
377734,1744.990595622,61.47168731689453,1008.5756225585938,35.20232391357422
377754,1745.010051665,61.48262023925781,1008.57421875,35.2031135559082
377774,1745.030550141,61.53730010986328,1008.5679321289062,35.20371627807617
377794,1745.050088721,61.54277038574219,1008.5675659179688,35.201961517333984
377814,1745.069987239,61.48809051513672,1008.57373046875,35.202857971191406
377834,1745.089841582,61.40060043334961,1008.5835571289062,35.20351028442383
377854,1745.110030817,61.39513397216797,1008.5843505859375,35.204010009765625
377874,1745.129948194,61.40060043334961,1008.5840454101562,35.202186584472656
377894,1745.150208039,61.4224739074707,1008.5810546875,35.200809478759766
377914,1745.169805978,61.367794036865234,1008.587890625,35.201995849609375
377934,1745.189686438,61.45528030395508,1008.5772705078125,35.2006721496582
377954,1745.209786155,61.47168731689453,1008.57568359375,35.20187759399414
377974,1745.23061204,61.43887710571289,1008.5796508789062,35.202789306640625
377994,1745.250854058,61.427940368652344,1008.5804443359375,35.20237350463867
378014,1745.269782868,61.4170036315918,1008.58203125,35.203147888183594
378034,1745.289692172,61.43887710571289,1008.5795288085938,35.2026481628418
378054,1745.31077001,61.43887710571289,1008.5796508789062,35.20335388183594
378074,1745.329853032,61.43341064453125,1008.5802001953125,35.20280456542969
378094,1745.350435647,61.427940368652344,1008.5806274414062,35.20347595214844
378114,1745.370857397,61.49355697631836,1008.5731201171875,35.2028923034668
378134,1745.389871458,61.47715377807617,1008.5748901367188,35.20354461669922
378154,1745.409585051,61.43887710571289,1008.5792236328125,35.20402526855469
378174,1745.430078129,61.43887710571289,1008.57958984375,35.204402923583984
378194,1745.450563782,61.411537170410156,1008.582763671875,35.205780029296875
378214,1745.46954533,61.411537170410156,1008.5823974609375,35.205711364746094
378234,1745.489479652,61.39513397216797,1008.5846557617188,35.20676040649414
378254,1745.510050939,61.367794036865234,1008.58740234375,35.20755386352539
378274,1745.530618243,61.406070709228516,1008.583251953125,35.207035064697266
378294,1745.550131521,61.47715377807617,1008.5750732421875,35.20555877685547
378314,1745.570601418,61.48809051513672,1008.5740356445312,35.20553970336914
378334,1745.589943117,61.47168731689453,1008.5758666992188,35.20553970336914
378354,1745.610203925,61.43341064453125,1008.5798950195312,35.20553970336914
378374,1745.630365437,61.373260498046875,1008.5870361328125,35.20552444458008
378394,1745.650616641,61.373260498046875,1008.5868530273438,35.20552444458008
378414,1745.669950491,61.43341064453125,1008.5802001953125,35.20552444458008
378434,1745.690617767,61.466217041015625,1008.5765380859375,35.20552444458008
378454,1745.709528087,61.45528030395508,1008.5776977539062,35.20552444458008
378474,1745.729796216,61.43341064453125,1008.5801391601562,35.20442199707031
378494,1745.749870016,61.499027252197266,1008.5725708007812,35.20359802246094
378514,1745.769768437,61.499027252197266,1008.5725708007812,35.20359802246094
378534,1745.790111356,61.4224739074707,1008.581298828125,35.205177307128906
378554,1745.809423704,61.36232376098633,1008.5879516601562,35.205265045166016
378574,1745.829883652,61.367794036865234,1008.5875854492188,35.20531463623047
378594,1745.850287009,61.334983825683594,1008.5913696289062,35.20536804199219
378614,1745.869267167,61.367794036865234,1008.58740234375,35.20540237426758
378634,1745.890284177,61.384193420410156,1008.5859375,35.20543670654297
378654,1745.909791437,61.460750579833984,1008.5767822265625,35.2054557800293
378674,1745.929056055,61.499027252197266,1008.5725708007812,35.20547103881836
378694,1745.950281422,61.45528030395508,1008.577392578125,35.20547103881836
378714,1745.970295584,61.406070709228516,1008.58349609375,35.20658874511719
378734,1745.990242346,61.384193420410156,1008.585693359375,35.20631408691406
378754,1746.009281036,61.4170036315918,1008.58203125,35.20612335205078
378774,1746.029921756,61.36232376098633,1008.5884399414062,35.205970764160156
378794,1746.049107638,61.40060043334961,1008.5840454101562,35.205848693847656
378814,1746.069091056,61.44981384277344,1008.5779418945312,35.20576477050781
378834,1746.090064986,61.334983825683594,1008.5916137695312,35.20791244506836
378854,1746.110028344,61.367794036865234,1008.58740234375,35.208412170410156
378874,1746.129069036,61.373260498046875,1008.5872192382812,35.20769119262695
378894,1746.14936309,61.36232376098633,1008.5884399414062,35.20713806152344
378914,1746.169527493,61.313114166259766,1008.5941772460938,35.208927154541016
378934,1746.189933195,61.43341064453125,1008.5801391601562,35.20808410644531
378954,1746.209820511,61.427940368652344,1008.5805053710938,35.20743179321289
378974,1746.229838326,61.47168731689453,1008.5756225585938,35.20695114135742
378994,1746.249948394,61.43887710571289,1008.5792846679688,35.20769119262695
379014,1746.26909268,61.460750579833984,1008.5770874023438,35.207157135009766
379034,1746.288998024,61.48262023925781,1008.57421875,35.20674514770508
379054,1746.309802953,61.50449752807617,1008.5720825195312,35.20643615722656
379074,1746.328896029,61.499027252197266,1008.5726318359375,35.207313537597656
379094,1746.349244309,61.51543045043945,1008.5706787109375,35.20796585083008
379114,1746.369499521,61.43887710571289,1008.5795288085938,35.20954895019531
379134,1746.389799248,61.37873077392578,1008.5861206054688,35.21073532104492
379154,1746.410065173,61.460750579833984,1008.5768432617188,35.20942687988281
379174,1746.429062961,61.40060043334961,1008.583984375,35.21175003051758
379194,1746.448888049,61.427940368652344,1008.5805053710938,35.210201263427734
379214,1746.46913565,61.406070709228516,1008.583251953125,35.21013259887695
379234,1746.490263288,61.40060043334961,1008.5835571289062,35.211181640625
379254,1746.509790768,61.384193420410156,1008.5857543945312,35.209754943847656
379274,1746.528886146,61.39513397216797,1008.5844116210938,35.20980453491211
379294,1746.549369789,61.406070709228516,1008.5831909179688,35.2109260559082
379314,1746.569502945,61.45528030395508,1008.577392578125,35.2095832824707
379334,1746.589381271,61.48809051513672,1008.5740356445312,35.20966720581055
379354,1746.609964733,61.44981384277344,1008.5784912109375,35.2086181640625
379374,1746.629104898,61.466217041015625,1008.5765380859375,35.208946228027344
379394,1746.649129179,61.411537170410156,1008.5823974609375,35.210289001464844
379414,1746.669331055,61.406070709228516,1008.583251953125,35.210201263427734
379434,1746.689455335,61.38966369628906,1008.5851440429688,35.21013259887695
379454,1746.708912614,61.44434356689453,1008.5785522460938,35.2100830078125
379474,1746.729349697,61.406070709228516,1008.5829467773438,35.21113204956055
379494,1746.749683111,61.37873077392578,1008.5863037109375,35.210838317871094
379514,1746.77011964,61.4170036315918,1008.581787109375,35.21169662475586
379534,1746.788827338,61.44434356689453,1008.5785522460938,35.21235275268555
379554,1746.809778916,61.40060043334961,1008.5841674804688,35.212852478027344
379574,1746.829852745,61.45528030395508,1008.577880859375,35.21211242675781
379594,1746.850131927,61.40060043334961,1008.5836791992188,35.21266174316406
379614,1746.86911473,61.37873077392578,1008.586669921875,35.21307373046875
379634,1746.889498779,61.38966369628906,1008.5849609375,35.212284088134766
379654,1746.909361602,61.44981384277344,1008.5784301757812,35.21169662475586
379674,1746.929078349,61.44981384277344,1008.5784301757812,35.21169662475586
379694,1746.948822172,61.49355697631836,1008.5734252929688,35.21125030517578
379714,1746.968481081,61.47715377807617,1008.5753784179688,35.2109260559082
379734,1746.98906257,61.49355697631836,1008.5728759765625,35.209564208984375
379754,1747.009390159,61.55917739868164,1008.565673828125,35.20854949951172
379774,1747.028841046,61.50449752807617,1008.57177734375,35.20999526977539
379794,1747.04835066,61.531837463378906,1008.5684814453125,35.20997619628906
379814,1747.069551593,61.460750579833984,1008.5770263671875,35.2099609375
379834,1747.089030658,61.466217041015625,1008.5762939453125,35.20994186401367
379854,1747.109975828,61.44434356689453,1008.5785522460938,35.21104431152344
379874,1747.129624797,61.44434356689453,1008.5786743164062,35.21185302734375
379894,1747.1486502,61.47715377807617,1008.5753784179688,35.210269927978516
379914,1747.169614188,61.50996017456055,1008.5712280273438,35.21018600463867
379934,1747.188933913,61.53730010986328,1008.5679321289062,35.21121597290039
379954,1747.209863523,61.53730010986328,1008.5681762695312,35.21199035644531
379974,1747.228921053,61.57011032104492,1008.564453125,35.21147537231445
379994,1747.24947874,61.58104705810547,1008.563232421875,35.21107864379883
380014,1747.268733525,61.48809051513672,1008.573486328125,35.214088439941406
380034,1747.28945127,61.4170036315918,1008.5817260742188,35.21415710449219
380054,1747.309300929,61.47715377807617,1008.5753173828125,35.216392517089844
380074,1747.328484017,61.44434356689453,1008.5789794921875,35.215877532958984
380094,1747.349132417,61.4170036315918,1008.58203125,35.21548080444336
380114,1747.368342171,61.411537170410156,1008.5826416015625,35.21519088745117
380134,1747.388632896,61.427940368652344,1008.5806274414062,35.21498489379883
380154,1747.409925486,61.43341064453125,1008.5802001953125,35.214813232421875
380174,1747.428785195,61.411537170410156,1008.582763671875,35.214691162109375
380194,1747.448974662,61.460750579833984,1008.5767211914062,35.213504791259766
380214,1747.469832402,61.45528030395508,1008.5775756835938,35.21371078491211
380234,1747.488731887,61.39513397216797,1008.5843505859375,35.216068267822266
380254,1747.509854945,61.384193420410156,1008.5858154296875,35.21562194824219
380274,1747.528526912,61.406070709228516,1008.5829467773438,35.215293884277344
380294,1747.549571585,61.4170036315918,1008.5820922851562,35.21505355834961
380314,1747.569515842,61.38966369628906,1008.5851440429688,35.215965270996094
380334,1747.588922039,61.411537170410156,1008.5825805664062,35.215553283691406
380354,1747.61077284,61.36232376098633,1008.5879516601562,35.217445373535156
380374,1747.62905084,61.34592056274414,1008.58984375,35.216670989990234
380394,1747.648487222,61.318580627441406,1008.5933227539062,35.21828842163086
380414,1747.668698989,61.318580627441406,1008.5936279296875,35.21949005126953
380434,1747.689132398,61.37873077392578,1008.5860595703125,35.21820068359375
380454,1747.710158559,61.36232376098633,1008.5882568359375,35.21833801269531
380474,1747.729336814,61.36232376098633,1008.5883178710938,35.21952438354492
380494,1747.748103024,61.35139083862305,1008.5897216796875,35.220436096191406
380514,1747.768783881,61.334983825683594,1008.59130859375,35.21890640258789
380534,1747.788000109,61.39513397216797,1008.5842895507812,35.21775436401367
380554,1747.810556348,61.36232376098633,1008.5880126953125,35.219093322753906
380574,1747.829449624,61.4170036315918,1008.581787109375,35.2179069519043
380594,1747.848413927,61.43341064453125,1008.5798950195312,35.21701431274414
380614,1747.868112669,61.47168731689453,1008.5757446289062,35.21634292602539
380634,1747.888513644,61.35685348510742,1008.5891723632812,35.22023010253906
380654,1747.908047297,61.36232376098633,1008.5883178710938,35.2176513671875
380674,1747.92808565,61.384193420410156,1008.5858154296875,35.219024658203125
380694,1747.948633258,61.411537170410156,1008.5827026367188,35.21894073486328
380714,1747.969229922,61.47715377807617,1008.5750732421875,35.21778869628906
380734,1747.987872389,61.57011032104492,1008.564453125,35.21582794189453
380754,1748.008082172,61.49355697631836,1008.5731811523438,35.2176513671875
380774,1748.027966422,61.44981384277344,1008.5783081054688,35.219024658203125
380794,1748.048455594,61.44981384277344,1008.5783081054688,35.219024658203125
380814,1748.068535569,61.411537170410156,1008.5823364257812,35.22003936767578
380834,1748.088153118,61.36232376098633,1008.5882568359375,35.21861267089844
380854,1748.108335382,61.373260498046875,1008.5868530273438,35.219749450683594
380874,1748.127970741,61.34592056274414,1008.5899047851562,35.2205924987793
380894,1748.148548233,61.36232376098633,1008.5882568359375,35.221229553222656
380914,1748.167999508,61.40060043334961,1008.5841674804688,35.2216911315918
380934,1748.188937851,61.373260498046875,1008.5867919921875,35.22205352783203
380954,1748.208337945,61.43887710571289,1008.57958984375,35.22012710571289
380974,1748.228769742,61.4224739074707,1008.58154296875,35.22086715698242
380994,1748.248490724,61.367794036865234,1008.5873413085938,35.221435546875
381014,1748.267969391,61.4224739074707,1008.58154296875,35.219661712646484
381034,1748.288726797,61.460750579833984,1008.5765991210938,35.220523834228516
381054,1748.308159187,61.4170036315918,1008.5820922851562,35.22117614746094
381074,1748.328875944,61.44981384277344,1008.5784301757812,35.221656799316406
381094,1748.348554235,61.47168731689453,1008.5756225585938,35.22203826904297
381114,1748.368250004,61.43341064453125,1008.5803833007812,35.222312927246094
381134,1748.387526778,61.45528030395508,1008.5772705078125,35.22031784057617
381154,1748.408341441,61.44434356689453,1008.5787353515625,35.22102355957031
381174,1748.427597296,61.43341064453125,1008.579833984375,35.22153854370117
381194,1748.4488901,61.43341064453125,1008.5802612304688,35.22413635253906
381214,1748.468879963,61.40060043334961,1008.5835571289062,35.22389602661133
381234,1748.488582676,61.460750579833984,1008.5768432617188,35.22370529174805
381254,1748.508352049,61.50449752807617,1008.5720825195312,35.22134780883789
381274,1748.527398976,61.47715377807617,1008.5750732421875,35.22179412841797
381294,1748.548357121,61.43341064453125,1008.579833984375,35.22212219238281
381314,1748.568396816,61.427940368652344,1008.5806884765625,35.222381591796875
381334,1748.588018043,61.384193420410156,1008.5859375,35.22477340698242
381354,1748.607920779,61.384193420410156,1008.5859985351562,35.2265625
381374,1748.627819585,61.32951354980469,1008.5919799804688,35.22570037841797
381394,1748.647350725,61.30764389038086,1008.5946655273438,35.227264404296875
381414,1748.668367775,61.313114166259766,1008.5941162109375,35.227333068847656
381434,1748.688400759,61.2584342956543,1008.6001586914062,35.22958755493164
381454,1748.708432106,61.23109436035156,1008.6036376953125,35.22907257080078
381474,1748.727408074,61.29671096801758,1008.5960083007812,35.22647476196289
381494,1748.748345625,61.2365608215332,1008.60302734375,35.22785186767578
381514,1748.768341142,61.2092170715332,1008.6057739257812,35.22886657714844
381534,1748.788330806,61.247493743896484,1008.6012573242188,35.227439880371094
381554,1748.807772208,61.2584342956543,1008.6004638671875,35.227455139160156
381574,1748.827892545,61.32405090332031,1008.5924072265625,35.22526931762695
381594,1748.847902179,61.411537170410156,1008.5827026367188,35.2225341796875
381614,1748.867926532,61.411537170410156,1008.5828857421875,35.22269058227539
381634,1748.887881128,61.384193420410156,1008.5856323242188,35.22279357910156
381654,1748.907446435,61.406070709228516,1008.58349609375,35.22288131713867
381674,1748.927798214,61.384193420410156,1008.5859375,35.22404861450195
381694,1748.947423717,61.38966369628906,1008.585205078125,35.22380828857422
381714,1748.968156277,61.36232376098633,1008.5882568359375,35.22473907470703
381734,1748.987499283,61.29124069213867,1008.5962524414062,35.225440979003906
381754,1749.008462289,61.313114166259766,1008.5939331054688,35.224857330322266
381774,1749.0285917,61.44981384277344,1008.5780029296875,35.22442626953125
381794,1749.048361718,61.373260498046875,1008.5872192382812,35.22410202026367
381814,1749.067371919,61.39513397216797,1008.5844116210938,35.2260627746582
381834,1749.087523412,61.37873077392578,1008.5864868164062,35.22752380371094
381854,1749.107968989,61.367794036865234,1008.587890625,35.2286262512207
381874,1749.127047611,61.334983825683594,1008.5916137695312,35.22945022583008
381894,1749.14781745,61.3404541015625,1008.5904541015625,35.23006820678711
381914,1749.167416032,61.406070709228516,1008.583251953125,35.22833251953125
381934,1749.187067633,61.4170036315918,1008.5818481445312,35.22704315185547
381954,1749.207401191,61.4170036315918,1008.5818481445312,35.22704315185547
381974,1749.227111552,61.373260498046875,1008.5872192382812,35.22826385498047
381994,1749.248449775,61.32951354980469,1008.5919799804688,35.23027801513672
382014,1749.267461507,61.411537170410156,1008.5828857421875,35.22958755493164
382034,1749.288283976,61.43887710571289,1008.5797729492188,35.23017501831055
382054,1749.30713969,61.499027252197266,1008.572265625,35.230621337890625
382074,1749.327117509,61.531837463378906,1008.5685424804688,35.22874450683594
382094,1749.348266358,61.49355697631836,1008.5732421875,35.227333068847656
382114,1749.367478248,61.367794036865234,1008.5874633789062,35.22848892211914
382134,1749.387817669,61.460750579833984,1008.5768432617188,35.22714614868164
382154,1749.407890148,61.406070709228516,1008.5833129882812,35.22835159301758
382174,1749.427961825,61.40060043334961,1008.5841674804688,35.229244232177734
382194,1749.447041442,61.47168731689453,1008.5758666992188,35.22771453857422
382214,1749.466944757,61.411537170410156,1008.5825805664062,35.228763580322266
382234,1749.487462115,61.38966369628906,1008.5848999023438,35.22955322265625
382254,1749.506874516,61.411537170410156,1008.5828857421875,35.22905349731445
382274,1749.527646177,61.43887710571289,1008.5797729492188,35.22977828979492
382294,1749.547617077,61.47168731689453,1008.575927734375,35.23141098022461
382314,1749.567541325,61.45528030395508,1008.5774536132812,35.23154830932617
382334,1749.586617571,61.334983825683594,1008.591552734375,35.23273468017578
382354,1749.606596344,61.3404541015625,1008.5905151367188,35.232547760009766
382374,1749.626952515,61.35139083862305,1008.589599609375,35.231292724609375
382394,1749.647105934,61.35685348510742,1008.5890502929688,35.2303466796875
382414,1749.667490889,61.38966369628906,1008.5850830078125,35.228538513183594
382434,1749.687404635,61.47715377807617,1008.5750732421875,35.227195739746094
382454,1749.706573024,61.47168731689453,1008.5755004882812,35.2272834777832
382474,1749.727576071,61.43887710571289,1008.5794067382812,35.22953796386719
382494,1749.747724327,61.4224739074707,1008.5812377929688,35.23013687133789
382514,1749.766394761,61.384193420410156,1008.5859985351562,35.22838592529297
382534,1749.787475028,61.427940368652344,1008.5809326171875,35.22817611694336
382554,1749.80669306,61.4224739074707,1008.58154296875,35.226905822753906
382574,1749.826906639,61.45528030395508,1008.5776977539062,35.22705841064453
382594,1749.846900559,61.44434356689453,1008.5786743164062,35.22827911376953
382614,1749.867950395,61.47715377807617,1008.5753173828125,35.228092193603516
382634,1749.886704634,61.53730010986328,1008.5679321289062,35.22685241699219
382654,1749.907452434,61.460750579833984,1008.5765991210938,35.228126525878906
382674,1749.927403491,61.466217041015625,1008.5765380859375,35.22907257080078
382694,1749.947317471,61.373260498046875,1008.5867919921875,35.23089599609375
382714,1749.967589884,61.411537170410156,1008.582763671875,35.23115539550781
382734,1749.987559133,61.37873077392578,1008.5864868164062,35.232444763183594
382754,1750.006556853,61.34592056274414,1008.5900268554688,35.23342514038086
382774,1750.026429909,61.36232376098633,1008.5880737304688,35.23304748535156
382794,1750.046538159,61.411537170410156,1008.5826416015625,35.23167037963867
382814,1750.067103552,61.460750579833984,1008.5770263671875,35.23173904418945
382834,1750.086415241,61.427940368652344,1008.580810546875,35.231788635253906
382854,1750.106987923,61.373260498046875,1008.5870361328125,35.23402786254883
382874,1750.127921619,61.384193420410156,1008.5856323242188,35.2335090637207
382894,1750.147653527,61.38966369628906,1008.5848388671875,35.233116149902344
382914,1750.167412088,61.49355697631836,1008.5734252929688,35.231719970703125
382934,1750.187072145,61.460750579833984,1008.5767211914062,35.231773376464844
382954,1750.20657477,61.48809051513672,1008.5737915039062,35.231807708740234
382974,1750.227117867,61.460750579833984,1008.5770263671875,35.23294448852539
382994,1750.247271914,61.48809051513672,1008.5740356445312,35.23268508911133
383014,1750.267466553,61.48262023925781,1008.5742797851562,35.23359680175781
383034,1750.286534957,61.43887710571289,1008.5797729492188,35.23538589477539
383054,1750.306831708,61.4224739074707,1008.581298828125,35.23452377319336
383074,1750.32642652,61.4224739074707,1008.581298828125,35.23452377319336
383094,1750.346350589,61.45528030395508,1008.5772705078125,35.2349739074707
383114,1750.367093905,61.384193420410156,1008.5859375,35.23641586303711
383134,1750.386734432,61.39513397216797,1008.5846557617188,35.23529815673828
383154,1750.406672115,61.4224739074707,1008.5812377929688,35.235557556152344
383174,1750.426919345,61.44981384277344,1008.5782470703125,35.235748291015625
383194,1750.446868298,61.406070709228516,1008.5831298828125,35.23480224609375
383214,1750.466696258,61.40060043334961,1008.5838623046875,35.23407745361328
383234,1750.487356764,61.373260498046875,1008.5870971679688,35.233543395996094
383254,1750.506437996,61.36232376098633,1008.5881958007812,35.2353515625
383274,1750.527354419,61.35685348510742,1008.5888671875,35.235591888427734
383294,1750.547274296,61.36232376098633,1008.5882568359375,35.23468017578125
383314,1750.566576545,61.3404541015625,1008.5904541015625,35.23399353027344
383334,1750.586102692,61.40060043334961,1008.5840454101562,35.23457717895508
383354,1750.607305182,61.373260498046875,1008.5872192382812,35.235023498535156
383374,1750.62661857,61.35139083862305,1008.5895385742188,35.2364501953125
383394,1750.647022527,61.318580627441406,1008.5934448242188,35.237518310546875
383414,1750.66582352,61.334983825683594,1008.59130859375,35.23832702636719
383434,1750.686758317,61.30217361450195,1008.5950317382812,35.238929748535156
383454,1750.706373301,61.334983825683594,1008.5912475585938,35.239376068115234
383474,1750.726685973,61.373260498046875,1008.5872192382812,35.237518310546875
383494,1750.745876694,61.411537170410156,1008.582763671875,35.23832702636719
383514,1750.766307889,61.43887710571289,1008.5792846679688,35.238929748535156
383534,1750.786794738,61.43887710571289,1008.579345703125,35.239376068115234
383554,1750.80737151,61.460750579833984,1008.5767822265625,35.23971939086914
383574,1750.826542414,61.50996017456055,1008.5711669921875,35.23777770996094
383594,1750.846335055,61.466217041015625,1008.5759887695312,35.23851776123047
383614,1750.865768581,61.34592056274414,1008.5902709960938,35.23906707763672
383634,1750.886424581,61.38966369628906,1008.5853881835938,35.2372932434082
383654,1750.90730382,61.39513397216797,1008.584716796875,35.2348518371582
383674,1750.926279651,61.38966369628906,1008.5850830078125,35.2352294921875
383694,1750.946659967,61.35685348510742,1008.5888061523438,35.23660659790039
383714,1750.966878832,61.373260498046875,1008.5870361328125,35.23653793334961
383734,1750.985907155,61.45528030395508,1008.5773315429688,35.23648452758789
383754,1751.007054592,61.43887710571289,1008.5791015625,35.237552642822266
383774,1751.026554241,61.43887710571289,1008.5791015625,35.23834228515625
383794,1751.046473172,61.427940368652344,1008.5805053710938,35.23894500732422
383814,1751.066416404,61.4170036315918,1008.5821533203125,35.23719024658203
383834,1751.086678728,61.4224739074707,1008.58154296875,35.23808670043945
383854,1751.106980085,61.40060043334961,1008.583740234375,35.238739013671875
383874,1751.126233002,61.44434356689453,1008.5786743164062,35.23923873901367
383894,1751.1465175,61.5263671875,1008.5696411132812,35.23961639404297
383914,1751.166985773,61.411537170410156,1008.5826416015625,35.239891052246094
383934,1751.18683188,61.427940368652344,1008.5806274414062,35.240116119384766
383954,1751.205957496,61.50449752807617,1008.5721435546875,35.241371154785156
383974,1751.227647481,61.47715377807617,1008.5751953125,35.24231719970703
383994,1751.246812322,61.38966369628906,1008.585205078125,35.24412536621094
384014,1751.266509069,61.43887710571289,1008.57958984375,35.244380950927734
384034,1751.285700101,61.427940368652344,1008.580810546875,35.24346923828125
384054,1751.306444536,61.45528030395508,1008.577880859375,35.24278259277344
384074,1751.326538739,61.460750579833984,1008.5768432617188,35.24228286743164
384094,1751.346494733,61.44434356689453,1008.5790405273438,35.241886138916016
384114,1751.366709338,61.553707122802734,1008.5662231445312,35.239410400390625
384134,1751.385933534,61.57011032104492,1008.5645141601562,35.2386360168457
384154,1751.406715937,61.57011032104492,1008.5642700195312,35.23917007446289
384174,1751.42767353,61.58104705810547,1008.5628051757812,35.239566802978516
384194,1751.446311185,61.5263671875,1008.5692138671875,35.24205780029297
384214,1751.466242201,61.5263671875,1008.5692138671875,35.24205780029297
384234,1751.486569526,61.49355697631836,1008.5731201171875,35.24173355102539
384254,1751.505319718,61.50449752807617,1008.5720825195312,35.24147415161133
384274,1751.526992975,61.49355697631836,1008.5728149414062,35.241302490234375
384294,1751.545692065,61.553707122802734,1008.566162109375,35.24116516113281
384314,1751.565609955,61.6029167175293,1008.560302734375,35.24106216430664
384334,1751.585311956,61.553707122802734,1008.566162109375,35.24317932128906
384354,1751.606584783,61.55917739868164,1008.5655517578125,35.242576599121094
384374,1751.628160816,61.61385726928711,1008.5595092773438,35.24211120605469
384394,1751.645650619,61.646663665771484,1008.555419921875,35.24176788330078
384414,1751.666426982,61.63025665283203,1008.5575561523438,35.24150848388672
384434,1751.685716171,61.652130126953125,1008.5549926757812,35.2413215637207
384454,1751.706097284,61.619319915771484,1008.5584716796875,35.24118423461914
384474,1751.725274863,61.61385726928711,1008.5592651367188,35.243263244628906
384494,1751.745536346,61.55917739868164,1008.5656127929688,35.243743896484375
384514,1751.76598818,61.51543045043945,1008.5704345703125,35.24298858642578
384534,1751.785832347,61.50996017456055,1008.5712890625,35.2424201965332
384554,1751.806375833,61.5263671875,1008.5695190429688,35.242008209228516
384574,1751.825292037,61.50449752807617,1008.5720825195312,35.24169921875
384594,1751.845965594,61.466217041015625,1008.5760498046875,35.24475860595703
384614,1751.865563997,61.44981384277344,1008.578125,35.243743896484375
384634,1751.885586335,61.50449752807617,1008.5717163085938,35.24410629272461
384654,1751.905774456,61.44981384277344,1008.5782470703125,35.24656677246094
384674,1751.925943758,61.5263671875,1008.5693359375,35.2451057434082
384694,1751.946032921,61.54277038574219,1008.5676879882812,35.245121002197266
384714,1751.965156225,61.54277038574219,1008.5676879882812,35.24622344970703
384734,1751.985656885,61.6083869934082,1008.56005859375,35.24486541748047
384754,1752.006101138,61.520896911621094,1008.570068359375,35.24493408203125
384774,1752.025599496,61.4224739074707,1008.5814819335938,35.24608612060547
384794,1752.046394119,61.43887710571289,1008.579345703125,35.245845794677734
384814,1752.066154103,61.406070709228516,1008.5831909179688,35.245670318603516
384834,1752.085309917,61.406070709228516,1008.5831909179688,35.24663543701172
384854,1752.105541918,61.4170036315918,1008.5817260742188,35.24737548828125
384874,1752.124893317,61.44981384277344,1008.5783081054688,35.24680709838867
384894,1752.145880121,61.47168731689453,1008.5756225585938,35.247493743896484
384914,1752.16575542,61.520896911621094,1008.570068359375,35.245811462402344
384934,1752.185304743,61.53730010986328,1008.5682373046875,35.245635986328125
384954,1752.205934601,61.57557678222656,1008.5637817382812,35.24661636352539
384974,1752.224905399,61.54277038574219,1008.5676879882812,35.24625778198242
384994,1752.244990031,61.50449752807617,1008.5720825195312,35.24488067626953
385014,1752.266081439,61.520896911621094,1008.5700073242188,35.24384689331055
385034,1752.285457793,61.51543045043945,1008.5707397460938,35.24417495727539
385054,1752.304776552,61.460750579833984,1008.5768432617188,35.243316650390625
385074,1752.325914687,61.45528030395508,1008.577392578125,35.24486541748047
385094,1752.345980461,61.50449752807617,1008.5721435546875,35.24603271484375
385114,1752.365818822,61.646663665771484,1008.5553588867188,35.24470901489258
385134,1752.385248431,61.62479019165039,1008.5579223632812,35.247032165527344
385154,1752.40484711,61.57011032104492,1008.56396484375,35.24985122680664
385174,1752.425771649,61.657596588134766,1008.554443359375,35.247581481933594
385194,1752.445720377,61.6029167175293,1008.560302734375,35.24917984008789
385214,1752.465297493,61.59197998046875,1008.56201171875,35.249267578125
385234,1752.484812321,61.55917739868164,1008.5653686523438,35.25153732299805
385254,1752.505184387,61.531837463378906,1008.5685424804688,35.25103759765625
385274,1752.52558616,61.57557678222656,1008.5636596679688,35.24847412109375
385294,1752.544558263,61.47715377807617,1008.5751342773438,35.24873352050781
385314,1752.56530826,61.597450256347656,1008.5612182617188,35.248939514160156
385334,1752.584642368,61.51543045043945,1008.5707397460938,35.24909591674805
385354,1752.60537742,61.38966369628906,1008.5848388671875,35.24811553955078
385374,1752.625988792,61.38966369628906,1008.5848388671875,35.24811553955078
385394,1752.645284512,61.48809051513672,1008.5740356445312,35.246273040771484
385414,1752.665562585,61.531837463378906,1008.568359375,35.2470817565918
385434,1752.685035425,61.59197998046875,1008.5616455078125,35.24660110473633
385454,1752.705275033,61.61385726928711,1008.5594482421875,35.246238708496094
385474,1752.725127877,61.66306686401367,1008.5536499023438,35.24596405029297
385494,1752.744689147,61.72321701049805,1008.5467529296875,35.24465560913086
385514,1752.764771346,61.712276458740234,1008.5480346679688,35.24477767944336
385534,1752.784545348,61.75055694580078,1008.5436401367188,35.2459831237793
385554,1752.805725767,61.77242660522461,1008.5411987304688,35.24687576293945
385574,1752.825708638,61.75055694580078,1008.5436401367188,35.24864959716797
385594,1752.846084909,61.69587707519531,1008.5499267578125,35.247772216796875
385614,1752.865830508,61.652130126953125,1008.5546875,35.24601745605469
385634,1752.885327187,61.6849365234375,1008.5510864257812,35.24689483642578
385654,1752.905110263,61.72868347167969,1008.5460205078125,35.246463775634766
385674,1752.925550464,61.59197998046875,1008.5616455078125,35.24943923950195
385694,1752.94439547,61.597450256347656,1008.5609741210938,35.25165939331055
385714,1752.965174329,61.54823684692383,1008.5670166015625,35.25004196166992
385734,1752.984380782,61.6029167175293,1008.560302734375,35.24991989135742
385754,1753.005344837,61.54277038574219,1008.5675048828125,35.24981689453125
385774,1753.024565463,61.44434356689453,1008.5786743164062,35.251949310302734
385794,1753.045032194,61.59197998046875,1008.5617065429688,35.250247955322266
385814,1753.065409866,61.58104705810547,1008.5628051757812,35.25117492675781
385834,1753.085128778,61.58104705810547,1008.5631103515625,35.24856185913086
385854,1753.104609492,61.50449752807617,1008.5718383789062,35.24991989135742
385874,1753.124058186,61.597450256347656,1008.561279296875,35.24981689453125
385894,1753.143991549,61.63025665283203,1008.5570068359375,35.250850677490234
385914,1753.164042606,61.58104705810547,1008.5631103515625,35.252723693847656
385934,1753.184977537,61.57011032104492,1008.5642700195312,35.25193405151367
385954,1753.204622233,61.564640045166016,1008.5647583007812,35.25243377685547
385974,1753.225079077,61.6083869934082,1008.56005859375,35.251708984375
385994,1753.244509977,61.66306686401367,1008.5538940429688,35.25117492675781
386014,1753.264362691,61.586517333984375,1008.5623168945312,35.250762939453125
386034,1753.284362142,61.597450256347656,1008.5609130859375,35.25047302246094
386054,1753.303980656,61.57557678222656,1008.5639038085938,35.25022888183594
386074,1753.324489407,61.57011032104492,1008.564208984375,35.252262115478516
386094,1753.344091977,61.646663665771484,1008.5557861328125,35.25048828125
386114,1753.363981082,61.70134353637695,1008.5491333007812,35.25135040283203
386134,1753.384272046,61.690406799316406,1008.5506591796875,35.25090026855469
386154,1753.404258668,61.66853713989258,1008.5532836914062,35.25275802612305
386174,1753.42411874,61.6029167175293,1008.560302734375,35.25416946411133
386194,1753.444865427,61.61385726928711,1008.5589599609375,35.255218505859375
386214,1753.464440887,61.59197998046875,1008.56201171875,35.2559928894043
386234,1753.484024128,61.6029167175293,1008.5607299804688,35.25439453125
386254,1753.504342979,61.55917739868164,1008.565673828125,35.255374908447266
386274,1753.524767441,61.54823684692383,1008.5669555664062,35.25613021850586
386294,1753.544344621,61.597450256347656,1008.561279296875,35.25667953491211
386314,1753.564670943,61.586517333984375,1008.5625,35.25709533691406
386334,1753.583846507,61.61385726928711,1008.5592041015625,35.25741958618164
386354,1753.604722336,61.50996017456055,1008.5714111328125,35.25764465332031
386374,1753.623684815,61.6029167175293,1008.5607299804688,35.257835388183594
386394,1753.643801252,61.646663665771484,1008.5552978515625,35.25795364379883
386414,1753.664543149,61.59197998046875,1008.5618286132812,35.258056640625
386434,1753.684330221,61.61385726928711,1008.5590209960938,35.25702667236328
386454,1753.704309051,61.66853713989258,1008.5529174804688,35.25516891479492
386474,1753.723732222,61.70134353637695,1008.5491943359375,35.25706100463867
386494,1753.7447376,61.75602340698242,1008.5426635742188,35.25738525390625
386514,1753.763738433,61.75602340698242,1008.5426635742188,35.25738525390625
386534,1753.784082488,61.6849365234375,1008.5509643554688,35.257625579833984
386554,1753.804445016,61.66306686401367,1008.5534057617188,35.257816314697266
386574,1753.824474275,61.66306686401367,1008.5538330078125,35.25795364379883
386594,1753.844067283,61.6029167175293,1008.5606079101562,35.258056640625
386614,1753.863895346,61.61385726928711,1008.5592651367188,35.25812530517578
386634,1753.884693517,61.66853713989258,1008.5528564453125,35.257076263427734
386654,1753.904434158,61.652130126953125,1008.5546875,35.25740432739258
386674,1753.924947231,61.72321701049805,1008.5469360351562,35.25764465332031
386694,1753.943973572,61.75055694580078,1008.5433959960938,35.257816314697266
386714,1753.96464981,61.734153747558594,1008.5451049804688,35.25795364379883
386734,1753.984999957,61.75055694580078,1008.5435180664062,35.258056640625
386754,1754.004753763,61.657596588134766,1008.5543823242188,35.25812530517578
386774,1754.023996759,61.679473876953125,1008.5517578125,35.25819396972656
386794,1754.04504348,61.73961639404297,1008.5444946289062,35.25822830200195
386814,1754.064255818,61.81070327758789,1008.53662109375,35.257164001464844
386834,1754.084450111,61.745086669921875,1008.5440673828125,35.25635528564453
386854,1754.104734037,61.7669563293457,1008.5413818359375,35.25685501098633
386874,1754.123884979,61.77242660522461,1008.5407104492188,35.258331298828125
386894,1754.144344893,61.745086669921875,1008.544189453125,35.258331298828125
386914,1754.164938612,61.75602340698242,1008.54296875,35.25724792480469
386934,1754.183846045,61.7669563293457,1008.5415649414062,35.259727478027344
386954,1754.204524226,61.76149368286133,1008.5422973632812,35.25938034057617
386974,1754.223612521,61.70134353637695,1008.5489501953125,35.260223388671875
386994,1754.244941204,61.657596588134766,1008.5542602539062,35.261962890625
387014,1754.263982788,61.58104705810547,1008.5631713867188,35.26327133178711
387034,1754.284819392,61.597450256347656,1008.5609741210938,35.26313018798828
387054,1754.304332528,61.66853713989258,1008.5528564453125,35.26194381713867
387074,1754.323752265,61.67400360107422,1008.552001953125,35.261051177978516
387094,1754.344446632,61.72868347167969,1008.5458374023438,35.260379791259766
387114,1754.363914025,61.712276458740234,1008.548095703125,35.259864807128906
387134,1754.384359341,61.75055694580078,1008.5433959960938,35.258384704589844
387154,1754.40356602,61.70134353637695,1008.5490112304688,35.258384704589844
387174,1754.423628531,61.72321701049805,1008.5465698242188,35.258365631103516
387194,1754.444751358,61.75602340698242,1008.5431518554688,35.258365631103516
387214,1754.463759426,61.72868347167969,1008.5462036132812,35.257266998291016
387234,1754.484030963,61.73961639404297,1008.544677734375,35.25754165649414
387254,1754.504428993,61.6849365234375,1008.5510864257812,35.257747650146484
387274,1754.523501482,61.77242660522461,1008.5411987304688,35.257904052734375
387294,1754.543122226,61.783363342285156,1008.5394897460938,35.25690460205078
387314,1754.564354857,61.84897994995117,1008.5319213867188,35.25506591796875
387334,1754.583464379,61.799766540527344,1008.5375366210938,35.255889892578125
387354,1754.603916928,61.76149368286133,1008.5419921875,35.255409240722656
387374,1754.623038808,61.75055694580078,1008.5433349609375,35.252845764160156
387394,1754.643374777,61.75055694580078,1008.5436401367188,35.25422286987305
387414,1754.663348454,61.679473876953125,1008.5518798828125,35.254154205322266
387434,1754.683669249,61.619319915771484,1008.558349609375,35.25299835205078
387454,1754.704100926,61.63025665283203,1008.5575561523438,35.25434112548828
387474,1754.723123935,61.690406799316406,1008.550537109375,35.25423812866211
387494,1754.74309205,61.66853713989258,1008.5530395507812,35.25416946411133
387514,1754.763255194,61.67400360107422,1008.5523071289062,35.254119873046875
387534,1754.783720874,61.734153747558594,1008.5453491210938,35.25298309326172
387554,1754.803519574,61.712276458740234,1008.5479736328125,35.25322341918945
387574,1754.823698033,61.76149368286133,1008.5419921875,35.252296447753906
387594,1754.844116189,61.734153747558594,1008.5454711914062,35.252708435058594
387614,1754.86422122,61.783363342285156,1008.5399169921875,35.25301742553711
387634,1754.883532307,61.783363342285156,1008.5399169921875,35.25301742553711
387654,1754.903034195,61.712276458740234,1008.5479736328125,35.253257751464844
387674,1754.923247761,61.70681381225586,1008.548583984375,35.25453186035156
387694,1754.94386691,61.70681381225586,1008.5486450195312,35.2554931640625
387714,1754.964051564,61.6849365234375,1008.5513916015625,35.25619888305664
387734,1754.982748918,61.67400360107422,1008.5523071289062,35.25674819946289
