cf_timestamp_ms,host_monotonic_s,sensorFilter.surfState,sensorFilter.surfReason,sensorFilter.surfOffset,sensorFilter.surfBaroD,sensorFilter.flowLocal,sensorFilter.lateElig
237598,1604.953338231,0.0,0.0,0.0,0.0,1.0,0.0
237618,1604.972442456,0.0,0.0,0.0,0.0,1.0,0.0
237638,1604.993745307,0.0,0.0,0.0,0.0,1.0,0.0
237658,1605.011953014,0.0,0.0,0.0,0.0,1.0,0.0
237678,1605.032058117,0.0,0.0,0.0,0.0,1.0,0.0
237698,1605.053135439,0.0,0.0,0.0,0.0,1.0,0.0
237718,1605.073636345,0.0,0.0,0.0,0.0,1.0,0.0
237738,1605.09210977,0.0,0.0,0.0,0.0,1.0,0.0
237758,1605.111414272,0.0,0.0,0.0,0.0,1.0,0.0
237778,1605.131911744,0.0,0.0,0.0,0.0,1.0,0.0
237798,1605.151779986,0.0,0.0,0.0,0.0,1.0,0.0
237818,1605.171931098,0.0,0.0,0.0,0.0,1.0,0.0
237838,1605.193143589,0.0,0.0,0.0,0.0,1.0,0.0
237858,1605.212534892,0.0,0.0,0.0,0.0,1.0,0.0
237878,1605.232634452,0.0,0.0,0.0,0.0,1.0,0.0
237898,1605.252534637,0.0,0.0,0.0,0.0,1.0,0.0
237918,1605.272797961,0.0,0.0,0.0,0.0,1.0,0.0
237938,1605.29211196,0.0,0.0,0.0,0.0,1.0,0.0
237958,1605.312078247,0.0,0.0,0.0,0.0,1.0,0.0
237978,1605.331798735,0.0,0.0,0.0,0.0,1.0,0.0
237998,1605.352692475,0.0,0.0,0.0,0.0,1.0,0.0
238018,1605.372124318,0.0,0.0,0.0,0.0,1.0,0.0
238038,1605.392894384,0.0,0.0,0.0,0.0,1.0,0.0
238058,1605.412748291,0.0,0.0,0.0,0.0,1.0,0.0
238078,1605.432413977,0.0,0.0,0.0,0.0,1.0,0.0
238098,1605.452162111,0.0,0.0,0.0,0.0,1.0,0.0
238118,1605.471551592,0.0,0.0,0.0,0.0,1.0,0.0
238138,1605.493107584,0.0,0.0,0.0,0.0,1.0,0.0
238158,1605.512052876,0.0,0.0,0.0,0.0,1.0,0.0
238178,1605.532530329,0.0,0.0,0.0,0.0,1.0,0.0
238198,1605.553527758,0.0,0.0,0.0,0.0,1.0,0.0
238218,1605.572043254,0.0,0.0,0.0,0.0,1.0,0.0
238238,1605.592431511,0.0,0.0,0.0,0.0,1.0,0.0
238258,1605.611464616,0.0,0.0,0.0,0.0,1.0,0.0
238278,1605.63080629,0.0,0.0,0.0,0.0,1.0,0.0
238298,1605.652455087,0.0,0.0,0.0,0.0,1.0,0.0
238318,1605.672855023,0.0,0.0,0.0,0.0,1.0,0.0
238338,1605.693374035,0.0,0.0,0.0,0.0,1.0,0.0
238358,1605.712531398,0.0,0.0,0.0,0.0,1.0,0.0
238378,1605.733330713,0.0,0.0,0.0,0.0,1.0,0.0
238398,1605.75254398,0.0,0.0,0.0,0.0,1.0,0.0
238418,1605.771369105,0.0,0.0,0.0,0.0,1.0,0.0
238438,1605.792019572,0.0,0.0,0.0,0.0,1.0,0.0
238458,1605.81206782,0.0,0.0,0.0,0.0,1.0,0.0
238478,1605.832033665,0.0,0.0,0.0,0.0,1.0,0.0
238498,1605.851817908,0.0,0.0,0.0,0.0,1.0,0.0
238518,1605.871914224,0.0,0.0,0.0,0.0,1.0,0.0
238538,1605.891764023,0.0,0.0,0.0,0.0,1.0,0.0
238558,1605.911706391,0.0,0.0,0.0,0.0,1.0,0.0
238578,1605.931691856,0.0,0.0,0.0,0.0,1.0,0.0
238598,1605.95068611,0.0,0.0,0.0,0.0,1.0,0.0
238618,1605.972278772,0.0,0.0,0.0,0.0,1.0,0.0
238638,1605.99214381,0.0,0.0,0.0,0.0,1.0,0.0
238658,1606.011432798,0.0,0.0,0.0,0.0,1.0,0.0
238678,1606.032818535,0.0,0.0,0.0,0.0,1.0,0.0
238698,1606.05181057,0.0,0.0,0.0,0.0,1.0,0.0
238718,1606.072587261,0.0,0.0,0.0,0.0,1.0,0.0
238738,1606.092532065,0.0,0.0,0.0,0.0,1.0,0.0
238758,1606.1126415,0.0,0.0,0.0,0.0,1.0,0.0
238778,1606.132432753,0.0,0.0,0.0,0.0,1.0,0.0
238798,1606.151984968,0.0,0.0,0.0,0.0,1.0,0.0
238818,1606.172541435,0.0,0.0,0.0,0.0,1.0,0.0
238838,1606.191694191,0.0,0.0,0.0,0.0,1.0,0.0
238858,1606.213589556,0.0,0.0,0.0,0.0,1.0,0.0
238878,1606.229373208,0.0,0.0,0.0,0.0,1.0,0.0
238898,1606.251405089,0.0,0.0,0.0,0.0,1.0,0.0
238918,1606.271865579,0.0,0.0,0.0,0.0,1.0,0.0
238938,1606.290919468,0.0,0.0,0.0,0.0,1.0,0.0
238958,1606.312592637,0.0,0.0,0.0,0.0,1.0,0.0
238978,1606.332255656,0.0,0.0,0.0,0.0,1.0,0.0
238998,1606.352550634,0.0,0.0,0.0,0.0,1.0,0.0
239018,1606.372092121,0.0,0.0,0.0,0.0,1.0,0.0
239038,1606.391542765,0.0,0.0,0.0,0.0,1.0,0.0
239058,1606.410792023,0.0,0.0,0.0,0.0,1.0,0.0
239078,1606.431962485,0.0,0.0,0.0,0.0,1.0,0.0
239098,1606.452260741,0.0,0.0,0.0,0.0,1.0,0.0
239118,1606.471932169,0.0,0.0,0.0,0.0,1.0,0.0
239138,1606.491288198,0.0,0.0,0.0,0.0,1.0,0.0
239158,1606.512361157,0.0,0.0,0.0,0.0,1.0,0.0
239178,1606.532369449,0.0,0.0,0.0,0.0,1.0,0.0
239198,1606.551734608,0.0,0.0,0.0,0.0,1.0,0.0
239218,1606.571637496,0.0,0.0,0.0,0.0,1.0,0.0
239238,1606.591548922,0.0,0.0,0.0,0.0,1.0,0.0
239258,1606.611288168,0.0,0.0,0.0,0.0,1.0,0.0
239278,1606.631915901,0.0,0.0,0.0,0.0,1.0,0.0
239298,1606.652240752,0.0,0.0,0.0,0.0,1.0,0.0
239318,1606.671594101,0.0,0.0,0.0,0.0,1.0,0.0
239338,1606.691264486,0.0,0.0,0.0,0.0,1.0,0.0
239358,1606.712213511,0.0,0.0,0.0,0.0,1.0,0.0
239378,1606.731877364,0.0,0.0,0.0,0.0,1.0,0.0
239398,1606.752486749,0.0,0.0,0.0,0.0,1.0,0.0
239418,1606.772216275,0.0,0.0,0.0,0.0,1.0,0.0
239438,1606.792421483,0.0,0.0,0.0,0.0,1.0,0.0
239458,1606.809378405,0.0,0.0,0.0,0.0,1.0,0.0
239478,1606.832355259,0.0,0.0,0.0,0.0,1.0,0.0
239498,1606.852104067,0.0,0.0,0.0,0.0,1.0,0.0
239518,1606.872572895,0.0,0.0,0.0,0.0,1.0,0.0
239538,1606.891560073,0.0,0.0,0.0,0.0,1.0,0.0
239558,1606.912463351,0.0,0.0,0.0,0.0,1.0,0.0
239578,1606.93276349,0.0,0.0,0.0,0.0,1.0,0.0
239598,1606.951480153,0.0,0.0,0.0,0.0,1.0,0.0
239618,1606.972148422,0.0,0.0,0.0,0.0,1.0,0.0
239638,1606.991617535,0.0,0.0,0.0,0.0,1.0,0.0
239658,1607.012083302,0.0,0.0,0.0,0.0,1.0,0.0
239678,1607.031712141,0.0,0.0,0.0,0.0,1.0,0.0
239698,1607.051488772,0.0,0.0,0.0,0.0,1.0,0.0
239718,1607.071105379,0.0,0.0,0.0,0.0,1.0,0.0
239738,1607.091105655,0.0,0.0,0.0,0.0,1.0,0.0
239758,1607.110839588,0.0,0.0,0.0,0.0,1.0,0.0
239778,1607.132858182,0.0,0.0,0.0,0.0,1.0,0.0
239798,1607.1515488,0.0,0.0,0.0,0.0,1.0,0.0
239818,1607.172091158,0.0,0.0,0.0,0.0,1.0,0.0
239838,1607.191990444,0.0,0.0,0.0,0.0,1.0,0.0
239858,1607.21139248,0.0,0.0,0.0,0.0,1.0,0.0
239878,1607.231775849,0.0,0.0,0.0,0.0,1.0,0.0
239898,1607.252645963,0.0,0.0,0.0,0.0,1.0,0.0
239918,1607.270832452,0.0,0.0,0.0,0.0,1.0,0.0
239938,1607.291385105,0.0,0.0,0.0,0.0,1.0,0.0
239958,1607.311611665,0.0,0.0,0.0,0.0,1.0,0.0
239978,1607.331887185,0.0,0.0,0.0,0.0,1.0,0.0
239998,1607.353148047,0.0,0.0,0.0,0.0,1.0,0.0
240018,1607.370882483,0.0,0.0,0.0,0.0,1.0,0.0
240038,1607.390394663,0.0,0.0,0.0,0.0,1.0,0.0
240058,1607.410994664,0.0,0.0,0.0,0.0,1.0,0.0
240078,1607.431382828,0.0,0.0,0.0,0.0,1.0,0.0
240098,1607.45332388,0.0,0.0,0.0,0.0,1.0,0.0
240118,1607.470841125,0.0,0.0,0.0,0.0,1.0,0.0
240138,1607.491134714,0.0,0.0,0.0,0.0,1.0,0.0
240158,1607.5113792,0.0,0.0,0.0,0.0,1.0,0.0
240178,1607.53174578,0.0,0.0,0.0,0.0,1.0,0.0
240198,1607.552640866,0.0,0.0,0.0,0.0,1.0,0.0
240218,1607.571435871,0.0,0.0,0.0,0.0,1.0,0.0
240238,1607.591548253,0.0,0.0,0.0,0.0,1.0,0.0
240258,1607.610926981,0.0,0.0,0.0,0.0,1.0,0.0
240278,1607.630205783,0.0,0.0,0.0,0.0,1.0,0.0
240298,1607.651452919,0.0,0.0,0.0,0.0,1.0,0.0
240318,1607.67126403,0.0,0.0,0.0,0.0,1.0,0.0
240338,1607.690563497,0.0,0.0,0.0,0.0,1.0,0.0
240358,1607.711058957,0.0,0.0,0.0,0.0,1.0,0.0
240378,1607.730318474,0.0,0.0,0.0,0.0,1.0,0.0
240398,1607.752034319,0.0,0.0,0.0,0.0,1.0,0.0
240418,1607.770464415,0.0,0.0,0.0,0.0,1.0,0.0
240438,1607.791528887,0.0,0.0,0.0,0.0,1.0,0.0
240458,1607.810609847,0.0,0.0,0.0,0.0,1.0,0.0
240478,1607.831113867,0.0,0.0,0.0,0.0,1.0,0.0
240498,1607.851523373,0.0,0.0,0.0,0.0,1.0,0.0
240518,1607.870567054,0.0,0.0,0.0,0.0,1.0,0.0
240538,1607.890080732,0.0,0.0,0.0,0.0,1.0,0.0
240558,1607.91037552,0.0,0.0,0.0,0.0,1.0,0.0
240578,1607.931032057,0.0,0.0,0.0,0.0,1.0,0.0
240598,1607.953051119,0.0,0.0,0.0,0.0,1.0,0.0
240618,1607.971354439,0.0,0.0,0.0,0.0,1.0,0.0
240638,1607.991235588,0.0,0.0,0.0,0.0,1.0,0.0
240658,1608.011577759,0.0,0.0,0.0,0.0,1.0,0.0
240678,1608.031077224,0.0,0.0,0.0,0.0,1.0,0.0
240698,1608.05290267,0.0,0.0,0.0,0.0,1.0,0.0
240718,1608.071662504,0.0,0.0,0.0,0.0,1.0,0.0
240738,1608.090799075,0.0,0.0,0.0,0.0,1.0,0.0
240758,1608.111571712,0.0,0.0,0.0,0.0,1.0,0.0
240778,1608.129842195,0.0,0.0,0.0,0.0,1.0,0.0
240798,1608.152709875,0.0,0.0,0.0,0.0,1.0,0.0
240818,1608.170548136,0.0,0.0,0.0,0.0,1.0,0.0
240838,1608.190393157,0.0,0.0,0.0,0.0,1.0,0.0
240858,1608.210965518,0.0,0.0,0.0,0.0,1.0,0.0
240878,1608.23110992,0.0,0.0,0.0,0.0,1.0,0.0
240898,1608.250979517,0.0,0.0,0.0,0.0,1.0,0.0
240918,1608.270342428,0.0,0.0,0.0,0.0,1.0,0.0
240938,1608.290613348,0.0,0.0,0.0,0.0,1.0,0.0
240958,1608.311303403,0.0,0.0,0.0,0.0,1.0,0.0
240978,1608.330489091,0.0,0.0,0.0,0.0,1.0,0.0
240998,1608.353489152,0.0,0.0,0.0,0.0,1.0,0.0
241018,1608.370795996,0.0,0.0,0.0,0.0,1.0,0.0
241038,1608.390131451,0.0,0.0,0.0,0.0,1.0,0.0
241058,1608.410042589,0.0,0.0,0.0,0.0,1.0,0.0
241078,1608.430975553,0.0,0.0,0.0,0.0,1.0,0.0
241098,1608.450532431,0.0,0.0,0.0,0.0,1.0,0.0
241118,1608.471488609,0.0,0.0,0.0,0.0,1.0,0.0
241138,1608.490604097,0.0,0.0,0.0,0.0,1.0,0.0
241158,1608.51113492,0.0,0.0,0.0,0.0,1.0,0.0
241178,1608.531112275,0.0,0.0,0.0,0.0,1.0,0.0
241198,1608.550468407,0.0,0.0,0.0,0.0,1.0,0.0
241218,1608.569550765,0.0,0.0,0.0,0.0,1.0,0.0
241238,1608.589821747,0.0,0.0,0.0,0.0,1.0,0.0
241258,1608.609553169,0.0,0.0,0.0,0.0,1.0,0.0
241278,1608.630282612,0.0,0.0,0.0,0.0,1.0,0.0
241298,1608.648034149,0.0,0.0,0.0,0.0,1.0,0.0
241318,1608.668832539,0.0,0.0,0.0,0.0,1.0,0.0
241338,1608.688037489,0.0,0.0,0.0,0.0,1.0,0.0
241358,1608.709885597,0.0,0.0,0.0,0.0,1.0,0.0
241378,1608.729799599,0.0,0.0,0.0,0.0,1.0,0.0
241398,1608.749809874,0.0,0.0,0.0,0.0,1.0,0.0
241418,1608.770054351,0.0,0.0,0.0,0.0,1.0,0.0
241438,1608.789594572,0.0,0.0,0.0,0.0,1.0,0.0
241458,1608.810133513,0.0,0.0,0.0,0.0,1.0,0.0
241478,1608.829948932,0.0,0.0,0.0,0.0,1.0,0.0
241498,1608.850540105,0.0,0.0,0.0,0.0,1.0,0.0
241518,1608.870904773,0.0,0.0,0.0,0.0,1.0,0.0
241538,1608.89062495,0.0,0.0,0.0,0.0,1.0,0.0
241558,1608.909521999,0.0,0.0,0.0,0.0,1.0,0.0
241578,1608.928704292,0.0,0.0,0.0,0.0,1.0,0.0
241598,1608.950853001,0.0,0.0,0.0,0.0,1.0,0.0
241618,1608.969252819,0.0,0.0,0.0,0.0,1.0,0.0
241638,1608.988293479,0.0,0.0,0.0,0.0,1.0,0.0
241658,1609.007764041,0.0,0.0,0.0,0.0,1.0,0.0
241678,1609.029100101,0.0,0.0,0.0,0.0,1.0,0.0
241698,1609.049759477,0.0,0.0,0.0,0.0,1.0,0.0
241718,1609.069378542,0.0,0.0,0.0,0.0,1.0,0.0
241738,1609.088575493,0.0,0.0,0.0,0.0,1.0,0.0
241758,1609.110076974,0.0,0.0,0.0,0.0,1.0,0.0
241778,1609.130132442,0.0,0.0,0.0,0.0,1.0,0.0
241798,1609.15039658,0.0,0.0,0.0,0.0,1.0,0.0
241818,1609.169920776,0.0,0.0,0.0,0.0,1.0,0.0
241838,1609.189837906,0.0,0.0,0.0,0.0,1.0,0.0
241858,1609.209711872,0.0,0.0,0.0,0.0,1.0,0.0
241878,1609.230809851,0.0,0.0,0.0,0.0,1.0,0.0
241898,1609.250057597,0.0,0.0,0.0,0.0,1.0,0.0
241918,1609.269460815,0.0,0.0,0.0,0.0,1.0,0.0
241938,1609.290058079,0.0,0.0,0.0,0.0,1.0,0.0
241958,1609.310850647,0.0,0.0,0.0,0.0,1.0,0.0
241978,1609.330601582,0.0,0.0,0.0,0.0,1.0,0.0
241998,1609.349651884,0.0,0.0,0.0,0.0,1.0,0.0
242018,1609.37056269,0.0,0.0,0.0,0.0,1.0,0.0
242038,1609.390074877,0.0,0.0,0.0,0.0,1.0,0.0
242058,1609.409400469,0.0,0.0,0.0,0.0,1.0,0.0
242078,1609.430040997,0.0,0.0,0.0,0.0,1.0,0.0
242098,1609.449557801,0.0,0.0,0.0,0.0,1.0,0.0
242118,1609.469345715,0.0,0.0,0.0,0.0,1.0,0.0
242138,1609.489672259,0.0,0.0,0.0,0.0,1.0,0.0
242158,1609.510466967,0.0,0.0,0.0,0.0,1.0,0.0
242178,1609.52966025,0.0,0.0,0.0,0.0,1.0,0.0
242198,1609.549017766,0.0,0.0,0.0,0.0,1.0,0.0
242218,1609.569480929,0.0,0.0,0.0,0.0,1.0,0.0
242238,1609.588415038,0.0,0.0,0.0,0.0,1.0,0.0
242258,1609.609141027,0.0,0.0,0.0,0.0,1.0,0.0
242278,1609.627967806,0.0,0.0,0.0,0.0,1.0,0.0
242298,1609.650610015,0.0,0.0,0.0,0.0,1.0,0.0
242318,1609.669852719,0.0,0.0,0.0,0.0,1.0,0.0
242338,1609.69023668,0.0,0.0,0.0,0.0,1.0,0.0
242358,1609.71057544,0.0,0.0,0.0,0.0,1.0,0.0
242378,1609.729687287,0.0,0.0,0.0,0.0,1.0,0.0
242398,1609.74983289,0.0,0.0,0.0,0.0,1.0,0.0
242418,1609.768955908,0.0,0.0,0.0,0.0,1.0,0.0
242438,1609.790371391,0.0,0.0,0.0,0.0,1.0,0.0
242458,1609.809617289,0.0,0.0,0.0,0.0,1.0,0.0
242478,1609.829103353,0.0,0.0,0.0,0.0,1.0,0.0
242498,1609.850023448,0.0,0.0,0.0,0.0,1.0,0.0
242518,1609.870096758,0.0,0.0,0.0,0.0,1.0,0.0
242538,1609.888131452,0.0,0.0,0.0,0.0,1.0,0.0
242558,1609.908116455,0.0,0.0,0.0,0.0,1.0,0.0
242578,1609.928710865,0.0,0.0,0.0,0.0,1.0,0.0
242598,1609.949765138,0.0,0.0,0.0,0.0,1.0,0.0
242618,1609.969068379,0.0,0.0,0.0,0.0,1.0,0.0
242638,1609.989623079,0.0,0.0,0.0,0.0,1.0,0.0
242658,1610.009539992,0.0,0.0,0.0,0.0,1.0,0.0
242678,1610.029469373,0.0,0.0,0.0,0.0,1.0,0.0
242698,1610.04975485,0.0,0.0,0.0,0.0,1.0,0.0
242718,1610.069394663,0.0,0.0,0.0,0.0,1.0,0.0
242738,1610.08981035,0.0,0.0,0.0,0.0,1.0,0.0
242758,1610.109811409,0.0,0.0,0.0,0.0,1.0,0.0
242778,1610.129812145,0.0,0.0,0.0,0.0,1.0,0.0
242798,1610.149452156,0.0,0.0,0.0,0.0,1.0,0.0
242818,1610.168667535,0.0,0.0,0.0,0.0,1.0,0.0
242838,1610.190077586,0.0,0.0,0.0,0.0,1.0,0.0
242858,1610.209061741,0.0,0.0,0.0,0.0,1.0,0.0
242878,1610.228524878,0.0,0.0,0.0,0.0,1.0,0.0
242898,1610.249601072,0.0,0.0,0.0,0.0,1.0,0.0
242918,1610.269366862,0.0,0.0,0.0,0.0,1.0,0.0
242938,1610.290081342,0.0,0.0,0.0,0.0,1.0,0.0
242958,1610.309127865,0.0,0.0,0.0,0.0,1.0,0.0
242978,1610.329571435,0.0,0.0,0.0,0.0,1.0,0.0
242998,1610.34949471,0.0,0.0,0.0,0.0,1.0,0.0
243018,1610.36968089,0.0,0.0,0.0,0.0,1.0,0.0
243038,1610.388571314,0.0,0.0,0.0,0.0,1.0,0.0
243058,1610.40898935,0.0,0.0,0.0,0.0,1.0,0.0
243078,1610.429478789,0.0,0.0,0.0,0.0,1.0,0.0
243098,1610.449799661,0.0,0.0,0.0,0.0,1.0,0.0
243118,1610.469365089,0.0,0.0,0.0,0.0,1.0,0.0
243138,1610.489140349,0.0,0.0,0.0,0.0,1.0,0.0
243158,1610.50878695,0.0,0.0,0.0,0.0,1.0,0.0
243178,1610.529531125,0.0,0.0,0.0,0.0,1.0,0.0
243198,1610.549092721,0.0,0.0,0.0,0.0,1.0,0.0
243218,1610.568028731,0.0,0.0,0.0,0.0,1.0,0.0
243238,1610.587053471,0.0,0.0,0.0,0.0,1.0,0.0
243258,1610.607995015,0.0,0.0,0.0,0.0,1.0,0.0
243278,1610.628300196,0.0,0.0,0.0,0.0,1.0,0.0
243298,1610.647420362,0.0,0.0,0.0,0.0,1.0,0.0
243318,1610.669377736,0.0,0.0,0.0,0.0,1.0,0.0
243338,1610.688523531,0.0,0.0,0.0,0.0,1.0,0.0
243358,1610.707361279,0.0,0.0,0.0,0.0,1.0,0.0
243378,1610.727797157,0.0,0.0,0.0,0.0,1.0,0.0
243398,1610.749072662,0.0,0.0,0.0,0.0,1.0,0.0
243418,1610.768841366,0.0,0.0,0.0,0.0,1.0,0.0
243438,1610.788685958,0.0,0.0,0.0,0.0,1.0,0.0
243458,1610.809277101,0.0,0.0,0.0,0.0,1.0,0.0
243478,1610.829052485,0.0,0.0,0.0,0.0,1.0,0.0
243498,1610.847512403,0.0,0.0,0.0,0.0,1.0,0.0
243518,1610.867992471,0.0,0.0,0.0,0.0,1.0,0.0
243538,1610.888141834,0.0,0.0,0.0,0.0,1.0,0.0
243558,1610.9083637,0.0,0.0,0.0,0.0,1.0,0.0
243578,1610.928327894,0.0,0.0,0.0,0.0,1.0,0.0
243598,1610.948862894,0.0,0.0,0.0,0.0,1.0,0.0
243618,1610.968541437,0.0,0.0,0.0,0.0,1.0,0.0
243638,1610.989642327,0.0,0.0,0.0,0.0,1.0,0.0
243658,1611.007958792,0.0,0.0,0.0,0.0,1.0,0.0
243678,1611.028116546,0.0,0.0,0.0,0.0,1.0,0.0
243698,1611.048692404,0.0,0.0,0.0,0.0,1.0,0.0
243718,1611.068804702,0.0,0.0,0.0,0.0,1.0,0.0
243738,1611.0892887,0.0,0.0,0.0,0.0,1.0,0.0
243758,1611.10841881,0.0,0.0,0.0,0.0,1.0,0.0
243778,1611.128830341,0.0,0.0,0.0,0.0,1.0,0.0
243798,1611.149443673,0.0,0.0,0.0,0.0,1.0,0.0
243818,1611.169621726,0.0,0.0,0.0,0.0,1.0,0.0
243838,1611.18910769,0.0,0.0,0.0,0.0,1.0,0.0
243858,1611.209452052,0.0,0.0,0.0,0.0,1.0,0.0
243878,1611.228849772,0.0,0.0,0.0,0.0,1.0,0.0
243898,1611.249467498,0.0,0.0,0.0,0.0,1.0,0.0
243918,1611.268074927,0.0,0.0,0.0,0.0,1.0,0.0
243938,1611.289626388,0.0,0.0,0.0,0.0,1.0,0.0
243958,1611.30899691,0.0,0.0,0.0,0.0,1.0,0.0
243978,1611.328873106,0.0,0.0,0.0,0.0,1.0,0.0
243998,1611.349437909,0.0,0.0,0.0,0.0,1.0,0.0
244018,1611.368537089,0.0,0.0,0.0,0.0,1.0,0.0
244038,1611.388505339,0.0,0.0,0.0,0.0,1.0,0.0
244058,1611.408861062,0.0,0.0,0.0,0.0,1.0,0.0
244078,1611.42855828,0.0,0.0,0.0,0.0,1.0,0.0
244098,1611.44780475,0.0,0.0,0.0,0.0,1.0,0.0
244118,1611.468311297,0.0,0.0,0.0,0.0,1.0,0.0
244138,1611.488173978,0.0,0.0,0.0,0.0,1.0,0.0
244158,1611.50809545,0.0,0.0,0.0,0.0,1.0,0.0
244178,1611.528682961,0.0,0.0,0.0,0.0,1.0,0.0
244198,1611.548624235,0.0,0.0,0.0,0.0,1.0,0.0
244218,1611.568425847,0.0,0.0,0.0,0.0,1.0,0.0
244238,1611.588239044,0.0,0.0,0.0,0.0,1.0,0.0
244258,1611.608913329,0.0,0.0,0.0,0.0,1.0,0.0
244278,1611.627236255,0.0,0.0,0.0,0.0,1.0,0.0
244298,1611.648132662,0.0,0.0,0.0,0.0,1.0,0.0
244318,1611.667985308,0.0,0.0,0.0,0.0,1.0,0.0
244338,1611.687765912,0.0,0.0,0.0,0.0,1.0,0.0
244358,1611.708559976,0.0,0.0,0.0,0.0,1.0,0.0
244378,1611.728589625,0.0,0.0,0.0,0.0,1.0,0.0
244398,1611.748553267,0.0,0.0,0.0,0.0,1.0,0.0
244418,1611.769479398,0.0,0.0,0.0,0.0,1.0,0.0
244438,1611.788723065,0.0,0.0,0.0,0.0,1.0,0.0
244458,1611.808066757,0.0,0.0,0.0,0.0,1.0,0.0
244478,1611.826958591,0.0,0.0,0.0,0.0,1.0,0.0
244498,1611.848429288,0.0,0.0,0.0,0.0,1.0,0.0
244518,1611.868231893,0.0,0.0,0.0,0.0,1.0,0.0
244538,1611.888796138,0.0,0.0,0.0,0.0,1.0,0.0
244558,1611.908294306,0.0,0.0,0.0,0.0,1.0,0.0
244578,1611.92880839,0.0,0.0,0.0,0.0,1.0,0.0
244598,1611.947768388,0.0,0.0,0.0,0.0,1.0,0.0
244618,1611.96755341,0.0,0.0,0.0,0.0,1.0,0.0
244638,1611.988589093,0.0,0.0,0.0,0.0,1.0,0.0
244658,1612.008625685,0.0,0.0,0.0,0.0,1.0,0.0
244678,1612.028053647,0.0,0.0,0.0,0.0,1.0,0.0
244698,1612.048277928,0.0,0.0,0.0,0.0,1.0,0.0
244718,1612.069852087,0.0,0.0,0.0,0.0,1.0,0.0
244738,1612.087957657,0.0,0.0,0.0,0.0,1.0,0.0
244758,1612.108269591,0.0,0.0,0.0,0.0,1.0,0.0
244778,1612.127133728,0.0,0.0,0.0,0.0,1.0,0.0
244798,1612.14877161,0.0,0.0,0.0,0.0,1.0,0.0
244818,1612.168905409,0.0,0.0,0.0,0.0,1.0,0.0
244838,1612.188421963,0.0,0.0,0.0,0.0,1.0,0.0
244858,1612.207870277,0.0,0.0,0.0,0.0,1.0,0.0
244878,1612.228558022,0.0,0.0,0.0,0.0,1.0,0.0
244898,1612.247642927,0.0,0.0,0.0,0.0,1.0,0.0
244918,1612.26908785,0.0,0.0,0.0,0.0,1.0,0.0
244938,1612.288547282,0.0,0.0,0.0,0.0,1.0,0.0
244958,1612.308471319,0.0,0.0,0.0,0.0,1.0,0.0
244978,1612.327843827,0.0,0.0,0.0,0.0,1.0,0.0
244998,1612.348770812,0.0,0.0,0.0,0.0,1.0,0.0
245018,1612.370488503,0.0,0.0,0.0,0.0,1.0,0.0
245038,1612.387588979,0.0,0.0,0.0,0.0,1.0,0.0
245058,1612.408064058,0.0,0.0,0.0,0.0,1.0,0.0
245078,1612.42743021,0.0,0.0,0.0,0.0,1.0,0.0
245098,1612.447990257,0.0,0.0,0.0,0.0,1.0,0.0
245118,1612.468595998,0.0,0.0,0.0,0.0,1.0,0.0
245138,1612.487119116,0.0,0.0,0.0,0.0,1.0,0.0
245158,1612.507984037,0.0,0.0,0.0,0.0,1.0,0.0
245178,1612.528559165,0.0,0.0,0.0,0.0,1.0,0.0
245198,1612.548114386,0.0,0.0,0.0,0.0,1.0,0.0
245218,1612.56913119,0.0,0.0,0.0,0.0,1.0,0.0
245238,1612.588468205,0.0,0.0,0.0,0.0,1.0,0.0
245258,1612.607833808,0.0,0.0,0.0,0.0,1.0,0.0
245278,1612.628409772,0.0,0.0,0.0,0.0,1.0,0.0
245298,1612.647679469,0.0,0.0,0.0,0.0,1.0,0.0
245318,1612.668784383,0.0,0.0,0.0,0.0,1.0,0.0
245338,1612.687572787,0.0,0.0,0.0,0.0,1.0,0.0
245358,1612.708329854,0.0,0.0,0.0,0.0,1.0,0.0
245378,1612.727796825,0.0,0.0,0.0,0.0,1.0,0.0
245398,1612.747815038,0.0,0.0,0.0,0.0,1.0,0.0
245418,1612.769321199,0.0,0.0,0.0,0.0,1.0,0.0
245438,1612.787585836,0.0,0.0,0.0,0.0,1.0,0.0
245458,1612.807489867,0.0,0.0,0.0,0.0,1.0,0.0
245478,1612.826590035,0.0,0.0,0.0,0.0,1.0,0.0
245498,1612.848565078,0.0,0.0,0.0,0.0,1.0,0.0
245518,1612.869687123,0.0,0.0,0.0,0.0,1.0,0.0
245538,1612.888036494,0.0,0.0,0.0,0.0,1.0,0.0
245558,1612.907934436,0.0,0.0,0.0,0.0,1.0,0.0
245578,1612.926524848,0.0,0.0,0.0,0.0,1.0,0.0
245598,1612.947867868,0.0,0.0,0.0,0.0,1.0,0.0
245618,1612.969345627,0.0,0.0,0.0,0.0,1.0,0.0
245638,1612.986418125,0.0,0.0,0.0,0.0,1.0,0.0
245658,1613.007506965,0.0,0.0,0.0,0.0,1.0,0.0
245678,1613.026943748,0.0,0.0,0.0,0.0,1.0,0.0
245698,1613.047573751,0.0,0.0,0.0,0.0,1.0,0.0
245718,1613.069971926,0.0,0.0,0.0,0.0,1.0,0.0
245738,1613.086823209,0.0,0.0,0.0,0.0,1.0,0.0
245758,1613.107789,0.0,0.0,0.0,0.0,1.0,0.0
245778,1613.127416548,0.0,0.0,0.0,0.0,1.0,0.0
245798,1613.146898367,0.0,0.0,0.0,0.0,1.0,0.0
245818,1613.169469535,0.0,0.0,0.0,0.0,1.0,0.0
245838,1613.186174515,0.0,0.0,0.0,0.0,1.0,0.0
245858,1613.207450063,0.0,0.0,0.0,0.0,1.0,0.0
245878,1613.225852732,0.0,0.0,0.0,0.0,1.0,0.0
245898,1613.247601316,0.0,0.0,0.0,0.0,1.0,0.0
245918,1613.26903542,0.0,0.0,0.0,0.0,1.0,0.0
245938,1613.286728204,0.0,0.0,0.0,0.0,1.0,0.0
245958,1613.30649266,0.0,0.0,0.0,0.0,1.0,0.0
245978,1613.3266602,0.0,0.0,0.0,0.0,1.0,0.0
245998,1613.346529307,0.0,0.0,0.0,0.0,1.0,0.0
246018,1613.366691586,0.0,0.0,0.0,0.0,1.0,0.0
246038,1613.38724468,0.0,0.0,0.0,0.0,1.0,0.0
246058,1613.407282829,0.0,0.0,0.0,0.0,1.0,0.0
246078,1613.426795315,0.0,0.0,0.0,0.0,1.0,0.0
246098,1613.445595115,0.0,0.0,0.0,0.0,1.0,0.0
246118,1613.466863445,0.0,0.0,0.0,0.0,1.0,0.0
246138,1613.485769777,0.0,0.0,0.0,0.0,1.0,0.0
246158,1613.505791525,0.0,0.0,0.0,0.0,1.0,0.0
246178,1613.526092416,0.0,0.0,0.0,0.0,1.0,0.0
246198,1613.54642366,0.0,0.0,0.0,0.0,1.0,0.0
246218,1613.566569422,0.0,0.0,0.0,0.0,1.0,0.0
246238,1613.586345102,0.0,0.0,0.0,0.0,1.0,0.0
246258,1613.605600051,0.0,0.0,0.0,0.0,1.0,0.0
246278,1613.62612332,0.0,0.0,0.0,0.0,1.0,0.0
246298,1613.646221565,0.0,0.0,0.0,0.0,1.0,0.0
246318,1613.666231941,0.0,0.0,0.0,0.0,1.0,0.0
246338,1613.685824788,0.0,0.0,0.0,0.0,1.0,0.0
246358,1613.705862054,0.0,0.0,0.0,0.0,1.0,0.0
246378,1613.726850352,0.0,0.0,0.0,0.0,1.0,0.0
246398,1613.746824369,0.0,0.0,0.0,0.0,1.0,0.0
246418,1613.767103481,0.0,0.0,0.0,0.0,1.0,0.0
246438,1613.787589785,0.0,0.0,0.0,0.0,1.0,0.0
246458,1613.806791085,0.0,0.0,0.0,0.0,1.0,0.0
246478,1613.827030935,0.0,0.0,0.0,0.0,1.0,0.0
246498,1613.847233178,0.0,0.0,0.0,0.0,1.0,0.0
246518,1613.867360659,0.0,0.0,0.0,0.0,1.0,0.0
246538,1613.886690597,0.0,0.0,0.0,0.0,1.0,0.0
246558,1613.906866846,0.0,0.0,0.0,0.0,1.0,0.0
246578,1613.927352194,0.0,0.0,0.0,0.0,1.0,0.0
246598,1613.947402344,0.0,0.0,0.0,0.0,1.0,0.0
246618,1613.966398237,0.0,0.0,0.0,0.0,1.0,0.0
246638,1613.987185845,0.0,0.0,0.0,0.0,1.0,0.0
246658,1614.006975431,0.0,0.0,0.0,0.0,1.0,0.0
246678,1614.027102479,0.0,0.0,0.0,0.0,1.0,0.0
246698,1614.047523557,0.0,0.0,0.0,0.0,1.0,0.0
246718,1614.065860106,0.0,0.0,0.0,0.0,1.0,0.0
246738,1614.086350409,0.0,0.0,0.0,0.0,1.0,0.0
246758,1614.106228298,0.0,0.0,0.0,0.0,1.0,0.0
246778,1614.126105173,0.0,0.0,0.0,0.0,1.0,0.0
246798,1614.145840365,0.0,0.0,0.0,0.0,1.0,0.0
246818,1614.167134035,0.0,0.0,0.0,0.0,1.0,0.0
246838,1614.186557102,0.0,0.0,0.0,0.0,1.0,0.0
246858,1614.206628173,0.0,0.0,0.0,0.0,1.0,0.0
246878,1614.226124471,0.0,0.0,0.0,0.0,1.0,0.0
246898,1614.246626627,0.0,0.0,0.0,0.0,1.0,0.0
246918,1614.266626168,0.0,0.0,0.0,0.0,1.0,0.0
246938,1614.286854155,0.0,0.0,0.0,0.0,1.0,0.0
246958,1614.306948486,0.0,0.0,0.0,0.0,1.0,0.0
246978,1614.326098723,0.0,0.0,0.0,0.0,1.0,0.0
246998,1614.346376404,0.0,0.0,0.0,0.0,1.0,0.0
247018,1614.366642378,0.0,0.0,0.0,0.0,1.0,0.0
247038,1614.387292639,0.0,0.0,0.0,0.0,1.0,0.0
247058,1614.406102358,0.0,0.0,0.0,0.0,1.0,0.0
247078,1614.426346393,0.0,0.0,0.0,0.0,1.0,0.0
247098,1614.445561534,0.0,0.0,0.0,0.0,1.0,0.0
247118,1614.465819337,0.0,0.0,0.0,0.0,1.0,0.0
247138,1614.487087038,0.0,0.0,0.0,0.0,1.0,0.0
247158,1614.506094743,0.0,0.0,0.0,0.0,1.0,0.0
247178,1614.526416764,0.0,0.0,0.0,0.0,1.0,0.0
247198,1614.546133541,0.0,0.0,0.0,0.0,1.0,0.0
247218,1614.565425331,0.0,0.0,0.0,0.0,1.0,0.0
247238,1614.58535506,0.0,0.0,0.0,0.0,1.0,0.0
247258,1614.606974047,0.0,0.0,0.0,0.0,1.0,0.0
247278,1614.626185469,0.0,0.0,0.0,0.0,1.0,0.0
247298,1614.64649168,0.0,0.0,0.0,0.0,1.0,0.0
247318,1614.666617054,0.0,0.0,0.0,0.0,1.0,0.0
247338,1614.686242414,0.0,0.0,0.0,0.0,1.0,0.0
247358,1614.706399057,0.0,0.0,0.0,0.0,1.0,0.0
247378,1614.725769346,0.0,0.0,0.0,0.0,1.0,0.0
247398,1614.746381145,0.0,0.0,0.0,0.0,1.0,0.0
247418,1614.767088916,0.0,0.0,0.0,0.0,1.0,0.0
247438,1614.787069193,0.0,0.0,0.0,0.0,1.0,0.0
247458,1614.806261827,0.0,0.0,0.0,0.0,1.0,0.0
247478,1614.826685951,0.0,0.0,0.0,0.0,1.0,0.0
247498,1614.845629543,0.0,0.0,0.0,0.0,1.0,0.0
247518,1614.865818927,0.0,0.0,0.0,0.0,1.0,0.0
247538,1614.886245894,0.0,0.0,0.0,0.0,1.0,0.0
247558,1614.905298101,0.0,0.0,0.0,0.0,1.0,0.0
247578,1614.925913563,0.0,0.0,0.0,0.0,1.0,0.0
247598,1614.944309417,0.0,0.0,0.0,0.0,1.0,0.0
247618,1614.963835551,0.0,0.0,0.0,0.0,1.0,0.0
247638,1614.984247868,0.0,0.0,0.0,0.0,1.0,0.0
247658,1615.006115791,0.0,0.0,0.0,0.0,1.0,0.0
247678,1615.025110833,0.0,0.0,0.0,0.0,1.0,0.0
247698,1615.045419261,0.0,0.0,0.0,0.0,1.0,0.0
247718,1615.065792792,0.0,0.0,0.0,0.0,1.0,0.0
247738,1615.085654212,0.0,0.0,0.0,0.0,1.0,0.0
247758,1615.106053076,0.0,0.0,0.0,0.0,1.0,0.0
247778,1615.124673895,0.0,0.0,0.0,0.0,1.0,0.0
247798,1615.145311427,0.0,0.0,0.0,0.0,1.0,0.0
247818,1615.164999337,0.0,0.0,0.0,0.0,1.0,0.0
247838,1615.18548517,0.0,0.0,0.0,0.0,1.0,0.0
247858,1615.205902862,0.0,0.0,0.0,0.0,1.0,0.0
247878,1615.226878005,0.0,0.0,0.0,0.0,1.0,0.0
247898,1615.245812637,0.0,0.0,0.0,0.0,1.0,0.0
247918,1615.26668082,0.0,0.0,0.0,0.0,1.0,0.0
247938,1615.284873525,0.0,0.0,0.0,0.0,1.0,0.0
247958,1615.304875107,0.0,0.0,0.0,0.0,1.0,0.0
247978,1615.326232675,0.0,0.0,0.0,0.0,1.0,0.0
247998,1615.345799922,0.0,0.0,0.0,0.0,1.0,0.0
248018,1615.366188312,0.0,0.0,0.0,0.0,1.0,0.0
248038,1615.385449184,0.0,0.0,0.0,0.0,1.0,0.0
248058,1615.405886642,0.0,0.0,0.0,0.0,1.0,0.0
248078,1615.424889957,0.0,0.0,0.0,0.0,1.0,0.0
248098,1615.444424026,0.0,0.0,0.0,0.0,1.0,0.0
248118,1615.465134202,0.0,0.0,0.0,0.0,1.0,0.0
248138,1615.486315222,0.0,0.0,0.0,0.0,1.0,0.0
248158,1615.505163271,0.0,0.0,0.0,0.0,1.0,0.0
248178,1615.524797205,0.0,0.0,0.0,0.0,1.0,0.0
248198,1615.544752697,0.0,0.0,0.0,0.0,1.0,0.0
248218,1615.565235348,0.0,0.0,0.0,0.0,1.0,0.0
248238,1615.585532543,0.0,0.0,0.0,0.0,1.0,0.0
248258,1615.605358613,0.0,0.0,0.0,0.0,1.0,0.0
248278,1615.625411762,0.0,0.0,0.0,0.0,1.0,0.0
248298,1615.645910691,0.0,0.0,0.0,0.0,1.0,0.0
248318,1615.663904091,0.0,0.0,0.0,0.0,1.0,0.0
248338,1615.68573907,0.0,0.0,0.0,0.0,1.0,0.0
248358,1615.704710952,0.0,0.0,0.0,0.0,1.0,0.0
248378,1615.725108105,0.0,0.0,0.0,0.0,1.0,0.0
248398,1615.74550738,0.0,0.0,0.0,0.0,1.0,0.0
248418,1615.764919254,0.0,0.0,0.0,0.0,1.0,0.0
248438,1615.785754804,0.0,0.0,0.0,0.0,1.0,0.0
248458,1615.804697556,0.0,0.0,0.0,0.0,1.0,0.0
248478,1615.826023149,0.0,0.0,0.0,0.0,1.0,0.0
248498,1615.845707055,0.0,0.0,0.0,0.0,1.0,0.0
248518,1615.866352729,0.0,0.0,0.0,0.0,1.0,0.0
248538,1615.885966052,0.0,0.0,0.0,0.0,1.0,0.0
248558,1615.90586467,0.0,0.0,0.0,0.0,1.0,0.0
248578,1615.925527223,0.0,0.0,0.0,0.0,1.0,0.0
248598,1615.944833702,0.0,0.0,0.0,0.0,1.0,0.0
248618,1615.96538413,0.0,0.0,0.0,0.0,1.0,0.0
248638,1615.985173278,0.0,0.0,0.0,0.0,1.0,0.0
248658,1616.004844464,0.0,0.0,0.0,0.0,1.0,0.0
248678,1616.025192074,0.0,0.0,0.0,0.0,1.0,0.0
248698,1616.045378734,0.0,0.0,0.0,0.0,1.0,0.0
248718,1616.065821447,0.0,0.0,0.0,0.0,1.0,0.0
248738,1616.085795104,0.0,0.0,0.0,0.0,1.0,0.0
248758,1616.105401802,0.0,0.0,0.0,0.0,1.0,0.0
248778,1616.12563519,0.0,0.0,0.0,0.0,1.0,0.0
248798,1616.145378391,0.0,0.0,0.0,0.0,1.0,0.0
248818,1616.165672527,0.0,0.0,0.0,0.0,1.0,0.0
248838,1616.18590557,0.0,0.0,0.0,0.0,1.0,0.0
248858,1616.205390682,0.0,0.0,0.0,0.0,1.0,0.0
248878,1616.225880708,0.0,0.0,0.0,0.0,1.0,0.0
248898,1616.244416107,0.0,0.0,0.0,0.0,1.0,0.0
248918,1616.264995085,0.0,0.0,0.0,0.0,1.0,0.0
248938,1616.284669085,0.0,0.0,0.0,0.0,1.0,0.0
248958,1616.304174897,0.0,0.0,0.0,0.0,1.0,0.0
248978,1616.325837248,0.0,0.0,0.0,0.0,1.0,0.0
248998,1616.346080211,0.0,0.0,0.0,0.0,1.0,0.0
249018,1616.365228603,0.0,0.0,0.0,0.0,1.0,0.0
249038,1616.385829253,0.0,0.0,0.0,0.0,1.0,0.0
249058,1616.405233854,0.0,0.0,0.0,0.0,1.0,0.0
249078,1616.425537354,0.0,0.0,0.0,0.0,1.0,0.0
249098,1616.445387303,0.0,0.0,0.0,0.0,1.0,0.0
249118,1616.465569898,0.0,0.0,0.0,0.0,1.0,0.0
249138,1616.484863448,0.0,0.0,0.0,0.0,1.0,0.0
249158,1616.504682747,0.0,0.0,0.0,0.0,1.0,0.0
249178,1616.524878157,0.0,0.0,0.0,0.0,1.0,0.0
249198,1616.545746836,0.0,0.0,0.0,0.0,1.0,0.0
249218,1616.564753027,0.0,0.0,0.0,0.0,1.0,0.0
249238,1616.586291842,0.0,0.0,0.0,0.0,1.0,0.0
249258,1616.604399975,0.0,0.0,0.0,0.0,1.0,0.0
249278,1616.625206785,0.0,0.0,0.0,0.0,1.0,0.0
249298,1616.645976955,0.0,0.0,0.0,0.0,1.0,0.0
249318,1616.665249569,0.0,0.0,0.0,0.0,1.0,0.0
249338,1616.6863987,0.0,0.0,0.0,0.0,1.0,0.0
249358,1616.705156285,0.0,0.0,0.0,0.0,1.0,0.0
249378,1616.724639304,0.0,0.0,0.0,0.0,1.0,0.0
249398,1616.744433686,0.0,0.0,0.0,0.0,1.0,0.0
249418,1616.765391403,0.0,0.0,0.0,0.0,1.0,0.0
249438,1616.785960172,0.0,0.0,0.0,0.0,1.0,0.0
249458,1616.804936185,0.0,0.0,0.0,0.0,1.0,0.0
249478,1616.825674969,0.0,0.0,0.0,0.0,1.0,0.0
249498,1616.844777765,0.0,0.0,0.0,0.0,1.0,0.0
249518,1616.864266413,0.0,0.0,0.0,0.0,1.0,0.0
249538,1616.886663864,0.0,0.0,0.0,0.0,1.0,0.0
249558,1616.90462191,0.0,0.0,0.0,0.0,1.0,0.0
249578,1616.924721123,0.0,0.0,0.0,0.0,1.0,0.0
249598,1616.944359383,0.0,0.0,0.0,0.0,1.0,0.0
249618,1616.964610775,0.0,0.0,0.0,0.0,1.0,0.0
249638,1616.986461437,0.0,0.0,0.0,0.0,1.0,0.0
249658,1617.004087654,0.0,0.0,0.0,0.0,1.0,0.0
249678,1617.025382654,0.0,0.0,0.0,0.0,1.0,0.0
249698,1617.044523161,0.0,0.0,0.0,0.0,1.0,0.0
249718,1617.064839444,0.0,0.0,0.0,0.0,1.0,0.0
249738,1617.085872106,0.0,0.0,0.0,0.0,1.0,0.0
249758,1617.104367637,0.0,0.0,0.0,0.0,1.0,0.0
249778,1617.124915865,0.0,0.0,0.0,0.0,1.0,0.0
249798,1617.145845121,0.0,0.0,0.0,0.0,1.0,0.0
249818,1617.164412339,0.0,0.0,0.0,0.0,1.0,0.0
249838,1617.185615441,0.0,0.0,0.0,0.0,1.0,0.0
249858,1617.204867912,0.0,0.0,0.0,0.0,1.0,0.0
249878,1617.225123356,0.0,0.0,0.0,0.0,1.0,0.0
249898,1617.244545676,0.0,0.0,0.0,0.0,1.0,0.0
249918,1617.264374115,0.0,0.0,0.0,0.0,1.0,0.0
249938,1617.286520231,0.0,0.0,0.0,0.0,1.0,0.0
249958,1617.304417702,0.0,0.0,0.0,0.0,1.0,0.0
249978,1617.324826122,0.0,0.0,0.0,0.0,1.0,0.0
249998,1617.345860901,0.0,0.0,0.0,0.0,1.0,0.0
250018,1617.365364,0.0,0.0,0.0,0.0,1.0,0.0
250038,1617.387485406,0.0,0.0,0.0,0.0,1.0,0.0
250058,1617.40534482,0.0,0.0,0.0,0.0,1.0,0.0
250078,1617.425114331,0.0,0.0,0.0,0.0,1.0,0.0
250098,1617.445571897,0.0,0.0,0.0,0.0,1.0,0.0
250118,1617.465625863,0.0,0.0,0.0,0.0,1.0,0.0
250138,1617.48516205,0.0,0.0,0.0,0.0,1.0,0.0
250158,1617.502450332,0.0,0.0,0.0,0.0,1.0,0.0
250178,1617.522274187,0.0,0.0,0.0,0.0,1.0,0.0
250198,1617.542369091,0.0,0.0,0.0,0.0,1.0,0.0
250218,1617.563793126,0.0,0.0,0.0,0.0,1.0,0.0
250238,1617.586480308,0.0,0.0,0.0,0.0,1.0,0.0
250258,1617.604085956,0.0,0.0,0.0,0.0,1.0,0.0
250278,1617.624343514,0.0,0.0,0.0,0.0,1.0,0.0
250298,1617.644371461,0.0,0.0,0.0,0.0,1.0,0.0
250318,1617.663467706,0.0,0.0,0.0,0.0,1.0,0.0
250338,1617.685606427,0.0,0.0,0.0,0.0,1.0,0.0
250358,1617.702475121,0.0,0.0,0.0,0.0,1.0,0.0
250378,1617.723993859,0.0,0.0,0.0,0.0,1.0,0.0
250398,1617.742697409,0.0,0.0,0.0,0.0,1.0,0.0
250418,1617.763849657,0.0,0.0,0.0,0.0,1.0,0.0
250438,1617.785734158,0.0,0.0,0.0,0.0,1.0,0.0
250458,1617.802972525,0.0,0.0,0.0,0.0,1.0,0.0
250478,1617.823115554,0.0,0.0,0.0,0.0,1.0,0.0
250498,1617.842425345,0.0,0.0,0.0,0.0,1.0,0.0
250518,1617.864646621,0.0,0.0,0.0,0.0,1.0,0.0
250538,1617.883918426,0.0,0.0,0.0,0.0,1.0,0.0
250558,1617.904565888,0.0,0.0,0.0,0.0,1.0,0.0
250578,1617.924993611,0.0,0.0,0.0,0.0,1.0,0.0
250598,1617.944143874,0.0,0.0,0.0,0.0,1.0,0.0
250618,1617.964406612,0.0,0.0,0.0,0.0,1.0,0.0
250638,1617.983335331,0.0,0.0,0.0,0.0,1.0,0.0
250658,1618.003982382,0.0,0.0,0.0,0.0,1.0,0.0
250678,1618.023702729,0.0,0.0,0.0,0.0,1.0,0.0
250698,1618.04459397,0.0,0.0,0.0,0.0,1.0,0.0
250718,1618.062574042,0.0,0.0,0.0,0.0,1.0,0.0
250738,1618.081698701,0.0,0.0,0.0,0.0,1.0,0.0
250758,1618.101524473,0.0,0.0,0.0,0.0,1.0,0.0
250778,1618.122048503,0.0,0.0,0.0,0.0,1.0,0.0
250798,1618.14144441,0.0,0.0,0.0,0.0,1.0,0.0
250818,1618.162882674,0.0,0.0,0.0,0.0,1.0,0.0
250838,1618.183576052,0.0,0.0,0.0,0.0,1.0,0.0
250858,1618.203381565,0.0,0.0,0.0,0.0,1.0,0.0
250878,1618.223486478,0.0,0.0,0.0,0.0,1.0,0.0
250898,1618.243075358,0.0,0.0,0.0,0.0,1.0,0.0
250918,1618.264614879,0.0,0.0,0.0,0.0,1.0,0.0
250938,1618.283658507,0.0,0.0,0.0,0.0,1.0,0.0
250958,1618.304630591,0.0,0.0,0.0,0.0,1.0,0.0
250978,1618.324089593,0.0,0.0,0.0,0.0,1.0,0.0
250998,1618.343415225,0.0,0.0,0.0,0.0,1.0,0.0
251018,1618.364358756,0.0,0.0,0.0,0.0,1.0,0.0
251038,1618.383467186,0.0,0.0,0.0,0.0,1.0,0.0
251058,1618.403376619,0.0,0.0,0.0,0.0,1.0,0.0
251078,1618.423632292,0.0,0.0,0.0,0.0,1.0,0.0
251098,1618.443874224,0.0,0.0,0.0,0.0,1.0,0.0
251118,1618.463356699,0.0,0.0,0.0,0.0,1.0,0.0
251138,1618.483561832,0.0,0.0,0.0,0.0,1.0,0.0
251158,1618.504392398,0.0,0.0,0.0,0.0,1.0,0.0
251178,1618.523620732,0.0,0.0,0.0,0.0,1.0,0.0
251198,1618.544063161,0.0,0.0,0.0,0.0,1.0,0.0
251218,1618.563860986,0.0,0.0,0.0,0.0,1.0,0.0
251238,1618.583814994,0.0,0.0,0.0,0.0,1.0,0.0
251258,1618.60408728,0.0,0.0,0.0,0.0,1.0,0.0
251278,1618.623432491,0.0,0.0,0.0,0.0,1.0,0.0
251298,1618.643727629,0.0,0.0,0.0,0.0,1.0,0.0
251318,1618.664251835,0.0,0.0,0.0,0.0,1.0,0.0
251338,1618.684080619,0.0,0.0,0.0,0.0,1.0,0.0
251358,1618.703754332,0.0,0.0,0.0,0.0,1.0,0.0
251378,1618.723912349,0.0,0.0,0.0,0.0,1.0,0.0
251398,1618.744619509,0.0,0.0,0.0,0.0,1.0,0.0
251418,1618.763366203,0.0,0.0,0.0,0.0,1.0,0.0
251438,1618.784042773,0.0,0.0,0.0,0.0,1.0,0.0
251458,1618.804204368,0.0,0.0,0.0,0.0,1.0,0.0
251478,1618.823667207,0.0,0.0,0.0,0.0,1.0,0.0
251498,1618.843656547,0.0,0.0,0.0,0.0,1.0,0.0
251518,1618.863798588,0.0,0.0,0.0,0.0,1.0,0.0
251538,1618.882843237,0.0,0.0,0.0,0.0,1.0,0.0
251558,1618.903910509,0.0,0.0,0.0,0.0,1.0,0.0
251578,1618.923521219,0.0,0.0,0.0,0.0,1.0,0.0
251598,1618.942893827,0.0,0.0,0.0,0.0,1.0,0.0
251618,1618.963800451,0.0,0.0,0.0,0.0,1.0,0.0
251638,1618.982982957,0.0,0.0,0.0,0.0,1.0,0.0
251658,1619.002800531,0.0,0.0,0.0,0.0,1.0,0.0
251678,1619.023961807,0.0,0.0,0.0,0.0,1.0,0.0
251698,1619.043099703,0.0,0.0,0.0,0.0,1.0,0.0
251718,1619.063639623,0.0,0.0,0.0,0.0,1.0,0.0
251738,1619.082590929,0.0,0.0,0.0,0.0,1.0,0.0
251758,1619.103654651,0.0,0.0,0.0,0.0,1.0,0.0
251778,1619.123480198,0.0,0.0,0.0,0.0,1.0,0.0
251798,1619.143973717,0.0,0.0,0.0,0.0,1.0,0.0
251818,1619.163365102,0.0,0.0,0.0,0.0,1.0,0.0
251838,1619.182912288,0.0,0.0,0.0,0.0,1.0,0.0
251858,1619.203048698,0.0,0.0,0.0,0.0,1.0,0.0
251878,1619.222599015,0.0,0.0,0.0,0.0,1.0,0.0
251898,1619.243868372,0.0,0.0,0.0,0.0,1.0,0.0
251918,1619.26345248,0.0,0.0,0.0,0.0,1.0,0.0
251938,1619.282963664,0.0,0.0,0.0,0.0,1.0,0.0
251958,1619.302354707,0.0,0.0,0.0,0.0,1.0,0.0
251978,1619.322373024,0.0,0.0,0.0,0.0,1.0,0.0
251998,1619.34190609,0.0,0.0,0.0,0.0,1.0,0.0
252018,1619.362072559,0.0,0.0,0.0,0.0,1.0,0.0
252038,1619.381434955,0.0,0.0,0.0,0.0,1.0,0.0
252058,1619.401401093,0.0,0.0,0.0,0.0,1.0,0.0
252078,1619.422053388,0.0,0.0,0.0,0.0,1.0,0.0
252098,1619.443257775,0.0,0.0,0.0,0.0,1.0,0.0
252118,1619.463072099,0.0,0.0,0.0,0.0,1.0,0.0
252138,1619.482456328,0.0,0.0,0.0,0.0,1.0,0.0
252158,1619.501941466,0.0,0.0,0.0,0.0,1.0,0.0
252178,1619.52168055,0.0,0.0,0.0,0.0,1.0,0.0
252198,1619.543096814,0.0,0.0,0.0,0.0,1.0,0.0
252218,1619.562370649,0.0,0.0,0.0,0.0,1.0,0.0
252238,1619.583532289,0.0,0.0,0.0,0.0,1.0,0.0
252258,1619.602543834,0.0,0.0,0.0,0.0,1.0,0.0
252278,1619.622615294,0.0,0.0,0.0,0.0,1.0,0.0
252298,1619.643225305,0.0,0.0,0.0,0.0,1.0,0.0
252318,1619.662475326,0.0,0.0,0.0,0.0,1.0,0.0
252338,1619.683320396,0.0,0.0,0.0,0.0,1.0,0.0
252358,1619.703346289,0.0,0.0,0.0,0.0,1.0,0.0
252378,1619.722933578,0.0,0.0,0.0,0.0,1.0,0.0
252398,1619.743140389,0.0,0.0,0.0,0.0,1.0,0.0
252418,1619.762865998,0.0,0.0,0.0,0.0,1.0,0.0
252438,1619.78192438,0.0,0.0,0.0,0.0,1.0,0.0
252458,1619.801855066,0.0,0.0,0.0,0.0,1.0,0.0
252478,1619.823151759,0.0,0.0,0.0,0.0,1.0,0.0
252498,1619.842811178,0.0,0.0,0.0,0.0,1.0,0.0
252518,1619.862571458,0.0,0.0,0.0,0.0,1.0,0.0
252538,1619.882877964,0.0,0.0,0.0,0.0,1.0,0.0
252558,1619.90260471,0.0,0.0,0.0,0.0,1.0,0.0
252578,1619.92361846,0.0,0.0,0.0,0.0,1.0,0.0
252598,1619.942323306,0.0,0.0,0.0,0.0,1.0,0.0
252618,1619.961517161,0.0,0.0,0.0,0.0,1.0,0.0
252638,1619.982645242,0.0,0.0,0.0,0.0,1.0,0.0
252658,1620.002221495,0.0,0.0,0.0,0.0,1.0,0.0
252678,1620.023073674,0.0,0.0,0.0,0.0,1.0,0.0
252698,1620.042178485,0.0,0.0,0.0,0.0,1.0,0.0
252718,1620.063148561,0.0,0.0,0.0,0.0,1.0,0.0
252738,1620.082611989,0.0,0.0,0.0,0.0,1.0,0.0
252758,1620.10349871,0.0,0.0,0.0,0.0,1.0,0.0
252778,1620.121822423,0.0,0.0,0.0,0.0,1.0,0.0
252798,1620.142513253,0.0,0.0,0.0,0.0,1.0,0.0
252818,1620.162422065,0.0,0.0,0.0,0.0,1.0,0.0
252838,1620.182595783,0.0,0.0,0.0,0.0,1.0,0.0
252858,1620.202634718,0.0,0.0,0.0,0.0,1.0,0.0
252878,1620.222532381,0.0,0.0,0.0,0.0,1.0,0.0
252898,1620.24187849,0.0,0.0,0.0,0.0,1.0,0.0
252918,1620.26187881,0.0,0.0,0.0,0.0,1.0,0.0
252938,1620.282385542,0.0,0.0,0.0,0.0,1.0,0.0
252958,1620.302412312,0.0,0.0,0.0,0.0,1.0,0.0
252978,1620.321593827,0.0,0.0,0.0,0.0,1.0,0.0
252998,1620.34213408,0.0,0.0,0.0,0.0,1.0,0.0
253018,1620.362658854,0.0,0.0,0.0,0.0,1.0,0.0
253038,1620.382907406,0.0,0.0,0.0,0.0,1.0,0.0
253058,1620.402733718,0.0,0.0,0.0,0.0,1.0,0.0
253078,1620.421880497,0.0,0.0,0.0,0.0,1.0,0.0
253098,1620.441818139,0.0,0.0,0.0,0.0,1.0,0.0
253118,1620.462378603,0.0,0.0,0.0,0.0,1.0,0.0
253138,1620.481980373,0.0,0.0,0.0,0.0,1.0,0.0
253158,1620.503115433,0.0,0.0,0.0,0.0,1.0,0.0
253178,1620.521787165,0.0,0.0,0.0,0.0,1.0,0.0
253198,1620.541965611,0.0,0.0,0.0,0.0,1.0,0.0
253218,1620.56262956,0.0,0.0,0.0,0.0,1.0,0.0
253238,1620.58176925,0.0,0.0,0.0,0.0,1.0,0.0
253258,1620.602368149,0.0,0.0,0.0,0.0,1.0,0.0
253278,1620.622646317,0.0,0.0,0.0,0.0,1.0,0.0
253298,1620.642268864,0.0,0.0,0.0,0.0,1.0,0.0
253318,1620.662497588,0.0,0.0,0.0,0.0,1.0,0.0
253338,1620.681850041,0.0,0.0,0.0,0.0,1.0,0.0
253358,1620.702613806,0.0,0.0,0.0,0.0,1.0,0.0
253378,1620.722739109,0.0,0.0,0.0,0.0,1.0,0.0
253398,1620.741558641,0.0,0.0,0.0,0.0,1.0,0.0
253418,1620.761525636,0.0,0.0,0.0,0.0,1.0,0.0
253438,1620.781072493,0.0,0.0,0.0,0.0,1.0,0.0
253458,1620.801505458,0.0,0.0,0.0,0.0,1.0,0.0
253478,1620.822777769,0.0,0.0,0.0,0.0,1.0,0.0
253498,1620.841604633,0.0,0.0,0.0,0.0,1.0,0.0
253518,1620.862053188,0.0,0.0,0.0,0.0,1.0,0.0
253538,1620.882499868,0.0,0.0,0.0,0.0,1.0,0.0
253558,1620.902089943,0.0,0.0,0.0,0.0,1.0,0.0
253578,1620.921947712,0.0,0.0,0.0,0.0,1.0,0.0
253598,1620.941526731,0.0,0.0,0.0,0.0,1.0,0.0
253618,1620.958898262,0.0,0.0,0.0,0.0,1.0,0.0
253638,1620.980168565,0.0,0.0,0.0,0.0,1.0,0.0
253658,1621.000138867,0.0,0.0,0.0,0.0,1.0,0.0
253678,1621.020373146,0.0,0.0,0.0,0.0,1.0,0.0
253698,1621.041978608,0.0,0.0,0.0,0.0,1.0,0.0
253718,1621.060267684,0.0,0.0,0.0,0.0,1.0,0.0
253738,1621.081117066,0.0,0.0,0.0,0.0,1.0,0.0
253758,1621.101874951,0.0,0.0,0.0,0.0,1.0,0.0
253778,1621.121306807,0.0,0.0,0.0,0.0,1.0,0.0
253798,1621.142177129,0.0,0.0,0.0,0.0,1.0,0.0
253818,1621.162506013,0.0,0.0,0.0,0.0,1.0,0.0
253838,1621.18206383,0.0,0.0,0.0,0.0,1.0,0.0
253858,1621.202410293,0.0,0.0,0.0,0.0,1.0,0.0
253878,1621.222889005,0.0,0.0,0.0,0.0,1.0,0.0
253898,1621.24206888,0.0,0.0,0.0,0.0,1.0,0.0
253918,1621.261523937,0.0,0.0,0.0,0.0,1.0,0.0
253938,1621.281765597,0.0,0.0,0.0,0.0,1.0,0.0
253958,1621.301985505,0.0,0.0,0.0,0.0,1.0,0.0
253978,1621.322290129,0.0,0.0,0.0,0.0,1.0,0.0
253998,1621.34206069,0.0,0.0,0.0,0.0,1.0,0.0
254018,1621.362332001,0.0,0.0,0.0,0.0,1.0,0.0
254038,1621.38249028,0.0,0.0,0.0,0.0,1.0,0.0
254058,1621.401574028,0.0,0.0,0.0,0.0,1.0,0.0
254078,1621.422710827,0.0,0.0,0.0,0.0,1.0,0.0
254098,1621.44074922,0.0,0.0,0.0,0.0,1.0,0.0
254118,1621.460854578,0.0,0.0,0.0,0.0,1.0,0.0
254138,1621.48137758,0.0,0.0,0.0,0.0,1.0,0.0
254158,1621.503061139,0.0,0.0,0.0,0.0,1.0,0.0
254178,1621.521736958,0.0,0.0,0.0,0.0,1.0,0.0
254198,1621.541960948,0.0,0.0,0.0,0.0,1.0,0.0
254218,1621.56224213,0.0,0.0,0.0,0.0,1.0,0.0
254238,1621.5807305,0.0,0.0,0.0,0.0,1.0,0.0
254258,1621.602038592,0.0,0.0,0.0,0.0,1.0,0.0
254278,1621.620795537,0.0,0.0,0.0,0.0,1.0,0.0
254298,1621.6415505,0.0,0.0,0.0,0.0,1.0,0.0
254318,1621.661851886,0.0,0.0,0.0,0.0,1.0,0.0
254338,1621.67999795,0.0,0.0,0.0,0.0,1.0,0.0
254358,1621.699258425,0.0,0.0,0.0,0.0,1.0,0.0
254378,1621.719930583,0.0,0.0,0.0,0.0,1.0,0.0
254398,1621.739704386,0.0,0.0,0.0,0.0,1.0,0.0
254418,1621.759577326,0.0,0.0,0.0,0.0,1.0,0.0
254438,1621.780362563,0.0,0.0,0.0,0.0,1.0,0.0
254458,1621.800898893,0.0,0.0,0.0,0.0,1.0,0.0
254478,1621.820381585,0.0,0.0,0.0,0.0,1.0,0.0
254498,1621.840873202,0.0,0.0,0.0,0.0,1.0,0.0
254518,1621.861128813,0.0,0.0,0.0,0.0,1.0,0.0
254538,1621.881851648,0.0,0.0,0.0,0.0,1.0,0.0
254558,1621.903762036,0.0,0.0,0.0,0.0,1.0,0.0
254578,1621.920571524,0.0,0.0,0.0,0.0,1.0,0.0
254598,1621.942039912,0.0,0.0,0.0,0.0,1.0,0.0
254618,1621.96207385,0.0,0.0,0.0,0.0,1.0,0.0
254638,1621.981405633,0.0,0.0,0.0,0.0,1.0,0.0
254658,1622.003786576,0.0,0.0,0.0,0.0,1.0,0.0
254678,1622.02156859,0.0,0.0,0.0,0.0,1.0,0.0
254698,1622.041413323,0.0,0.0,0.0,0.0,1.0,0.0
254718,1622.060643984,0.0,0.0,0.0,0.0,1.0,0.0
254738,1622.081173642,0.0,0.0,0.0,0.0,1.0,0.0
254758,1622.101135574,0.0,0.0,0.0,0.0,1.0,0.0
254778,1622.121075172,0.0,0.0,0.0,0.0,1.0,0.0
254798,1622.141418975,0.0,0.0,0.0,0.0,1.0,0.0
254818,1622.160382125,0.0,0.0,0.0,0.0,1.0,0.0
254838,1622.180865257,0.0,0.0,0.0,0.0,1.0,0.0
254858,1622.201705691,0.0,0.0,0.0,0.0,1.0,0.0
254878,1622.220748027,0.0,0.0,0.0,0.0,1.0,0.0
254898,1622.241770947,0.0,0.0,0.0,0.0,1.0,0.0
254918,1622.261509359,0.0,0.0,0.0,0.0,1.0,0.0
254938,1622.280497176,0.0,0.0,0.0,0.0,1.0,0.0
254958,1622.301355738,0.0,0.0,0.0,0.0,1.0,0.0
254978,1622.321020005,0.0,0.0,0.0,0.0,1.0,0.0
254998,1622.340156382,0.0,0.0,0.0,0.0,1.0,0.0
255018,1622.361555609,0.0,0.0,0.0,0.0,1.0,0.0
255038,1622.381428624,0.0,0.0,0.0,0.0,1.0,0.0
255058,1622.40110931,0.0,0.0,0.0,0.0,1.0,0.0
255078,1622.420891854,0.0,0.0,0.0,0.0,1.0,0.0
255098,1622.441085394,0.0,0.0,0.0,0.0,1.0,0.0
255118,1622.460969265,0.0,0.0,0.0,0.0,1.0,0.0
255138,1622.480722471,0.0,0.0,0.0,0.0,1.0,0.0
255158,1622.501622989,0.0,0.0,0.0,0.0,1.0,0.0
255178,1622.520380653,0.0,0.0,0.0,0.0,1.0,0.0
255198,1622.540096835,0.0,0.0,0.0,0.0,1.0,0.0
255218,1622.560069401,0.0,0.0,0.0,0.0,1.0,0.0
255238,1622.580933285,0.0,0.0,0.0,0.0,1.0,0.0
255258,1622.601602208,0.0,0.0,0.0,0.0,1.0,0.0
255278,1622.620347363,0.0,0.0,0.0,0.0,1.0,0.0
255298,1622.641246508,0.0,0.0,0.0,0.0,1.0,0.0
255318,1622.661097641,0.0,0.0,0.0,0.0,1.0,0.0
255338,1622.681348892,0.0,0.0,0.0,0.0,1.0,0.0
255358,1622.700892059,0.0,0.0,0.0,0.0,1.0,0.0
255378,1622.720833096,0.0,0.0,0.0,0.0,1.0,0.0
255398,1622.741619155,0.0,0.0,0.0,0.0,1.0,0.0
255418,1622.760532025,0.0,0.0,0.0,0.0,1.0,0.0
255438,1622.780800338,0.0,0.0,0.0,0.0,1.0,0.0
255458,1622.801446584,0.0,0.0,0.0,0.0,1.0,0.0
255478,1622.821323385,0.0,0.0,0.0,0.0,1.0,0.0
255498,1622.841727777,0.0,0.0,0.0,0.0,1.0,0.0
255518,1622.861079168,0.0,0.0,0.0,0.0,1.0,0.0
255538,1622.881273037,0.0,0.0,0.0,0.0,1.0,0.0
255558,1622.899778188,0.0,0.0,0.0,0.0,1.0,0.0
255578,1622.921041601,0.0,0.0,0.0,0.0,1.0,0.0
255598,1622.940570417,0.0,0.0,0.0,0.0,1.0,0.0
255618,1622.960496125,0.0,0.0,0.0,0.0,1.0,0.0
255638,1622.979942467,0.0,0.0,0.0,0.0,1.0,0.0
255658,1622.999895333,0.0,0.0,0.0,0.0,1.0,0.0
255678,1623.020023298,0.0,0.0,0.0,0.0,1.0,0.0
255698,1623.039647279,0.0,0.0,0.0,0.0,1.0,0.0
255718,1623.061120049,0.0,0.0,0.0,0.0,1.0,0.0
255738,1623.080843094,0.0,0.0,0.0,0.0,1.0,0.0
255758,1623.100141348,0.0,0.0,0.0,0.0,1.0,0.0
255778,1623.11949912,0.0,0.0,0.0,0.0,1.0,0.0
255798,1623.139658257,0.0,0.0,0.0,0.0,1.0,0.0
255818,1623.160634591,0.0,0.0,0.0,0.0,1.0,0.0
255838,1623.179733478,0.0,0.0,0.0,0.0,1.0,0.0
255858,1623.201113516,0.0,0.0,0.0,0.0,1.0,0.0
255878,1623.219577317,0.0,0.0,0.0,0.0,1.0,0.0
255898,1623.240250296,0.0,0.0,0.0,0.0,1.0,0.0
255918,1623.261141592,0.0,0.0,0.0,0.0,1.0,0.0
255938,1623.280484923,0.0,0.0,0.0,0.0,1.0,0.0
255958,1623.299144843,0.0,0.0,0.0,0.0,1.0,0.0
255978,1623.320418592,0.0,0.0,0.0,0.0,1.0,0.0
255998,1623.341051295,0.0,0.0,0.0,0.0,1.0,0.0
256018,1623.36079612,0.0,0.0,0.0,0.0,1.0,0.0
256038,1623.380616767,0.0,0.0,0.0,0.0,1.0,0.0
256058,1623.399620046,0.0,0.0,0.0,0.0,1.0,0.0
256078,1623.421125077,0.0,0.0,0.0,0.0,1.0,0.0
256098,1623.439817137,0.0,0.0,0.0,0.0,1.0,0.0
256118,1623.459863167,0.0,0.0,0.0,0.0,1.0,0.0
256138,1623.480342499,0.0,0.0,0.0,0.0,1.0,0.0
256158,1623.500836329,0.0,0.0,0.0,0.0,1.0,0.0
256178,1623.519970564,0.0,0.0,0.0,0.0,1.0,0.0
256198,1623.540348511,0.0,0.0,0.0,0.0,1.0,0.0
256218,1623.560097787,0.0,0.0,0.0,0.0,1.0,0.0
256238,1623.580791559,0.0,0.0,0.0,0.0,1.0,0.0
256258,1623.601241083,0.0,0.0,0.0,0.0,1.0,0.0
256278,1623.620026113,0.0,0.0,0.0,0.0,1.0,0.0
256298,1623.641806795,0.0,0.0,0.0,0.0,1.0,0.0
256318,1623.659692328,0.0,0.0,0.0,0.0,1.0,0.0
256338,1623.680379516,0.0,0.0,0.0,0.0,1.0,0.0
256358,1623.700114186,0.0,0.0,0.0,0.0,1.0,0.0
256378,1623.719487197,0.0,0.0,0.0,0.0,1.0,0.0
256398,1623.739765657,0.0,0.0,0.0,0.0,1.0,0.0
256418,1623.759591057,0.0,0.0,0.0,0.0,1.0,0.0
256438,1623.77981011,0.0,0.0,0.0,0.0,1.0,0.0
256458,1623.800280995,0.0,0.0,0.0,0.0,1.0,0.0
256478,1623.819308716,0.0,0.0,0.0,0.0,1.0,0.0
256498,1623.839047442,0.0,0.0,0.0,0.0,1.0,0.0
256518,1623.859226497,0.0,0.0,0.0,0.0,1.0,0.0
256538,1623.879233266,0.0,0.0,0.0,0.0,1.0,0.0
256558,1623.89918093,0.0,0.0,0.0,0.0,1.0,0.0
256578,1623.918042575,0.0,0.0,0.0,0.0,1.0,0.0
256598,1623.939223789,0.0,0.0,0.0,0.0,1.0,0.0
256618,1623.95879968,0.0,0.0,0.0,0.0,1.0,0.0
256638,1623.978267504,0.0,0.0,0.0,0.0,1.0,0.0
256658,1623.99809973,0.0,0.0,0.0,0.0,1.0,0.0
256678,1624.017948554,0.0,0.0,0.0,0.0,1.0,0.0
256698,1624.039924467,0.0,0.0,0.0,0.0,1.0,0.0
256718,1624.0585756,0.0,0.0,0.0,0.0,1.0,0.0
256738,1624.080051658,0.0,0.0,0.0,0.0,1.0,0.0
256758,1624.099438986,0.0,0.0,0.0,0.0,1.0,0.0
256778,1624.120817283,0.0,0.0,0.0,0.0,1.0,0.0
256798,1624.140594542,0.0,0.0,0.0,0.0,1.0,0.0
256818,1624.159869731,0.0,0.0,0.0,0.0,1.0,0.0
256838,1624.179385989,0.0,0.0,0.0,0.0,1.0,0.0
256858,1624.200137321,0.0,0.0,0.0,0.0,1.0,0.0
256878,1624.219744439,0.0,0.0,0.0,0.0,1.0,0.0
256898,1624.239580722,0.0,0.0,0.0,0.0,1.0,0.0
256918,1624.260036311,0.0,0.0,0.0,0.0,1.0,0.0
256938,1624.279916442,0.0,0.0,0.0,0.0,1.0,0.0
256958,1624.300420346,0.0,0.0,0.0,0.0,1.0,0.0
256978,1624.320476646,0.0,0.0,0.0,0.0,1.0,0.0
256998,1624.339996922,0.0,0.0,0.0,0.0,1.0,0.0
257018,1624.359067268,0.0,0.0,0.0,0.0,1.0,0.0
257038,1624.379403502,0.0,0.0,0.0,0.0,1.0,0.0
257058,1624.399843996,0.0,0.0,0.0,0.0,1.0,0.0
257078,1624.420127465,0.0,0.0,0.0,0.0,1.0,0.0
257098,1624.43920713,0.0,0.0,0.0,0.0,1.0,0.0
257118,1624.460043834,0.0,0.0,0.0,0.0,1.0,0.0
257138,1624.479913831,0.0,0.0,0.0,0.0,1.0,0.0
257158,1624.499153702,0.0,0.0,0.0,0.0,1.0,0.0
257178,1624.518959995,0.0,0.0,0.0,0.0,1.0,0.0
257198,1624.539881931,0.0,0.0,0.0,0.0,1.0,0.0
257218,1624.559618442,0.0,0.0,0.0,0.0,1.0,0.0
257238,1624.580217242,0.0,0.0,0.0,0.0,1.0,0.0
257258,1624.598500476,0.0,0.0,0.0,0.0,1.0,0.0
257278,1624.619881997,0.0,0.0,0.0,0.0,1.0,0.0
257298,1624.639282635,0.0,0.0,0.0,0.0,1.0,0.0
257318,1624.658662178,0.0,0.0,0.0,0.0,1.0,0.0
257338,1624.678724314,0.0,0.0,0.0,0.0,1.0,0.0
257358,1624.699189779,0.0,0.0,0.0,0.0,1.0,0.0
257378,1624.718900766,0.0,0.0,0.0,0.0,1.0,0.0
257398,1624.738071048,0.0,0.0,0.0,0.0,1.0,0.0
257418,1624.759373365,0.0,0.0,0.0,0.0,1.0,0.0
257438,1624.77906522,0.0,0.0,0.0,0.0,1.0,0.0
257458,1624.799284094,0.0,0.0,0.0,0.0,1.0,0.0
257478,1624.818614633,0.0,0.0,0.0,0.0,1.0,0.0
257498,1624.840096897,0.0,0.0,0.0,0.0,1.0,0.0
257518,1624.858789158,0.0,0.0,0.0,0.0,1.0,0.0
257538,1624.879115349,0.0,0.0,0.0,0.0,1.0,0.0
257558,1624.899736924,0.0,0.0,0.0,0.0,1.0,0.0
257578,1624.919922327,0.0,0.0,0.0,0.0,1.0,0.0
257598,1624.940071641,0.0,0.0,0.0,0.0,1.0,0.0
257618,1624.959411574,0.0,0.0,0.0,0.0,1.0,0.0
257638,1624.978902117,0.0,0.0,0.0,0.0,1.0,0.0
257658,1624.999546523,0.0,0.0,0.0,0.0,1.0,0.0
257678,1625.020709561,0.0,0.0,0.0,0.0,1.0,0.0
257698,1625.039700817,0.0,0.0,0.0,0.0,1.0,0.0
257718,1625.058823445,0.0,0.0,0.0,0.0,1.0,0.0
257738,1625.079360956,0.0,0.0,0.0,0.0,1.0,0.0
257758,1625.100098369,0.0,0.0,0.0,0.0,1.0,0.0
257778,1625.121378938,0.0,0.0,0.0,0.0,1.0,0.0
257798,1625.138841882,0.0,0.0,0.0,0.0,1.0,0.0
257818,1625.159272854,0.0,0.0,0.0,0.0,1.0,0.0
257838,1625.178782254,0.0,0.0,0.0,0.0,1.0,0.0
257858,1625.199382058,0.0,0.0,0.0,0.0,1.0,0.0
257878,1625.221798346,0.0,0.0,0.0,0.0,1.0,0.0
257898,1625.23958611,0.0,0.0,0.0,0.0,1.0,0.0
257918,1625.259899934,0.0,0.0,0.0,0.0,1.0,0.0
257938,1625.278897714,0.0,0.0,0.0,0.0,1.0,0.0
257958,1625.299828645,0.0,0.0,0.0,0.0,1.0,0.0
257978,1625.320819699,0.0,0.0,0.0,0.0,1.0,0.0
257998,1625.338795666,0.0,0.0,0.0,0.0,1.0,0.0
258018,1625.359436344,0.0,0.0,0.0,0.0,1.0,0.0
258038,1625.378398518,0.0,0.0,0.0,0.0,1.0,0.0
258058,1625.399138254,0.0,0.0,0.0,0.0,1.0,0.0
258078,1625.421022114,0.0,0.0,0.0,0.0,1.0,0.0
258098,1625.438480999,0.0,0.0,0.0,0.0,1.0,0.0
258118,1625.459071582,0.0,0.0,0.0,0.0,1.0,0.0
258138,1625.478386183,0.0,0.0,0.0,0.0,1.0,0.0
258158,1625.499228619,0.0,0.0,0.0,0.0,1.0,0.0
258178,1625.521859227,0.0,0.0,0.0,0.0,1.0,0.0
258198,1625.539505569,0.0,0.0,0.0,0.0,1.0,0.0
258218,1625.559816341,0.0,0.0,0.0,0.0,1.0,0.0
258238,1625.578767903,0.0,0.0,0.0,0.0,1.0,0.0
258258,1625.598430244,0.0,0.0,0.0,0.0,1.0,0.0
258278,1625.621590477,0.0,0.0,0.0,0.0,1.0,0.0
258298,1625.639591707,0.0,0.0,0.0,0.0,1.0,0.0
258318,1625.658609911,0.0,0.0,0.0,0.0,1.0,0.0
258338,1625.679218564,0.0,0.0,0.0,0.0,1.0,0.0
258358,1625.69862997,0.0,0.0,0.0,0.0,1.0,0.0
258378,1625.718451551,0.0,0.0,0.0,0.0,1.0,0.0
258398,1625.739189949,0.0,0.0,0.0,0.0,1.0,0.0
258418,1625.759396817,0.0,0.0,0.0,0.0,1.0,0.0
258438,1625.779336787,0.0,0.0,0.0,0.0,1.0,0.0
258458,1625.797970645,0.0,0.0,0.0,0.0,1.0,0.0
258478,1625.818913456,0.0,0.0,0.0,0.0,1.0,0.0
258498,1625.837874422,0.0,0.0,0.0,0.0,1.0,0.0
258518,1625.858339027,0.0,0.0,0.0,0.0,1.0,0.0
258538,1625.879214498,0.0,0.0,0.0,0.0,1.0,0.0
258558,1625.898036832,0.0,0.0,0.0,0.0,1.0,0.0
258578,1625.918621296,0.0,0.0,0.0,0.0,1.0,0.0
258598,1625.938923774,0.0,0.0,0.0,0.0,1.0,0.0
258618,1625.957846017,0.0,0.0,0.0,0.0,1.0,0.0
258638,1625.978302218,0.0,0.0,0.0,0.0,1.0,0.0
258658,1625.99858247,0.0,0.0,0.0,0.0,1.0,0.0
258678,1626.018601207,0.0,0.0,0.0,0.0,1.0,0.0
258698,1626.038885294,0.0,0.0,0.0,0.0,1.0,0.0
258718,1626.057577379,0.0,0.0,0.0,0.0,1.0,0.0
258738,1626.07829765,0.0,0.0,0.0,0.0,1.0,0.0
258758,1626.098073825,0.0,0.0,0.0,0.0,1.0,0.0
258778,1626.118317938,0.0,0.0,0.0,0.0,1.0,0.0
258798,1626.138541463,0.0,0.0,0.0,0.0,1.0,0.0
258818,1626.158030049,0.0,0.0,0.0,0.0,1.0,0.0
258838,1626.177498213,0.0,0.0,0.0,0.0,1.0,0.0
258858,1626.197905194,0.0,0.0,0.0,0.0,1.0,0.0
258878,1626.218151195,0.0,0.0,0.0,0.0,1.0,0.0
258898,1626.238720987,0.0,0.0,0.0,0.0,1.0,0.0
258918,1626.25879414,0.0,0.0,0.0,0.0,1.0,0.0
258938,1626.278064786,0.0,0.0,0.0,0.0,1.0,0.0
258958,1626.298361778,0.0,0.0,0.0,0.0,1.0,0.0
258978,1626.317847636,0.0,0.0,0.0,0.0,1.0,0.0
258998,1626.338480561,0.0,0.0,0.0,0.0,1.0,0.0
259018,1626.358592456,0.0,0.0,0.0,0.0,1.0,0.0
259038,1626.378936682,0.0,0.0,0.0,0.0,1.0,0.0
259058,1626.398455409,0.0,0.0,0.0,0.0,1.0,0.0
259078,1626.418295625,0.0,0.0,0.0,0.0,1.0,0.0
259098,1626.4386745,0.0,0.0,0.0,0.0,1.0,0.0
259118,1626.458426089,0.0,0.0,0.0,0.0,1.0,0.0
259138,1626.478924095,0.0,0.0,0.0,0.0,1.0,0.0
259158,1626.49835395,0.0,0.0,0.0,0.0,1.0,0.0
259178,1626.518550287,0.0,0.0,0.0,0.0,1.0,0.0
259198,1626.537921856,0.0,0.0,0.0,0.0,1.0,0.0
259218,1626.558521631,0.0,0.0,0.0,0.0,1.0,0.0
259238,1626.578301203,0.0,0.0,0.0,0.0,1.0,0.0
259258,1626.598056569,0.0,0.0,0.0,0.0,1.0,0.0
259278,1626.618453852,0.0,0.0,0.0,0.0,1.0,0.0
259298,1626.637763684,0.0,0.0,0.0,0.0,1.0,0.0
259318,1626.657642778,0.0,0.0,0.0,0.0,1.0,0.0
259338,1626.678599715,0.0,0.0,0.0,0.0,1.0,0.0
259358,1626.697903019,0.0,0.0,0.0,0.0,1.0,0.0
259378,1626.718645217,0.0,0.0,0.0,0.0,1.0,0.0
259398,1626.738570043,0.0,0.0,0.0,0.0,1.0,0.0
259418,1626.757933089,0.0,0.0,0.0,0.0,1.0,0.0
259438,1626.778445186,0.0,0.0,0.0,0.0,1.0,0.0
259458,1626.798599575,0.0,0.0,0.0,0.0,1.0,0.0
259478,1626.817433076,0.0,0.0,0.0,0.0,1.0,0.0
259498,1626.83744518,0.0,0.0,0.0,0.0,1.0,0.0
259518,1626.857556148,0.0,0.0,0.0,0.0,1.0,0.0
259538,1626.877812452,0.0,0.0,0.0,0.0,1.0,0.0
259558,1626.898020337,0.0,0.0,0.0,0.0,1.0,0.0
259578,1626.917377709,0.0,0.0,0.0,0.0,1.0,0.0
259598,1626.937334232,0.0,0.0,0.0,0.0,1.0,0.0
259618,1626.957771934,0.0,0.0,0.0,0.0,1.0,0.0
259638,1626.976948394,0.0,0.0,0.0,0.0,1.0,0.0
259658,1626.997086219,0.0,0.0,0.0,0.0,1.0,0.0
259678,1627.016116448,0.0,0.0,0.0,0.0,1.0,0.0
259698,1627.03738803,0.0,0.0,0.0,0.0,1.0,0.0
259718,1627.056693095,0.0,0.0,0.0,0.0,1.0,0.0
259738,1627.076586053,0.0,0.0,0.0,0.0,1.0,0.0
259758,1627.096621003,0.0,0.0,0.0,0.0,1.0,0.0
259778,1627.116421283,0.0,0.0,0.0,0.0,1.0,0.0
259798,1627.137175016,0.0,0.0,0.0,0.0,1.0,0.0
259818,1627.157274257,0.0,0.0,0.0,0.0,1.0,0.0
259838,1627.176928012,0.0,0.0,0.0,0.0,1.0,0.0
259858,1627.196355227,0.0,0.0,0.0,0.0,1.0,0.0
259878,1627.216834413,0.0,0.0,0.0,0.0,1.0,0.0
259898,1627.236665989,0.0,0.0,0.0,0.0,1.0,0.0
259918,1627.256957822,0.0,0.0,0.0,0.0,1.0,0.0
259938,1627.27657105,0.0,0.0,0.0,0.0,1.0,0.0
259958,1627.297307764,0.0,0.0,0.0,0.0,1.0,0.0
259978,1627.317801204,0.0,0.0,0.0,0.0,1.0,0.0
259998,1627.338191803,0.0,0.0,0.0,0.0,1.0,0.0
260018,1627.357419908,0.0,0.0,0.0,0.0,1.0,0.0
260038,1627.377313262,0.0,0.0,0.0,0.0,1.0,0.0
260058,1627.39778882,0.0,0.0,0.0,0.0,1.0,0.0
260078,1627.418811395,0.0,0.0,0.0,0.0,1.0,0.0
260098,1627.437387167,0.0,0.0,0.0,0.0,1.0,0.0
260118,1627.458415372,0.0,0.0,0.0,0.0,1.0,0.0
260138,1627.478239271,0.0,0.0,0.0,0.0,1.0,0.0
260158,1627.49738321,0.0,0.0,0.0,0.0,1.0,0.0
260178,1627.517908495,0.0,0.0,0.0,0.0,1.0,0.0
260198,1627.537481355,0.0,0.0,0.0,0.0,1.0,0.0
260218,1627.557788952,0.0,0.0,0.0,0.0,1.0,0.0
260238,1627.577625282,0.0,0.0,0.0,0.0,1.0,0.0
260258,1627.596944719,0.0,0.0,0.0,0.0,1.0,0.0
260278,1627.616997465,0.0,0.0,0.0,0.0,1.0,0.0
260298,1627.638305716,0.0,0.0,0.0,0.0,1.0,0.0
260318,1627.658025471,0.0,0.0,0.0,0.0,1.0,0.0
260338,1627.677982067,0.0,0.0,0.0,0.0,1.0,0.0
260358,1627.698284336,0.0,0.0,0.0,0.0,1.0,0.0
260378,1627.718302818,0.0,0.0,0.0,0.0,1.0,0.0
260398,1627.737814216,0.0,0.0,0.0,0.0,1.0,0.0
260418,1627.758635713,0.0,0.0,0.0,0.0,1.0,0.0
260438,1627.7771521,0.0,0.0,0.0,0.0,1.0,0.0
260458,1627.797764208,0.0,0.0,0.0,0.0,1.0,0.0
260478,1627.817615591,0.0,0.0,0.0,0.0,1.0,0.0
260498,1627.837936651,0.0,0.0,0.0,0.0,1.0,0.0
260518,1627.85817595,0.0,0.0,0.0,0.0,1.0,0.0
260538,1627.877728843,0.0,0.0,0.0,0.0,1.0,0.0
260558,1627.89694463,0.0,0.0,0.0,0.0,1.0,0.0
260578,1627.916494672,0.0,0.0,0.0,0.0,1.0,0.0
260598,1627.937514728,0.0,0.0,0.0,0.0,1.0,0.0
260618,1627.956580099,0.0,0.0,0.0,0.0,1.0,0.0
260638,1627.976369419,0.0,0.0,0.0,0.0,1.0,0.0
260658,1627.997100105,0.0,0.0,0.0,0.0,1.0,0.0
260678,1628.016284923,0.0,0.0,0.0,0.0,1.0,0.0
260698,1628.037103875,0.0,0.0,0.0,0.0,1.0,0.0
260718,1628.057239244,0.0,0.0,0.0,0.0,1.0,0.0
260738,1628.076407972,0.0,0.0,0.0,0.0,1.0,0.0
260758,1628.09664918,0.0,0.0,0.0,0.0,1.0,0.0
260778,1628.116436215,0.0,0.0,0.0,0.0,1.0,0.0
260798,1628.135704498,0.0,0.0,0.0,0.0,1.0,0.0
260818,1628.156320517,0.0,0.0,0.0,0.0,1.0,0.0
260838,1628.175789499,0.0,0.0,0.0,0.0,1.0,0.0
260858,1628.196694876,0.0,0.0,0.0,0.0,1.0,0.0
260878,1628.216659327,0.0,0.0,0.0,0.0,1.0,0.0
260898,1628.236097555,0.0,0.0,0.0,0.0,1.0,0.0
260918,1628.256317935,0.0,0.0,0.0,0.0,1.0,0.0
260938,1628.276494196,0.0,0.0,0.0,0.0,1.0,0.0
260958,1628.297377009,0.0,0.0,0.0,0.0,1.0,0.0
260978,1628.3173478,0.0,0.0,0.0,0.0,1.0,0.0
260998,1628.337560265,0.0,0.0,0.0,0.0,1.0,0.0
261018,1628.356511518,0.0,0.0,0.0,0.0,1.0,0.0
261038,1628.376603358,0.0,0.0,0.0,0.0,1.0,0.0
261058,1628.396926571,0.0,0.0,0.0,0.0,1.0,0.0
261078,1628.417220183,0.0,0.0,0.0,0.0,1.0,0.0
261098,1628.436777017,0.0,0.0,0.0,0.0,1.0,0.0
261118,1628.455804553,0.0,0.0,0.0,0.0,1.0,0.0
261138,1628.476626416,0.0,0.0,0.0,0.0,1.0,0.0
261158,1628.497148613,0.0,0.0,0.0,0.0,1.0,0.0
261178,1628.515861044,0.0,0.0,0.0,0.0,1.0,0.0
261198,1628.537043182,0.0,0.0,0.0,0.0,1.0,0.0
261218,1628.556785354,0.0,0.0,0.0,0.0,1.0,0.0
261238,1628.576613161,0.0,0.0,0.0,0.0,1.0,0.0
261258,1628.596721182,0.0,0.0,0.0,0.0,1.0,0.0
261278,1628.617105878,0.0,0.0,0.0,0.0,1.0,0.0
261298,1628.636314119,0.0,0.0,0.0,0.0,1.0,0.0
261318,1628.655728016,0.0,0.0,0.0,0.0,1.0,0.0
261338,1628.67665382,0.0,0.0,0.0,0.0,1.0,0.0
261358,1628.696441843,0.0,0.0,0.0,0.0,1.0,0.0
261378,1628.716104446,0.0,0.0,0.0,0.0,1.0,0.0
261398,1628.736107535,0.0,0.0,0.0,0.0,1.0,0.0
261418,1628.756105024,0.0,0.0,0.0,0.0,1.0,0.0
261438,1628.775715322,0.0,0.0,0.0,0.0,1.0,0.0
261458,1628.796843743,0.0,0.0,0.0,0.0,1.0,0.0
261478,1628.817362164,0.0,0.0,0.0,0.0,1.0,0.0
261498,1628.836865767,0.0,0.0,0.0,0.0,1.0,0.0
261518,1628.856775011,0.0,0.0,0.0,0.0,1.0,0.0
261538,1628.877451672,0.0,0.0,0.0,0.0,1.0,0.0
261558,1628.897239076,0.0,0.0,0.0,0.0,1.0,0.0
261578,1628.916561544,0.0,0.0,0.0,0.0,1.0,0.0
261598,1628.936747391,0.0,0.0,0.0,0.0,1.0,0.0
261618,1628.956512867,0.0,0.0,0.0,0.0,1.0,0.0
261638,1628.97611139,0.0,0.0,0.0,0.0,1.0,0.0
261658,1628.99545948,0.0,0.0,0.0,0.0,1.0,0.0
261678,1629.016604918,0.0,0.0,0.0,0.0,1.0,0.0
261698,1629.036442299,0.0,0.0,0.0,0.0,1.0,0.0
261718,1629.056566034,0.0,0.0,0.0,0.0,1.0,0.0
261738,1629.076186525,0.0,0.0,0.0,0.0,1.0,0.0
261758,1629.096856753,0.0,0.0,0.0,0.0,1.0,0.0
261778,1629.116270865,0.0,0.0,0.0,0.0,1.0,0.0
261798,1629.137694531,0.0,0.0,0.0,0.0,1.0,0.0
261818,1629.155651235,0.0,0.0,0.0,0.0,1.0,0.0
261838,1629.176355007,0.0,0.0,0.0,0.0,1.0,0.0
261858,1629.196763225,0.0,0.0,0.0,0.0,1.0,0.0
261878,1629.216327717,0.0,0.0,0.0,0.0,1.0,0.0
261898,1629.237587614,0.0,0.0,0.0,0.0,1.0,0.0
261918,1629.25610357,0.0,0.0,0.0,0.0,1.0,0.0
261938,1629.276552665,0.0,0.0,0.0,0.0,1.0,0.0
261958,1629.29656064,0.0,0.0,0.0,0.0,1.0,0.0
261978,1629.316376295,0.0,0.0,0.0,0.0,1.0,0.0
261998,1629.337819705,0.0,0.0,0.0,0.0,1.0,0.0
262018,1629.356856558,0.0,0.0,0.0,0.0,1.0,0.0
262038,1629.375562129,0.0,0.0,0.0,0.0,1.0,0.0
262058,1629.395489168,0.0,0.0,0.0,0.0,1.0,0.0
262078,1629.41595749,0.0,0.0,0.0,0.0,1.0,0.0
262098,1629.437715704,0.0,0.0,0.0,0.0,1.0,0.0
262118,1629.45622887,0.0,0.0,0.0,0.0,1.0,0.0
262138,1629.476238126,0.0,0.0,0.0,0.0,1.0,0.0
262158,1629.496323455,0.0,0.0,0.0,0.0,1.0,0.0
262178,1629.516708968,0.0,0.0,0.0,0.0,1.0,0.0
262198,1629.537569627,0.0,0.0,0.0,0.0,1.0,0.0
262218,1629.556295183,0.0,0.0,0.0,0.0,1.0,0.0
262238,1629.57611809,0.0,0.0,0.0,0.0,1.0,0.0
262258,1629.595714016,0.0,0.0,0.0,0.0,1.0,0.0
262278,1629.616102035,0.0,0.0,0.0,0.0,1.0,0.0
262298,1629.636505029,0.0,0.0,0.0,0.0,1.0,0.0
262318,1629.656489099,0.0,0.0,0.0,0.0,1.0,0.0
262338,1629.675467272,0.0,0.0,0.0,0.0,1.0,0.0
262358,1629.695897224,0.0,0.0,0.0,0.0,1.0,0.0
262378,1629.716379068,0.0,0.0,0.0,0.0,1.0,0.0
262398,1629.737298943,0.0,0.0,0.0,0.0,1.0,0.0
262418,1629.756627234,0.0,0.0,0.0,0.0,1.0,0.0
262438,1629.77510306,0.0,0.0,0.0,0.0,1.0,0.0
262458,1629.795347956,0.0,0.0,0.0,0.0,1.0,0.0
262478,1629.815778921,0.0,0.0,0.0,0.0,1.0,0.0
262498,1629.83673518,0.0,0.0,0.0,0.0,1.0,0.0
262518,1629.855127085,0.0,0.0,0.0,0.0,1.0,0.0
262538,1629.876579682,0.0,0.0,0.0,0.0,1.0,0.0
262558,1629.89531662,0.0,0.0,0.0,0.0,1.0,0.0
262578,1629.915668829,0.0,0.0,0.0,0.0,1.0,0.0
262598,1629.93736123,0.0,0.0,0.0,0.0,1.0,0.0
262618,1629.956879268,0.0,0.0,0.0,0.0,1.0,0.0
262638,1629.975363454,0.0,0.0,0.0,0.0,1.0,0.0
262658,1629.995775473,0.0,0.0,0.0,0.0,1.0,0.0
262678,1630.015775335,0.0,0.0,0.0,0.0,1.0,0.0
262698,1630.036986584,0.0,0.0,0.0,0.0,1.0,0.0
262718,1630.056440409,0.0,0.0,0.0,0.0,1.0,0.0
262738,1630.0756257,0.0,0.0,0.0,0.0,1.0,0.0
262758,1630.096814547,0.0,0.0,0.0,0.0,1.0,0.0
262778,1630.11548535,0.0,0.0,0.0,0.0,1.0,0.0
262798,1630.137433809,0.0,0.0,0.0,0.0,1.0,0.0
262818,1630.155855708,0.0,0.0,0.0,0.0,1.0,0.0
262838,1630.176637515,0.0,0.0,0.0,0.0,1.0,0.0
262858,1630.195728037,0.0,0.0,0.0,0.0,1.0,0.0
262878,1630.215593092,0.0,0.0,0.0,0.0,1.0,0.0
262898,1630.237520491,0.0,0.0,0.0,0.0,1.0,0.0
262918,1630.254789124,0.0,0.0,0.0,0.0,1.0,0.0
262938,1630.274890769,0.0,0.0,0.0,0.0,1.0,0.0
262958,1630.2953282,0.0,0.0,0.0,0.0,1.0,0.0
262978,1630.315055986,0.0,0.0,0.0,0.0,1.0,0.0
262998,1630.336894565,0.0,0.0,0.0,0.0,1.0,0.0
263018,1630.355419291,0.0,0.0,0.0,0.0,1.0,0.0
263038,1630.374803063,0.0,0.0,0.0,0.0,1.0,0.0
263058,1630.39484912,0.0,0.0,0.0,0.0,1.0,0.0
263078,1630.414522647,0.0,0.0,0.0,0.0,1.0,0.0
263098,1630.436959544,0.0,0.0,0.0,0.0,1.0,0.0
263118,1630.455990797,0.0,0.0,0.0,0.0,1.0,0.0
263138,1630.475593315,0.0,0.0,0.0,0.0,1.0,0.0
263158,1630.495840406,0.0,0.0,0.0,0.0,1.0,0.0
263178,1630.514618847,0.0,0.0,0.0,0.0,1.0,0.0
263198,1630.536797983,0.0,0.0,0.0,0.0,1.0,0.0
263218,1630.555552332,0.0,0.0,0.0,0.0,1.0,0.0
263238,1630.57597827,0.0,0.0,0.0,0.0,1.0,0.0
263258,1630.59495177,0.0,0.0,0.0,0.0,1.0,0.0
263278,1630.61555227,0.0,0.0,0.0,0.0,1.0,0.0
263298,1630.63506166,0.0,0.0,0.0,0.0,1.0,0.0
263318,1630.655223091,0.0,0.0,0.0,0.0,1.0,0.0
263338,1630.674961366,0.0,0.0,0.0,0.0,1.0,0.0
263358,1630.694021766,0.0,0.0,0.0,0.0,1.0,0.0
263378,1630.714960909,0.0,0.0,0.0,0.0,1.0,0.0
263398,1630.735295929,0.0,0.0,0.0,0.0,1.0,0.0
263418,1630.754501426,0.0,0.0,0.0,0.0,1.0,0.0
263438,1630.774626323,0.0,0.0,0.0,0.0,1.0,0.0
263458,1630.794420731,0.0,0.0,0.0,0.0,1.0,0.0
263478,1630.81461926,0.0,0.0,0.0,0.0,1.0,0.0
263498,1630.834665105,0.0,0.0,0.0,0.0,1.0,0.0
263518,1630.855362024,0.0,0.0,0.0,0.0,1.0,0.0
263538,1630.874146741,0.0,0.0,0.0,0.0,1.0,0.0
263558,1630.894473922,0.0,0.0,0.0,0.0,1.0,0.0
263578,1630.914450382,0.0,0.0,0.0,0.0,1.0,0.0
263598,1630.935117364,0.0,0.0,0.0,0.0,1.0,0.0
263618,1630.955733797,0.0,0.0,0.0,0.0,1.0,0.0
263638,1630.974891732,0.0,0.0,0.0,0.0,1.0,0.0
263658,1630.99492502,0.0,0.0,0.0,0.0,1.0,0.0
263678,1631.01489644,0.0,0.0,0.0,0.0,1.0,0.0
263698,1631.034920638,0.0,0.0,0.0,0.0,1.0,0.0
263718,1631.05478043,0.0,0.0,0.0,0.0,1.0,0.0
263738,1631.075124361,0.0,0.0,0.0,0.0,1.0,0.0
263758,1631.095595978,0.0,0.0,0.0,0.0,1.0,0.0
263778,1631.11494288,0.0,0.0,0.0,0.0,1.0,0.0
263798,1631.134634233,0.0,0.0,0.0,0.0,1.0,0.0
263818,1631.155461313,0.0,0.0,0.0,0.0,1.0,0.0
263838,1631.175409861,0.0,0.0,0.0,0.0,1.0,0.0
263858,1631.194622381,0.0,0.0,0.0,0.0,1.0,0.0
263878,1631.215611891,0.0,0.0,0.0,0.0,1.0,0.0
263898,1631.235753006,0.0,0.0,0.0,0.0,1.0,0.0
263918,1631.254940659,0.0,0.0,0.0,0.0,1.0,0.0
263938,1631.275605114,0.0,0.0,0.0,0.0,1.0,0.0
263958,1631.295144139,0.0,0.0,0.0,0.0,1.0,0.0
263978,1631.315787659,0.0,0.0,0.0,0.0,1.0,0.0
263998,1631.334946826,0.0,0.0,0.0,0.0,1.0,0.0
264018,1631.354809645,0.0,0.0,0.0,0.0,1.0,0.0
264038,1631.374936215,0.0,0.0,0.0,0.0,1.0,0.0
264058,1631.394380443,0.0,0.0,0.0,0.0,1.0,0.0
264078,1631.415309655,0.0,0.0,0.0,0.0,1.0,0.0
264098,1631.434776003,0.0,0.0,0.0,0.0,1.0,0.0
264118,1631.455380426,0.0,0.0,0.0,0.0,1.0,0.0
264138,1631.474618325,0.0,0.0,0.0,0.0,1.0,0.0
264158,1631.495361755,0.0,0.0,0.0,0.0,1.0,0.0
264178,1631.514807953,0.0,0.0,0.0,0.0,1.0,0.0
264198,1631.533983348,0.0,0.0,0.0,0.0,1.0,0.0
264218,1631.553449488,0.0,0.0,0.0,0.0,1.0,0.0
264238,1631.574721696,0.0,0.0,0.0,0.0,1.0,0.0
264258,1631.59407196,0.0,0.0,0.0,0.0,1.0,0.0
264278,1631.613095045,0.0,0.0,0.0,0.0,1.0,0.0
264298,1631.633588436,0.0,0.0,0.0,0.0,1.0,0.0
264318,1631.654091836,0.0,0.0,0.0,0.0,1.0,0.0
264338,1631.6746137,0.0,0.0,0.0,0.0,1.0,0.0
264358,1631.692996466,0.0,0.0,0.0,0.0,1.0,0.0
264378,1631.713892997,0.0,0.0,0.0,0.0,1.0,0.0
264398,1631.733599865,0.0,0.0,0.0,0.0,1.0,0.0
264418,1631.753067031,0.0,0.0,0.0,0.0,1.0,0.0
264438,1631.774841014,0.0,0.0,0.0,0.0,1.0,0.0
264458,1631.795403532,0.0,0.0,0.0,0.0,1.0,0.0
264478,1631.814637369,0.0,0.0,0.0,0.0,1.0,0.0
264498,1631.834259775,0.0,0.0,0.0,0.0,1.0,0.0
264518,1631.854332662,0.0,0.0,0.0,0.0,1.0,0.0
264538,1631.874689393,0.0,0.0,0.0,0.0,1.0,0.0
264558,1631.895354201,0.0,0.0,0.0,0.0,1.0,0.0
264578,1631.914380352,0.0,0.0,0.0,0.0,1.0,0.0
264598,1631.934585009,0.0,0.0,0.0,0.0,1.0,0.0
264618,1631.955128885,0.0,0.0,0.0,0.0,1.0,0.0
264638,1631.974132802,0.0,0.0,0.0,0.0,1.0,0.0
264658,1631.994063275,0.0,0.0,0.0,0.0,1.0,0.0
264678,1632.013604691,0.0,0.0,0.0,0.0,1.0,0.0
264698,1632.034441493,0.0,0.0,0.0,0.0,1.0,0.0
264718,1632.053496565,0.0,0.0,0.0,0.0,1.0,0.0
264738,1632.072977318,0.0,0.0,0.0,0.0,1.0,0.0
264758,1632.094610964,0.0,0.0,0.0,0.0,1.0,0.0
264778,1632.113161492,0.0,0.0,0.0,0.0,1.0,0.0
264798,1632.133709397,0.0,0.0,0.0,0.0,1.0,0.0
264818,1632.154034449,0.0,0.0,0.0,0.0,1.0,0.0
264838,1632.173634707,0.0,0.0,0.0,0.0,1.0,0.0
264858,1632.193310019,0.0,0.0,0.0,0.0,1.0,0.0
264878,1632.214033964,0.0,0.0,0.0,0.0,1.0,0.0
264898,1632.233813147,0.0,0.0,0.0,0.0,1.0,0.0
264918,1632.253733999,0.0,0.0,0.0,0.0,1.0,0.0
264938,1632.274371588,0.0,0.0,0.0,0.0,1.0,0.0
264958,1632.293450012,0.0,0.0,0.0,0.0,1.0,0.0
264978,1632.313611958,0.0,0.0,0.0,0.0,1.0,0.0
264998,1632.334366029,0.0,0.0,0.0,0.0,1.0,0.0
265018,1632.354151055,0.0,0.0,0.0,0.0,1.0,0.0
265038,1632.373761168,0.0,0.0,0.0,0.0,1.0,0.0
265058,1632.3935524,0.0,0.0,0.0,0.0,1.0,0.0
265078,1632.414033622,0.0,0.0,0.0,0.0,1.0,0.0
265098,1632.434463075,0.0,0.0,0.0,0.0,1.0,0.0
265118,1632.454125635,0.0,0.0,0.0,0.0,1.0,0.0
265138,1632.473351484,0.0,0.0,0.0,0.0,1.0,0.0
265158,1632.493598652,0.0,0.0,0.0,0.0,1.0,0.0
265178,1632.513775199,0.0,0.0,0.0,0.0,1.0,0.0
265198,1632.533588558,0.0,0.0,0.0,0.0,1.0,0.0
265218,1632.553452963,0.0,0.0,0.0,0.0,1.0,0.0
265238,1632.573657093,0.0,0.0,0.0,0.0,1.0,0.0
265258,1632.5940732,0.0,0.0,0.0,0.0,1.0,0.0
265278,1632.613074796,0.0,0.0,0.0,0.0,1.0,0.0
265298,1632.631999825,0.0,0.0,0.0,0.0,1.0,0.0
265318,1632.653752649,0.0,0.0,0.0,0.0,1.0,0.0
265338,1632.67407027,0.0,0.0,0.0,0.0,1.0,0.0
265358,1632.693300458,0.0,0.0,0.0,0.0,1.0,0.0
265378,1632.71329738,0.0,0.0,0.0,0.0,1.0,0.0
265398,1632.733376971,0.0,0.0,0.0,0.0,1.0,0.0
265418,1632.753079784,0.0,0.0,0.0,0.0,1.0,0.0
265438,1632.773119895,0.0,0.0,0.0,0.0,1.0,0.0
265458,1632.792114425,0.0,0.0,0.0,0.0,1.0,0.0
265478,1632.812717483,0.0,0.0,0.0,0.0,1.0,0.0
265498,1632.833117359,0.0,0.0,0.0,0.0,1.0,0.0
265518,1632.853119097,0.0,0.0,0.0,0.0,1.0,0.0
265538,1632.873073105,0.0,0.0,0.0,0.0,1.0,0.0
265558,1632.893074045,0.0,0.0,0.0,0.0,1.0,0.0
265578,1632.912956518,0.0,0.0,0.0,0.0,1.0,0.0
265598,1632.933301055,0.0,0.0,0.0,0.0,1.0,0.0
265618,1632.951408218,0.0,0.0,0.0,0.0,1.0,0.0
265638,1632.971812865,0.0,0.0,0.0,0.0,1.0,0.0
265658,1632.992543322,0.0,0.0,0.0,0.0,1.0,0.0
265678,1633.012496028,0.0,0.0,0.0,0.0,1.0,0.0
265698,1633.033527011,0.0,0.0,0.0,0.0,1.0,0.0
265718,1633.053400442,0.0,0.0,0.0,0.0,1.0,0.0
265738,1633.073422435,0.0,0.0,0.0,0.0,1.0,0.0
265758,1633.094299755,0.0,0.0,0.0,0.0,1.0,0.0
265778,1633.113386594,0.0,0.0,0.0,0.0,1.0,0.0
265798,1633.134273034,0.0,0.0,0.0,0.0,1.0,0.0
265818,1633.152949467,0.0,0.0,0.0,0.0,1.0,0.0
265838,1633.173721875,0.0,0.0,0.0,0.0,1.0,0.0
265858,1633.193165681,0.0,0.0,0.0,0.0,1.0,0.0
265878,1633.214350979,0.0,0.0,0.0,0.0,1.0,0.0
265898,1633.233390574,0.0,0.0,0.0,0.0,1.0,0.0
265918,1633.253903677,0.0,0.0,0.0,0.0,1.0,0.0
265938,1633.273929374,0.0,0.0,0.0,0.0,1.0,0.0
265958,1633.292877152,0.0,0.0,0.0,0.0,1.0,0.0
265978,1633.31361535,0.0,0.0,0.0,0.0,1.0,0.0
265998,1633.33313421,0.0,0.0,0.0,0.0,1.0,0.0
266018,1633.352694489,0.0,0.0,0.0,0.0,1.0,0.0
266038,1633.373716407,0.0,0.0,0.0,0.0,1.0,0.0
266058,1633.393413824,0.0,0.0,0.0,0.0,1.0,0.0
266078,1633.412395431,0.0,0.0,0.0,0.0,1.0,0.0
266098,1633.431679067,0.0,0.0,0.0,0.0,1.0,0.0
266118,1633.452483247,0.0,0.0,0.0,0.0,1.0,0.0
266138,1633.471952439,0.0,0.0,0.0,0.0,1.0,0.0
266158,1633.492342709,0.0,0.0,0.0,0.0,1.0,0.0
266178,1633.512514254,0.0,0.0,0.0,0.0,1.0,0.0
266198,1633.532093395,0.0,0.0,0.0,0.0,1.0,0.0
266218,1633.553801516,0.0,0.0,0.0,0.0,1.0,0.0
266238,1633.572769954,0.0,0.0,0.0,0.0,1.0,0.0
266258,1633.593925787,0.0,0.0,0.0,0.0,1.0,0.0
266278,1633.6129187,0.0,0.0,0.0,0.0,1.0,0.0
266298,1633.633483574,0.0,0.0,0.0,0.0,1.0,0.0
266318,1633.65358113,0.0,0.0,0.0,0.0,1.0,0.0
266338,1633.67284215,0.0,0.0,0.0,0.0,1.0,0.0
266358,1633.693638386,0.0,0.0,0.0,0.0,1.0,0.0
266378,1633.713109942,0.0,0.0,0.0,0.0,1.0,0.0
266398,1633.734073974,0.0,0.0,0.0,0.0,1.0,0.0
266418,1633.752668709,0.0,0.0,0.0,0.0,1.0,0.0
266438,1633.771446345,0.0,0.0,0.0,0.0,1.0,0.0
266458,1633.793077262,0.0,0.0,0.0,0.0,1.0,0.0
266478,1633.813077885,0.0,0.0,0.0,0.0,1.0,0.0
266498,1633.833092386,0.0,0.0,0.0,0.0,1.0,0.0
266518,1633.85408558,0.0,0.0,0.0,0.0,1.0,0.0
266538,1633.872674454,0.0,0.0,0.0,0.0,1.0,0.0
266558,1633.892847526,0.0,0.0,0.0,0.0,1.0,0.0
266578,1633.913660987,0.0,0.0,0.0,0.0,1.0,0.0
266598,1633.932793554,0.0,0.0,0.0,0.0,1.0,0.0
266618,1633.952765684,0.0,0.0,0.0,0.0,1.0,0.0
266638,1633.97359191,0.0,0.0,0.0,0.0,1.0,0.0
266658,1633.992880949,0.0,0.0,0.0,0.0,1.0,0.0
266678,1634.013900551,0.0,0.0,0.0,0.0,1.0,0.0
266698,1634.032634952,0.0,0.0,0.0,0.0,1.0,0.0
266718,1634.053387187,0.0,0.0,0.0,0.0,1.0,0.0
266738,1634.072329393,0.0,0.0,0.0,0.0,1.0,0.0
266758,1634.093081476,0.0,0.0,0.0,0.0,1.0,0.0
266778,1634.113605769,0.0,0.0,0.0,0.0,1.0,0.0
266798,1634.132534833,0.0,0.0,0.0,0.0,1.0,0.0
266818,1634.153545933,0.0,0.0,0.0,0.0,1.0,0.0
266838,1634.173449549,0.0,0.0,0.0,0.0,1.0,0.0
266858,1634.192823507,0.0,0.0,0.0,0.0,1.0,0.0
266878,1634.213352596,0.0,0.0,0.0,0.0,1.0,0.0
266898,1634.232869641,0.0,0.0,0.0,0.0,1.0,0.0
266918,1634.254606301,0.0,0.0,0.0,0.0,1.0,0.0
266938,1634.273575991,0.0,0.0,0.0,0.0,1.0,0.0
266958,1634.292262975,0.0,0.0,0.0,0.0,1.0,0.0
266978,1634.31238247,0.0,0.0,0.0,0.0,1.0,0.0
266998,1634.332927154,0.0,0.0,0.0,0.0,1.0,0.0
267018,1634.354283494,0.0,0.0,0.0,0.0,1.0,0.0
267038,1634.372441919,0.0,0.0,0.0,0.0,1.0,0.0
267058,1634.393254994,0.0,0.0,0.0,0.0,1.0,0.0
267078,1634.412319186,0.0,0.0,0.0,0.0,1.0,0.0
267098,1634.432798783,0.0,0.0,0.0,0.0,1.0,0.0
267118,1634.452679106,0.0,0.0,0.0,0.0,1.0,0.0
267138,1634.473045823,0.0,0.0,0.0,0.0,1.0,0.0
267158,1634.493371447,0.0,0.0,0.0,0.0,1.0,0.0
267178,1634.512051262,0.0,0.0,0.0,0.0,1.0,0.0
267198,1634.532493309,0.0,0.0,0.0,0.0,1.0,0.0
267218,1634.55356063,0.0,0.0,0.0,0.0,1.0,0.0
267238,1634.573223063,0.0,0.0,0.0,0.0,1.0,0.0
267258,1634.5916995,0.0,0.0,0.0,0.0,1.0,0.0
267278,1634.611813701,0.0,0.0,0.0,0.0,1.0,0.0
267298,1634.631518542,0.0,0.0,0.0,0.0,1.0,0.0
267318,1634.651765683,0.0,0.0,0.0,0.0,1.0,0.0
267338,1634.671132447,0.0,0.0,0.0,0.0,1.0,0.0
267358,1634.693449752,0.0,0.0,0.0,0.0,1.0,0.0
267378,1634.712443329,0.0,0.0,0.0,0.0,1.0,0.0
267398,1634.733366206,0.0,0.0,0.0,0.0,1.0,0.0
267418,1634.755071105,0.0,0.0,0.0,0.0,1.0,0.0
267438,1634.772096999,0.0,0.0,0.0,0.0,1.0,0.0
267458,1634.79085261,0.0,0.0,0.0,0.0,1.0,0.0
267478,1634.811121224,0.0,0.0,0.0,0.0,1.0,0.0
267498,1634.831574255,0.0,0.0,0.0,0.0,1.0,0.0
267518,1634.853361502,0.0,0.0,0.0,0.0,1.0,0.0
267538,1634.87236875,0.0,0.0,0.0,0.0,1.0,0.0
267558,1634.891136321,0.0,0.0,0.0,0.0,1.0,0.0
267578,1634.911040446,0.0,0.0,0.0,0.0,1.0,0.0
267598,1634.931097582,0.0,0.0,0.0,0.0,1.0,0.0
267618,1634.954373782,0.0,0.0,0.0,0.0,1.0,0.0
267638,1634.972336565,0.0,0.0,0.0,0.0,1.0,0.0
267658,1634.992582485,0.0,0.0,0.0,0.0,1.0,0.0
267678,1635.012504136,0.0,0.0,0.0,0.0,1.0,0.0
267698,1635.032487033,0.0,0.0,0.0,0.0,1.0,0.0
267718,1635.054592501,0.0,0.0,0.0,0.0,1.0,0.0
267738,1635.072131543,0.0,0.0,0.0,0.0,1.0,0.0
267758,1635.09218376,0.0,0.0,0.0,0.0,1.0,0.0
267778,1635.111759597,0.0,0.0,0.0,0.0,1.0,0.0
267798,1635.132103667,0.0,0.0,0.0,0.0,1.0,0.0
267818,1635.154552265,0.0,0.0,0.0,0.0,1.0,0.0
267838,1635.172052632,0.0,0.0,0.0,0.0,1.0,0.0
267858,1635.192149188,0.0,0.0,0.0,0.0,1.0,0.0
267878,1635.211583887,0.0,0.0,0.0,0.0,1.0,0.0
267898,1635.232033198,0.0,0.0,0.0,0.0,1.0,0.0
267918,1635.251589647,0.0,0.0,0.0,0.0,1.0,0.0
267938,1635.27248616,0.0,0.0,0.0,0.0,1.0,0.0
267958,1635.291878336,0.0,0.0,0.0,0.0,1.0,0.0
267978,1635.311756453,0.0,0.0,0.0,0.0,1.0,0.0
267998,1635.332108771,0.0,0.0,0.0,0.0,1.0,0.0
268018,1635.352305777,0.0,0.0,0.0,0.0,1.0,0.0
268038,1635.371800781,0.0,0.0,0.0,0.0,1.0,0.0
268058,1635.392145216,0.0,0.0,0.0,0.0,1.0,0.0
268078,1635.412387219,0.0,0.0,0.0,0.0,1.0,0.0
268098,1635.432290478,0.0,0.0,0.0,0.0,1.0,0.0
268118,1635.452782096,0.0,0.0,0.0,0.0,1.0,0.0
268138,1635.472486589,0.0,0.0,0.0,0.0,1.0,0.0
268158,1635.492241845,0.0,0.0,0.0,0.0,1.0,0.0
268178,1635.511989736,0.0,0.0,0.0,0.0,1.0,0.0
268198,1635.531868828,0.0,0.0,0.0,0.0,1.0,0.0
268218,1635.552462664,0.0,0.0,0.0,0.0,1.0,0.0
268238,1635.572054296,0.0,0.0,0.0,0.0,1.0,0.0
268258,1635.592250066,0.0,0.0,0.0,0.0,1.0,0.0
268278,1635.612290589,0.0,0.0,0.0,0.0,1.0,0.0
268298,1635.631842934,0.0,0.0,0.0,0.0,1.0,0.0
268318,1635.651751709,0.0,0.0,0.0,0.0,1.0,0.0
268338,1635.671105306,0.0,0.0,0.0,0.0,1.0,0.0
268358,1635.69139294,0.0,0.0,0.0,0.0,1.0,0.0
268378,1635.711763381,0.0,0.0,0.0,0.0,1.0,0.0
268398,1635.732101544,0.0,0.0,0.0,0.0,1.0,0.0
268418,1635.752369088,0.0,0.0,0.0,0.0,1.0,0.0
268438,1635.771604956,0.0,0.0,0.0,0.0,1.0,0.0
268458,1635.791611204,0.0,0.0,0.0,0.0,1.0,0.0
268478,1635.81250232,0.0,0.0,0.0,0.0,1.0,0.0
268498,1635.831898282,0.0,0.0,0.0,0.0,1.0,0.0
268518,1635.852359859,0.0,0.0,0.0,0.0,1.0,0.0
268538,1635.872457904,0.0,0.0,0.0,0.0,1.0,0.0
268558,1635.891924298,0.0,0.0,0.0,0.0,1.0,0.0
268578,1635.91208837,0.0,0.0,0.0,0.0,1.0,0.0
268598,1635.932132578,0.0,0.0,0.0,0.0,1.0,0.0
268618,1635.952190941,0.0,0.0,0.0,0.0,1.0,0.0
268638,1635.971790018,0.0,0.0,0.0,0.0,1.0,0.0
268658,1635.991823934,0.0,0.0,0.0,0.0,1.0,0.0
268678,1636.01170715,0.0,0.0,0.0,0.0,1.0,0.0
268698,1636.031524088,0.0,0.0,0.0,0.0,1.0,0.0
268718,1636.051629243,0.0,0.0,0.0,0.0,1.0,0.0
268738,1636.071184694,0.0,0.0,0.0,0.0,1.0,0.0
268758,1636.091873447,0.0,0.0,0.0,0.0,1.0,0.0
268778,1636.112389208,0.0,0.0,0.0,0.0,1.0,0.0
268798,1636.130627468,0.0,0.0,0.0,0.0,1.0,0.0
268818,1636.151424407,0.0,0.0,0.0,0.0,1.0,0.0
268838,1636.171109127,0.0,0.0,0.0,0.0,1.0,0.0
268858,1636.190635109,0.0,0.0,0.0,0.0,1.0,0.0
268878,1636.211046749,0.0,0.0,0.0,0.0,1.0,0.0
268898,1636.231345435,0.0,0.0,0.0,0.0,1.0,0.0
268918,1636.251544682,0.0,0.0,0.0,0.0,1.0,0.0
268938,1636.272076183,0.0,0.0,0.0,0.0,1.0,0.0
268958,1636.290629217,0.0,0.0,0.0,0.0,1.0,0.0
268978,1636.311069336,0.0,0.0,0.0,0.0,1.0,0.0
268998,1636.331642105,0.0,0.0,0.0,0.0,1.0,0.0
269018,1636.351534851,0.0,0.0,0.0,0.0,1.0,0.0
269038,1636.372416165,0.0,0.0,0.0,0.0,1.0,0.0
269058,1636.390931321,0.0,0.0,0.0,0.0,1.0,0.0
269078,1636.41168856,0.0,0.0,0.0,0.0,1.0,0.0
269098,1636.431113378,0.0,0.0,0.0,0.0,1.0,0.0
269118,1636.450981008,0.0,0.0,0.0,0.0,1.0,0.0
269138,1636.470935563,0.0,0.0,0.0,0.0,1.0,0.0
269158,1636.491343475,0.0,0.0,0.0,0.0,1.0,0.0
269178,1636.511569587,0.0,0.0,0.0,0.0,1.0,0.0
269198,1636.531760382,0.0,0.0,0.0,0.0,1.0,0.0
269218,1636.551045569,0.0,0.0,0.0,0.0,1.0,0.0
269238,1636.571558744,0.0,0.0,0.0,0.0,1.0,0.0
269258,1636.590500128,0.0,0.0,0.0,0.0,1.0,0.0
269278,1636.609451015,0.0,0.0,0.0,0.0,1.0,0.0
269298,1636.628876966,0.0,0.0,0.0,0.0,1.0,0.0
269318,1636.649576853,0.0,0.0,0.0,0.0,1.0,0.0
269338,1636.668224887,0.0,0.0,0.0,0.0,1.0,0.0
269358,1636.688230359,0.0,0.0,0.0,0.0,1.0,0.0
269378,1636.708740147,0.0,0.0,0.0,0.0,1.0,0.0
269398,1636.728671177,0.0,0.0,0.0,0.0,1.0,0.0
269418,1636.749232363,0.0,0.0,0.0,0.0,1.0,0.0
269438,1636.771322915,0.0,0.0,0.0,0.0,1.0,0.0
269458,1636.790376378,0.0,0.0,0.0,0.0,1.0,0.0
269478,1636.810363122,0.0,0.0,0.0,0.0,1.0,0.0
269498,1636.82958332,0.0,0.0,0.0,0.0,1.0,0.0
269518,1636.849227559,0.0,0.0,0.0,0.0,1.0,0.0
269538,1636.86858054,0.0,0.0,0.0,0.0,1.0,0.0
269558,1636.88831923,0.0,0.0,0.0,0.0,1.0,0.0
269578,1636.910138168,0.0,0.0,0.0,0.0,1.0,0.0
269598,1636.930874328,0.0,0.0,0.0,0.0,1.0,0.0
269618,1636.95046905,0.0,0.0,0.0,0.0,1.0,0.0
269638,1636.970540326,0.0,0.0,0.0,0.0,1.0,0.0
269658,1636.990634115,0.0,0.0,0.0,0.0,1.0,0.0
269678,1637.011786561,0.0,0.0,0.0,0.0,1.0,0.0
269698,1637.030542473,0.0,0.0,0.0,0.0,1.0,0.0
269718,1637.050820306,0.0,0.0,0.0,0.0,1.0,0.0
269738,1637.070480753,0.0,0.0,0.0,0.0,1.0,0.0
269758,1637.090431926,0.0,0.0,0.0,0.0,1.0,0.0
269778,1637.110379371,0.0,0.0,0.0,0.0,1.0,0.0
269798,1637.13054724,0.0,0.0,0.0,0.0,1.0,0.0
269818,1637.150543066,0.0,0.0,0.0,0.0,1.0,0.0
269838,1637.17043066,0.0,0.0,0.0,0.0,1.0,0.0
269858,1637.190572631,0.0,0.0,0.0,0.0,1.0,0.0
269878,1637.210696273,0.0,0.0,0.0,0.0,1.0,0.0
269898,1637.231047618,0.0,0.0,0.0,0.0,1.0,0.0
269918,1637.25132113,0.0,0.0,0.0,0.0,1.0,0.0
269938,1637.270748255,0.0,0.0,0.0,0.0,1.0,0.0
269958,1637.29122543,0.0,0.0,0.0,0.0,1.0,0.0
269978,1637.310069373,0.0,0.0,0.0,0.0,1.0,0.0
269998,1637.330324927,0.0,0.0,0.0,0.0,1.0,0.0
270018,1637.350527008,0.0,0.0,0.0,0.0,1.0,0.0
270038,1637.37037993,0.0,0.0,0.0,0.0,1.0,0.0
270058,1637.389774947,0.0,0.0,0.0,0.0,1.0,0.0
270078,1637.409997358,0.0,0.0,0.0,0.0,1.0,0.0
270098,1637.430326734,0.0,0.0,0.0,0.0,1.0,0.0
270118,1637.450523259,0.0,0.0,0.0,0.0,1.0,0.0
270138,1637.470088973,0.0,0.0,0.0,0.0,1.0,0.0
270158,1637.490547471,0.0,0.0,0.0,0.0,1.0,0.0
270178,1637.510400252,0.0,0.0,0.0,0.0,1.0,0.0
270198,1637.530060558,0.0,0.0,0.0,0.0,1.0,0.0
270218,1637.550489147,0.0,0.0,0.0,0.0,1.0,0.0
270238,1637.570389911,0.0,0.0,0.0,0.0,1.0,0.0
270258,1637.590796296,0.0,0.0,0.0,0.0,1.0,0.0
270278,1637.610088471,0.0,0.0,0.0,0.0,1.0,0.0
270298,1637.630746584,0.0,0.0,0.0,0.0,1.0,0.0
270318,1637.651362813,0.0,0.0,0.0,0.0,1.0,0.0
270338,1637.670596781,0.0,0.0,0.0,0.0,1.0,0.0
270358,1637.690812462,0.0,0.0,0.0,0.0,1.0,0.0
270378,1637.710193064,0.0,0.0,0.0,0.0,1.0,0.0
270398,1637.73058533,0.0,0.0,0.0,0.0,1.0,0.0
270418,1637.751397683,0.0,0.0,0.0,0.0,1.0,0.0
270438,1637.771112866,0.0,0.0,0.0,0.0,1.0,0.0
270458,1637.791320114,0.0,0.0,0.0,0.0,1.0,0.0
270478,1637.810588532,0.0,0.0,0.0,0.0,1.0,0.0
270498,1637.830861976,0.0,0.0,0.0,0.0,1.0,0.0
270518,1637.851528693,0.0,0.0,0.0,0.0,1.0,0.0
270538,1637.87168047,0.0,0.0,0.0,0.0,1.0,0.0
270558,1637.890877558,0.0,0.0,0.0,0.0,1.0,0.0
270578,1637.910444327,0.0,0.0,0.0,0.0,1.0,0.0
270598,1637.931474202,0.0,0.0,0.0,0.0,1.0,0.0
270618,1637.950582057,0.0,0.0,0.0,0.0,1.0,0.0
270638,1637.969943449,0.0,0.0,0.0,0.0,1.0,0.0
270658,1637.989335918,0.0,0.0,0.0,0.0,1.0,0.0
270678,1638.009729143,0.0,0.0,0.0,0.0,1.0,0.0
270698,1638.030136875,0.0,0.0,0.0,0.0,1.0,0.0
270718,1638.049784699,0.0,0.0,0.0,0.0,1.0,0.0
270738,1638.069779904,0.0,0.0,0.0,0.0,1.0,0.0
270758,1638.089535491,0.0,0.0,0.0,0.0,1.0,0.0
270778,1638.109693008,0.0,0.0,0.0,0.0,1.0,0.0
270798,1638.130033031,0.0,0.0,0.0,0.0,1.0,0.0
270818,1638.149727721,0.0,0.0,0.0,0.0,1.0,0.0
270838,1638.170541209,0.0,0.0,0.0,0.0,1.0,0.0
270858,1638.190538638,0.0,0.0,0.0,0.0,1.0,0.0
270878,1638.210550833,0.0,0.0,0.0,0.0,1.0,0.0
270898,1638.230549405,0.0,0.0,0.0,0.0,1.0,0.0
270918,1638.249351488,0.0,0.0,0.0,0.0,1.0,0.0
270938,1638.269636702,0.0,0.0,0.0,0.0,1.0,0.0
270958,1638.289363858,0.0,0.0,0.0,0.0,1.0,0.0
270978,1638.309078236,0.0,0.0,0.0,0.0,1.0,0.0
270998,1638.330557841,0.0,0.0,0.0,0.0,1.0,0.0
271018,1638.350799273,0.0,0.0,0.0,0.0,1.0,0.0
271038,1638.369933176,0.0,0.0,0.0,0.0,1.0,0.0
271058,1638.389957755,0.0,0.0,0.0,0.0,1.0,0.0
271078,1638.409960455,0.0,0.0,0.0,0.0,1.0,0.0
271098,1638.429840179,0.0,0.0,0.0,0.0,1.0,0.0
271118,1638.450032045,0.0,0.0,0.0,0.0,1.0,0.0
271138,1638.469306998,0.0,0.0,0.0,0.0,1.0,0.0
271158,1638.490471162,0.0,0.0,0.0,0.0,1.0,0.0
271178,1638.509686961,0.0,0.0,0.0,0.0,1.0,0.0
271198,1638.529577572,0.0,0.0,0.0,0.0,1.0,0.0
271218,1638.549841819,0.0,0.0,0.0,0.0,1.0,0.0
271238,1638.570363871,0.0,0.0,0.0,0.0,1.0,0.0
271258,1638.589038277,0.0,0.0,0.0,0.0,1.0,0.0
271278,1638.610558621,0.0,0.0,0.0,0.0,1.0,0.0
271298,1638.630237719,0.0,0.0,0.0,0.0,1.0,0.0
271318,1638.649381364,0.0,0.0,0.0,0.0,1.0,0.0
271338,1638.670605975,0.0,0.0,0.0,0.0,1.0,0.0
271358,1638.689708181,0.0,0.0,0.0,0.0,1.0,0.0
271378,1638.710566698,0.0,0.0,0.0,0.0,1.0,0.0
271398,1638.729497474,0.0,0.0,0.0,0.0,1.0,0.0
271418,1638.750277314,0.0,0.0,0.0,0.0,1.0,0.0
271438,1638.771373638,0.0,0.0,0.0,0.0,1.0,0.0
271458,1638.790751614,0.0,0.0,0.0,0.0,1.0,0.0
271478,1638.810109665,0.0,0.0,0.0,0.0,1.0,0.0
271498,1638.830295945,0.0,0.0,0.0,0.0,1.0,0.0
271518,1638.850612217,0.0,0.0,0.0,0.0,1.0,0.0
271538,1638.871978127,0.0,0.0,0.0,0.0,1.0,0.0
271558,1638.889980405,0.0,0.0,0.0,0.0,1.0,0.0
271578,1638.909280262,0.0,0.0,0.0,0.0,1.0,0.0
271598,1638.929024559,0.0,0.0,0.0,0.0,1.0,0.0
271618,1638.949119561,0.0,0.0,0.0,0.0,1.0,0.0
271638,1638.96907502,0.0,0.0,0.0,0.0,1.0,0.0
271658,1638.987712505,0.0,0.0,0.0,0.0,1.0,0.0
271678,1639.009501429,0.0,0.0,0.0,0.0,1.0,0.0
271698,1639.029547712,0.0,0.0,0.0,0.0,1.0,0.0
271718,1639.048931178,0.0,0.0,0.0,0.0,1.0,0.0
271738,1639.070740027,0.0,0.0,0.0,0.0,1.0,0.0
271758,1639.089277945,0.0,0.0,0.0,0.0,1.0,0.0
271778,1639.10960138,0.0,0.0,0.0,0.0,1.0,0.0
271798,1639.129831331,0.0,0.0,0.0,0.0,1.0,0.0
271818,1639.149725873,0.0,0.0,0.0,0.0,1.0,0.0
271838,1639.170569662,0.0,0.0,0.0,0.0,1.0,0.0
271858,1639.188782454,0.0,0.0,0.0,0.0,1.0,0.0
271878,1639.210300651,0.0,0.0,0.0,0.0,1.0,0.0
271898,1639.229292429,0.0,0.0,0.0,0.0,1.0,0.0
271918,1639.250173946,0.0,0.0,0.0,0.0,1.0,0.0
271938,1639.270798297,0.0,0.0,0.0,0.0,1.0,0.0
271958,1639.28949188,0.0,0.0,0.0,0.0,1.0,0.0
271978,1639.309508317,0.0,0.0,0.0,0.0,1.0,0.0
271998,1639.329604314,0.0,0.0,0.0,0.0,1.0,0.0
272018,1639.349505096,0.0,0.0,0.0,0.0,1.0,0.0
272038,1639.371566936,0.0,0.0,0.0,0.0,1.0,0.0
272058,1639.388460499,0.0,0.0,0.0,0.0,1.0,0.0
272078,1639.40963524,0.0,0.0,0.0,0.0,1.0,0.0
272098,1639.428718191,0.0,0.0,0.0,0.0,1.0,0.0
272118,1639.449569115,0.0,0.0,0.0,0.0,1.0,0.0
272138,1639.47159195,0.0,0.0,0.0,0.0,1.0,0.0
272158,1639.48870421,0.0,0.0,0.0,0.0,1.0,0.0
272178,1639.509063267,0.0,0.0,0.0,0.0,1.0,0.0
272198,1639.529476617,0.0,0.0,0.0,0.0,1.0,0.0
272218,1639.549379329,0.0,0.0,0.0,0.0,1.0,0.0
272238,1639.570721645,0.0,0.0,0.0,0.0,1.0,0.0
272258,1639.589588393,0.0,0.0,0.0,0.0,1.0,0.0
272278,1639.608969529,0.0,0.0,0.0,0.0,1.0,0.0
272298,1639.629691223,0.0,0.0,0.0,0.0,1.0,0.0
272318,1639.648578064,0.0,0.0,0.0,0.0,1.0,0.0
272338,1639.668792178,0.0,0.0,0.0,0.0,1.0,0.0
272358,1639.688627925,0.0,0.0,0.0,0.0,1.0,0.0
272378,1639.708976465,0.0,0.0,0.0,0.0,1.0,0.0
272398,1639.729885941,0.0,0.0,0.0,0.0,1.0,0.0
272418,1639.749192244,0.0,0.0,0.0,0.0,1.0,0.0
272438,1639.768870443,0.0,0.0,0.0,0.0,1.0,0.0
272458,1639.788388207,0.0,0.0,0.0,0.0,1.0,0.0
272478,1639.809396518,0.0,0.0,0.0,0.0,1.0,0.0
272498,1639.829864793,0.0,0.0,0.0,0.0,1.0,0.0
272518,1639.848843499,0.0,0.0,0.0,0.0,1.0,0.0
272538,1639.869375222,0.0,0.0,0.0,0.0,1.0,0.0
272558,1639.889425639,0.0,0.0,0.0,0.0,1.0,0.0
272578,1639.908667565,0.0,0.0,0.0,0.0,1.0,0.0
272598,1639.928835043,0.0,0.0,0.0,0.0,1.0,0.0
272618,1639.948969582,0.0,0.0,0.0,0.0,1.0,0.0
272638,1639.969842479,0.0,0.0,0.0,0.0,1.0,0.0
272658,1639.989425311,0.0,0.0,0.0,0.0,1.0,0.0
272678,1640.008566792,0.0,0.0,0.0,0.0,1.0,0.0
272698,1640.029600594,0.0,0.0,0.0,0.0,1.0,0.0
272718,1640.049268387,0.0,0.0,0.0,0.0,1.0,0.0
272738,1640.069570492,0.0,0.0,0.0,0.0,1.0,0.0
272758,1640.088333512,0.0,0.0,0.0,0.0,1.0,0.0
272778,1640.108563853,0.0,0.0,0.0,0.0,1.0,0.0
272798,1640.128585771,0.0,0.0,0.0,0.0,1.0,0.0
272818,1640.148500806,0.0,0.0,0.0,0.0,1.0,0.0
272838,1640.168651512,0.0,0.0,0.0,0.0,1.0,0.0
272858,1640.187907427,0.0,0.0,0.0,0.0,1.0,0.0
272878,1640.209141312,0.0,0.0,0.0,0.0,1.0,0.0
272898,1640.22912463,0.0,0.0,0.0,0.0,1.0,0.0
272918,1640.248097895,0.0,0.0,0.0,0.0,1.0,0.0
272938,1640.268346557,0.0,0.0,0.0,0.0,1.0,0.0
272958,1640.288396919,0.0,0.0,0.0,0.0,1.0,0.0
272978,1640.309372542,0.0,0.0,0.0,0.0,1.0,0.0
272998,1640.328251928,0.0,0.0,0.0,0.0,1.0,0.0
273018,1640.349385009,0.0,0.0,0.0,0.0,1.0,0.0
273038,1640.369098601,0.0,0.0,0.0,0.0,1.0,0.0
273058,1640.388960141,0.0,0.0,0.0,0.0,1.0,0.0
273078,1640.408284687,0.0,0.0,0.0,0.0,1.0,0.0
273098,1640.429066234,0.0,0.0,0.0,0.0,1.0,0.0
273118,1640.448407753,0.0,0.0,0.0,0.0,1.0,0.0
273138,1640.468611661,0.0,0.0,0.0,0.0,1.0,0.0
273158,1640.488863352,0.0,0.0,0.0,0.0,1.0,0.0
273178,1640.50849219,0.0,0.0,0.0,0.0,1.0,0.0
273198,1640.52853557,0.0,0.0,0.0,0.0,1.0,0.0
273218,1640.548354349,0.0,0.0,0.0,0.0,1.0,0.0
273238,1640.568964036,0.0,0.0,0.0,0.0,1.0,0.0
273258,1640.588774902,0.0,0.0,0.0,0.0,1.0,0.0
273278,1640.609420562,0.0,0.0,0.0,0.0,1.0,0.0
273298,1640.628414561,0.0,0.0,0.0,0.0,1.0,0.0
273318,1640.648954067,0.0,0.0,0.0,0.0,1.0,0.0
273338,1640.6682608,0.0,0.0,0.0,0.0,1.0,0.0
273358,1640.687766472,0.0,0.0,0.0,0.0,1.0,0.0
273378,1640.708386868,0.0,0.0,0.0,0.0,1.0,0.0
273398,1640.727824318,0.0,0.0,0.0,0.0,1.0,0.0
273418,1640.748390767,0.0,0.0,0.0,0.0,1.0,0.0
273438,1640.76892385,0.0,0.0,0.0,0.0,1.0,0.0
273458,1640.787763364,0.0,0.0,0.0,0.0,1.0,0.0
273478,1640.80753077,0.0,0.0,0.0,0.0,1.0,0.0
273498,1640.827956504,0.0,0.0,0.0,0.0,1.0,0.0
273518,1640.848744551,0.0,0.0,0.0,0.0,1.0,0.0
273538,1640.868405194,0.0,0.0,0.0,0.0,1.0,0.0
273558,1640.887694438,0.0,0.0,0.0,0.0,1.0,0.0
273578,1640.907765424,0.0,0.0,0.0,0.0,1.0,0.0
273598,1640.928600172,0.0,0.0,0.0,0.0,1.0,0.0
273618,1640.947682514,0.0,0.0,0.0,0.0,1.0,0.0
273638,1640.968430443,0.0,0.0,0.0,0.0,1.0,0.0
273658,1640.987937989,0.0,0.0,0.0,0.0,1.0,0.0
273678,1641.008730278,0.0,0.0,0.0,0.0,1.0,0.0
273698,1641.028255353,0.0,0.0,0.0,0.0,1.0,0.0
273718,1641.048690373,0.0,0.0,0.0,0.0,1.0,0.0
273738,1641.067614444,0.0,0.0,0.0,0.0,1.0,0.0
273758,1641.088203177,0.0,0.0,0.0,0.0,1.0,0.0
273778,1641.108325494,0.0,0.0,0.0,0.0,1.0,0.0
273798,1641.12869317,0.0,0.0,0.0,0.0,1.0,0.0
273818,1641.147387559,0.0,0.0,0.0,0.0,1.0,0.0
273838,1641.167903736,0.0,0.0,0.0,0.0,1.0,0.0
273858,1641.187724792,0.0,0.0,0.0,0.0,1.0,0.0
273878,1641.207555156,0.0,0.0,0.0,0.0,1.0,0.0
273898,1641.227892675,0.0,0.0,0.0,0.0,1.0,0.0
273918,1641.248088729,0.0,0.0,0.0,0.0,1.0,0.0
273938,1641.268292157,0.0,0.0,0.0,0.0,1.0,0.0
273958,1641.287641646,0.0,0.0,0.0,0.0,1.0,0.0
273978,1641.307759057,0.0,0.0,0.0,0.0,1.0,0.0
273998,1641.328106771,0.0,0.0,0.0,0.0,1.0,0.0
274018,1641.34775657,0.0,0.0,0.0,0.0,1.0,0.0
274038,1641.367086125,0.0,0.0,0.0,0.0,1.0,0.0
274058,1641.386771406,0.0,0.0,0.0,0.0,1.0,0.0
274078,1641.407891039,0.0,0.0,0.0,0.0,1.0,0.0
274098,1641.428159136,0.0,0.0,0.0,0.0,1.0,0.0
274118,1641.44767152,0.0,0.0,0.0,0.0,1.0,0.0
274138,1641.46806149,0.0,0.0,0.0,0.0,1.0,0.0
274158,1641.487473947,0.0,0.0,0.0,0.0,1.0,0.0
274178,1641.507594352,0.0,0.0,0.0,0.0,1.0,0.0
274198,1641.528401779,0.0,0.0,0.0,0.0,1.0,0.0
274218,1641.54724405,0.0,0.0,0.0,0.0,1.0,0.0
274238,1641.567653599,0.0,0.0,0.0,0.0,1.0,0.0
274258,1641.587596333,0.0,0.0,0.0,0.0,1.0,0.0
274278,1641.608381492,0.0,0.0,0.0,0.0,1.0,0.0
274298,1641.627025955,0.0,0.0,0.0,0.0,1.0,0.0
274318,1641.647831057,0.0,0.0,0.0,0.0,1.0,0.0
274338,1641.66730809,0.0,0.0,0.0,0.0,1.0,0.0
274358,1641.688402941,0.0,0.0,0.0,0.0,1.0,0.0
274378,1641.707632007,0.0,0.0,0.0,0.0,1.0,0.0
274398,1641.727950492,0.0,0.0,0.0,0.0,1.0,0.0
274418,1641.748617633,0.0,0.0,0.0,0.0,1.0,0.0
274438,1641.767428338,0.0,0.0,0.0,0.0,1.0,0.0
274458,1641.787857576,0.0,0.0,0.0,0.0,1.0,0.0
274478,1641.808132597,0.0,0.0,0.0,0.0,1.0,0.0
274498,1641.827049647,0.0,0.0,0.0,0.0,1.0,0.0
274518,1641.847531141,0.0,0.0,0.0,0.0,1.0,0.0
274538,1641.867741932,0.0,0.0,0.0,0.0,1.0,0.0
274558,1641.886547478,0.0,0.0,0.0,0.0,1.0,0.0
274578,1641.906424492,0.0,0.0,0.0,0.0,1.0,0.0
274598,1641.927798801,0.0,0.0,0.0,0.0,1.0,0.0
274618,1641.947849781,0.0,0.0,0.0,0.0,1.0,0.0
274638,1641.967422094,0.0,0.0,0.0,0.0,1.0,0.0
274658,1641.987356745,0.0,0.0,0.0,0.0,1.0,0.0
274678,1642.007626395,0.0,0.0,0.0,0.0,1.0,0.0
274698,1642.027607193,0.0,0.0,0.0,0.0,1.0,0.0
274718,1642.046729646,0.0,0.0,0.0,0.0,1.0,0.0
274738,1642.06677592,0.0,0.0,0.0,0.0,1.0,0.0
274758,1642.087509715,0.0,0.0,0.0,0.0,1.0,0.0
274778,1642.106873295,0.0,0.0,0.0,0.0,1.0,0.0
274798,1642.127140085,0.0,0.0,0.0,0.0,1.0,0.0
274818,1642.146760165,0.0,0.0,0.0,0.0,1.0,0.0
274838,1642.166483019,0.0,0.0,0.0,0.0,1.0,0.0
274858,1642.187297771,0.0,0.0,0.0,0.0,1.0,0.0
274878,1642.207622777,0.0,0.0,0.0,0.0,1.0,0.0
274898,1642.227767878,0.0,0.0,0.0,0.0,1.0,0.0
274918,1642.248020301,0.0,0.0,0.0,0.0,1.0,0.0
274938,1642.266415569,0.0,0.0,0.0,0.0,1.0,0.0
274958,1642.287553506,0.0,0.0,0.0,0.0,1.0,0.0
274978,1642.307698205,0.0,0.0,0.0,0.0,1.0,0.0
274998,1642.326770429,0.0,0.0,0.0,0.0,1.0,0.0
275018,1642.346744695,0.0,0.0,0.0,0.0,1.0,0.0
275038,1642.367377851,0.0,0.0,0.0,0.0,1.0,0.0
275058,1642.387549677,0.0,0.0,0.0,0.0,1.0,0.0
275078,1642.407493062,0.0,0.0,0.0,0.0,1.0,0.0
275098,1642.427769461,0.0,0.0,0.0,0.0,1.0,0.0
275118,1642.446660334,0.0,0.0,0.0,0.0,1.0,0.0
275138,1642.467137825,0.0,0.0,0.0,0.0,1.0,0.0
275158,1642.487583071,0.0,0.0,0.0,0.0,1.0,0.0
275178,1642.507486549,0.0,0.0,0.0,0.0,1.0,0.0
275198,1642.527766119,0.0,0.0,0.0,0.0,1.0,0.0
275218,1642.546684551,0.0,0.0,0.0,0.0,1.0,0.0
275238,1642.567724921,0.0,0.0,0.0,0.0,1.0,0.0
275258,1642.58810979,0.0,0.0,0.0,0.0,1.0,0.0
275278,1642.607392822,0.0,0.0,0.0,0.0,1.0,0.0
275298,1642.627921651,0.0,0.0,0.0,0.0,1.0,0.0
275318,1642.647145275,0.0,0.0,0.0,0.0,1.0,0.0
275338,1642.667947506,0.0,0.0,0.0,0.0,1.0,0.0
275358,1642.687629769,0.0,0.0,0.0,0.0,1.0,0.0
275378,1642.706611276,0.0,0.0,0.0,0.0,1.0,0.0
275398,1642.727144294,0.0,0.0,0.0,0.0,1.0,0.0
275418,1642.746636555,0.0,0.0,0.0,0.0,1.0,0.0
275438,1642.767131739,0.0,0.0,0.0,0.0,1.0,0.0
275458,1642.788582174,0.0,0.0,0.0,0.0,1.0,0.0
275478,1642.807567488,0.0,0.0,0.0,0.0,1.0,0.0
275498,1642.82769804,0.0,0.0,0.0,0.0,1.0,0.0
275518,1642.846907973,0.0,0.0,0.0,0.0,1.0,0.0
275538,1642.867612854,0.0,0.0,0.0,0.0,1.0,0.0
275558,1642.888532105,0.0,0.0,0.0,0.0,1.0,0.0
275578,1642.906296438,0.0,0.0,0.0,0.0,1.0,0.0
275598,1642.926412078,0.0,0.0,0.0,0.0,1.0,0.0
275618,1642.945924808,0.0,0.0,0.0,0.0,1.0,0.0
275638,1642.965786337,0.0,0.0,0.0,0.0,1.0,0.0
275658,1642.986997138,0.0,0.0,0.0,0.0,1.0,0.0
275678,1643.006914868,0.0,0.0,0.0,0.0,1.0,0.0
275698,1643.026785136,0.0,0.0,0.0,0.0,1.0,0.0
275718,1643.046621631,0.0,0.0,0.0,0.0,1.0,0.0
275738,1643.066735627,0.0,0.0,0.0,0.0,1.0,0.0
275758,1643.087646046,0.0,0.0,0.0,0.0,1.0,0.0
275778,1643.106376043,0.0,0.0,0.0,0.0,1.0,0.0
275798,1643.126795151,0.0,0.0,0.0,0.0,1.0,0.0
275818,1643.147121585,0.0,0.0,0.0,0.0,1.0,0.0
275838,1643.167431251,0.0,0.0,0.0,0.0,1.0,0.0
275858,1643.188335643,0.0,0.0,0.0,0.0,1.0,0.0
275878,1643.206618833,0.0,0.0,0.0,0.0,1.0,0.0
275898,1643.227082732,0.0,0.0,0.0,0.0,1.0,0.0
275918,1643.247080846,0.0,0.0,0.0,0.0,1.0,0.0
275938,1643.266871568,0.0,0.0,0.0,0.0,1.0,0.0
275958,1643.287936431,0.0,0.0,0.0,0.0,1.0,0.0
275978,1643.3066107,0.0,0.0,0.0,0.0,1.0,0.0
275998,1643.326971291,0.0,0.0,0.0,0.0,1.0,0.0
276018,1643.345864304,0.0,0.0,0.0,0.0,1.0,0.0
276038,1643.366283718,0.0,0.0,0.0,0.0,1.0,0.0
276058,1643.388551241,0.0,0.0,0.0,0.0,1.0,0.0
276078,1643.407230921,0.0,0.0,0.0,0.0,1.0,0.0
276098,1643.426193341,0.0,0.0,0.0,0.0,1.0,0.0
276118,1643.446492362,0.0,0.0,0.0,0.0,1.0,0.0
276138,1643.466957946,0.0,0.0,0.0,0.0,1.0,0.0
276158,1643.487475418,0.0,0.0,0.0,0.0,1.0,0.0
276178,1643.506422935,0.0,0.0,0.0,0.0,1.0,0.0
276198,1643.526769476,0.0,0.0,0.0,0.0,1.0,0.0
276218,1643.547148266,0.0,0.0,0.0,0.0,1.0,0.0
276238,1643.56610257,0.0,0.0,0.0,0.0,1.0,0.0
276258,1643.588614756,0.0,0.0,0.0,0.0,1.0,0.0
276278,1643.605852097,0.0,0.0,0.0,0.0,1.0,0.0
276298,1643.625678241,0.0,0.0,0.0,0.0,1.0,0.0
276318,1643.645708966,0.0,0.0,0.0,0.0,1.0,0.0
276338,1643.665605045,0.0,0.0,0.0,0.0,1.0,0.0
276358,1643.687951086,0.0,0.0,0.0,0.0,1.0,0.0
276378,1643.706980827,0.0,0.0,0.0,0.0,1.0,0.0
276398,1643.725958679,0.0,0.0,0.0,0.0,1.0,0.0
276418,1643.745611641,0.0,0.0,0.0,0.0,1.0,0.0
276438,1643.765557376,0.0,0.0,0.0,0.0,1.0,0.0
276458,1643.785366248,0.0,0.0,0.0,0.0,1.0,0.0
276478,1643.805643183,0.0,0.0,0.0,0.0,1.0,0.0
276498,1643.825732597,0.0,0.0,0.0,0.0,1.0,0.0
276518,1643.845955023,0.0,0.0,0.0,0.0,1.0,0.0
276538,1643.866464109,0.0,0.0,0.0,0.0,1.0,0.0
276558,1643.886599727,0.0,0.0,0.0,0.0,1.0,0.0
276578,1643.905767075,0.0,0.0,0.0,0.0,1.0,0.0
276598,1643.926188484,0.0,0.0,0.0,0.0,1.0,0.0
276618,1643.946544309,0.0,0.0,0.0,0.0,1.0,0.0
276638,1643.966858273,0.0,0.0,0.0,0.0,1.0,0.0
276658,1643.986385848,0.0,0.0,0.0,0.0,1.0,0.0
276678,1644.005611844,0.0,0.0,0.0,0.0,1.0,0.0
276698,1644.025950759,0.0,0.0,0.0,0.0,1.0,0.0
276718,1644.04603979,0.0,0.0,0.0,0.0,1.0,0.0
276738,1644.065852051,0.0,0.0,0.0,0.0,1.0,0.0
276758,1644.085684072,0.0,0.0,0.0,0.0,1.0,0.0
276778,1644.105619001,0.0,0.0,0.0,0.0,1.0,0.0
276798,1644.126387461,0.0,0.0,0.0,0.0,1.0,0.0
276818,1644.146631095,0.0,0.0,0.0,0.0,1.0,0.0
276838,1644.165406462,0.0,0.0,0.0,0.0,1.0,0.0
276858,1644.18551167,0.0,0.0,0.0,0.0,1.0,0.0
276878,1644.206392294,0.0,0.0,0.0,0.0,1.0,0.0
276898,1644.225615278,0.0,0.0,0.0,0.0,1.0,0.0
276918,1644.245631199,0.0,0.0,0.0,0.0,1.0,0.0
276938,1644.266373969,0.0,0.0,0.0,0.0,1.0,0.0
276958,1644.285699398,0.0,0.0,0.0,0.0,1.0,0.0
276978,1644.305915274,0.0,0.0,0.0,0.0,1.0,0.0
276998,1644.32688738,0.0,0.0,0.0,0.0,1.0,0.0
277018,1644.346117494,0.0,0.0,0.0,0.0,1.0,0.0
277038,1644.365243245,0.0,0.0,0.0,0.0,1.0,0.0
277058,1644.385679341,0.0,0.0,0.0,0.0,1.0,0.0
277078,1644.40499304,0.0,0.0,0.0,0.0,1.0,0.0
277098,1644.425527742,0.0,0.0,0.0,0.0,1.0,0.0
277118,1644.445213742,0.0,0.0,0.0,0.0,1.0,0.0
277138,1644.465557767,0.0,0.0,0.0,0.0,1.0,0.0
277158,1644.485092876,0.0,0.0,0.0,0.0,1.0,0.0
277178,1644.505459683,0.0,0.0,0.0,0.0,1.0,0.0
277198,1644.525811716,0.0,0.0,0.0,0.0,1.0,0.0
277218,1644.544997282,0.0,0.0,0.0,0.0,1.0,0.0
277238,1644.564823206,0.0,0.0,0.0,0.0,1.0,0.0
277258,1644.585090532,0.0,0.0,0.0,0.0,1.0,0.0
277278,1644.605811778,0.0,0.0,0.0,0.0,1.0,0.0
277298,1644.62473963,0.0,0.0,0.0,0.0,1.0,0.0
277318,1644.644967321,0.0,0.0,0.0,0.0,1.0,0.0
277338,1644.665508711,0.0,0.0,0.0,0.0,1.0,0.0
277358,1644.685070132,0.0,0.0,0.0,0.0,1.0,0.0
277378,1644.704375172,0.0,0.0,0.0,0.0,1.0,0.0
277398,1644.725631111,0.0,0.0,0.0,0.0,1.0,0.0
277418,1644.744814767,0.0,0.0,0.0,0.0,1.0,0.0
277438,1644.764963444,0.0,0.0,0.0,0.0,1.0,0.0
277458,1644.784535091,0.0,0.0,0.0,0.0,1.0,0.0
277478,1644.804597683,0.0,0.0,0.0,0.0,1.0,0.0
277498,1644.823715142,0.0,0.0,0.0,0.0,1.0,0.0
277518,1644.843930416,0.0,0.0,0.0,0.0,1.0,0.0
277538,1644.864995169,0.0,0.0,0.0,0.0,1.0,0.0
277558,1644.885283922,0.0,0.0,0.0,0.0,1.0,0.0
277578,1644.904809907,0.0,0.0,0.0,0.0,1.0,0.0
277598,1644.925261324,0.0,0.0,0.0,0.0,1.0,0.0
277618,1644.944912425,0.0,0.0,0.0,0.0,1.0,0.0
277638,1644.964460764,0.0,0.0,0.0,0.0,1.0,0.0
277658,1644.984376023,0.0,0.0,0.0,0.0,1.0,0.0
277678,1645.004809716,0.0,0.0,0.0,0.0,1.0,0.0
277698,1645.025076078,0.0,0.0,0.0,0.0,1.0,0.0
277718,1645.044942724,0.0,0.0,0.0,0.0,1.0,0.0
277738,1645.064910821,0.0,0.0,0.0,0.0,1.0,0.0
277758,1645.085577457,0.0,0.0,0.0,0.0,1.0,0.0
277778,1645.104784291,0.0,0.0,0.0,0.0,1.0,0.0
277798,1645.124315218,0.0,0.0,0.0,0.0,1.0,0.0
277818,1645.144458494,0.0,0.0,0.0,0.0,1.0,0.0
277838,1645.165176024,0.0,0.0,0.0,0.0,1.0,0.0
277858,1645.184246338,0.0,0.0,0.0,0.0,1.0,0.0
277878,1645.204797837,0.0,0.0,0.0,0.0,1.0,0.0
277898,1645.224287164,0.0,0.0,0.0,0.0,1.0,0.0
277918,1645.244072258,0.0,0.0,0.0,0.0,1.0,0.0
277938,1645.265456593,0.0,0.0,0.0,0.0,1.0,0.0
277958,1645.28462703,0.0,0.0,0.0,0.0,1.0,0.0
277978,1645.304376745,0.0,0.0,0.0,0.0,1.0,0.0
277998,1645.324885224,0.0,0.0,0.0,0.0,1.0,0.0
278018,1645.34525314,0.0,0.0,0.0,0.0,1.0,0.0
278038,1645.364800945,0.0,0.0,0.0,0.0,1.0,0.0
278058,1645.384349073,0.0,0.0,0.0,0.0,1.0,0.0
278078,1645.404206999,0.0,0.0,0.0,0.0,1.0,0.0
278098,1645.424323574,0.0,0.0,0.0,0.0,1.0,0.0
278118,1645.445032225,0.0,0.0,0.0,0.0,1.0,0.0
278138,1645.465263742,0.0,0.0,0.0,0.0,1.0,0.0
278158,1645.485121607,0.0,0.0,0.0,0.0,1.0,0.0
278178,1645.505306107,0.0,0.0,0.0,0.0,1.0,0.0
278198,1645.525496421,0.0,0.0,0.0,0.0,1.0,0.0
278218,1645.543671484,0.0,0.0,0.0,0.0,1.0,0.0
278238,1645.565233756,0.0,0.0,0.0,0.0,1.0,0.0
278258,1645.585229868,0.0,0.0,0.0,0.0,1.0,0.0
278278,1645.60415508,0.0,0.0,0.0,0.0,1.0,0.0
278298,1645.624561547,0.0,0.0,0.0,0.0,1.0,0.0
278318,1645.644802927,0.0,0.0,0.0,0.0,1.0,0.0
278338,1645.66502538,0.0,0.0,0.0,0.0,1.0,0.0
278358,1645.684223713,0.0,0.0,0.0,0.0,1.0,0.0
278378,1645.704295878,0.0,0.0,0.0,0.0,1.0,0.0
278398,1645.724334385,0.0,0.0,0.0,0.0,1.0,0.0
278418,1645.744428501,0.0,0.0,0.0,0.0,1.0,0.0
278438,1645.764512292,0.0,0.0,0.0,0.0,1.0,0.0
278458,1645.784941408,0.0,0.0,0.0,0.0,1.0,0.0
278478,1645.805412612,0.0,0.0,0.0,0.0,1.0,0.0
278498,1645.825373238,0.0,0.0,0.0,0.0,1.0,0.0
278518,1645.844320279,0.0,0.0,0.0,0.0,1.0,0.0
278538,1645.86457602,0.0,0.0,0.0,0.0,1.0,0.0
278558,1645.885053058,0.0,0.0,0.0,0.0,1.0,0.0
278578,1645.905225837,0.0,0.0,0.0,0.0,1.0,0.0
278598,1645.924119329,0.0,0.0,0.0,0.0,1.0,0.0
278618,1645.945325687,0.0,0.0,0.0,0.0,1.0,0.0
278638,1645.964141284,0.0,0.0,0.0,0.0,1.0,0.0
278658,1645.985319459,0.0,0.0,0.0,0.0,1.0,0.0
278678,1646.004630604,0.0,0.0,0.0,0.0,1.0,0.0
278698,1646.024316645,0.0,0.0,0.0,0.0,1.0,0.0
278718,1646.044403329,0.0,0.0,0.0,0.0,1.0,0.0
278738,1646.064544104,0.0,0.0,0.0,0.0,1.0,0.0
278758,1646.084064956,0.0,0.0,0.0,0.0,1.0,0.0
278778,1646.104876834,0.0,0.0,0.0,0.0,1.0,0.0
278798,1646.125514678,0.0,0.0,0.0,0.0,1.0,0.0
278818,1646.144971072,0.0,0.0,0.0,0.0,1.0,0.0
278838,1646.165374307,0.0,0.0,0.0,0.0,1.0,0.0
278858,1646.184353055,0.0,0.0,0.0,0.0,1.0,0.0
278878,1646.205421561,0.0,0.0,0.0,0.0,1.0,0.0
278898,1646.225082908,0.0,0.0,0.0,0.0,1.0,0.0
278918,1646.244057097,0.0,0.0,0.0,0.0,1.0,0.0
278938,1646.26431004,0.0,0.0,0.0,0.0,1.0,0.0
278958,1646.28467292,0.0,0.0,0.0,0.0,1.0,0.0
278978,1646.305132908,0.0,0.0,0.0,0.0,1.0,0.0
278998,1646.324891218,0.0,0.0,0.0,0.0,1.0,0.0
279018,1646.344876959,0.0,0.0,0.0,0.0,1.0,0.0
279038,1646.364063343,0.0,0.0,0.0,0.0,1.0,0.0
279058,1646.384558503,0.0,0.0,0.0,0.0,1.0,0.0
279078,1646.404055512,0.0,0.0,0.0,0.0,1.0,0.0
279098,1646.424561741,0.0,0.0,0.0,0.0,1.0,0.0
279118,1646.444819031,0.0,0.0,0.0,0.0,1.0,0.0
279138,1646.464446905,0.0,0.0,0.0,0.0,1.0,0.0
279158,1646.48445399,0.0,0.0,0.0,0.0,1.0,0.0
279178,1646.50307095,0.0,0.0,0.0,0.0,1.0,0.0
279198,1646.5248088,0.0,0.0,0.0,0.0,1.0,0.0
279218,1646.543821969,0.0,0.0,0.0,0.0,1.0,0.0
279238,1646.564440928,0.0,0.0,0.0,0.0,1.0,0.0
279258,1646.584934027,0.0,0.0,0.0,0.0,1.0,0.0
279278,1646.605129025,0.0,0.0,0.0,0.0,1.0,0.0
279298,1646.623570587,0.0,0.0,0.0,0.0,1.0,0.0
279318,1646.644137617,0.0,0.0,0.0,0.0,1.0,0.0
279338,1646.664132777,0.0,0.0,0.0,0.0,1.0,0.0
279358,1646.683812275,0.0,0.0,0.0,0.0,1.0,0.0
279378,1646.706106932,0.0,0.0,0.0,0.0,1.0,0.0
279398,1646.723350299,0.0,0.0,0.0,0.0,1.0,0.0
279418,1646.743483107,0.0,0.0,0.0,0.0,1.0,0.0
279438,1646.763555791,0.0,0.0,0.0,0.0,1.0,0.0
279458,1646.783929284,0.0,0.0,0.0,0.0,1.0,0.0
279478,1646.805864392,0.0,0.0,0.0,0.0,1.0,0.0
279498,1646.824349481,0.0,0.0,0.0,0.0,1.0,0.0
279518,1646.844564754,0.0,0.0,0.0,0.0,1.0,0.0
279538,1646.863554034,0.0,0.0,0.0,0.0,1.0,0.0
279558,1646.88405191,0.0,0.0,0.0,0.0,1.0,0.0
279578,1646.904932563,0.0,0.0,0.0,0.0,1.0,0.0
279598,1646.924476179,0.0,0.0,0.0,0.0,1.0,0.0
279618,1646.944385823,0.0,0.0,0.0,0.0,1.0,0.0
279638,1646.96456038,0.0,0.0,0.0,0.0,1.0,0.0
279658,1646.984390151,0.0,0.0,0.0,0.0,1.0,0.0
279678,1647.006124288,0.0,0.0,0.0,0.0,1.0,0.0
279698,1647.024174255,0.0,0.0,0.0,0.0,1.0,0.0
279718,1647.043349046,0.0,0.0,0.0,0.0,1.0,0.0
279738,1647.063673299,0.0,0.0,0.0,0.0,1.0,0.0
279758,1647.084379612,0.0,0.0,0.0,0.0,1.0,0.0
279778,1647.105379673,0.0,0.0,0.0,0.0,1.0,0.0
279798,1647.122655721,0.0,0.0,0.0,0.0,1.0,0.0
279818,1647.143902919,0.0,0.0,0.0,0.0,1.0,0.0
279838,1647.163048018,0.0,0.0,0.0,0.0,1.0,0.0
279858,1647.183521188,0.0,0.0,0.0,0.0,1.0,0.0
279878,1647.203856535,0.0,0.0,0.0,0.0,1.0,0.0
279898,1647.22308153,0.0,0.0,0.0,0.0,1.0,0.0
279918,1647.243118387,0.0,0.0,0.0,0.0,1.0,0.0
279938,1647.263433876,0.0,0.0,0.0,0.0,1.0,0.0
279958,1647.283806803,0.0,0.0,0.0,0.0,1.0,0.0
279978,1647.304558842,0.0,0.0,0.0,0.0,1.0,0.0
279998,1647.323437601,0.0,0.0,0.0,0.0,1.0,0.0
280018,1647.343926333,0.0,0.0,0.0,0.0,1.0,0.0
280038,1647.362953933,0.0,0.0,0.0,0.0,1.0,0.0
280058,1647.382057302,0.0,0.0,0.0,0.0,1.0,0.0
280078,1647.404097477,0.0,0.0,0.0,0.0,1.0,0.0
280098,1647.42294772,0.0,0.0,0.0,0.0,1.0,0.0
280118,1647.443309674,0.0,0.0,0.0,0.0,1.0,0.0
280138,1647.462904792,0.0,0.0,0.0,0.0,1.0,0.0
280158,1647.482435046,0.0,0.0,0.0,0.0,1.0,0.0
280178,1647.502653084,0.0,0.0,0.0,0.0,1.0,0.0
280198,1647.522584812,0.0,0.0,0.0,0.0,1.0,0.0
280218,1647.543068371,0.0,0.0,0.0,0.0,1.0,0.0
280238,1647.562047876,0.0,0.0,0.0,0.0,1.0,0.0
280258,1647.583770975,0.0,0.0,0.0,0.0,1.0,0.0
280278,1647.603556758,0.0,0.0,0.0,0.0,1.0,0.0
280298,1647.622996242,0.0,0.0,0.0,0.0,1.0,0.0
280318,1647.642594999,0.0,0.0,0.0,0.0,1.0,0.0
280338,1647.66282094,0.0,0.0,0.0,0.0,1.0,0.0
280358,1647.68339787,0.0,0.0,0.0,0.0,1.0,0.0
280378,1647.7018404,0.0,0.0,0.0,0.0,1.0,0.0
280398,1647.721734347,0.0,0.0,0.0,0.0,1.0,0.0
280418,1647.742600986,0.0,0.0,0.0,0.0,1.0,0.0
280438,1647.762759377,0.0,0.0,0.0,0.0,1.0,0.0
280458,1647.783454398,0.0,0.0,0.0,0.0,1.0,0.0
280478,1647.804106,0.0,0.0,0.0,0.0,1.0,0.0
280498,1647.823630616,0.0,0.0,0.0,0.0,1.0,0.0
280518,1647.844057557,0.0,0.0,0.0,0.0,1.0,0.0
280538,1647.863045938,0.0,0.0,0.0,0.0,1.0,0.0
280558,1647.883337441,0.0,0.0,0.0,0.0,1.0,0.0
280578,1647.903056264,0.0,0.0,0.0,0.0,1.0,0.0
280598,1647.923781205,0.0,0.0,0.0,0.0,1.0,0.0
280618,1647.944101876,0.0,0.0,0.0,0.0,1.0,0.0
280638,1647.963787294,0.0,0.0,0.0,0.0,1.0,0.0
280658,1647.983935102,0.0,0.0,0.0,0.0,1.0,0.0
280678,1648.002872072,0.0,0.0,0.0,0.0,1.0,0.0
280698,1648.023099682,0.0,0.0,0.0,0.0,1.0,0.0
280718,1648.043874887,0.0,0.0,0.0,0.0,1.0,0.0
280738,1648.063891709,0.0,0.0,0.0,0.0,1.0,0.0
280758,1648.08357896,0.0,0.0,0.0,0.0,1.0,0.0
280778,1648.103416751,0.0,0.0,0.0,0.0,1.0,0.0
280798,1648.123083447,0.0,0.0,0.0,0.0,1.0,0.0
280818,1648.143113126,0.0,0.0,0.0,0.0,1.0,0.0
280838,1648.162565063,0.0,0.0,0.0,0.0,1.0,0.0
280858,1648.182927308,0.0,0.0,0.0,0.0,1.0,0.0
280878,1648.203784637,0.0,0.0,0.0,0.0,1.0,0.0
280898,1648.223125233,0.0,0.0,0.0,0.0,1.0,0.0
280918,1648.243110265,0.0,0.0,0.0,0.0,1.0,0.0
280938,1648.263619244,0.0,0.0,0.0,0.0,1.0,0.0
280958,1648.283605854,0.0,0.0,0.0,0.0,1.0,0.0
280978,1648.303143032,0.0,0.0,0.0,0.0,1.0,0.0
280998,1648.32355487,0.0,0.0,0.0,0.0,1.0,0.0
281018,1648.343338445,0.0,0.0,0.0,0.0,1.0,0.0
281038,1648.363252722,0.0,0.0,0.0,0.0,1.0,0.0
281058,1648.383593392,0.0,0.0,0.0,0.0,1.0,0.0
281078,1648.402646945,0.0,0.0,0.0,0.0,1.0,0.0
281098,1648.423437984,0.0,0.0,0.0,0.0,1.0,0.0
281118,1648.443857784,0.0,0.0,0.0,0.0,1.0,0.0
281138,1648.462582904,0.0,0.0,0.0,0.0,1.0,0.0
281158,1648.482795487,0.0,0.0,0.0,0.0,1.0,0.0
281178,1648.502799319,0.0,0.0,0.0,0.0,1.0,0.0
281198,1648.523562214,0.0,0.0,0.0,0.0,1.0,0.0
281218,1648.542573887,0.0,0.0,0.0,0.0,1.0,0.0
281238,1648.562795118,0.0,0.0,0.0,0.0,1.0,0.0
281258,1648.583302931,0.0,0.0,0.0,0.0,1.0,0.0
281278,1648.603608419,0.0,0.0,0.0,0.0,1.0,0.0
281298,1648.623151078,0.0,0.0,0.0,0.0,1.0,0.0
281318,1648.643143992,0.0,0.0,0.0,0.0,1.0,0.0
281338,1648.662306361,0.0,0.0,0.0,0.0,1.0,0.0
281358,1648.682539767,0.0,0.0,0.0,0.0,1.0,0.0
281378,1648.702633071,0.0,0.0,0.0,0.0,1.0,0.0
281398,1648.722326069,0.0,0.0,0.0,0.0,1.0,0.0
281418,1648.742544937,0.0,0.0,0.0,0.0,1.0,0.0
281438,1648.763076567,0.0,0.0,0.0,0.0,1.0,0.0
281458,1648.782151735,0.0,0.0,0.0,0.0,1.0,0.0
281478,1648.803442552,0.0,0.0,0.0,0.0,1.0,0.0
281498,1648.823504478,0.0,0.0,0.0,0.0,1.0,0.0
281518,1648.842611745,0.0,0.0,0.0,0.0,1.0,0.0
281538,1648.862822239,0.0,0.0,0.0,0.0,1.0,0.0
281558,1648.883426535,0.0,0.0,0.0,0.0,1.0,0.0
281578,1648.902594058,0.0,0.0,0.0,0.0,1.0,0.0
281598,1648.922384195,0.0,0.0,0.0,0.0,1.0,0.0
281618,1648.943445439,0.0,0.0,0.0,0.0,1.0,0.0
281638,1648.962415599,0.0,0.0,0.0,0.0,1.0,0.0
281658,1648.983397362,0.0,0.0,0.0,0.0,1.0,0.0
281678,1649.002496999,0.0,0.0,0.0,0.0,1.0,0.0
281698,1649.022342618,0.0,0.0,0.0,0.0,1.0,0.0
281718,1649.042822609,0.0,0.0,0.0,0.0,1.0,0.0
281738,1649.061667147,0.0,0.0,0.0,0.0,1.0,0.0
281758,1649.082820866,0.0,0.0,0.0,0.0,1.0,0.0
281778,1649.103365154,0.0,0.0,0.0,0.0,1.0,0.0
281798,1649.122931252,0.0,0.0,0.0,0.0,1.0,0.0
281818,1649.142830153,0.0,0.0,0.0,0.0,1.0,0.0
281838,1649.163146202,0.0,0.0,0.0,0.0,1.0,0.0
281858,1649.181702486,0.0,0.0,0.0,0.0,1.0,0.0
281878,1649.202642185,0.0,0.0,0.0,0.0,1.0,0.0
281898,1649.222453932,0.0,0.0,0.0,0.0,1.0,0.0
281918,1649.24314794,0.0,0.0,0.0,0.0,1.0,0.0
281938,1649.262982995,0.0,0.0,0.0,0.0,1.0,0.0
281958,1649.281875584,0.0,0.0,0.0,0.0,1.0,0.0
281978,1649.301108107,0.0,0.0,0.0,0.0,1.0,0.0
281998,1649.321668704,0.0,0.0,0.0,0.0,1.0,0.0
282018,1649.342817738,0.0,0.0,0.0,0.0,1.0,0.0
282038,1649.360916357,0.0,0.0,0.0,0.0,1.0,0.0
282058,1649.381734006,0.0,0.0,0.0,0.0,1.0,0.0
282078,1649.40231177,0.0,0.0,0.0,0.0,1.0,0.0
282098,1649.421715373,0.0,0.0,0.0,0.0,1.0,0.0
282118,1649.441918249,0.0,0.0,0.0,0.0,1.0,0.0
282138,1649.462031896,0.0,0.0,0.0,0.0,1.0,0.0
282158,1649.480840834,0.0,0.0,0.0,0.0,1.0,0.0
282178,1649.502558434,0.0,0.0,0.0,0.0,1.0,0.0
282198,1649.52213508,0.0,0.0,0.0,0.0,1.0,0.0
282218,1649.542513368,0.0,0.0,0.0,0.0,1.0,0.0
282238,1649.561723676,0.0,0.0,0.0,0.0,1.0,0.0
282258,1649.581472717,0.0,0.0,0.0,0.0,1.0,0.0
282278,1649.601887162,0.0,0.0,0.0,0.0,1.0,0.0
282298,1649.621555678,0.0,0.0,0.0,0.0,1.0,0.0
282318,1649.642279737,0.0,0.0,0.0,0.0,1.0,0.0
282338,1649.662549332,0.0,0.0,0.0,0.0,1.0,0.0
282358,1649.682760678,0.0,0.0,0.0,0.0,1.0,0.0
282378,1649.701645965,0.0,0.0,0.0,0.0,1.0,0.0
282398,1649.722783436,0.0,0.0,0.0,0.0,1.0,0.0
282418,1649.741565908,0.0,0.0,0.0,0.0,1.0,0.0
282438,1649.761550831,0.0,0.0,0.0,0.0,1.0,0.0
282458,1649.782205435,0.0,0.0,0.0,0.0,1.0,0.0
282478,1649.802654063,0.0,0.0,0.0,0.0,1.0,0.0
282498,1649.822903211,0.0,0.0,0.0,0.0,1.0,0.0
282518,1649.842486442,0.0,0.0,0.0,0.0,1.0,0.0
282538,1649.862923646,0.0,0.0,0.0,0.0,1.0,0.0
282558,1649.881848138,0.0,0.0,0.0,0.0,1.0,0.0
282578,1649.902386233,0.0,0.0,0.0,0.0,1.0,0.0
282598,1649.922601191,0.0,0.0,0.0,0.0,1.0,0.0
282618,1649.94168713,0.0,0.0,0.0,0.0,1.0,0.0
282638,1649.962140639,0.0,0.0,0.0,0.0,1.0,0.0
282658,1649.982535903,0.0,0.0,0.0,0.0,1.0,0.0
282678,1650.001612852,0.0,0.0,0.0,0.0,1.0,0.0
282698,1650.022458499,0.0,0.0,0.0,0.0,1.0,0.0
282718,1650.041453699,0.0,0.0,0.0,0.0,1.0,0.0
282738,1650.062079326,0.0,0.0,0.0,0.0,1.0,0.0
282758,1650.083537449,0.0,0.0,0.0,0.0,1.0,0.0
282778,1650.101496186,0.0,0.0,0.0,0.0,1.0,0.0
282798,1650.121378906,0.0,0.0,0.0,0.0,1.0,0.0
282818,1650.142119192,0.0,0.0,0.0,0.0,1.0,0.0
282838,1650.1616133,0.0,0.0,0.0,0.0,1.0,0.0
282858,1650.1822353,0.0,0.0,0.0,0.0,1.0,0.0
282878,1650.200477815,0.0,0.0,0.0,0.0,1.0,0.0
282898,1650.221781335,0.0,0.0,0.0,0.0,1.0,0.0
282918,1650.240266867,0.0,0.0,0.0,0.0,1.0,0.0
282938,1650.261846738,0.0,0.0,0.0,0.0,1.0,0.0
282958,1650.281026191,0.0,0.0,0.0,0.0,1.0,0.0
282978,1650.301850706,0.0,0.0,0.0,0.0,1.0,0.0
282998,1650.320899321,0.0,0.0,0.0,0.0,1.0,0.0
283018,1650.342303386,0.0,0.0,0.0,0.0,1.0,0.0
283038,1650.360951842,0.0,0.0,0.0,0.0,1.0,0.0
283058,1650.381364379,0.0,0.0,0.0,0.0,1.0,0.0
283078,1650.400795945,0.0,0.0,0.0,0.0,1.0,0.0
283098,1650.420776695,0.0,0.0,0.0,0.0,1.0,0.0
283118,1650.441618247,0.0,0.0,0.0,0.0,1.0,0.0
283138,1650.462308362,0.0,0.0,0.0,0.0,1.0,0.0
283158,1650.480999194,0.0,0.0,0.0,0.0,1.0,0.0
283178,1650.50017278,0.0,0.0,0.0,0.0,1.0,0.0
283198,1650.520800338,0.0,0.0,0.0,0.0,1.0,0.0
283218,1650.540991075,0.0,0.0,0.0,0.0,1.0,0.0
283238,1650.560668584,0.0,0.0,0.0,0.0,1.0,0.0
283258,1650.579905886,0.0,0.0,0.0,0.0,1.0,0.0
283278,1650.601721115,0.0,0.0,0.0,0.0,1.0,0.0
283298,1650.621021386,0.0,0.0,0.0,0.0,1.0,0.0
283318,1650.639974602,0.0,0.0,0.0,0.0,1.0,0.0
283338,1650.661322884,0.0,0.0,0.0,0.0,1.0,0.0
283358,1650.680350596,0.0,0.0,0.0,0.0,1.0,0.0
283378,1650.701772323,0.0,0.0,0.0,0.0,1.0,0.0
283398,1650.720624634,0.0,0.0,0.0,0.0,1.0,0.0
283418,1650.741384498,0.0,0.0,0.0,0.0,1.0,0.0
283438,1650.761632829,0.0,0.0,0.0,0.0,1.0,0.0
283458,1650.781765181,0.0,0.0,0.0,0.0,1.0,0.0
283478,1650.802245688,0.0,0.0,0.0,0.0,1.0,0.0
283498,1650.821582076,0.0,0.0,0.0,0.0,1.0,0.0
283518,1650.842063374,0.0,0.0,0.0,0.0,1.0,0.0
283538,1650.860841264,0.0,0.0,0.0,0.0,1.0,0.0
283558,1650.881366093,0.0,0.0,0.0,0.0,1.0,0.0
283578,1650.901555876,0.0,0.0,0.0,0.0,1.0,0.0
283598,1650.922532155,0.0,0.0,0.0,0.0,1.0,0.0
283618,1650.940915325,0.0,0.0,0.0,0.0,1.0,0.0
283638,1650.961460529,0.0,0.0,0.0,0.0,1.0,0.0
283658,1650.980368845,0.0,0.0,0.0,0.0,1.0,0.0
283678,1651.000518056,0.0,0.0,0.0,0.0,1.0,0.0
283698,1651.022283892,0.0,0.0,0.0,0.0,1.0,0.0
283718,1651.041085057,0.0,0.0,0.0,0.0,1.0,0.0
283738,1651.06113726,0.0,0.0,0.0,0.0,1.0,0.0
283758,1651.080765,0.0,0.0,0.0,0.0,1.0,0.0
283778,1651.101565318,0.0,0.0,0.0,0.0,1.0,0.0
283798,1651.122474408,0.0,0.0,0.0,0.0,1.0,0.0
283818,1651.140987897,0.0,0.0,0.0,0.0,1.0,0.0
283838,1651.161287568,0.0,0.0,0.0,0.0,1.0,0.0
283858,1651.181531916,0.0,0.0,0.0,0.0,1.0,0.0
283878,1651.2015645,0.0,0.0,0.0,0.0,1.0,0.0
283898,1651.222470538,0.0,0.0,0.0,0.0,1.0,0.0
283918,1651.240772649,0.0,0.0,0.0,0.0,1.0,0.0
283938,1651.260919928,0.0,0.0,0.0,0.0,1.0,0.0
283958,1651.280457416,0.0,0.0,0.0,0.0,1.0,0.0
283978,1651.300203716,0.0,0.0,0.0,0.0,1.0,0.0
283998,1651.32122353,0.0,0.0,0.0,0.0,1.0,0.0
284018,1651.340242626,0.0,0.0,0.0,0.0,1.0,0.0
284038,1651.360386975,0.0,0.0,0.0,0.0,1.0,0.0
284058,1651.380840122,0.0,0.0,0.0,0.0,1.0,0.0
284078,1651.40112376,0.0,0.0,0.0,0.0,1.0,0.0
284098,1651.422116614,0.0,0.0,0.0,0.0,1.0,0.0
284118,1651.441266086,0.0,0.0,0.0,0.0,1.0,0.0
284138,1651.460798109,0.0,0.0,0.0,0.0,1.0,0.0
284158,1651.479038,0.0,0.0,0.0,0.0,1.0,0.0
284178,1651.499904975,0.0,0.0,0.0,0.0,1.0,0.0
284198,1651.521788214,0.0,0.0,0.0,0.0,1.0,0.0
284218,1651.540028141,0.0,0.0,0.0,0.0,1.0,0.0
284238,1651.560233024,0.0,0.0,0.0,0.0,1.0,0.0
284258,1651.580119323,0.0,0.0,0.0,0.0,1.0,0.0
284278,1651.600035379,0.0,0.0,0.0,0.0,1.0,0.0
284298,1651.622461654,0.0,0.0,0.0,0.0,1.0,0.0
284318,1651.640239285,0.0,0.0,0.0,0.0,1.0,0.0
284338,1651.659132655,0.0,0.0,0.0,0.0,1.0,0.0
284358,1651.679706126,0.0,0.0,0.0,0.0,1.0,0.0
284378,1651.700073921,0.0,0.0,0.0,0.0,1.0,0.0
284398,1651.722093756,0.0,0.0,0.0,0.0,1.0,0.0
284418,1651.741138882,0.0,0.0,0.0,0.0,1.0,0.0
284438,1651.759565962,0.0,0.0,0.0,0.0,1.0,0.0
284458,1651.779632286,0.0,0.0,0.0,0.0,1.0,0.0
284478,1651.799839227,0.0,0.0,0.0,0.0,1.0,0.0
284498,1651.822779741,0.0,0.0,0.0,0.0,1.0,0.0
284518,1651.840380436,0.0,0.0,0.0,0.0,1.0,0.0
284538,1651.860726403,0.0,0.0,0.0,0.0,1.0,0.0
284558,1651.880752694,0.0,0.0,0.0,0.0,1.0,0.0
284578,1651.90060084,0.0,0.0,0.0,0.0,1.0,0.0
284598,1651.921404839,0.0,0.0,0.0,0.0,1.0,0.0
284618,1651.939740534,0.0,0.0,0.0,0.0,1.0,0.0
284638,1651.960315762,0.0,0.0,0.0,0.0,1.0,0.0
284658,1651.980235939,0.0,0.0,0.0,0.0,1.0,0.0
284678,1651.999949081,0.0,0.0,0.0,0.0,1.0,0.0
284698,1652.020360308,0.0,0.0,0.0,0.0,1.0,0.0
284718,1652.040495285,0.0,0.0,0.0,0.0,1.0,0.0
284738,1652.060625754,0.0,0.0,0.0,0.0,1.0,0.0
284758,1652.080562548,0.0,0.0,0.0,0.0,1.0,0.0
284778,1652.101063242,0.0,0.0,0.0,0.0,1.0,0.0
284798,1652.119728552,0.0,0.0,0.0,0.0,1.0,0.0
284818,1652.141120507,0.0,0.0,0.0,0.0,1.0,0.0
284838,1652.161544331,0.0,0.0,0.0,0.0,1.0,0.0
284858,1652.181131618,0.0,0.0,0.0,0.0,1.0,0.0
284878,1652.200557473,0.0,0.0,0.0,0.0,1.0,0.0
284898,1652.221044768,0.0,0.0,0.0,0.0,1.0,0.0
284918,1652.241190945,0.0,0.0,0.0,0.0,1.0,0.0
284938,1652.259649663,0.0,0.0,0.0,0.0,1.0,0.0
284958,1652.280100631,0.0,0.0,0.0,0.0,1.0,0.0
284978,1652.300565449,0.0,0.0,0.0,0.0,1.0,0.0
284998,1652.320719398,0.0,0.0,0.0,0.0,1.0,0.0
285018,1652.340556225,0.0,0.0,0.0,0.0,1.0,0.0
285038,1652.361163199,0.0,0.0,0.0,0.0,1.0,0.0
285058,1652.380020475,0.0,0.0,0.0,0.0,1.0,0.0
285078,1652.400187878,0.0,0.0,0.0,0.0,1.0,0.0
285098,1652.419791922,0.0,0.0,0.0,0.0,1.0,0.0
285118,1652.440571096,0.0,0.0,0.0,0.0,1.0,0.0
285138,1652.460593657,0.0,0.0,0.0,0.0,1.0,0.0
285158,1652.480818877,0.0,0.0,0.0,0.0,1.0,0.0
285178,1652.49957178,0.0,0.0,0.0,0.0,1.0,0.0
285198,1652.519610269,0.0,0.0,0.0,0.0,1.0,0.0
285218,1652.540718262,0.0,0.0,0.0,0.0,1.0,0.0
285238,1652.560580792,0.0,0.0,0.0,0.0,1.0,0.0
285258,1652.580313432,0.0,0.0,0.0,0.0,1.0,0.0
285278,1652.600558012,0.0,0.0,0.0,0.0,1.0,0.0
285298,1652.619714672,0.0,0.0,0.0,0.0,1.0,0.0
285318,1652.64059341,0.0,0.0,0.0,0.0,1.0,0.0
285338,1652.660825651,0.0,0.0,0.0,0.0,1.0,0.0
285358,1652.679591656,0.0,0.0,0.0,0.0,1.0,0.0
285378,1652.699852126,0.0,0.0,0.0,0.0,1.0,0.0
285398,1652.719863088,0.0,0.0,0.0,0.0,1.0,0.0
285418,1652.740574957,0.0,0.0,0.0,0.0,1.0,0.0
285438,1652.760549552,0.0,0.0,0.0,0.0,1.0,0.0
285458,1652.779779695,0.0,0.0,0.0,0.0,1.0,0.0
285478,1652.800763106,0.0,0.0,0.0,0.0,1.0,0.0
285498,1652.819856841,0.0,0.0,0.0,0.0,1.0,0.0
285518,1652.84062409,0.0,0.0,0.0,0.0,1.0,0.0
285538,1652.859317945,0.0,0.0,0.0,0.0,1.0,0.0
285558,1652.879563615,0.0,0.0,0.0,0.0,1.0,0.0
285578,1652.899156176,0.0,0.0,0.0,0.0,1.0,0.0
285598,1652.919675296,0.0,0.0,0.0,0.0,1.0,0.0
285618,1652.938924203,0.0,0.0,0.0,0.0,1.0,0.0
285638,1652.959387504,0.0,0.0,0.0,0.0,1.0,0.0
285658,1652.978709541,0.0,0.0,0.0,0.0,1.0,0.0
285678,1652.99894733,0.0,0.0,0.0,0.0,1.0,0.0
285698,1653.019639692,0.0,0.0,0.0,0.0,1.0,0.0
285718,1653.038248981,0.0,0.0,0.0,0.0,1.0,0.0
285738,1653.059278272,0.0,0.0,0.0,0.0,1.0,0.0
285758,1653.079926145,0.0,0.0,0.0,0.0,1.0,0.0
285778,1653.100110268,0.0,0.0,0.0,0.0,1.0,0.0
285798,1653.120304112,0.0,0.0,0.0,0.0,1.0,0.0
285818,1653.139628226,0.0,0.0,0.0,0.0,1.0,0.0
285838,1653.159612137,0.0,0.0,0.0,0.0,1.0,0.0
285858,1653.179964763,0.0,0.0,0.0,0.0,1.0,0.0
285878,1653.200243516,0.0,0.0,0.0,0.0,1.0,0.0
285898,1653.22052585,0.0,0.0,0.0,0.0,1.0,0.0
285918,1653.239754869,0.0,0.0,0.0,0.0,1.0,0.0
285938,1653.260121475,0.0,0.0,0.0,0.0,1.0,0.0
285958,1653.279098453,0.0,0.0,0.0,0.0,1.0,0.0
285978,1653.297507651,0.0,0.0,0.0,0.0,1.0,0.0
285998,1653.317539685,0.0,0.0,0.0,0.0,1.0,0.0
286018,1653.337430886,0.0,0.0,0.0,0.0,1.0,0.0
286038,1653.358992739,0.0,0.0,0.0,0.0,1.0,0.0
286058,1653.379044106,0.0,0.0,0.0,0.0,1.0,0.0
286078,1653.399646855,0.0,0.0,0.0,0.0,1.0,0.0
286098,1653.420361021,0.0,0.0,0.0,0.0,1.0,0.0
286118,1653.440185479,0.0,0.0,0.0,0.0,1.0,0.0
286138,1653.459393728,0.0,0.0,0.0,0.0,1.0,0.0
286158,1653.480098964,0.0,0.0,0.0,0.0,1.0,0.0
286178,1653.499622238,0.0,0.0,0.0,0.0,1.0,0.0
286198,1653.520480268,0.0,0.0,0.0,0.0,1.0,0.0
286218,1653.539643636,0.0,0.0,0.0,0.0,1.0,0.0
286238,1653.559332389,0.0,0.0,0.0,0.0,1.0,0.0
286258,1653.578466889,0.0,0.0,0.0,0.0,1.0,0.0
286278,1653.59902745,0.0,0.0,0.0,0.0,1.0,0.0
286298,1653.617721188,0.0,0.0,0.0,0.0,1.0,0.0
286318,1653.638357289,0.0,0.0,0.0,0.0,1.0,0.0
286338,1653.658953496,0.0,0.0,0.0,0.0,1.0,0.0
286358,1653.679376849,0.0,0.0,0.0,0.0,1.0,0.0
286378,1653.699722506,0.0,0.0,0.0,0.0,1.0,0.0
286398,1653.719465679,0.0,0.0,0.0,0.0,1.0,0.0
286418,1653.738658881,0.0,0.0,0.0,0.0,1.0,0.0
286438,1653.758706146,0.0,0.0,0.0,0.0,1.0,0.0
286458,1653.778605876,0.0,0.0,0.0,0.0,1.0,0.0
286478,1653.79903909,0.0,0.0,0.0,0.0,1.0,0.0
286498,1653.818714513,0.0,0.0,0.0,0.0,1.0,0.0
286518,1653.838447511,0.0,0.0,0.0,0.0,1.0,0.0
286538,1653.85873676,0.0,0.0,0.0,0.0,1.0,0.0
286558,1653.87913822,0.0,0.0,0.0,0.0,1.0,0.0
286578,1653.898869977,0.0,0.0,0.0,0.0,1.0,0.0
286598,1653.918366278,0.0,0.0,0.0,0.0,1.0,0.0
286618,1653.938121015,0.0,0.0,0.0,0.0,1.0,0.0
286638,1653.959389757,0.0,0.0,0.0,0.0,1.0,0.0
286658,1653.979876072,0.0,0.0,0.0,0.0,1.0,0.0
286678,1653.998857482,0.0,0.0,0.0,0.0,1.0,0.0
286698,1654.019683472,0.0,0.0,0.0,0.0,1.0,0.0
286718,1654.039439095,0.0,0.0,0.0,0.0,1.0,0.0
286738,1654.058633658,0.0,0.0,0.0,0.0,1.0,0.0
286758,1654.078772836,0.0,0.0,0.0,0.0,1.0,0.0
286778,1654.098931646,0.0,0.0,0.0,0.0,1.0,0.0
286798,1654.119423765,0.0,0.0,0.0,0.0,1.0,0.0
286818,1654.13954815,0.0,0.0,0.0,0.0,1.0,0.0
286838,1654.158574148,0.0,0.0,0.0,0.0,1.0,0.0
286858,1654.179423911,0.0,0.0,0.0,0.0,1.0,0.0
286878,1654.198753211,0.0,0.0,0.0,0.0,1.0,0.0
286898,1654.21853045,0.0,0.0,0.0,0.0,1.0,0.0
286918,1654.239415885,0.0,0.0,0.0,0.0,1.0,0.0
286938,1654.2585972,0.0,0.0,0.0,0.0,1.0,0.0
286958,1654.2789417,0.0,0.0,0.0,0.0,1.0,0.0
286978,1654.299738547,0.0,0.0,0.0,0.0,1.0,0.0
286998,1654.319624505,0.0,0.0,0.0,0.0,1.0,0.0
287018,1654.338648089,0.0,0.0,0.0,0.0,1.0,0.0
287038,1654.358934583,0.0,0.0,0.0,0.0,1.0,0.0
287058,1654.379671244,0.0,0.0,0.0,0.0,1.0,0.0
287078,1654.3986299,0.0,0.0,0.0,0.0,1.0,0.0
287098,1654.419026474,0.0,0.0,0.0,0.0,1.0,0.0
287118,1654.440424598,0.0,0.0,0.0,0.0,1.0,0.0
287138,1654.459235032,0.0,0.0,0.0,0.0,1.0,0.0
287158,1654.479884222,0.0,0.0,0.0,0.0,1.0,0.0
287178,1654.499382902,0.0,0.0,0.0,0.0,1.0,0.0
287198,1654.519746906,0.0,0.0,0.0,0.0,1.0,0.0
287218,1654.539121554,0.0,0.0,0.0,0.0,1.0,0.0
287238,1654.558599469,0.0,0.0,0.0,0.0,1.0,0.0
287258,1654.579178267,0.0,0.0,0.0,0.0,1.0,0.0
287278,1654.5984042,0.0,0.0,0.0,0.0,1.0,0.0
287298,1654.618932997,0.0,0.0,0.0,0.0,1.0,0.0
287318,1654.639979839,0.0,0.0,0.0,0.0,1.0,0.0
287338,1654.659557038,0.0,0.0,0.0,0.0,1.0,0.0
287358,1654.678880299,0.0,0.0,0.0,0.0,1.0,0.0
287378,1654.698386379,0.0,0.0,0.0,0.0,1.0,0.0
287398,1654.718413118,0.0,0.0,0.0,0.0,1.0,0.0
287418,1654.739089455,0.0,0.0,0.0,0.0,1.0,0.0
287438,1654.757474031,0.0,0.0,0.0,0.0,1.0,0.0
287458,1654.77780494,0.0,0.0,0.0,0.0,1.0,0.0
287478,1654.797403241,0.0,0.0,0.0,0.0,1.0,0.0
287498,1654.817777835,0.0,0.0,0.0,0.0,1.0,0.0
287518,1654.840269664,0.0,0.0,0.0,0.0,1.0,0.0
287538,1654.858830443,0.0,0.0,0.0,0.0,1.0,0.0
287558,1654.877901078,0.0,0.0,0.0,0.0,1.0,0.0
287578,1654.897731124,0.0,0.0,0.0,0.0,1.0,0.0
287598,1654.918124155,0.0,0.0,0.0,0.0,1.0,0.0
287618,1654.938532426,0.0,0.0,0.0,0.0,1.0,0.0
287638,1654.958361489,0.0,0.0,0.0,0.0,1.0,0.0
287658,1654.978722806,0.0,0.0,0.0,0.0,1.0,0.0
287678,1654.997906342,0.0,0.0,0.0,0.0,1.0,0.0
287698,1655.017320769,0.0,0.0,0.0,0.0,1.0,0.0
287718,1655.038308942,0.0,0.0,0.0,0.0,1.0,0.0
287738,1655.057323184,0.0,0.0,0.0,0.0,1.0,0.0
287758,1655.076962322,0.0,0.0,0.0,0.0,1.0,0.0
287778,1655.097828936,0.0,0.0,0.0,0.0,1.0,0.0
287798,1655.1182252,0.0,0.0,0.0,0.0,1.0,0.0
287818,1655.138652596,0.0,0.0,0.0,0.0,1.0,0.0
287838,1655.157764611,0.0,0.0,0.0,0.0,1.0,0.0
287858,1655.178599783,0.0,0.0,0.0,0.0,1.0,0.0
287878,1655.198633169,0.0,0.0,0.0,0.0,1.0,0.0
287898,1655.217837263,0.0,0.0,0.0,0.0,1.0,0.0
287918,1655.240387918,0.0,0.0,0.0,0.0,1.0,0.0
287938,1655.258342378,0.0,0.0,0.0,0.0,1.0,0.0
287958,1655.278585554,0.0,0.0,0.0,0.0,1.0,0.0
287978,1655.298624729,0.0,0.0,0.0,0.0,1.0,0.0
287998,1655.317887541,0.0,0.0,0.0,0.0,1.0,0.0
288018,1655.340612221,0.0,0.0,0.0,0.0,1.0,0.0
288038,1655.358376859,0.0,0.0,0.0,0.0,1.0,0.0
288058,1655.378914454,0.0,0.0,0.0,0.0,1.0,0.0
288078,1655.39795691,0.0,0.0,0.0,0.0,1.0,0.0
288098,1655.418412056,0.0,0.0,0.0,0.0,1.0,0.0
288118,1655.440531603,0.0,0.0,0.0,0.0,1.0,0.0
288138,1655.458400364,0.0,0.0,0.0,0.0,1.0,0.0
288158,1655.47861391,0.0,0.0,0.0,0.0,1.0,0.0
288178,1655.498147861,0.0,0.0,0.0,0.0,1.0,0.0
288198,1655.518504599,0.0,0.0,0.0,0.0,1.0,0.0
288218,1655.540609039,0.0,0.0,0.0,0.0,1.0,0.0
288238,1655.557635507,0.0,0.0,0.0,0.0,1.0,0.0
288258,1655.578037218,0.0,0.0,0.0,0.0,1.0,0.0
288278,1655.598627798,0.0,0.0,0.0,0.0,1.0,0.0
288298,1655.617540399,0.0,0.0,0.0,0.0,1.0,0.0
288318,1655.640714046,0.0,0.0,0.0,0.0,1.0,0.0
288338,1655.658723336,0.0,0.0,0.0,0.0,1.0,0.0
288358,1655.677933176,0.0,0.0,0.0,0.0,1.0,0.0
288378,1655.69861453,0.0,0.0,0.0,0.0,1.0,0.0
288398,1655.717774889,0.0,0.0,0.0,0.0,1.0,0.0
288418,1655.740131909,0.0,0.0,0.0,0.0,1.0,0.0
288438,1655.757130853,0.0,0.0,0.0,0.0,1.0,0.0
288458,1655.777370215,0.0,0.0,0.0,0.0,1.0,0.0
288478,1655.796605322,0.0,0.0,0.0,0.0,1.0,0.0
288498,1655.817118698,0.0,0.0,0.0,0.0,1.0,0.0
288518,1655.83676713,0.0,0.0,0.0,0.0,1.0,0.0
288538,1655.85728256,0.0,0.0,0.0,0.0,1.0,0.0
288558,1655.877300626,0.0,0.0,0.0,0.0,1.0,0.0
288578,1655.89773667,0.0,0.0,0.0,0.0,1.0,0.0
288598,1655.918037928,0.0,0.0,0.0,0.0,1.0,0.0
288618,1655.936365345,0.0,0.0,0.0,0.0,1.0,0.0
288638,1655.95712505,0.0,0.0,0.0,0.0,1.0,0.0
288658,1655.977033658,0.0,0.0,0.0,0.0,1.0,0.0
288678,1655.997084749,0.0,0.0,0.0,0.0,1.0,0.0
288698,1656.017129202,0.0,0.0,0.0,0.0,1.0,0.0
288718,1656.036965202,0.0,0.0,0.0,0.0,1.0,0.0
288738,1656.057027346,0.0,0.0,0.0,0.0,1.0,0.0
288758,1656.077360366,0.0,0.0,0.0,0.0,1.0,0.0
288778,1656.09780681,0.0,0.0,0.0,0.0,1.0,0.0
288798,1656.117220386,0.0,0.0,0.0,0.0,1.0,0.0
288818,1656.137373393,0.0,0.0,0.0,0.0,1.0,0.0
288838,1656.156941933,0.0,0.0,0.0,0.0,1.0,0.0
288858,1656.177294202,0.0,0.0,0.0,0.0,1.0,0.0
288878,1656.196688435,0.0,0.0,0.0,0.0,1.0,0.0
288898,1656.21780958,0.0,0.0,0.0,0.0,1.0,0.0
288918,1656.237381228,0.0,0.0,0.0,0.0,1.0,0.0
288938,1656.258294991,0.0,0.0,0.0,0.0,1.0,0.0
288958,1656.277623279,0.0,0.0,0.0,0.0,1.0,0.0
288978,1656.298359577,0.0,0.0,0.0,0.0,1.0,0.0
288998,1656.317344279,0.0,0.0,0.0,0.0,1.0,0.0
289018,1656.337865398,0.0,0.0,0.0,0.0,1.0,0.0
289038,1656.357585255,0.0,0.0,0.0,0.0,1.0,0.0
289058,1656.378399059,0.0,0.0,0.0,0.0,1.0,0.0
289078,1656.397607412,0.0,0.0,0.0,0.0,1.0,0.0
289098,1656.417833747,0.0,0.0,0.0,0.0,1.0,0.0
289118,1656.438021199,0.0,0.0,0.0,0.0,1.0,0.0
289138,1656.457953514,0.0,0.0,0.0,0.0,1.0,0.0
289158,1656.477321987,0.0,0.0,0.0,0.0,1.0,0.0
289178,1656.497826411,0.0,0.0,0.0,0.0,1.0,0.0
289198,1656.517337098,0.0,0.0,0.0,0.0,1.0,0.0
289218,1656.537871056,0.0,0.0,0.0,0.0,1.0,0.0
289238,1656.557541676,0.0,0.0,0.0,0.0,1.0,0.0
289258,1656.578387227,0.0,0.0,0.0,0.0,1.0,0.0
289278,1656.5973908,0.0,0.0,0.0,0.0,1.0,0.0
289298,1656.618140147,0.0,0.0,0.0,0.0,1.0,0.0
289318,1656.636581851,0.0,0.0,0.0,0.0,1.0,0.0
289338,1656.658114064,0.0,0.0,0.0,0.0,1.0,0.0
289358,1656.676929055,0.0,0.0,0.0,0.0,1.0,0.0
289378,1656.697799663,0.0,0.0,0.0,0.0,1.0,0.0
289398,1656.717332668,0.0,0.0,0.0,0.0,1.0,0.0
289418,1656.73811432,0.0,0.0,0.0,0.0,1.0,0.0
289438,1656.757961303,0.0,0.0,0.0,0.0,1.0,0.0
289458,1656.776517554,0.0,0.0,0.0,0.0,1.0,0.0
289478,1656.797405258,0.0,0.0,0.0,0.0,1.0,0.0
289498,1656.818174484,0.0,0.0,0.0,0.0,1.0,0.0
289518,1656.837810883,0.0,0.0,0.0,0.0,1.0,0.0
289538,1656.857864379,0.0,0.0,0.0,0.0,1.0,0.0
289558,1656.877088522,0.0,0.0,0.0,0.0,1.0,0.0
289578,1656.897975135,0.0,0.0,0.0,0.0,1.0,0.0
289598,1656.916894327,0.0,0.0,0.0,0.0,1.0,0.0
289618,1656.937637521,0.0,0.0,0.0,0.0,1.0,0.0
289638,1656.957572444,0.0,0.0,0.0,0.0,1.0,0.0
289658,1656.977838732,0.0,0.0,0.0,0.0,1.0,0.0
289678,1656.997174388,0.0,0.0,0.0,0.0,1.0,0.0
289698,1657.017633005,0.0,0.0,0.0,0.0,1.0,0.0
289718,1657.036436689,0.0,0.0,0.0,0.0,1.0,0.0
289738,1657.056579489,0.0,0.0,0.0,0.0,1.0,0.0
289758,1657.076596048,0.0,0.0,0.0,0.0,1.0,0.0
289778,1657.097163976,0.0,0.0,0.0,0.0,1.0,0.0
289798,1657.117628047,0.0,0.0,0.0,0.0,1.0,0.0
289818,1657.136356094,0.0,0.0,0.0,0.0,1.0,0.0
289838,1657.156315834,0.0,0.0,0.0,0.0,1.0,0.0
289858,1657.176845101,0.0,0.0,0.0,0.0,1.0,0.0
289878,1657.195279916,0.0,0.0,0.0,0.0,1.0,0.0
289898,1657.215340336,0.0,0.0,0.0,0.0,1.0,0.0
289918,1657.235940091,0.0,0.0,0.0,0.0,1.0,0.0
289938,1657.256218241,0.0,0.0,0.0,0.0,1.0,0.0
289958,1657.276086034,0.0,0.0,0.0,0.0,1.0,0.0
289978,1657.296370631,0.0,0.0,0.0,0.0,1.0,0.0
289998,1657.315998042,0.0,0.0,0.0,0.0,1.0,0.0
290018,1657.335978802,0.0,0.0,0.0,0.0,1.0,0.0
290038,1657.35589016,0.0,0.0,0.0,0.0,1.0,0.0
290058,1657.375908706,0.0,0.0,0.0,0.0,1.0,0.0
290078,1657.396107584,0.0,0.0,0.0,0.0,1.0,0.0
290098,1657.416421011,0.0,0.0,0.0,0.0,1.0,0.0
290118,1657.436564475,0.0,0.0,0.0,0.0,1.0,0.0
290138,1657.455891123,0.0,0.0,0.0,0.0,1.0,0.0
290158,1657.47612484,0.0,0.0,0.0,0.0,1.0,0.0
290178,1657.496613234,0.0,0.0,0.0,0.0,1.0,0.0
290198,1657.516098623,0.0,0.0,0.0,0.0,1.0,0.0
290218,1657.535948349,0.0,0.0,0.0,0.0,1.0,0.0
290238,1657.555742131,0.0,0.0,0.0,0.0,1.0,0.0
290258,1657.575852088,0.0,0.0,0.0,0.0,1.0,0.0
290278,1657.59504841,0.0,0.0,0.0,0.0,1.0,0.0
290298,1657.617039476,0.0,0.0,0.0,0.0,1.0,0.0
290318,1657.636420237,0.0,0.0,0.0,0.0,1.0,0.0
290338,1657.656148357,0.0,0.0,0.0,0.0,1.0,0.0
290358,1657.676309627,0.0,0.0,0.0,0.0,1.0,0.0
290378,1657.69632893,0.0,0.0,0.0,0.0,1.0,0.0
290398,1657.715505524,0.0,0.0,0.0,0.0,1.0,0.0
290418,1657.736611927,0.0,0.0,0.0,0.0,1.0,0.0
290438,1657.755989962,0.0,0.0,0.0,0.0,1.0,0.0
290458,1657.775506231,0.0,0.0,0.0,0.0,1.0,0.0
290478,1657.796447883,0.0,0.0,0.0,0.0,1.0,0.0
290498,1657.816369042,0.0,0.0,0.0,0.0,1.0,0.0
290518,1657.836778195,0.0,0.0,0.0,0.0,1.0,0.0
290538,1657.856730887,0.0,0.0,0.0,0.0,1.0,0.0
290558,1657.875753787,0.0,0.0,0.0,0.0,1.0,0.0
290578,1657.895462827,0.0,0.0,0.0,0.0,1.0,0.0
290598,1657.915494224,0.0,0.0,0.0,0.0,1.0,0.0
290618,1657.935497934,0.0,0.0,0.0,0.0,1.0,0.0
290638,1657.955980235,0.0,0.0,0.0,0.0,1.0,0.0
290658,1657.976430799,0.0,0.0,0.0,0.0,1.0,0.0
290678,1657.996363597,0.0,0.0,0.0,0.0,1.0,0.0
290698,1658.016749529,0.0,0.0,0.0,0.0,1.0,0.0
290718,1658.035909057,0.0,0.0,0.0,0.0,1.0,0.0
290738,1658.056139855,0.0,0.0,0.0,0.0,1.0,0.0
290758,1658.076041551,0.0,0.0,0.0,0.0,1.0,0.0
290778,1658.095319665,0.0,0.0,0.0,0.0,1.0,0.0
290798,1658.116351581,0.0,0.0,0.0,0.0,1.0,0.0
290818,1658.136802842,0.0,0.0,0.0,0.0,1.0,0.0
290838,1658.156404395,0.0,0.0,0.0,0.0,1.0,0.0
290858,1658.175774784,0.0,0.0,0.0,0.0,1.0,0.0
290878,1658.196514344,0.0,0.0,0.0,0.0,1.0,0.0
290898,1658.21553068,0.0,0.0,0.0,0.0,1.0,0.0
290918,1658.236052907,0.0,0.0,0.0,0.0,1.0,0.0
290938,1658.256070313,0.0,0.0,0.0,0.0,1.0,0.0
290958,1658.276490223,0.0,0.0,0.0,0.0,1.0,0.0
290978,1658.295915366,0.0,0.0,0.0,0.0,1.0,0.0
290998,1658.316113393,0.0,0.0,0.0,0.0,1.0,0.0
291018,1658.335383252,0.0,0.0,0.0,0.0,1.0,0.0
291038,1658.354978529,0.0,0.0,0.0,0.0,1.0,0.0
291058,1658.376303064,0.0,0.0,0.0,0.0,1.0,0.0
291078,1658.396750948,0.0,0.0,0.0,0.0,1.0,0.0
291098,1658.415303501,0.0,0.0,0.0,0.0,1.0,0.0
291118,1658.436749729,0.0,0.0,0.0,0.0,1.0,0.0
291138,1658.456360572,0.0,0.0,0.0,0.0,1.0,0.0
291158,1658.475883105,0.0,0.0,0.0,0.0,1.0,0.0
291178,1658.495934251,0.0,0.0,0.0,0.0,1.0,0.0
291198,1658.516458646,0.0,0.0,0.0,0.0,1.0,0.0
291218,1658.536652029,0.0,0.0,0.0,0.0,1.0,0.0
291238,1658.556292669,0.0,0.0,0.0,0.0,1.0,0.0
291258,1658.574308056,0.0,0.0,0.0,0.0,1.0,0.0
291278,1658.594225951,0.0,0.0,0.0,0.0,1.0,0.0
291298,1658.613908774,0.0,0.0,0.0,0.0,1.0,0.0
291318,1658.633429615,0.0,0.0,0.0,0.0,1.0,0.0
291338,1658.653551307,0.0,0.0,0.0,0.0,1.0,0.0
291358,1658.673776176,0.0,0.0,0.0,0.0,1.0,0.0
291378,1658.695568079,0.0,0.0,0.0,0.0,1.0,0.0
291398,1658.714833097,0.0,0.0,0.0,0.0,1.0,0.0
291418,1658.735459586,0.0,0.0,0.0,0.0,1.0,0.0
291438,1658.754348835,0.0,0.0,0.0,0.0,1.0,0.0
291458,1658.775494064,0.0,0.0,0.0,0.0,1.0,0.0
291478,1658.795158841,0.0,0.0,0.0,0.0,1.0,0.0
291498,1658.814684234,0.0,0.0,0.0,0.0,1.0,0.0
291518,1658.834745206,0.0,0.0,0.0,0.0,1.0,0.0
291538,1658.854989669,0.0,0.0,0.0,0.0,1.0,0.0
291558,1658.874333442,0.0,0.0,0.0,0.0,1.0,0.0
291578,1658.894616399,0.0,0.0,0.0,0.0,1.0,0.0
291598,1658.915118909,0.0,0.0,0.0,0.0,1.0,0.0
291618,1658.935525039,0.0,0.0,0.0,0.0,1.0,0.0
291638,1658.956502164,0.0,0.0,0.0,0.0,1.0,0.0
291658,1658.976631729,0.0,0.0,0.0,0.0,1.0,0.0
291678,1658.995874029,0.0,0.0,0.0,0.0,1.0,0.0
291698,1659.014076274,0.0,0.0,0.0,0.0,1.0,0.0
291718,1659.035452564,0.0,0.0,0.0,0.0,1.0,0.0
291738,1659.05560236,0.0,0.0,0.0,0.0,1.0,0.0
291758,1659.075093937,0.0,0.0,0.0,0.0,1.0,0.0
291778,1659.094757899,0.0,0.0,0.0,0.0,1.0,0.0
291798,1659.115224804,0.0,0.0,0.0,0.0,1.0,0.0
291818,1659.134921362,0.0,0.0,0.0,0.0,1.0,0.0
291838,1659.155924702,0.0,0.0,0.0,0.0,1.0,0.0
291858,1659.175696456,0.0,0.0,0.0,0.0,1.0,0.0
291878,1659.19634265,0.0,0.0,0.0,0.0,1.0,0.0
291898,1659.215463361,0.0,0.0,0.0,0.0,1.0,0.0
291918,1659.236549043,0.0,0.0,0.0,0.0,1.0,0.0
291938,1659.257141678,0.0,0.0,0.0,0.0,1.0,0.0
291958,1659.276326852,0.0,0.0,0.0,0.0,1.0,0.0
291978,1659.29482447,0.0,0.0,0.0,0.0,1.0,0.0
291998,1659.315474266,0.0,0.0,0.0,0.0,1.0,0.0
292018,1659.334795912,0.0,0.0,0.0,0.0,1.0,0.0
292038,1659.357402155,0.0,0.0,0.0,0.0,1.0,0.0
292058,1659.375136976,0.0,0.0,0.0,0.0,1.0,0.0
292078,1659.395661711,0.0,0.0,0.0,0.0,1.0,0.0
292098,1659.415879798,0.0,0.0,0.0,0.0,1.0,0.0
292118,1659.434888511,0.0,0.0,0.0,0.0,1.0,0.0
292138,1659.45766547,0.0,0.0,0.0,0.0,1.0,0.0
292158,1659.475439488,0.0,0.0,0.0,0.0,1.0,0.0
292178,1659.496359677,0.0,0.0,0.0,0.0,1.0,0.0
292198,1659.515388267,0.0,0.0,0.0,0.0,1.0,0.0
292218,1659.535705071,0.0,0.0,0.0,0.0,1.0,0.0
292238,1659.556964413,0.0,0.0,0.0,0.0,1.0,0.0
292258,1659.576453149,0.0,0.0,0.0,0.0,1.0,0.0
292278,1659.595628034,0.0,0.0,0.0,0.0,1.0,0.0
292298,1659.614961912,0.0,0.0,0.0,0.0,1.0,0.0
292318,1659.635894353,0.0,0.0,0.0,0.0,1.0,0.0
292338,1659.657163594,0.0,0.0,0.0,0.0,1.0,0.0
292358,1659.675215209,0.0,0.0,0.0,0.0,1.0,0.0
292378,1659.695620229,0.0,0.0,0.0,0.0,1.0,0.0
292398,1659.714794483,0.0,0.0,0.0,0.0,1.0,0.0
292418,1659.73555452,0.0,0.0,0.0,0.0,1.0,0.0
292438,1659.755795565,0.0,0.0,0.0,0.0,1.0,0.0
292458,1659.77524647,0.0,0.0,0.0,0.0,1.0,0.0
292478,1659.795377043,0.0,0.0,0.0,0.0,1.0,0.0
292498,1659.814321937,0.0,0.0,0.0,0.0,1.0,0.0
292518,1659.835696818,0.0,0.0,0.0,0.0,1.0,0.0
292538,1659.856634727,0.0,0.0,0.0,0.0,1.0,0.0
292558,1659.873303993,0.0,0.0,0.0,0.0,1.0,0.0
292578,1659.892532802,0.0,0.0,0.0,0.0,1.0,0.0
292598,1659.912314554,0.0,0.0,0.0,0.0,1.0,0.0
292618,1659.934293774,0.0,0.0,0.0,0.0,1.0,0.0
292638,1659.957466152,0.0,0.0,0.0,0.0,1.0,0.0
292658,1659.974818942,0.0,0.0,0.0,0.0,1.0,0.0
292678,1659.994745769,0.0,0.0,0.0,0.0,1.0,0.0
292698,1660.013967234,0.0,0.0,0.0,0.0,1.0,0.0
292718,1660.033690693,0.0,0.0,0.0,0.0,1.0,0.0
292738,1660.056966869,0.0,0.0,0.0,0.0,1.0,0.0
292758,1660.073931566,0.0,0.0,0.0,0.0,1.0,0.0
292778,1660.094584676,0.0,0.0,0.0,0.0,1.0,0.0
292798,1660.113459082,0.0,0.0,0.0,0.0,1.0,0.0
292818,1660.133728314,0.0,0.0,0.0,0.0,1.0,0.0
292838,1660.154429721,0.0,0.0,0.0,0.0,1.0,0.0
292858,1660.174631002,0.0,0.0,0.0,0.0,1.0,0.0
292878,1660.194865317,0.0,0.0,0.0,0.0,1.0,0.0
292898,1660.214066881,0.0,0.0,0.0,0.0,1.0,0.0
292918,1660.233518333,0.0,0.0,0.0,0.0,1.0,0.0
292938,1660.254158532,0.0,0.0,0.0,0.0,1.0,0.0
292958,1660.274450783,0.0,0.0,0.0,0.0,1.0,0.0
292978,1660.2946036,0.0,0.0,0.0,0.0,1.0,0.0
292998,1660.314606206,0.0,0.0,0.0,0.0,1.0,0.0
293018,1660.334668786,0.0,0.0,0.0,0.0,1.0,0.0
293038,1660.35492857,0.0,0.0,0.0,0.0,1.0,0.0
293058,1660.374374936,0.0,0.0,0.0,0.0,1.0,0.0
293078,1660.394359425,0.0,0.0,0.0,0.0,1.0,0.0
293098,1660.414138018,0.0,0.0,0.0,0.0,1.0,0.0
293118,1660.434517519,0.0,0.0,0.0,0.0,1.0,0.0
293138,1660.454916596,0.0,0.0,0.0,0.0,1.0,0.0
293158,1660.474490728,0.0,0.0,0.0,0.0,1.0,0.0
293178,1660.494459035,0.0,0.0,0.0,0.0,1.0,0.0
293198,1660.511718783,0.0,0.0,0.0,0.0,1.0,0.0
293218,1660.534872444,0.0,0.0,0.0,0.0,1.0,0.0
293238,1660.553578066,0.0,0.0,0.0,0.0,1.0,0.0
293258,1660.573691808,0.0,0.0,0.0,0.0,1.0,0.0
293278,1660.593515483,0.0,0.0,0.0,0.0,1.0,0.0
293298,1660.614716936,0.0,0.0,0.0,0.0,1.0,0.0
293318,1660.634940484,0.0,0.0,0.0,0.0,1.0,0.0
293338,1660.65517742,0.0,0.0,0.0,0.0,1.0,0.0
293358,1660.674616095,0.0,0.0,0.0,0.0,1.0,0.0
293378,1660.695700425,0.0,0.0,0.0,0.0,1.0,0.0
293398,1660.714886449,0.0,0.0,0.0,0.0,1.0,0.0
293418,1660.734386358,0.0,0.0,0.0,0.0,1.0,0.0
293438,1660.755105677,0.0,0.0,0.0,0.0,1.0,0.0
293458,1660.774449364,0.0,0.0,0.0,0.0,1.0,0.0
293478,1660.794530298,0.0,0.0,0.0,0.0,1.0,0.0
293498,1660.81441366,0.0,0.0,0.0,0.0,1.0,0.0
293518,1660.834978698,0.0,0.0,0.0,0.0,1.0,0.0
293538,1660.854703654,0.0,0.0,0.0,0.0,1.0,0.0
293558,1660.875383768,0.0,0.0,0.0,0.0,1.0,0.0
293578,1660.893782301,0.0,0.0,0.0,0.0,1.0,0.0
293598,1660.913612794,0.0,0.0,0.0,0.0,1.0,0.0
293618,1660.934600206,0.0,0.0,0.0,0.0,1.0,0.0
293638,1660.95386874,0.0,0.0,0.0,0.0,1.0,0.0
293658,1660.974678304,0.0,0.0,0.0,0.0,1.0,0.0
293678,1660.994328126,0.0,0.0,0.0,0.0,1.0,0.0
293698,1661.014529935,0.0,0.0,0.0,0.0,1.0,0.0
293718,1661.034844048,0.0,0.0,0.0,0.0,1.0,0.0
293738,1661.053805269,0.0,0.0,0.0,0.0,1.0,0.0
293758,1661.073813829,0.0,0.0,0.0,0.0,1.0,0.0
293778,1661.094113465,0.0,0.0,0.0,0.0,1.0,0.0
293798,1661.114035291,0.0,0.0,0.0,0.0,1.0,0.0
293818,1661.135184786,0.0,0.0,0.0,0.0,1.0,0.0
293838,1661.154668175,0.0,0.0,0.0,0.0,1.0,0.0
293858,1661.173442308,0.0,0.0,0.0,0.0,1.0,0.0
293878,1661.194558281,0.0,0.0,0.0,0.0,1.0,0.0
293898,1661.214532786,0.0,0.0,0.0,0.0,1.0,0.0
293918,1661.234243646,0.0,0.0,0.0,0.0,1.0,0.0
293938,1661.254489634,0.0,0.0,0.0,0.0,1.0,0.0
293958,1661.274400303,0.0,0.0,0.0,0.0,1.0,0.0
293978,1661.294922989,0.0,0.0,0.0,0.0,1.0,0.0
293998,1661.313865622,0.0,0.0,0.0,0.0,1.0,0.0
294018,1661.334925146,0.0,0.0,0.0,0.0,1.0,0.0
294038,1661.354407408,0.0,0.0,0.0,0.0,1.0,0.0
294058,1661.374686095,0.0,0.0,0.0,0.0,1.0,0.0
294078,1661.394905746,0.0,0.0,0.0,0.0,1.0,0.0
294098,1661.413810238,0.0,0.0,0.0,0.0,1.0,0.0
294118,1661.43463652,0.0,0.0,0.0,0.0,1.0,0.0
294138,1661.454866188,0.0,0.0,0.0,0.0,1.0,0.0
294158,1661.474437188,0.0,0.0,0.0,0.0,1.0,0.0
294178,1661.493903342,0.0,0.0,0.0,0.0,1.0,0.0
294198,1661.51480058,0.0,0.0,0.0,0.0,1.0,0.0
294218,1661.534385698,0.0,0.0,0.0,0.0,1.0,0.0
294238,1661.553827423,0.0,0.0,0.0,0.0,1.0,0.0
294258,1661.574623477,0.0,0.0,0.0,0.0,1.0,0.0
294278,1661.593719436,0.0,0.0,0.0,0.0,1.0,0.0
294298,1661.614023348,0.0,0.0,0.0,0.0,1.0,0.0
294318,1661.634773877,0.0,0.0,0.0,0.0,1.0,0.0
294338,1661.654136391,0.0,0.0,0.0,0.0,1.0,0.0
294358,1661.673813912,0.0,0.0,0.0,0.0,1.0,0.0
294378,1661.693244103,0.0,0.0,0.0,0.0,1.0,0.0
294398,1661.714666894,0.0,0.0,0.0,0.0,1.0,0.0
294418,1661.733882313,0.0,0.0,0.0,0.0,1.0,0.0
294438,1661.754392639,0.0,0.0,0.0,0.0,1.0,0.0
294458,1661.774113917,0.0,0.0,0.0,0.0,1.0,0.0
294478,1661.793623099,0.0,0.0,0.0,0.0,1.0,0.0
294498,1661.81404467,0.0,0.0,0.0,0.0,1.0,0.0
294518,1661.830921371,0.0,0.0,0.0,0.0,1.0,0.0
294538,1661.851011987,0.0,0.0,0.0,0.0,1.0,0.0
294558,1661.871475583,0.0,0.0,0.0,0.0,1.0,0.0
294578,1661.891488139,0.0,0.0,0.0,0.0,1.0,0.0
294598,1661.91337822,0.0,0.0,0.0,0.0,1.0,0.0
294618,1661.931867746,0.0,0.0,0.0,0.0,1.0,0.0
294638,1661.952634536,0.0,0.0,0.0,0.0,1.0,0.0
294658,1661.972915708,0.0,0.0,0.0,0.0,1.0,0.0
294678,1661.992806677,0.0,0.0,0.0,0.0,1.0,0.0
294698,1662.012661182,0.0,0.0,0.0,0.0,1.0,0.0
294718,1662.033712836,0.0,0.0,0.0,0.0,1.0,0.0
294738,1662.054105338,0.0,0.0,0.0,0.0,1.0,0.0
294758,1662.073970387,0.0,0.0,0.0,0.0,1.0,0.0
294778,1662.094552323,0.0,0.0,0.0,0.0,1.0,0.0
294798,1662.113959799,0.0,0.0,0.0,0.0,1.0,0.0
294818,1662.133392191,0.0,0.0,0.0,0.0,1.0,0.0
294838,1662.15387682,0.0,0.0,0.0,0.0,1.0,0.0
294858,1662.173959623,0.0,0.0,0.0,0.0,1.0,0.0
294878,1662.194264518,0.0,0.0,0.0,0.0,1.0,0.0
294898,1662.213814079,0.0,0.0,0.0,0.0,1.0,0.0
294918,1662.233132638,0.0,0.0,0.0,0.0,1.0,0.0
294938,1662.254025253,0.0,0.0,0.0,0.0,1.0,0.0
294958,1662.273285073,0.0,0.0,0.0,0.0,1.0,0.0
294978,1662.294068226,0.0,0.0,0.0,0.0,1.0,0.0
294998,1662.313120103,0.0,0.0,0.0,0.0,1.0,0.0
295018,1662.334132393,0.0,0.0,0.0,0.0,1.0,0.0
295038,1662.354420615,0.0,0.0,0.0,0.0,1.0,0.0
295058,1662.374333771,0.0,0.0,0.0,0.0,1.0,0.0
295078,1662.393738864,0.0,0.0,0.0,0.0,1.0,0.0
295098,1662.413383064,0.0,0.0,0.0,0.0,1.0,0.0
295118,1662.433720726,0.0,0.0,0.0,0.0,1.0,0.0
295138,1662.453177969,0.0,0.0,0.0,0.0,1.0,0.0
295158,1662.473139738,0.0,0.0,0.0,0.0,1.0,0.0
295178,1662.49335286,0.0,0.0,0.0,0.0,1.0,0.0
295198,1662.512824164,0.0,0.0,0.0,0.0,1.0,0.0
295218,1662.533774116,0.0,0.0,0.0,0.0,1.0,0.0
295238,1662.554053068,0.0,0.0,0.0,0.0,1.0,0.0
295258,1662.573532618,0.0,0.0,0.0,0.0,1.0,0.0
295278,1662.593633652,0.0,0.0,0.0,0.0,1.0,0.0
295298,1662.612826066,0.0,0.0,0.0,0.0,1.0,0.0
295318,1662.633400379,0.0,0.0,0.0,0.0,1.0,0.0
295338,1662.652849055,0.0,0.0,0.0,0.0,1.0,0.0
295358,1662.673631317,0.0,0.0,0.0,0.0,1.0,0.0
295378,1662.692840504,0.0,0.0,0.0,0.0,1.0,0.0
295398,1662.713473984,0.0,0.0,0.0,0.0,1.0,0.0
295418,1662.732903582,0.0,0.0,0.0,0.0,1.0,0.0
295438,1662.753452,0.0,0.0,0.0,0.0,1.0,0.0
295458,1662.772931961,0.0,0.0,0.0,0.0,1.0,0.0
295478,1662.793531748,0.0,0.0,0.0,0.0,1.0,0.0
295498,1662.813639618,0.0,0.0,0.0,0.0,1.0,0.0
295518,1662.832623071,0.0,0.0,0.0,0.0,1.0,0.0
295538,1662.852692241,0.0,0.0,0.0,0.0,1.0,0.0
295558,1662.874148649,0.0,0.0,0.0,0.0,1.0,0.0
295578,1662.893042665,0.0,0.0,0.0,0.0,1.0,0.0
295598,1662.913600246,0.0,0.0,0.0,0.0,1.0,0.0
295618,1662.932816243,0.0,0.0,0.0,0.0,1.0,0.0
295638,1662.953527096,0.0,0.0,0.0,0.0,1.0,0.0
295658,1662.971796223,0.0,0.0,0.0,0.0,1.0,0.0
295678,1662.991053291,0.0,0.0,0.0,0.0,1.0,0.0
295698,1663.011574285,0.0,0.0,0.0,0.0,1.0,0.0
295718,1663.032740979,0.0,0.0,0.0,0.0,1.0,0.0
295738,1663.052552957,0.0,0.0,0.0,0.0,1.0,0.0
295758,1663.078319311,0.0,0.0,0.0,0.0,1.0,0.0
295778,1663.093526324,0.0,0.0,0.0,0.0,1.0,0.0
295798,1663.112825698,0.0,0.0,0.0,0.0,1.0,0.0
295818,1663.133396186,0.0,0.0,0.0,0.0,1.0,0.0
295838,1663.152872454,0.0,0.0,0.0,0.0,1.0,0.0
295858,1663.174610893,0.0,0.0,0.0,0.0,1.0,0.0
295878,1663.19362357,0.0,0.0,0.0,0.0,1.0,0.0
295898,1663.212627394,0.0,0.0,0.0,0.0,1.0,0.0
295918,1663.233626128,0.0,0.0,0.0,0.0,1.0,0.0
295938,1663.252723056,0.0,0.0,0.0,0.0,1.0,0.0
295958,1663.273393332,0.0,0.0,0.0,0.0,1.0,0.0
295978,1663.292607037,0.0,0.0,0.0,0.0,1.0,0.0
295998,1663.313377713,0.0,0.0,0.0,0.0,1.0,0.0
296018,1663.332595689,0.0,0.0,0.0,0.0,1.0,0.0
296038,1663.352686826,0.0,0.0,0.0,0.0,1.0,0.0
296058,1663.373603942,0.0,0.0,0.0,0.0,1.0,0.0
296078,1663.392353676,0.0,0.0,0.0,0.0,1.0,0.0
296098,1663.412992343,0.0,0.0,0.0,0.0,1.0,0.0
296118,1663.43239808,0.0,0.0,0.0,0.0,1.0,0.0
296138,1663.452921479,0.0,0.0,0.0,0.0,1.0,0.0
296158,1663.473607826,0.0,0.0,0.0,0.0,1.0,0.0
296178,1663.49291541,0.0,0.0,0.0,0.0,1.0,0.0
296198,1663.511872451,0.0,0.0,0.0,0.0,1.0,0.0
296218,1663.532578201,0.0,0.0,0.0,0.0,1.0,0.0
296238,1663.552544961,0.0,0.0,0.0,0.0,1.0,0.0
296258,1663.574385394,0.0,0.0,0.0,0.0,1.0,0.0
296278,1663.59348681,0.0,0.0,0.0,0.0,1.0,0.0
296298,1663.612640669,0.0,0.0,0.0,0.0,1.0,0.0
296318,1663.632761014,0.0,0.0,0.0,0.0,1.0,0.0
296338,1663.653597509,0.0,0.0,0.0,0.0,1.0,0.0
296358,1663.674803995,0.0,0.0,0.0,0.0,1.0,0.0
296378,1663.692143766,0.0,0.0,0.0,0.0,1.0,0.0
296398,1663.712523968,0.0,0.0,0.0,0.0,1.0,0.0
296418,1663.733365912,0.0,0.0,0.0,0.0,1.0,0.0
296438,1663.752584679,0.0,0.0,0.0,0.0,1.0,0.0
296458,1663.77484664,0.0,0.0,0.0,0.0,1.0,0.0
296478,1663.792397592,0.0,0.0,0.0,0.0,1.0,0.0
296498,1663.812419693,0.0,0.0,0.0,0.0,1.0,0.0
296518,1663.832209328,0.0,0.0,0.0,0.0,1.0,0.0
296538,1663.852772246,0.0,0.0,0.0,0.0,1.0,0.0
296558,1663.874862174,0.0,0.0,0.0,0.0,1.0,0.0
296578,1663.892048631,0.0,0.0,0.0,0.0,1.0,0.0
296598,1663.912384832,0.0,0.0,0.0,0.0,1.0,0.0
296618,1663.931860441,0.0,0.0,0.0,0.0,1.0,0.0
296638,1663.952333577,0.0,0.0,0.0,0.0,1.0,0.0
296658,1663.974369451,0.0,0.0,0.0,0.0,1.0,0.0
296678,1663.99160149,0.0,0.0,0.0,0.0,1.0,0.0
296698,1664.012590243,0.0,0.0,0.0,0.0,1.0,0.0
296718,1664.031398626,0.0,0.0,0.0,0.0,1.0,0.0
296738,1664.052128004,0.0,0.0,0.0,0.0,1.0,0.0
296758,1664.075072819,0.0,0.0,0.0,0.0,1.0,0.0
296778,1664.092592424,0.0,0.0,0.0,0.0,1.0,0.0
296798,1664.111853001,0.0,0.0,0.0,0.0,1.0,0.0
296818,1664.132136931,0.0,0.0,0.0,0.0,1.0,0.0
296838,1664.152421977,0.0,0.0,0.0,0.0,1.0,0.0
296858,1664.171954052,0.0,0.0,0.0,0.0,1.0,0.0
296878,1664.192908899,0.0,0.0,0.0,0.0,1.0,0.0
296898,1664.212170984,0.0,0.0,0.0,0.0,1.0,0.0
296918,1664.232902689,0.0,0.0,0.0,0.0,1.0,0.0
296938,1664.251857584,0.0,0.0,0.0,0.0,1.0,0.0
296958,1664.27307109,0.0,0.0,0.0,0.0,1.0,0.0
296978,1664.292905979,0.0,0.0,0.0,0.0,1.0,0.0
296998,1664.312121622,0.0,0.0,0.0,0.0,1.0,0.0
297018,1664.332378371,0.0,0.0,0.0,0.0,1.0,0.0
297038,1664.351984094,0.0,0.0,0.0,0.0,1.0,0.0
297058,1664.372955091,0.0,0.0,0.0,0.0,1.0,0.0
297078,1664.392730492,0.0,0.0,0.0,0.0,1.0,0.0
297098,1664.411937486,0.0,0.0,0.0,0.0,1.0,0.0
297118,1664.432122527,0.0,0.0,0.0,0.0,1.0,0.0
297138,1664.453029208,0.0,0.0,0.0,0.0,1.0,0.0
297158,1664.472399078,0.0,0.0,0.0,0.0,1.0,0.0
297178,1664.492379549,0.0,0.0,0.0,0.0,1.0,0.0
297198,1664.511600661,0.0,0.0,0.0,0.0,1.0,0.0
297218,1664.532401424,0.0,0.0,0.0,0.0,1.0,0.0
297238,1664.551882136,0.0,0.0,0.0,0.0,1.0,0.0
297258,1664.572090765,0.0,0.0,0.0,0.0,1.0,0.0
297278,1664.591074272,0.0,0.0,0.0,0.0,1.0,0.0
297298,1664.611440321,0.0,0.0,0.0,0.0,1.0,0.0
297318,1664.631341212,0.0,0.0,0.0,0.0,1.0,0.0
297338,1664.65177252,0.0,0.0,0.0,0.0,1.0,0.0
297358,1664.672270119,0.0,0.0,0.0,0.0,1.0,0.0
297378,1664.69187514,0.0,0.0,0.0,0.0,1.0,0.0
297398,1664.71212114,0.0,0.0,0.0,0.0,1.0,0.0
297418,1664.731307939,0.0,0.0,0.0,0.0,1.0,0.0
297438,1664.750981211,0.0,0.0,0.0,0.0,1.0,0.0
297458,1664.771311348,0.0,0.0,0.0,0.0,1.0,0.0
297478,1664.792130437,0.0,0.0,0.0,0.0,1.0,0.0
297498,1664.812042752,0.0,0.0,0.0,0.0,1.0,0.0
297518,1664.830874864,0.0,0.0,0.0,0.0,1.0,0.0
297538,1664.851334408,0.0,0.0,0.0,0.0,1.0,0.0
297558,1664.871134084,0.0,0.0,0.0,0.0,1.0,0.0
297578,1664.890438697,0.0,0.0,0.0,0.0,1.0,0.0
297598,1664.91150383,0.0,0.0,0.0,0.0,1.0,0.0
297618,1664.931675467,0.0,0.0,0.0,0.0,1.0,0.0
297638,1664.950875476,0.0,0.0,0.0,0.0,1.0,0.0
297658,1664.970512432,0.0,0.0,0.0,0.0,1.0,0.0
297678,1664.990097858,0.0,0.0,0.0,0.0,1.0,0.0
297698,1665.010147749,0.0,0.0,0.0,0.0,1.0,0.0
297718,1665.03002861,0.0,0.0,0.0,0.0,1.0,0.0
297738,1665.051506878,0.0,0.0,0.0,0.0,1.0,0.0
297758,1665.07056007,0.0,0.0,0.0,0.0,1.0,0.0
297778,1665.091082276,0.0,0.0,0.0,0.0,1.0,0.0
297798,1665.111078151,0.0,0.0,0.0,0.0,1.0,0.0
297818,1665.130250792,0.0,0.0,0.0,0.0,1.0,0.0
297838,1665.150056003,0.0,0.0,0.0,0.0,1.0,0.0
297858,1665.172135212,0.0,0.0,0.0,0.0,1.0,0.0
297878,1665.191271027,0.0,0.0,0.0,0.0,1.0,0.0
297898,1665.210417719,0.0,0.0,0.0,0.0,1.0,0.0
297918,1665.231921633,0.0,0.0,0.0,0.0,1.0,0.0
297938,1665.250598725,0.0,0.0,0.0,0.0,1.0,0.0
297958,1665.269724061,0.0,0.0,0.0,0.0,1.0,0.0
297978,1665.291623122,0.0,0.0,0.0,0.0,1.0,0.0
297998,1665.310824714,0.0,0.0,0.0,0.0,1.0,0.0
298018,1665.331128387,0.0,0.0,0.0,0.0,1.0,0.0
298038,1665.351818729,0.0,0.0,0.0,0.0,1.0,0.0
298058,1665.37011193,0.0,0.0,0.0,0.0,1.0,0.0
298078,1665.391209901,0.0,0.0,0.0,0.0,1.0,0.0
298098,1665.411492039,0.0,0.0,0.0,0.0,1.0,0.0
298118,1665.431496408,0.0,0.0,0.0,0.0,1.0,0.0
298138,1665.450267622,0.0,0.0,0.0,0.0,1.0,0.0
298158,1665.470448527,0.0,0.0,0.0,0.0,1.0,0.0
298178,1665.491874492,0.0,0.0,0.0,0.0,1.0,0.0
298198,1665.509952703,0.0,0.0,0.0,0.0,1.0,0.0
298218,1665.530421412,0.0,0.0,0.0,0.0,1.0,0.0
298238,1665.550830703,0.0,0.0,0.0,0.0,1.0,0.0
298258,1665.571276223,0.0,0.0,0.0,0.0,1.0,0.0
298278,1665.590531985,0.0,0.0,0.0,0.0,1.0,0.0
298298,1665.610921788,0.0,0.0,0.0,0.0,1.0,0.0
298318,1665.631366374,0.0,0.0,0.0,0.0,1.0,0.0
298338,1665.651366827,0.0,0.0,0.0,0.0,1.0,0.0
298358,1665.670661434,0.0,0.0,0.0,0.0,1.0,0.0
298378,1665.690328891,0.0,0.0,0.0,0.0,1.0,0.0
298398,1665.710712452,0.0,0.0,0.0,0.0,1.0,0.0
298418,1665.729983244,0.0,0.0,0.0,0.0,1.0,0.0
298438,1665.750346461,0.0,0.0,0.0,0.0,1.0,0.0
298458,1665.770946123,0.0,0.0,0.0,0.0,1.0,0.0
298478,1665.790032729,0.0,0.0,0.0,0.0,1.0,0.0
298498,1665.810220843,0.0,0.0,0.0,0.0,1.0,0.0
298518,1665.830078981,0.0,0.0,0.0,0.0,1.0,0.0
298538,1665.850293733,0.0,0.0,0.0,0.0,1.0,0.0
298558,1665.870321679,0.0,0.0,0.0,0.0,1.0,0.0
298578,1665.890919589,0.0,0.0,0.0,0.0,1.0,0.0
298598,1665.909883127,0.0,0.0,0.0,0.0,1.0,0.0
298618,1665.930407154,0.0,0.0,0.0,0.0,1.0,0.0
298638,1665.950291382,0.0,0.0,0.0,0.0,1.0,0.0
298658,1665.969806532,0.0,0.0,0.0,0.0,1.0,0.0
298678,1665.990306663,0.0,0.0,0.0,0.0,1.0,0.0
298698,1666.010428674,0.0,0.0,0.0,0.0,1.0,0.0
298718,1666.029979604,0.0,0.0,0.0,0.0,1.0,0.0
298738,1666.049814822,0.0,0.0,0.0,0.0,1.0,0.0
298758,1666.071166119,0.0,0.0,0.0,0.0,1.0,0.0
298778,1666.090084915,0.0,0.0,0.0,0.0,1.0,0.0
298798,1666.109388091,0.0,0.0,0.0,0.0,1.0,0.0
298818,1666.130055867,0.0,0.0,0.0,0.0,1.0,0.0
298838,1666.150250866,0.0,0.0,0.0,0.0,1.0,0.0
298858,1666.170760059,0.0,0.0,0.0,0.0,1.0,0.0
298878,1666.190099834,0.0,0.0,0.0,0.0,1.0,0.0
298898,1666.210040102,0.0,0.0,0.0,0.0,1.0,0.0
298918,1666.230340867,0.0,0.0,0.0,0.0,1.0,0.0
298938,1666.250122379,0.0,0.0,0.0,0.0,1.0,0.0
298958,1666.27028482,0.0,0.0,0.0,0.0,1.0,0.0
298978,1666.291025872,0.0,0.0,0.0,0.0,1.0,0.0
298998,1666.31032278,0.0,0.0,0.0,0.0,1.0,0.0
299018,1666.330737497,0.0,0.0,0.0,0.0,1.0,0.0
299038,1666.350787636,0.0,0.0,0.0,0.0,1.0,0.0
299058,1666.370351266,0.0,0.0,0.0,0.0,1.0,0.0
299078,1666.390528366,0.0,0.0,0.0,0.0,1.0,0.0
299098,1666.410962414,0.0,0.0,0.0,0.0,1.0,0.0
299118,1666.430316802,0.0,0.0,0.0,0.0,1.0,0.0
299138,1666.449696309,0.0,0.0,0.0,0.0,1.0,0.0
299158,1666.470331167,0.0,0.0,0.0,0.0,1.0,0.0
299178,1666.489500423,0.0,0.0,0.0,0.0,1.0,0.0
299198,1666.509652866,0.0,0.0,0.0,0.0,1.0,0.0
299218,1666.530033605,0.0,0.0,0.0,0.0,1.0,0.0
299238,1666.550508414,0.0,0.0,0.0,0.0,1.0,0.0
299258,1666.569875859,0.0,0.0,0.0,0.0,1.0,0.0
299278,1666.590608676,0.0,0.0,0.0,0.0,1.0,0.0
299298,1666.611378979,0.0,0.0,0.0,0.0,1.0,0.0
299318,1666.630637074,0.0,0.0,0.0,0.0,1.0,0.0
299338,1666.651333236,0.0,0.0,0.0,0.0,1.0,0.0
299358,1666.67055652,0.0,0.0,0.0,0.0,1.0,0.0
299378,1666.69057751,0.0,0.0,0.0,0.0,1.0,0.0
299398,1666.711445453,0.0,0.0,0.0,0.0,1.0,0.0
299418,1666.730345014,0.0,0.0,0.0,0.0,1.0,0.0
299438,1666.750841143,0.0,0.0,0.0,0.0,1.0,0.0
299458,1666.770159821,0.0,0.0,0.0,0.0,1.0,0.0
299478,1666.789083076,0.0,0.0,0.0,0.0,1.0,0.0
299498,1666.810955621,0.0,0.0,0.0,0.0,1.0,0.0
299518,1666.830145025,0.0,0.0,0.0,0.0,1.0,0.0
299538,1666.850399867,0.0,0.0,0.0,0.0,1.0,0.0
299558,1666.870988579,0.0,0.0,0.0,0.0,1.0,0.0
299578,1666.890383135,0.0,0.0,0.0,0.0,1.0,0.0
299598,1666.910574141,0.0,0.0,0.0,0.0,1.0,0.0
299618,1666.930434088,0.0,0.0,0.0,0.0,1.0,0.0
299638,1666.951147386,0.0,0.0,0.0,0.0,1.0,0.0
299658,1666.970548491,0.0,0.0,0.0,0.0,1.0,0.0
299678,1666.990398444,0.0,0.0,0.0,0.0,1.0,0.0
299698,1667.010699415,0.0,0.0,0.0,0.0,1.0,0.0
299718,1667.029710712,0.0,0.0,0.0,0.0,1.0,0.0
299738,1667.050377444,0.0,0.0,0.0,0.0,1.0,0.0
299758,1667.070405608,0.0,0.0,0.0,0.0,1.0,0.0
299778,1667.09086166,0.0,0.0,0.0,0.0,1.0,0.0
299798,1667.109790255,0.0,0.0,0.0,0.0,1.0,0.0
299818,1667.130622236,0.0,0.0,0.0,0.0,1.0,0.0
299838,1667.150365789,0.0,0.0,0.0,0.0,1.0,0.0
299858,1667.169876265,0.0,0.0,0.0,0.0,1.0,0.0
299878,1667.190848734,0.0,0.0,0.0,0.0,1.0,0.0
299898,1667.210859282,0.0,0.0,0.0,0.0,1.0,0.0
299918,1667.230382103,0.0,0.0,0.0,0.0,1.0,0.0
299938,1667.249620574,0.0,0.0,0.0,0.0,1.0,0.0
299958,1667.269947783,0.0,0.0,0.0,0.0,1.0,0.0
299978,1667.290586455,0.0,0.0,0.0,0.0,1.0,0.0
299998,1667.309703992,0.0,0.0,0.0,0.0,1.0,0.0
300018,1667.330595932,0.0,0.0,0.0,0.0,1.0,0.0
300038,1667.349968422,0.0,0.0,0.0,0.0,1.0,0.0
300058,1667.370570442,0.0,0.0,0.0,0.0,1.0,0.0
300078,1667.389311821,0.0,0.0,0.0,0.0,1.0,0.0
300098,1667.408429801,0.0,0.0,0.0,0.0,1.0,0.0
300118,1667.429473611,0.0,0.0,0.0,0.0,1.0,0.0
300138,1667.449991069,0.0,0.0,0.0,0.0,1.0,0.0
300158,1667.470232175,0.0,0.0,0.0,0.0,1.0,0.0
300178,1667.489750591,0.0,0.0,0.0,0.0,1.0,0.0
300198,1667.510146895,0.0,0.0,0.0,0.0,1.0,0.0
300218,1667.528808603,0.0,0.0,0.0,0.0,1.0,0.0
300238,1667.549063095,0.0,0.0,0.0,0.0,1.0,0.0
300258,1667.56911629,0.0,0.0,0.0,0.0,1.0,0.0
300278,1667.589458611,0.0,0.0,0.0,0.0,1.0,0.0
300298,1667.608854477,0.0,0.0,0.0,0.0,1.0,0.0
300318,1667.629460546,0.0,0.0,0.0,0.0,1.0,0.0
300338,1667.649733978,0.0,0.0,0.0,0.0,1.0,0.0
300358,1667.670035894,0.0,0.0,0.0,0.0,1.0,0.0
300378,1667.690735572,0.0,0.0,0.0,0.0,1.0,0.0
300398,1667.709610352,0.0,0.0,0.0,0.0,1.0,0.0
300418,1667.729994276,0.0,0.0,0.0,0.0,1.0,0.0
300438,1667.748367114,0.0,0.0,0.0,0.0,1.0,0.0
300458,1667.768137487,0.0,0.0,0.0,0.0,1.0,0.0
300478,1667.789732176,0.0,0.0,0.0,0.0,1.0,0.0
300498,1667.809051056,0.0,0.0,0.0,0.0,1.0,0.0
300518,1667.828512532,0.0,0.0,0.0,0.0,1.0,0.0
300538,1667.848606532,0.0,0.0,0.0,0.0,1.0,0.0
300558,1667.868665173,0.0,0.0,0.0,0.0,1.0,0.0
300578,1667.889018892,0.0,0.0,0.0,0.0,1.0,0.0
300598,1667.908844351,0.0,0.0,0.0,0.0,1.0,0.0
300618,1667.92796269,0.0,0.0,0.0,0.0,1.0,0.0
300638,1667.949397086,0.0,0.0,0.0,0.0,1.0,0.0
300658,1667.969947348,0.0,0.0,0.0,0.0,1.0,0.0
300678,1667.991128449,0.0,0.0,0.0,0.0,1.0,0.0
300698,1668.01013186,0.0,0.0,0.0,0.0,1.0,0.0
300718,1668.029214434,0.0,0.0,0.0,0.0,1.0,0.0
300738,1668.049620536,0.0,0.0,0.0,0.0,1.0,0.0
300758,1668.069553476,0.0,0.0,0.0,0.0,1.0,0.0
300778,1668.091785818,0.0,0.0,0.0,0.0,1.0,0.0
300798,1668.109400311,0.0,0.0,0.0,0.0,1.0,0.0
300818,1668.129506217,0.0,0.0,0.0,0.0,1.0,0.0
300838,1668.149596259,0.0,0.0,0.0,0.0,1.0,0.0
300858,1668.169113632,0.0,0.0,0.0,0.0,1.0,0.0
300878,1668.191454264,0.0,0.0,0.0,0.0,1.0,0.0
300898,1668.209145039,0.0,0.0,0.0,0.0,1.0,0.0
300918,1668.229616926,0.0,0.0,0.0,0.0,1.0,0.0
300938,1668.250376091,0.0,0.0,0.0,0.0,1.0,0.0
300958,1668.2693377,0.0,0.0,0.0,0.0,1.0,0.0
300978,1668.292359996,0.0,0.0,0.0,0.0,1.0,0.0
300998,1668.309880279,0.0,0.0,0.0,0.0,1.0,0.0
301018,1668.330091809,0.0,0.0,0.0,0.0,1.0,0.0
301038,1668.349375663,0.0,0.0,0.0,0.0,1.0,0.0
301058,1668.369613586,0.0,0.0,0.0,0.0,1.0,0.0
301078,1668.392386589,0.0,0.0,0.0,0.0,1.0,0.0
301098,1668.40995011,0.0,0.0,0.0,0.0,1.0,0.0
301118,1668.429164812,0.0,0.0,0.0,0.0,1.0,0.0
301138,1668.449537643,0.0,0.0,0.0,0.0,1.0,0.0
301158,1668.46977522,0.0,0.0,0.0,0.0,1.0,0.0
301178,1668.491107311,0.0,0.0,0.0,0.0,1.0,0.0
301198,1668.510417705,0.0,0.0,0.0,0.0,1.0,0.0
301218,1668.529766949,0.0,0.0,0.0,0.0,1.0,0.0
301238,1668.548818932,0.0,0.0,0.0,0.0,1.0,0.0
301258,1668.569577311,0.0,0.0,0.0,0.0,1.0,0.0
301278,1668.588763211,0.0,0.0,0.0,0.0,1.0,0.0
301298,1668.608646747,0.0,0.0,0.0,0.0,1.0,0.0
301318,1668.629149324,0.0,0.0,0.0,0.0,1.0,0.0
301338,1668.649389421,0.0,0.0,0.0,0.0,1.0,0.0
301358,1668.668893093,0.0,0.0,0.0,0.0,1.0,0.0
301378,1668.689660589,0.0,0.0,0.0,0.0,1.0,0.0
301398,1668.709622319,0.0,0.0,0.0,0.0,1.0,0.0
301418,1668.728919129,0.0,0.0,0.0,0.0,1.0,0.0
301438,1668.749593107,0.0,0.0,0.0,0.0,1.0,0.0
301458,1668.769129948,0.0,0.0,0.0,0.0,1.0,0.0
301478,1668.789641722,0.0,0.0,0.0,0.0,1.0,0.0
301498,1668.808891686,0.0,0.0,0.0,0.0,1.0,0.0
301518,1668.829614273,0.0,0.0,0.0,0.0,1.0,0.0
301538,1668.848420407,0.0,0.0,0.0,0.0,1.0,0.0
301558,1668.869142056,0.0,0.0,0.0,0.0,1.0,0.0
301578,1668.88879987,0.0,0.0,0.0,0.0,1.0,0.0
301598,1668.908598185,0.0,0.0,0.0,0.0,1.0,0.0
301618,1668.929464877,0.0,0.0,0.0,0.0,1.0,0.0
301638,1668.948614183,0.0,0.0,0.0,0.0,1.0,0.0
301658,1668.968081457,0.0,0.0,0.0,0.0,1.0,0.0
301678,1668.986967557,0.0,0.0,0.0,0.0,1.0,0.0
301698,1669.006473665,0.0,0.0,0.0,0.0,1.0,0.0
301718,1669.027430324,0.0,0.0,0.0,0.0,1.0,0.0
301738,1669.047726211,0.0,0.0,0.0,0.0,1.0,0.0
301758,1669.067924519,0.0,0.0,0.0,0.0,1.0,0.0
301778,1669.088760495,0.0,0.0,0.0,0.0,1.0,0.0
301798,1669.108506183,0.0,0.0,0.0,0.0,1.0,0.0
301818,1669.129327137,0.0,0.0,0.0,0.0,1.0,0.0
301838,1669.148028118,0.0,0.0,0.0,0.0,1.0,0.0
301858,1669.167141601,0.0,0.0,0.0,0.0,1.0,0.0
301878,1669.188382864,0.0,0.0,0.0,0.0,1.0,0.0
301898,1669.209583334,0.0,0.0,0.0,0.0,1.0,0.0
301918,1669.228609813,0.0,0.0,0.0,0.0,1.0,0.0
301938,1669.248974047,0.0,0.0,0.0,0.0,1.0,0.0
301958,1669.268390949,0.0,0.0,0.0,0.0,1.0,0.0
301978,1669.288462356,0.0,0.0,0.0,0.0,1.0,0.0
301998,1669.306918487,0.0,0.0,0.0,0.0,1.0,0.0
302018,1669.329527393,0.0,0.0,0.0,0.0,1.0,0.0
302038,1669.34849839,0.0,0.0,0.0,0.0,1.0,0.0
302058,1669.367983176,0.0,0.0,0.0,0.0,1.0,0.0
302078,1669.38831181,0.0,0.0,0.0,0.0,1.0,0.0
302098,1669.4093547,0.0,0.0,0.0,0.0,1.0,0.0
302118,1669.427569012,0.0,0.0,0.0,0.0,1.0,0.0
302138,1669.449291633,0.0,0.0,0.0,0.0,1.0,0.0
302158,1669.469131428,0.0,0.0,0.0,0.0,1.0,0.0
302178,1669.488143287,0.0,0.0,0.0,0.0,1.0,0.0
302198,1669.507630424,0.0,0.0,0.0,0.0,1.0,0.0
302218,1669.527914319,0.0,0.0,0.0,0.0,1.0,0.0
302238,1669.548347743,0.0,0.0,0.0,0.0,1.0,0.0
302258,1669.568785728,0.0,0.0,0.0,0.0,1.0,0.0
302278,1669.589275949,0.0,0.0,0.0,0.0,1.0,0.0
302298,1669.609028976,0.0,0.0,0.0,0.0,1.0,0.0
302318,1669.627781756,0.0,0.0,0.0,0.0,1.0,0.0
302338,1669.648152808,0.0,0.0,0.0,0.0,1.0,0.0
302358,1669.667943095,0.0,0.0,0.0,0.0,1.0,0.0
302378,1669.689084405,0.0,0.0,0.0,0.0,1.0,0.0
302398,1669.707320747,0.0,0.0,0.0,0.0,1.0,0.0
302418,1669.728877039,0.0,0.0,0.0,0.0,1.0,0.0
302438,1669.749097671,0.0,0.0,0.0,0.0,1.0,0.0
302458,1669.767545833,0.0,0.0,0.0,0.0,1.0,0.0
302478,1669.788553801,0.0,0.0,0.0,0.0,1.0,0.0
302498,1669.808029101,0.0,0.0,0.0,0.0,1.0,0.0
302518,1669.828350953,0.0,0.0,0.0,0.0,1.0,0.0
302538,1669.848402042,0.0,0.0,0.0,0.0,1.0,0.0
302558,1669.867685029,0.0,0.0,0.0,0.0,1.0,0.0
302578,1669.886958451,0.0,0.0,0.0,0.0,1.0,0.0
302598,1669.908283812,0.0,0.0,0.0,0.0,1.0,0.0
302618,1669.927876743,0.0,0.0,0.0,0.0,1.0,0.0
302638,1669.947561281,0.0,0.0,0.0,0.0,1.0,0.0
302658,1669.968782482,0.0,0.0,0.0,0.0,1.0,0.0
302678,1669.988218815,0.0,0.0,0.0,0.0,1.0,0.0
302698,1670.008723068,0.0,0.0,0.0,0.0,1.0,0.0
302718,1670.027952123,0.0,0.0,0.0,0.0,1.0,0.0
302738,1670.04882931,0.0,0.0,0.0,0.0,1.0,0.0
302758,1670.068373497,0.0,0.0,0.0,0.0,1.0,0.0
302778,1670.087953065,0.0,0.0,0.0,0.0,1.0,0.0
302798,1670.108872231,0.0,0.0,0.0,0.0,1.0,0.0
302818,1670.127965242,0.0,0.0,0.0,0.0,1.0,0.0
302838,1670.148616273,0.0,0.0,0.0,0.0,1.0,0.0
302858,1670.167900443,0.0,0.0,0.0,0.0,1.0,0.0
302878,1670.187852027,0.0,0.0,0.0,0.0,1.0,0.0
302898,1670.207886295,0.0,0.0,0.0,0.0,1.0,0.0
302918,1670.228209983,0.0,0.0,0.0,0.0,1.0,0.0
302938,1670.248991338,0.0,0.0,0.0,0.0,1.0,0.0
302958,1670.267927478,0.0,0.0,0.0,0.0,1.0,0.0
302978,1670.288377819,0.0,0.0,0.0,0.0,1.0,0.0
302998,1670.308354289,0.0,0.0,0.0,0.0,1.0,0.0
303018,1670.327576816,0.0,0.0,0.0,0.0,1.0,0.0
303038,1670.347958448,0.0,0.0,0.0,0.0,1.0,0.0
303058,1670.368371319,0.0,0.0,0.0,0.0,1.0,0.0
303078,1670.387408826,0.0,0.0,0.0,0.0,1.0,0.0
303098,1670.408632481,0.0,0.0,0.0,0.0,1.0,0.0
303118,1670.427498782,0.0,0.0,0.0,0.0,1.0,0.0
303138,1670.448099359,0.0,0.0,0.0,0.0,1.0,0.0
303158,1670.468385294,0.0,0.0,0.0,0.0,1.0,0.0
303178,1670.487385429,0.0,0.0,0.0,0.0,1.0,0.0
303198,1670.507172967,0.0,0.0,0.0,0.0,1.0,0.0
303218,1670.527959528,0.0,0.0,0.0,0.0,1.0,0.0
303238,1670.545891419,0.0,0.0,0.0,0.0,1.0,0.0
303258,1670.56587552,0.0,0.0,0.0,0.0,1.0,0.0
303278,1670.585953169,0.0,0.0,0.0,0.0,1.0,0.0
303298,1670.605986821,0.0,0.0,0.0,0.0,1.0,0.0
303318,1670.626378436,0.0,0.0,0.0,0.0,1.0,0.0
303338,1670.647369447,0.0,0.0,0.0,0.0,1.0,0.0
303358,1670.666564054,0.0,0.0,0.0,0.0,1.0,0.0
303378,1670.68704114,0.0,0.0,0.0,0.0,1.0,0.0
303398,1670.706825978,0.0,0.0,0.0,0.0,1.0,0.0
303418,1670.726792576,0.0,0.0,0.0,0.0,1.0,0.0
303438,1670.746673621,0.0,0.0,0.0,0.0,1.0,0.0
303458,1670.767717671,0.0,0.0,0.0,0.0,1.0,0.0
303478,1670.787389592,0.0,0.0,0.0,0.0,1.0,0.0
303498,1670.807498339,0.0,0.0,0.0,0.0,1.0,0.0
303518,1670.827723615,0.0,0.0,0.0,0.0,1.0,0.0
303538,1670.848513258,0.0,0.0,0.0,0.0,1.0,0.0
303558,1670.866801223,0.0,0.0,0.0,0.0,1.0,0.0
303578,1670.887678032,0.0,0.0,0.0,0.0,1.0,0.0
303598,1670.90684962,0.0,0.0,0.0,0.0,1.0,0.0
303618,1670.927044849,0.0,0.0,0.0,0.0,1.0,0.0
303638,1670.94745221,0.0,0.0,0.0,0.0,1.0,0.0
303658,1670.967466614,0.0,0.0,0.0,0.0,1.0,0.0
303678,1670.988557006,0.0,0.0,0.0,0.0,1.0,0.0
303698,1671.007378692,0.0,0.0,0.0,0.0,1.0,0.0
303718,1671.02720491,0.0,0.0,0.0,0.0,1.0,0.0
303738,1671.04793701,0.0,0.0,0.0,0.0,1.0,0.0
303758,1671.066579083,0.0,0.0,0.0,0.0,1.0,0.0
303778,1671.086624507,0.0,0.0,0.0,0.0,1.0,0.0
303798,1671.107846379,0.0,0.0,0.0,0.0,1.0,0.0
303818,1671.127315681,0.0,0.0,0.0,0.0,1.0,0.0
303838,1671.148073852,0.0,0.0,0.0,0.0,1.0,0.0
303858,1671.167607921,0.0,0.0,0.0,0.0,1.0,0.0
303878,1671.188510192,0.0,0.0,0.0,0.0,1.0,0.0
303898,1671.207960401,0.0,0.0,0.0,0.0,1.0,0.0
303918,1671.227379698,0.0,0.0,0.0,0.0,1.0,0.0
303938,1671.247346454,0.0,0.0,0.0,0.0,1.0,0.0
303958,1671.267931085,0.0,0.0,0.0,0.0,1.0,0.0
303978,1671.286677478,0.0,0.0,0.0,0.0,1.0,0.0
303998,1671.308137839,0.0,0.0,0.0,0.0,1.0,0.0
304018,1671.327337168,0.0,0.0,0.0,0.0,1.0,0.0
304038,1671.347873326,0.0,0.0,0.0,0.0,1.0,0.0
304058,1671.366671636,0.0,0.0,0.0,0.0,1.0,0.0
304078,1671.387579889,0.0,0.0,0.0,0.0,1.0,0.0
304098,1671.406862482,0.0,0.0,0.0,0.0,1.0,0.0
304118,1671.427399749,0.0,0.0,0.0,0.0,1.0,0.0
304138,1671.447822319,0.0,0.0,0.0,0.0,1.0,0.0
304158,1671.467504527,0.0,0.0,0.0,0.0,1.0,0.0
304178,1671.487395828,0.0,0.0,0.0,0.0,1.0,0.0
304198,1671.507407886,0.0,0.0,0.0,0.0,1.0,0.0
304218,1671.527486941,0.0,0.0,0.0,0.0,1.0,0.0
304238,1671.546845364,0.0,0.0,0.0,0.0,1.0,0.0
304258,1671.567799652,0.0,0.0,0.0,0.0,1.0,0.0
304278,1671.587111036,0.0,0.0,0.0,0.0,1.0,0.0
304298,1671.607531482,0.0,0.0,0.0,0.0,1.0,0.0
304318,1671.627759764,0.0,0.0,0.0,0.0,1.0,0.0
304338,1671.647321606,0.0,0.0,0.0,0.0,1.0,0.0
304358,1671.665973503,0.0,0.0,0.0,0.0,1.0,0.0
304378,1671.68586577,0.0,0.0,0.0,0.0,1.0,0.0
304398,1671.708376111,0.0,0.0,0.0,0.0,1.0,0.0
304418,1671.727250633,0.0,0.0,0.0,0.0,1.0,0.0
304438,1671.74792401,0.0,0.0,0.0,0.0,1.0,0.0
304458,1671.766799958,0.0,0.0,0.0,0.0,1.0,0.0
304478,1671.787628185,0.0,0.0,0.0,0.0,1.0,0.0
304498,1671.808135465,0.0,0.0,0.0,0.0,1.0,0.0
304518,1671.827340111,0.0,0.0,0.0,0.0,1.0,0.0
304538,1671.846441074,0.0,0.0,0.0,0.0,1.0,0.0
304558,1671.86758018,0.0,0.0,0.0,0.0,1.0,0.0
304578,1671.886479831,0.0,0.0,0.0,0.0,1.0,0.0
304598,1671.907595981,0.0,0.0,0.0,0.0,1.0,0.0
304618,1671.925728026,0.0,0.0,0.0,0.0,1.0,0.0
304638,1671.945870185,0.0,0.0,0.0,0.0,1.0,0.0
304658,1671.966418919,0.0,0.0,0.0,0.0,1.0,0.0
304678,1671.986108633,0.0,0.0,0.0,0.0,1.0,0.0
304698,1672.007798195,0.0,0.0,0.0,0.0,1.0,0.0
304718,1672.026914451,0.0,0.0,0.0,0.0,1.0,0.0
304738,1672.045875167,0.0,0.0,0.0,0.0,1.0,0.0
304758,1672.066315955,0.0,0.0,0.0,0.0,1.0,0.0
304778,1672.08577067,0.0,0.0,0.0,0.0,1.0,0.0
304798,1672.107895172,0.0,0.0,0.0,0.0,1.0,0.0
304818,1672.126215398,0.0,0.0,0.0,0.0,1.0,0.0
304838,1672.146091407,0.0,0.0,0.0,0.0,1.0,0.0
304858,1672.166766302,0.0,0.0,0.0,0.0,1.0,0.0
304878,1672.184983242,0.0,0.0,0.0,0.0,1.0,0.0
304898,1672.206397481,0.0,0.0,0.0,0.0,1.0,0.0
304918,1672.225615569,0.0,0.0,0.0,0.0,1.0,0.0
304938,1672.24532134,0.0,0.0,0.0,0.0,1.0,0.0
304958,1672.266394719,0.0,0.0,0.0,0.0,1.0,0.0
304978,1672.28678824,0.0,0.0,0.0,0.0,1.0,0.0
304998,1672.307433907,0.0,0.0,0.0,0.0,1.0,0.0
305018,1672.326477967,0.0,0.0,0.0,0.0,1.0,0.0
305038,1672.346389966,0.0,0.0,0.0,0.0,1.0,0.0
305058,1672.365732866,0.0,0.0,0.0,0.0,1.0,0.0
305078,1672.385330103,0.0,0.0,0.0,0.0,1.0,0.0
305098,1672.407450799,0.0,0.0,0.0,0.0,1.0,0.0
305118,1672.426806313,0.0,0.0,0.0,0.0,1.0,0.0
305138,1672.445933312,0.0,0.0,0.0,0.0,1.0,0.0
305158,1672.466393185,0.0,0.0,0.0,0.0,1.0,0.0
305178,1672.48521047,0.0,0.0,0.0,0.0,1.0,0.0
305198,1672.507606174,0.0,0.0,0.0,0.0,1.0,0.0
305218,1672.526710691,0.0,0.0,0.0,0.0,1.0,0.0
305238,1672.545763785,0.0,0.0,0.0,0.0,1.0,0.0
305258,1672.566526308,0.0,0.0,0.0,0.0,1.0,0.0
305278,1672.586661476,0.0,0.0,0.0,0.0,1.0,0.0
305298,1672.607777083,0.0,0.0,0.0,0.0,1.0,0.0
305318,1672.62647198,0.0,0.0,0.0,0.0,1.0,0.0
305338,1672.64676165,0.0,0.0,0.0,0.0,1.0,0.0
305358,1672.665788614,0.0,0.0,0.0,0.0,1.0,0.0
305378,1672.685704549,0.0,0.0,0.0,0.0,1.0,0.0
305398,1672.707604107,0.0,0.0,0.0,0.0,1.0,0.0
305418,1672.726085447,0.0,0.0,0.0,0.0,1.0,0.0
305438,1672.746562054,0.0,0.0,0.0,0.0,1.0,0.0
305458,1672.765982547,0.0,0.0,0.0,0.0,1.0,0.0
305478,1672.785546097,0.0,0.0,0.0,0.0,1.0,0.0
305498,1672.806115488,0.0,0.0,0.0,0.0,1.0,0.0
305518,1672.826048688,0.0,0.0,0.0,0.0,1.0,0.0
305538,1672.845417691,0.0,0.0,0.0,0.0,1.0,0.0
305558,1672.865560631,0.0,0.0,0.0,0.0,1.0,0.0
305578,1672.885736211,0.0,0.0,0.0,0.0,1.0,0.0
305598,1672.906330307,0.0,0.0,0.0,0.0,1.0,0.0
305618,1672.926741023,0.0,0.0,0.0,0.0,1.0,0.0
305638,1672.946471937,0.0,0.0,0.0,0.0,1.0,0.0
305658,1672.965705317,0.0,0.0,0.0,0.0,1.0,0.0
305678,1672.985271295,0.0,0.0,0.0,0.0,1.0,0.0
305698,1673.005320573,0.0,0.0,0.0,0.0,1.0,0.0
305718,1673.024741258,0.0,0.0,0.0,0.0,1.0,0.0
305738,1673.04569437,0.0,0.0,0.0,0.0,1.0,0.0
305758,1673.065470119,0.0,0.0,0.0,0.0,1.0,0.0
305778,1673.085309149,0.0,0.0,0.0,0.0,1.0,0.0
305798,1673.10540634,0.0,0.0,0.0,0.0,1.0,0.0
305818,1673.126170644,0.0,0.0,0.0,0.0,1.0,0.0
305838,1673.145962104,0.0,0.0,0.0,0.0,1.0,0.0
305858,1673.166244084,0.0,0.0,0.0,0.0,1.0,0.0
305878,1673.186490094,0.0,0.0,0.0,0.0,1.0,0.0
305898,1673.206597739,0.0,0.0,0.0,0.0,1.0,0.0
305918,1673.225976388,0.0,0.0,0.0,0.0,1.0,0.0
305938,1673.246610174,0.0,0.0,0.0,0.0,1.0,0.0
305958,1673.266255223,0.0,0.0,0.0,0.0,1.0,0.0
305978,1673.285553898,0.0,0.0,0.0,0.0,1.0,0.0
305998,1673.306618901,0.0,0.0,0.0,0.0,1.0,0.0
306018,1673.326244295,0.0,0.0,0.0,0.0,1.0,0.0
306038,1673.345575501,0.0,0.0,0.0,0.0,1.0,0.0
306058,1673.366369738,0.0,0.0,0.0,0.0,1.0,0.0
306078,1673.385352265,0.0,0.0,0.0,0.0,1.0,0.0
306098,1673.405915041,0.0,0.0,0.0,0.0,1.0,0.0
306118,1673.426031184,0.0,0.0,0.0,0.0,1.0,0.0
306138,1673.445380538,0.0,0.0,0.0,0.0,1.0,0.0
306158,1673.465440249,0.0,0.0,0.0,0.0,1.0,0.0
306178,1673.485494713,0.0,0.0,0.0,0.0,1.0,0.0
306198,1673.505814763,0.0,0.0,0.0,0.0,1.0,0.0
306218,1673.524954046,0.0,0.0,0.0,0.0,1.0,0.0
306238,1673.545791283,0.0,0.0,0.0,0.0,1.0,0.0
306258,1673.565081354,0.0,0.0,0.0,0.0,1.0,0.0
306278,1673.584887723,0.0,0.0,0.0,0.0,1.0,0.0
306298,1673.605775899,0.0,0.0,0.0,0.0,1.0,0.0
306318,1673.625450366,0.0,0.0,0.0,0.0,1.0,0.0
306338,1673.646239278,0.0,0.0,0.0,0.0,1.0,0.0
306358,1673.665435844,0.0,0.0,0.0,0.0,1.0,0.0
306378,1673.686662553,0.0,0.0,0.0,0.0,1.0,0.0
306398,1673.70544992,0.0,0.0,0.0,0.0,1.0,0.0
306418,1673.725452495,0.0,0.0,0.0,0.0,1.0,0.0
306438,1673.746295452,0.0,0.0,0.0,0.0,1.0,0.0
306458,1673.765439625,0.0,0.0,0.0,0.0,1.0,0.0
306478,1673.785608292,0.0,0.0,0.0,0.0,1.0,0.0
306498,1673.806336095,0.0,0.0,0.0,0.0,1.0,0.0
306518,1673.825967948,0.0,0.0,0.0,0.0,1.0,0.0
306538,1673.845637115,0.0,0.0,0.0,0.0,1.0,0.0
306558,1673.866383409,0.0,0.0,0.0,0.0,1.0,0.0
306578,1673.885589446,0.0,0.0,0.0,0.0,1.0,0.0
306598,1673.905770253,0.0,0.0,0.0,0.0,1.0,0.0
306618,1673.925792441,0.0,0.0,0.0,0.0,1.0,0.0
306638,1673.944984866,0.0,0.0,0.0,0.0,1.0,0.0
306658,1673.96507639,0.0,0.0,0.0,0.0,1.0,0.0
306678,1673.984669605,0.0,0.0,0.0,0.0,1.0,0.0
306698,1674.005667582,0.0,0.0,0.0,0.0,1.0,0.0
306718,1674.0251299,0.0,0.0,0.0,0.0,1.0,0.0
306738,1674.044433427,0.0,0.0,0.0,0.0,1.0,0.0
306758,1674.065222667,0.0,0.0,0.0,0.0,1.0,0.0
306778,1674.085438296,0.0,0.0,0.0,0.0,1.0,0.0
306798,1674.10526689,0.0,0.0,0.0,0.0,1.0,0.0
306818,1674.125523315,0.0,0.0,0.0,0.0,1.0,0.0
306838,1674.145533615,0.0,0.0,0.0,0.0,1.0,0.0
306858,1674.164987074,0.0,0.0,0.0,0.0,1.0,0.0
306878,1674.185144286,0.0,0.0,0.0,0.0,1.0,0.0
306898,1674.204962064,0.0,0.0,0.0,0.0,1.0,0.0
306918,1674.225552548,0.0,0.0,0.0,0.0,1.0,0.0
306938,1674.245546505,0.0,0.0,0.0,0.0,1.0,0.0
306958,1674.265861812,0.0,0.0,0.0,0.0,1.0,0.0
306978,1674.284583947,0.0,0.0,0.0,0.0,1.0,0.0
306998,1674.30517496,0.0,0.0,0.0,0.0,1.0,0.0
307018,1674.325273511,0.0,0.0,0.0,0.0,1.0,0.0
307038,1674.344761884,0.0,0.0,0.0,0.0,1.0,0.0
307058,1674.365059838,0.0,0.0,0.0,0.0,1.0,0.0
307078,1674.38520043,0.0,0.0,0.0,0.0,1.0,0.0
307098,1674.404545227,0.0,0.0,0.0,0.0,1.0,0.0
307118,1674.425303144,0.0,0.0,0.0,0.0,1.0,0.0
307138,1674.445548825,0.0,0.0,0.0,0.0,1.0,0.0
307158,1674.465533889,0.0,0.0,0.0,0.0,1.0,0.0
307178,1674.485557066,0.0,0.0,0.0,0.0,1.0,0.0
307198,1674.505545847,0.0,0.0,0.0,0.0,1.0,0.0
307218,1674.524446284,0.0,0.0,0.0,0.0,1.0,0.0
307238,1674.545766101,0.0,0.0,0.0,0.0,1.0,0.0
307258,1674.564569598,0.0,0.0,0.0,0.0,1.0,0.0
307278,1674.584630629,0.0,0.0,0.0,0.0,1.0,0.0
307298,1674.604609856,0.0,0.0,0.0,0.0,1.0,0.0
307318,1674.623851464,0.0,0.0,0.0,0.0,1.0,0.0
307338,1674.645557846,0.0,0.0,0.0,0.0,1.0,0.0
307358,1674.664389883,0.0,0.0,0.0,0.0,1.0,0.0
307378,1674.684279687,0.0,0.0,0.0,0.0,1.0,0.0
307398,1674.704551872,0.0,0.0,0.0,0.0,1.0,0.0
307418,1674.725496512,0.0,0.0,0.0,0.0,1.0,0.0
307438,1674.744607404,0.0,0.0,0.0,0.0,1.0,0.0
307458,1674.765481075,0.0,0.0,0.0,0.0,1.0,0.0
307478,1674.784597358,0.0,0.0,0.0,0.0,1.0,0.0
307498,1674.805440277,0.0,0.0,0.0,0.0,1.0,0.0
307518,1674.824773379,0.0,0.0,0.0,0.0,1.0,0.0
307538,1674.84509787,0.0,0.0,0.0,0.0,1.0,0.0
307558,1674.86484004,0.0,0.0,0.0,0.0,1.0,0.0
307578,1674.884413171,0.0,0.0,0.0,0.0,1.0,0.0
307598,1674.904527881,0.0,0.0,0.0,0.0,1.0,0.0
307618,1674.925276537,0.0,0.0,0.0,0.0,1.0,0.0
307638,1674.944136296,0.0,0.0,0.0,0.0,1.0,0.0
307658,1674.964385765,0.0,0.0,0.0,0.0,1.0,0.0
307678,1674.985435525,0.0,0.0,0.0,0.0,1.0,0.0
307698,1675.004987625,0.0,0.0,0.0,0.0,1.0,0.0
307718,1675.025429059,0.0,0.0,0.0,0.0,1.0,0.0
307738,1675.044271688,0.0,0.0,0.0,0.0,1.0,0.0
307758,1675.064975639,0.0,0.0,0.0,0.0,1.0,0.0
307778,1675.083858294,0.0,0.0,0.0,0.0,1.0,0.0
307798,1675.105525057,0.0,0.0,0.0,0.0,1.0,0.0
307818,1675.124749619,0.0,0.0,0.0,0.0,1.0,0.0
307838,1675.144824163,0.0,0.0,0.0,0.0,1.0,0.0
307858,1675.165138227,0.0,0.0,0.0,0.0,1.0,0.0
307878,1675.184443305,0.0,0.0,0.0,0.0,1.0,0.0
307898,1675.203721226,0.0,0.0,0.0,0.0,1.0,0.0
307918,1675.224375118,0.0,0.0,0.0,0.0,1.0,0.0
307938,1675.244626966,0.0,0.0,0.0,0.0,1.0,0.0
307958,1675.264440758,0.0,0.0,0.0,0.0,1.0,0.0
307978,1675.284304936,0.0,0.0,0.0,0.0,1.0,0.0
307998,1675.304594993,0.0,0.0,0.0,0.0,1.0,0.0
308018,1675.323469279,0.0,0.0,0.0,0.0,1.0,0.0
308038,1675.344634815,0.0,0.0,0.0,0.0,1.0,0.0
308058,1675.364582769,0.0,0.0,0.0,0.0,1.0,0.0
308078,1675.384641962,0.0,0.0,0.0,0.0,1.0,0.0
308098,1675.404574432,0.0,0.0,0.0,0.0,1.0,0.0
308118,1675.424211547,0.0,0.0,0.0,0.0,1.0,0.0
308138,1675.444658606,0.0,0.0,0.0,0.0,1.0,0.0
308158,1675.463960184,0.0,0.0,0.0,0.0,1.0,0.0
308178,1675.483129907,0.0,0.0,0.0,0.0,1.0,0.0
308198,1675.504967297,0.0,0.0,0.0,0.0,1.0,0.0
308218,1675.52416814,0.0,0.0,0.0,0.0,1.0,0.0
308238,1675.545528997,0.0,0.0,0.0,0.0,1.0,0.0
308258,1675.564883578,0.0,0.0,0.0,0.0,1.0,0.0
308278,1675.583595499,0.0,0.0,0.0,0.0,1.0,0.0
308298,1675.603945304,0.0,0.0,0.0,0.0,1.0,0.0
308318,1675.624289139,0.0,0.0,0.0,0.0,1.0,0.0
308338,1675.644733044,0.0,0.0,0.0,0.0,1.0,0.0
308358,1675.662828225,0.0,0.0,0.0,0.0,1.0,0.0
308378,1675.684416754,0.0,0.0,0.0,0.0,1.0,0.0
308398,1675.704563898,0.0,0.0,0.0,0.0,1.0,0.0
308418,1675.72547708,0.0,0.0,0.0,0.0,1.0,0.0
308438,1675.744482511,0.0,0.0,0.0,0.0,1.0,0.0
308458,1675.763507999,0.0,0.0,0.0,0.0,1.0,0.0
308478,1675.783712103,0.0,0.0,0.0,0.0,1.0,0.0
308498,1675.804130155,0.0,0.0,0.0,0.0,1.0,0.0
308518,1675.825731361,0.0,0.0,0.0,0.0,1.0,0.0
308538,1675.844136492,0.0,0.0,0.0,0.0,1.0,0.0
308558,1675.864264456,0.0,0.0,0.0,0.0,1.0,0.0
308578,1675.883769625,0.0,0.0,0.0,0.0,1.0,0.0
308598,1675.904372554,0.0,0.0,0.0,0.0,1.0,0.0
308618,1675.925455598,0.0,0.0,0.0,0.0,1.0,0.0
308638,1675.944098665,0.0,0.0,0.0,0.0,1.0,0.0
308658,1675.963645798,0.0,0.0,0.0,0.0,1.0,0.0
308678,1675.984742986,0.0,0.0,0.0,0.0,1.0,0.0
308698,1676.003846019,0.0,0.0,0.0,0.0,1.0,0.0
308718,1676.025261,0.0,0.0,0.0,0.0,1.0,0.0
308738,1676.044332328,0.0,0.0,0.0,0.0,1.0,0.0
308758,1676.064127008,0.0,0.0,0.0,0.0,1.0,0.0
308778,1676.084121269,0.0,0.0,0.0,0.0,1.0,0.0
308798,1676.103366315,0.0,0.0,0.0,0.0,1.0,0.0
308818,1676.125372722,0.0,0.0,0.0,0.0,1.0,0.0
308838,1676.143418026,0.0,0.0,0.0,0.0,1.0,0.0
308858,1676.163761187,0.0,0.0,0.0,0.0,1.0,0.0
308878,1676.183910372,0.0,0.0,0.0,0.0,1.0,0.0
308898,1676.204118125,0.0,0.0,0.0,0.0,1.0,0.0
308918,1676.225071552,0.0,0.0,0.0,0.0,1.0,0.0
308938,1676.244124845,0.0,0.0,0.0,0.0,1.0,0.0
308958,1676.263965243,0.0,0.0,0.0,0.0,1.0,0.0
308978,1676.283507269,0.0,0.0,0.0,0.0,1.0,0.0
308998,1676.304366681,0.0,0.0,0.0,0.0,1.0,0.0
309018,1676.324866233,0.0,0.0,0.0,0.0,1.0,0.0
309038,1676.34450188,0.0,0.0,0.0,0.0,1.0,0.0
309058,1676.363288213,0.0,0.0,0.0,0.0,1.0,0.0
309078,1676.383243212,0.0,0.0,0.0,0.0,1.0,0.0
309098,1676.4037562,0.0,0.0,0.0,0.0,1.0,0.0
309118,1676.425511351,0.0,0.0,0.0,0.0,1.0,0.0
309138,1676.44375637,0.0,0.0,0.0,0.0,1.0,0.0
309158,1676.463877485,0.0,0.0,0.0,0.0,1.0,0.0
309178,1676.484043634,0.0,0.0,0.0,0.0,1.0,0.0
309198,1676.50344098,0.0,0.0,0.0,0.0,1.0,0.0
309218,1676.525284384,0.0,0.0,0.0,0.0,1.0,0.0
309238,1676.543400186,0.0,0.0,0.0,0.0,1.0,0.0
309258,1676.563782331,0.0,0.0,0.0,0.0,1.0,0.0
309278,1676.583878674,0.0,0.0,0.0,0.0,1.0,0.0
309298,1676.604148949,0.0,0.0,0.0,0.0,1.0,0.0
309318,1676.624294653,0.0,0.0,0.0,0.0,1.0,0.0
309338,1676.643574272,0.0,0.0,0.0,0.0,1.0,0.0
309358,1676.663133257,0.0,0.0,0.0,0.0,1.0,0.0
309378,1676.68313654,0.0,0.0,0.0,0.0,1.0,0.0
309398,1676.703337729,0.0,0.0,0.0,0.0,1.0,0.0
309418,1676.723815532,0.0,0.0,0.0,0.0,1.0,0.0
309438,1676.74304767,0.0,0.0,0.0,0.0,1.0,0.0
309458,1676.762997598,0.0,0.0,0.0,0.0,1.0,0.0
309478,1676.783381141,0.0,0.0,0.0,0.0,1.0,0.0
309498,1676.803081541,0.0,0.0,0.0,0.0,1.0,0.0
309518,1676.823378885,0.0,0.0,0.0,0.0,1.0,0.0
309538,1676.842830769,0.0,0.0,0.0,0.0,1.0,0.0
309558,1676.86288531,0.0,0.0,0.0,0.0,1.0,0.0
309578,1676.882771859,0.0,0.0,0.0,0.0,1.0,0.0
309598,1676.903136118,0.0,0.0,0.0,0.0,1.0,0.0
309618,1676.923130536,0.0,0.0,0.0,0.0,1.0,0.0
309638,1676.943365283,0.0,0.0,0.0,0.0,1.0,0.0
309658,1676.9635958,0.0,0.0,0.0,0.0,1.0,0.0
309678,1676.983372135,0.0,0.0,0.0,0.0,1.0,0.0
309698,1677.003483391,0.0,0.0,0.0,0.0,1.0,0.0
309718,1677.023543702,0.0,0.0,0.0,0.0,1.0,0.0
309738,1677.043583783,0.0,0.0,0.0,0.0,1.0,0.0
309758,1677.06339126,0.0,0.0,0.0,0.0,1.0,0.0
309778,1677.083283743,0.0,0.0,0.0,0.0,1.0,0.0
309798,1677.103068437,0.0,0.0,0.0,0.0,1.0,0.0
309818,1677.12336402,0.0,0.0,0.0,0.0,1.0,0.0
309838,1677.142289384,0.0,0.0,0.0,0.0,1.0,0.0
309858,1677.163844221,0.0,0.0,0.0,0.0,1.0,0.0
309878,1677.182699241,0.0,0.0,0.0,0.0,1.0,0.0
309898,1677.203115876,0.0,0.0,0.0,0.0,1.0,0.0
309918,1677.223259629,0.0,0.0,0.0,0.0,1.0,0.0
309938,1677.2426431,0.0,0.0,0.0,0.0,1.0,0.0
309958,1677.263139761,0.0,0.0,0.0,0.0,1.0,0.0
309978,1677.282848852,0.0,0.0,0.0,0.0,1.0,0.0
309998,1677.303370559,0.0,0.0,0.0,0.0,1.0,0.0
310018,1677.323793233,0.0,0.0,0.0,0.0,1.0,0.0
310038,1677.343359846,0.0,0.0,0.0,0.0,1.0,0.0
310058,1677.363259546,0.0,0.0,0.0,0.0,1.0,0.0
310078,1677.383373755,0.0,0.0,0.0,0.0,1.0,0.0
310098,1677.403259333,0.0,0.0,0.0,0.0,1.0,0.0
310118,1677.42314587,0.0,0.0,0.0,0.0,1.0,0.0
310138,1677.441949202,0.0,0.0,0.0,0.0,1.0,0.0
310158,1677.462965134,0.0,0.0,0.0,0.0,1.0,0.0
310178,1677.483449139,0.0,0.0,0.0,0.0,1.0,0.0
310198,1677.502834316,0.0,0.0,0.0,0.0,1.0,0.0
310218,1677.523382426,0.0,0.0,0.0,0.0,1.0,0.0
310238,1677.543479713,0.0,0.0,0.0,0.0,1.0,0.0
310258,1677.5625174,0.0,0.0,0.0,0.0,1.0,0.0
310278,1677.583478739,0.0,0.0,0.0,0.0,1.0,0.0
310298,1677.602957748,0.0,0.0,0.0,0.0,1.0,0.0
310318,1677.622811362,0.0,0.0,0.0,0.0,1.0,0.0
310338,1677.642497292,0.0,0.0,0.0,0.0,1.0,0.0
310358,1677.662850097,0.0,0.0,0.0,0.0,1.0,0.0
310378,1677.683231028,0.0,0.0,0.0,0.0,1.0,0.0
310398,1677.703581806,0.0,0.0,0.0,0.0,1.0,0.0
310418,1677.722749145,0.0,0.0,0.0,0.0,1.0,0.0
310438,1677.742563336,0.0,0.0,0.0,0.0,1.0,0.0
310458,1677.7627923,0.0,0.0,0.0,0.0,1.0,0.0
310478,1677.78335257,0.0,0.0,0.0,0.0,1.0,0.0
310498,1677.803633138,0.0,0.0,0.0,0.0,1.0,0.0
310518,1677.822584337,0.0,0.0,0.0,0.0,1.0,0.0
310538,1677.842353378,0.0,0.0,0.0,0.0,1.0,0.0
310558,1677.862858375,0.0,0.0,0.0,0.0,1.0,0.0
310578,1677.882373873,0.0,0.0,0.0,0.0,1.0,0.0
310598,1677.902239744,0.0,0.0,0.0,0.0,1.0,0.0
310618,1677.922127036,0.0,0.0,0.0,0.0,1.0,0.0
310638,1677.94255819,0.0,0.0,0.0,0.0,1.0,0.0
310658,1677.96255755,0.0,0.0,0.0,0.0,1.0,0.0
310678,1677.982628797,0.0,0.0,0.0,0.0,1.0,0.0
310698,1678.002381034,0.0,0.0,0.0,0.0,1.0,0.0
310718,1678.022532042,0.0,0.0,0.0,0.0,1.0,0.0
310738,1678.042611755,0.0,0.0,0.0,0.0,1.0,0.0
310758,1678.062789235,0.0,0.0,0.0,0.0,1.0,0.0
310778,1678.082930369,0.0,0.0,0.0,0.0,1.0,0.0
310798,1678.102607074,0.0,0.0,0.0,0.0,1.0,0.0
310818,1678.12255948,0.0,0.0,0.0,0.0,1.0,0.0
310838,1678.143358786,0.0,0.0,0.0,0.0,1.0,0.0
310858,1678.161870077,0.0,0.0,0.0,0.0,1.0,0.0
310878,1678.182119137,0.0,0.0,0.0,0.0,1.0,0.0
310898,1678.202347685,0.0,0.0,0.0,0.0,1.0,0.0
310918,1678.222603139,0.0,0.0,0.0,0.0,1.0,0.0
310938,1678.24273433,0.0,0.0,0.0,0.0,1.0,0.0
310958,1678.262954186,0.0,0.0,0.0,0.0,1.0,0.0
310978,1678.283099951,0.0,0.0,0.0,0.0,1.0,0.0
310998,1678.301930414,0.0,0.0,0.0,0.0,1.0,0.0
311018,1678.321554733,0.0,0.0,0.0,0.0,1.0,0.0
311038,1678.343116296,0.0,0.0,0.0,0.0,1.0,0.0
311058,1678.362024281,0.0,0.0,0.0,0.0,1.0,0.0
311078,1678.382383592,0.0,0.0,0.0,0.0,1.0,0.0
311098,1678.402690106,0.0,0.0,0.0,0.0,1.0,0.0
311118,1678.422783584,0.0,0.0,0.0,0.0,1.0,0.0
311138,1678.442938478,0.0,0.0,0.0,0.0,1.0,0.0
311158,1678.462799938,0.0,0.0,0.0,0.0,1.0,0.0
311178,1678.482382938,0.0,0.0,0.0,0.0,1.0,0.0
311198,1678.502702901,0.0,0.0,0.0,0.0,1.0,0.0
311218,1678.522798894,0.0,0.0,0.0,0.0,1.0,0.0
311238,1678.54321589,0.0,0.0,0.0,0.0,1.0,0.0
311258,1678.561728766,0.0,0.0,0.0,0.0,1.0,0.0
311278,1678.582872694,0.0,0.0,0.0,0.0,1.0,0.0
311298,1678.602345322,0.0,0.0,0.0,0.0,1.0,0.0
311318,1678.622539346,0.0,0.0,0.0,0.0,1.0,0.0
311338,1678.643283312,0.0,0.0,0.0,0.0,1.0,0.0
311358,1678.662118025,0.0,0.0,0.0,0.0,1.0,0.0
311378,1678.683340566,0.0,0.0,0.0,0.0,1.0,0.0
311398,1678.701974233,0.0,0.0,0.0,0.0,1.0,0.0
311418,1678.72237615,0.0,0.0,0.0,0.0,1.0,0.0
311438,1678.743113912,0.0,0.0,0.0,0.0,1.0,0.0
311458,1678.762818332,0.0,0.0,0.0,0.0,1.0,0.0
311478,1678.783087699,0.0,0.0,0.0,0.0,1.0,0.0
311498,1678.80210999,0.0,0.0,0.0,0.0,1.0,0.0
311518,1678.822336912,0.0,0.0,0.0,0.0,1.0,0.0
311538,1678.842820558,0.0,0.0,0.0,0.0,1.0,0.0
311558,1678.86157772,0.0,0.0,0.0,0.0,1.0,0.0
311578,1678.882997873,0.0,0.0,0.0,0.0,1.0,0.0
311598,1678.901857993,0.0,0.0,0.0,0.0,1.0,0.0
311618,1678.922360513,0.0,0.0,0.0,0.0,1.0,0.0
311638,1678.941375778,0.0,0.0,0.0,0.0,1.0,0.0
311658,1678.961132932,0.0,0.0,0.0,0.0,1.0,0.0
311678,1678.981137181,0.0,0.0,0.0,0.0,1.0,0.0
311698,1679.001446244,0.0,0.0,0.0,0.0,1.0,0.0
311718,1679.020916803,0.0,0.0,0.0,0.0,1.0,0.0
311738,1679.041559355,0.0,0.0,0.0,0.0,1.0,0.0
311758,1679.062618658,0.0,0.0,0.0,0.0,1.0,0.0
311778,1679.082593239,0.0,0.0,0.0,0.0,1.0,0.0
311798,1679.101621431,0.0,0.0,0.0,0.0,1.0,0.0
311818,1679.122320225,0.0,0.0,0.0,0.0,1.0,0.0
311838,1679.141391567,0.0,0.0,0.0,0.0,1.0,0.0
311858,1679.161791179,0.0,0.0,0.0,0.0,1.0,0.0
311878,1679.182317391,0.0,0.0,0.0,0.0,1.0,0.0
311898,1679.201291487,0.0,0.0,0.0,0.0,1.0,0.0
311918,1679.222145333,0.0,0.0,0.0,0.0,1.0,0.0
311938,1679.241428179,0.0,0.0,0.0,0.0,1.0,0.0
311958,1679.261801227,0.0,0.0,0.0,0.0,1.0,0.0
311978,1679.281815094,0.0,0.0,0.0,0.0,1.0,0.0
311998,1679.300995834,0.0,0.0,0.0,0.0,1.0,0.0
312018,1679.321635712,0.0,0.0,0.0,0.0,1.0,0.0
312038,1679.342810258,0.0,0.0,0.0,0.0,1.0,0.0
312058,1679.361612702,0.0,0.0,0.0,0.0,1.0,0.0
312078,1679.381353576,0.0,0.0,0.0,0.0,1.0,0.0
312098,1679.400937362,0.0,0.0,0.0,0.0,1.0,0.0
312118,1679.421734557,0.0,0.0,0.0,0.0,1.0,0.0
312138,1679.442665538,0.0,0.0,0.0,0.0,1.0,0.0
312158,1679.460747017,0.0,0.0,0.0,0.0,1.0,0.0
312178,1679.48129492,0.0,0.0,0.0,0.0,1.0,0.0
312198,1679.500766503,0.0,0.0,0.0,0.0,1.0,0.0
312218,1679.521122841,0.0,0.0,0.0,0.0,1.0,0.0
312238,1679.54256629,0.0,0.0,0.0,0.0,1.0,0.0
312258,1679.561978337,0.0,0.0,0.0,0.0,1.0,0.0
312278,1679.582078896,0.0,0.0,0.0,0.0,1.0,0.0
312298,1679.602080987,0.0,0.0,0.0,0.0,1.0,0.0
312318,1679.622478898,0.0,0.0,0.0,0.0,1.0,0.0
312338,1679.642571097,0.0,0.0,0.0,0.0,1.0,0.0
312358,1679.661174834,0.0,0.0,0.0,0.0,1.0,0.0
312378,1679.681331221,0.0,0.0,0.0,0.0,1.0,0.0
312398,1679.701578365,0.0,0.0,0.0,0.0,1.0,0.0
312418,1679.722075568,0.0,0.0,0.0,0.0,1.0,0.0
312438,1679.742950516,0.0,0.0,0.0,0.0,1.0,0.0
312458,1679.761667804,0.0,0.0,0.0,0.0,1.0,0.0
312478,1679.781832945,0.0,0.0,0.0,0.0,1.0,0.0
312498,1679.801559058,0.0,0.0,0.0,0.0,1.0,0.0
312518,1679.821700717,0.0,0.0,0.0,0.0,1.0,0.0
312538,1679.842768,0.0,0.0,0.0,0.0,1.0,0.0
312558,1679.861810868,0.0,0.0,0.0,0.0,1.0,0.0
312578,1679.881459993,0.0,0.0,0.0,0.0,1.0,0.0
312598,1679.901104218,0.0,0.0,0.0,0.0,1.0,0.0
312618,1679.921320178,0.0,0.0,0.0,0.0,1.0,0.0
312638,1679.943880828,0.0,0.0,0.0,0.0,1.0,0.0
312658,1679.961380912,0.0,0.0,0.0,0.0,1.0,0.0
312678,1679.981492988,0.0,0.0,0.0,0.0,1.0,0.0
312698,1680.00133454,0.0,0.0,0.0,0.0,1.0,0.0
312718,1680.021522811,0.0,0.0,0.0,0.0,1.0,0.0
312738,1680.042090983,0.0,0.0,0.0,0.0,1.0,0.0
312758,1680.061394803,0.0,0.0,0.0,0.0,1.0,0.0
312778,1680.081192235,0.0,0.0,0.0,0.0,1.0,0.0
312798,1680.10081961,0.0,0.0,0.0,0.0,1.0,0.0
312818,1680.121518533,0.0,0.0,0.0,0.0,1.0,0.0
312838,1680.142443684,0.0,0.0,0.0,0.0,1.0,0.0
312858,1680.160803678,0.0,0.0,0.0,0.0,1.0,0.0
312878,1680.181746682,0.0,0.0,0.0,0.0,1.0,0.0
312898,1680.200740963,0.0,0.0,0.0,0.0,1.0,0.0
312918,1680.220850545,0.0,0.0,0.0,0.0,1.0,0.0
312938,1680.243627415,0.0,0.0,0.0,0.0,1.0,0.0
312958,1680.261376932,0.0,0.0,0.0,0.0,1.0,0.0
312978,1680.281604722,0.0,0.0,0.0,0.0,1.0,0.0
312998,1680.301237689,0.0,0.0,0.0,0.0,1.0,0.0
313018,1680.32185255,0.0,0.0,0.0,0.0,1.0,0.0
313038,1680.343322014,0.0,0.0,0.0,0.0,1.0,0.0
313058,1680.361185646,0.0,0.0,0.0,0.0,1.0,0.0
313078,1680.381731751,0.0,0.0,0.0,0.0,1.0,0.0
313098,1680.401212242,0.0,0.0,0.0,0.0,1.0,0.0
313118,1680.420630813,0.0,0.0,0.0,0.0,1.0,0.0
313138,1680.443043326,0.0,0.0,0.0,0.0,1.0,0.0
313158,1680.461062748,0.0,0.0,0.0,0.0,1.0,0.0
313178,1680.481822543,0.0,0.0,0.0,0.0,1.0,0.0
313198,1680.500052532,0.0,0.0,0.0,0.0,1.0,0.0
313218,1680.5208945,0.0,0.0,0.0,0.0,1.0,0.0
313238,1680.541314568,0.0,0.0,0.0,0.0,1.0,0.0
313258,1680.560766638,0.0,0.0,0.0,0.0,1.0,0.0
313278,1680.579804888,0.0,0.0,0.0,0.0,1.0,0.0
313298,1680.601294094,0.0,0.0,0.0,0.0,1.0,0.0
313318,1680.620393762,0.0,0.0,0.0,0.0,1.0,0.0
313338,1680.641050409,0.0,0.0,0.0,0.0,1.0,0.0
313358,1680.660794784,0.0,0.0,0.0,0.0,1.0,0.0
313378,1680.679719234,0.0,0.0,0.0,0.0,1.0,0.0
313398,1680.700298652,0.0,0.0,0.0,0.0,1.0,0.0
313418,1680.720419924,0.0,0.0,0.0,0.0,1.0,0.0
313438,1680.740768378,0.0,0.0,0.0,0.0,1.0,0.0
313458,1680.760559865,0.0,0.0,0.0,0.0,1.0,0.0
313478,1680.780047078,0.0,0.0,0.0,0.0,1.0,0.0
313498,1680.800426363,0.0,0.0,0.0,0.0,1.0,0.0
313518,1680.81953974,0.0,0.0,0.0,0.0,1.0,0.0
313538,1680.840401822,0.0,0.0,0.0,0.0,1.0,0.0
313558,1680.860135252,0.0,0.0,0.0,0.0,1.0,0.0
313578,1680.880739722,0.0,0.0,0.0,0.0,1.0,0.0
313598,1680.900971578,0.0,0.0,0.0,0.0,1.0,0.0
313618,1680.920054197,0.0,0.0,0.0,0.0,1.0,0.0
313638,1680.939773881,0.0,0.0,0.0,0.0,1.0,0.0
313658,1680.959981428,0.0,0.0,0.0,0.0,1.0,0.0
313678,1680.980474678,0.0,0.0,0.0,0.0,1.0,0.0
313698,1681.000965794,0.0,0.0,0.0,0.0,1.0,0.0
313718,1681.020068947,0.0,0.0,0.0,0.0,1.0,0.0
313738,1681.040311785,0.0,0.0,0.0,0.0,1.0,0.0
313758,1681.059809853,0.0,0.0,0.0,0.0,1.0,0.0
313778,1681.079292114,0.0,0.0,0.0,0.0,1.0,0.0
313798,1681.100055086,0.0,0.0,0.0,0.0,1.0,0.0
313818,1681.120600015,0.0,0.0,0.0,0.0,1.0,0.0
313838,1681.141422324,0.0,0.0,0.0,0.0,1.0,0.0
313858,1681.161462367,0.0,0.0,0.0,0.0,1.0,0.0
313878,1681.179674434,0.0,0.0,0.0,0.0,1.0,0.0
313898,1681.201378873,0.0,0.0,0.0,0.0,1.0,0.0
313918,1681.22111118,0.0,0.0,0.0,0.0,1.0,0.0
313938,1681.240701453,0.0,0.0,0.0,0.0,1.0,0.0
313958,1681.260381213,0.0,0.0,0.0,0.0,1.0,0.0
313978,1681.281580836,0.0,0.0,0.0,0.0,1.0,0.0
313998,1681.30063802,0.0,0.0,0.0,0.0,1.0,0.0
314018,1681.319638601,0.0,0.0,0.0,0.0,1.0,0.0
314038,1681.339739175,0.0,0.0,0.0,0.0,1.0,0.0
314058,1681.359639128,0.0,0.0,0.0,0.0,1.0,0.0
314078,1681.380461502,0.0,0.0,0.0,0.0,1.0,0.0
314098,1681.399656744,0.0,0.0,0.0,0.0,1.0,0.0
314118,1681.420598828,0.0,0.0,0.0,0.0,1.0,0.0
314138,1681.439581247,0.0,0.0,0.0,0.0,1.0,0.0
314158,1681.459939358,0.0,0.0,0.0,0.0,1.0,0.0
314178,1681.480139243,0.0,0.0,0.0,0.0,1.0,0.0
314198,1681.500811501,0.0,0.0,0.0,0.0,1.0,0.0
314218,1681.520144816,0.0,0.0,0.0,0.0,1.0,0.0
314238,1681.540980576,0.0,0.0,0.0,0.0,1.0,0.0
314258,1681.560406069,0.0,0.0,0.0,0.0,1.0,0.0
314278,1681.580570396,0.0,0.0,0.0,0.0,1.0,0.0
314298,1681.600679756,0.0,0.0,0.0,0.0,1.0,0.0
314318,1681.61979261,0.0,0.0,0.0,0.0,1.0,0.0
314338,1681.640393349,0.0,0.0,0.0,0.0,1.0,0.0
314358,1681.660023439,0.0,0.0,0.0,0.0,1.0,0.0
314378,1681.679569266,0.0,0.0,0.0,0.0,1.0,0.0
314398,1681.699672645,0.0,0.0,0.0,0.0,1.0,0.0
314418,1681.720172021,0.0,0.0,0.0,0.0,1.0,0.0
314438,1681.739623517,0.0,0.0,0.0,0.0,1.0,0.0
314458,1681.760911094,0.0,0.0,0.0,0.0,1.0,0.0
314478,1681.77962691,0.0,0.0,0.0,0.0,1.0,0.0
314498,1681.800566165,0.0,0.0,0.0,0.0,1.0,0.0
314518,1681.820372896,0.0,0.0,0.0,0.0,1.0,0.0
314538,1681.839762394,0.0,0.0,0.0,0.0,1.0,0.0
314558,1681.859612155,0.0,0.0,0.0,0.0,1.0,0.0
314578,1681.879751284,0.0,0.0,0.0,0.0,1.0,0.0
314598,1681.899577476,0.0,0.0,0.0,0.0,1.0,0.0
314618,1681.919916068,0.0,0.0,0.0,0.0,1.0,0.0
314638,1681.939934047,0.0,0.0,0.0,0.0,1.0,0.0
314658,1681.959440947,0.0,0.0,0.0,0.0,1.0,0.0
314678,1681.979584959,0.0,0.0,0.0,0.0,1.0,0.0
314698,1682.000326634,0.0,0.0,0.0,0.0,1.0,0.0
314718,1682.020624891,0.0,0.0,0.0,0.0,1.0,0.0
314738,1682.040029262,0.0,0.0,0.0,0.0,1.0,0.0
314758,1682.059247072,0.0,0.0,0.0,0.0,1.0,0.0
314778,1682.079617115,0.0,0.0,0.0,0.0,1.0,0.0
314798,1682.099961856,0.0,0.0,0.0,0.0,1.0,0.0
314818,1682.120045237,0.0,0.0,0.0,0.0,1.0,0.0
314838,1682.139796119,0.0,0.0,0.0,0.0,1.0,0.0
314858,1682.158794084,0.0,0.0,0.0,0.0,1.0,0.0
314878,1682.178953522,0.0,0.0,0.0,0.0,1.0,0.0
314898,1682.198334251,0.0,0.0,0.0,0.0,1.0,0.0
314918,1682.21872019,0.0,0.0,0.0,0.0,1.0,0.0
314938,1682.238917047,0.0,0.0,0.0,0.0,1.0,0.0
314958,1682.260126939,0.0,0.0,0.0,0.0,1.0,0.0
314978,1682.278418207,0.0,0.0,0.0,0.0,1.0,0.0
314998,1682.298795425,0.0,0.0,0.0,0.0,1.0,0.0
315018,1682.319070648,0.0,0.0,0.0,0.0,1.0,0.0
315038,1682.339540933,0.0,0.0,0.0,0.0,1.0,0.0
315058,1682.359415498,0.0,0.0,0.0,0.0,1.0,0.0
315078,1682.379045848,0.0,0.0,0.0,0.0,1.0,0.0
315098,1682.398943999,0.0,0.0,0.0,0.0,1.0,0.0
315118,1682.419433196,0.0,0.0,0.0,0.0,1.0,0.0
315138,1682.439493888,0.0,0.0,0.0,0.0,1.0,0.0
315158,1682.459313556,0.0,0.0,0.0,0.0,1.0,0.0
315178,1682.479648073,0.0,0.0,0.0,0.0,1.0,0.0
315198,1682.500084182,0.0,0.0,0.0,0.0,1.0,0.0
315218,1682.519452604,0.0,0.0,0.0,0.0,1.0,0.0
315238,1682.539739672,0.0,0.0,0.0,0.0,1.0,0.0
315258,1682.559034576,0.0,0.0,0.0,0.0,1.0,0.0
315278,1682.579501532,0.0,0.0,0.0,0.0,1.0,0.0
315298,1682.600075677,0.0,0.0,0.0,0.0,1.0,0.0
315318,1682.619023826,0.0,0.0,0.0,0.0,1.0,0.0
315338,1682.63904783,0.0,0.0,0.0,0.0,1.0,0.0
315358,1682.659387559,0.0,0.0,0.0,0.0,1.0,0.0
315378,1682.679738706,0.0,0.0,0.0,0.0,1.0,0.0
315398,1682.698814547,0.0,0.0,0.0,0.0,1.0,0.0
315418,1682.718711679,0.0,0.0,0.0,0.0,1.0,0.0
315438,1682.739117403,0.0,0.0,0.0,0.0,1.0,0.0
315458,1682.759058964,0.0,0.0,0.0,0.0,1.0,0.0
315478,1682.779366606,0.0,0.0,0.0,0.0,1.0,0.0
315498,1682.798550523,0.0,0.0,0.0,0.0,1.0,0.0
315518,1682.818791706,0.0,0.0,0.0,0.0,1.0,0.0
315538,1682.838990865,0.0,0.0,0.0,0.0,1.0,0.0
315558,1682.857750789,0.0,0.0,0.0,0.0,1.0,0.0
315578,1682.878583241,0.0,0.0,0.0,0.0,1.0,0.0
315598,1682.898778757,0.0,0.0,0.0,0.0,1.0,0.0
315618,1682.919047176,0.0,0.0,0.0,0.0,1.0,0.0
315638,1682.939369451,0.0,0.0,0.0,0.0,1.0,0.0
315658,1682.958055746,0.0,0.0,0.0,0.0,1.0,0.0
315678,1682.978507074,0.0,0.0,0.0,0.0,1.0,0.0
315698,1682.998684177,0.0,0.0,0.0,0.0,1.0,0.0
315718,1683.01793074,0.0,0.0,0.0,0.0,1.0,0.0
315738,1683.038261818,0.0,0.0,0.0,0.0,1.0,0.0
315758,1683.058924966,0.0,0.0,0.0,0.0,1.0,0.0
315778,1683.07772302,0.0,0.0,0.0,0.0,1.0,0.0
315798,1683.097897132,0.0,0.0,0.0,0.0,1.0,0.0
315818,1683.118059784,0.0,0.0,0.0,0.0,1.0,0.0
315838,1683.138379771,0.0,0.0,0.0,0.0,1.0,0.0
315858,1683.15882874,0.0,0.0,0.0,0.0,1.0,0.0
315878,1683.178480174,0.0,0.0,0.0,0.0,1.0,0.0
315898,1683.199377948,0.0,0.0,0.0,0.0,1.0,0.0
315918,1683.219042714,0.0,0.0,0.0,0.0,1.0,0.0
315938,1683.239342298,0.0,0.0,0.0,0.0,1.0,0.0
315958,1683.259126085,0.0,0.0,0.0,0.0,1.0,0.0
315978,1683.278179258,0.0,0.0,0.0,0.0,1.0,0.0
315998,1683.296175632,0.0,0.0,0.0,0.0,1.0,0.0
316018,1683.316465791,0.0,0.0,0.0,0.0,1.0,0.0
316038,1683.339056295,0.0,0.0,0.0,0.0,1.0,0.0
316058,1683.359699202,0.0,0.0,0.0,0.0,1.0,0.0
316078,1683.379182374,0.0,0.0,0.0,0.0,1.0,0.0
316098,1683.398609327,0.0,0.0,0.0,0.0,1.0,0.0
316118,1683.419582499,0.0,0.0,0.0,0.0,1.0,0.0
316138,1683.438968441,0.0,0.0,0.0,0.0,1.0,0.0
316158,1683.459572986,0.0,0.0,0.0,0.0,1.0,0.0
316178,1683.478385822,0.0,0.0,0.0,0.0,1.0,0.0
316198,1683.499483201,0.0,0.0,0.0,0.0,1.0,0.0
316218,1683.519567564,0.0,0.0,0.0,0.0,1.0,0.0
316238,1683.538671669,0.0,0.0,0.0,0.0,1.0,0.0
316258,1683.559478493,0.0,0.0,0.0,0.0,1.0,0.0
316278,1683.579496594,0.0,0.0,0.0,0.0,1.0,0.0
316298,1683.599055625,0.0,0.0,0.0,0.0,1.0,0.0
316318,1683.619664882,0.0,0.0,0.0,0.0,1.0,0.0
316338,1683.638368714,0.0,0.0,0.0,0.0,1.0,0.0
316358,1683.659350158,0.0,0.0,0.0,0.0,1.0,0.0
316378,1683.678602179,0.0,0.0,0.0,0.0,1.0,0.0
316398,1683.699781787,0.0,0.0,0.0,0.0,1.0,0.0
316418,1683.718687636,0.0,0.0,0.0,0.0,1.0,0.0
316438,1683.739601002,0.0,0.0,0.0,0.0,1.0,0.0
316458,1683.759426627,0.0,0.0,0.0,0.0,1.0,0.0
316478,1683.779321726,0.0,0.0,0.0,0.0,1.0,0.0
316498,1683.798434778,0.0,0.0,0.0,0.0,1.0,0.0
316518,1683.819220752,0.0,0.0,0.0,0.0,1.0,0.0
316538,1683.838339677,0.0,0.0,0.0,0.0,1.0,0.0
316558,1683.860851583,0.0,0.0,0.0,0.0,1.0,0.0
316578,1683.878499068,0.0,0.0,0.0,0.0,1.0,0.0
316598,1683.898629527,0.0,0.0,0.0,0.0,1.0,0.0
316618,1683.919336067,0.0,0.0,0.0,0.0,1.0,0.0
316638,1683.938348153,0.0,0.0,0.0,0.0,1.0,0.0
316658,1683.959613898,0.0,0.0,0.0,0.0,1.0,0.0
316678,1683.97895054,0.0,0.0,0.0,0.0,1.0,0.0
316698,1683.998305194,0.0,0.0,0.0,0.0,1.0,0.0
316718,1684.019142041,0.0,0.0,0.0,0.0,1.0,0.0
316738,1684.039146386,0.0,0.0,0.0,0.0,1.0,0.0
316758,1684.06012156,0.0,0.0,0.0,0.0,1.0,0.0
316778,1684.079380006,0.0,0.0,0.0,0.0,1.0,0.0
316798,1684.098121144,0.0,0.0,0.0,0.0,1.0,0.0
316818,1684.118140373,0.0,0.0,0.0,0.0,1.0,0.0
316838,1684.138659569,0.0,0.0,0.0,0.0,1.0,0.0
316858,1684.160141807,0.0,0.0,0.0,0.0,1.0,0.0
316878,1684.177660285,0.0,0.0,0.0,0.0,1.0,0.0
316898,1684.198909209,0.0,0.0,0.0,0.0,1.0,0.0
316918,1684.219409848,0.0,0.0,0.0,0.0,1.0,0.0
316938,1684.238599248,0.0,0.0,0.0,0.0,1.0,0.0
316958,1684.26035112,0.0,0.0,0.0,0.0,1.0,0.0
316978,1684.278026083,0.0,0.0,0.0,0.0,1.0,0.0
316998,1684.298916568,0.0,0.0,0.0,0.0,1.0,0.0
317018,1684.317960399,0.0,0.0,0.0,0.0,1.0,0.0
317038,1684.338591468,0.0,0.0,0.0,0.0,1.0,0.0
317058,1684.359559857,0.0,0.0,0.0,0.0,1.0,0.0
317078,1684.378546104,0.0,0.0,0.0,0.0,1.0,0.0
317098,1684.398052559,0.0,0.0,0.0,0.0,1.0,0.0
317118,1684.419315528,0.0,0.0,0.0,0.0,1.0,0.0
317138,1684.438703424,0.0,0.0,0.0,0.0,1.0,0.0
317158,1684.457524847,0.0,0.0,0.0,0.0,1.0,0.0
317178,1684.478356267,0.0,0.0,0.0,0.0,1.0,0.0
317198,1684.49762758,0.0,0.0,0.0,0.0,1.0,0.0
317218,1684.51744335,0.0,0.0,0.0,0.0,1.0,0.0
317238,1684.538288601,0.0,0.0,0.0,0.0,1.0,0.0
317258,1684.560707081,0.0,0.0,0.0,0.0,1.0,0.0
317278,1684.578333194,0.0,0.0,0.0,0.0,1.0,0.0
317298,1684.598895917,0.0,0.0,0.0,0.0,1.0,0.0
317318,1684.618373011,0.0,0.0,0.0,0.0,1.0,0.0
317338,1684.637441476,0.0,0.0,0.0,0.0,1.0,0.0
317358,1684.658404444,0.0,0.0,0.0,0.0,1.0,0.0
317378,1684.678832294,0.0,0.0,0.0,0.0,1.0,0.0
317398,1684.69733722,0.0,0.0,0.0,0.0,1.0,0.0
317418,1684.717826894,0.0,0.0,0.0,0.0,1.0,0.0
317438,1684.738139507,0.0,0.0,0.0,0.0,1.0,0.0
317458,1684.758364668,0.0,0.0,0.0,0.0,1.0,0.0
317478,1684.778264773,0.0,0.0,0.0,0.0,1.0,0.0
317498,1684.798491359,0.0,0.0,0.0,0.0,1.0,0.0
317518,1684.817278629,0.0,0.0,0.0,0.0,1.0,0.0
317538,1684.837577284,0.0,0.0,0.0,0.0,1.0,0.0
317558,1684.858116526,0.0,0.0,0.0,0.0,1.0,0.0
317578,1684.877682861,0.0,0.0,0.0,0.0,1.0,0.0
317598,1684.897552121,0.0,0.0,0.0,0.0,1.0,0.0
317618,1684.917436871,0.0,0.0,0.0,0.0,1.0,0.0
317638,1684.93732113,0.0,0.0,0.0,0.0,1.0,0.0
317658,1684.957614763,0.0,0.0,0.0,0.0,1.0,0.0
317678,1684.976992125,0.0,0.0,0.0,0.0,1.0,0.0
317698,1684.997725366,0.0,0.0,0.0,0.0,1.0,0.0
317718,1685.017593972,0.0,0.0,0.0,0.0,1.0,0.0
317738,1685.036995753,0.0,0.0,0.0,0.0,1.0,0.0
317758,1685.057552933,0.0,0.0,0.0,0.0,1.0,0.0
317778,1685.078086214,0.0,0.0,0.0,0.0,1.0,0.0
317798,1685.097751268,0.0,0.0,0.0,0.0,1.0,0.0
317818,1685.11753041,0.0,0.0,0.0,0.0,1.0,0.0
317838,1685.137549909,0.0,0.0,0.0,0.0,1.0,0.0
317858,1685.15807748,0.0,0.0,0.0,0.0,1.0,0.0
317878,1685.178536623,0.0,0.0,0.0,0.0,1.0,0.0
317898,1685.198368501,0.0,0.0,0.0,0.0,1.0,0.0
317918,1685.21762947,0.0,0.0,0.0,0.0,1.0,0.0
317938,1685.237620453,0.0,0.0,0.0,0.0,1.0,0.0
317958,1685.258528215,0.0,0.0,0.0,0.0,1.0,0.0
317978,1685.277830339,0.0,0.0,0.0,0.0,1.0,0.0
317998,1685.297391252,0.0,0.0,0.0,0.0,1.0,0.0
318018,1685.318507018,0.0,0.0,0.0,0.0,1.0,0.0
318038,1685.337967382,0.0,0.0,0.0,0.0,1.0,0.0
318058,1685.358291138,0.0,0.0,0.0,0.0,1.0,0.0
318078,1685.377785714,0.0,0.0,0.0,0.0,1.0,0.0
318098,1685.397961615,0.0,0.0,0.0,0.0,1.0,0.0
318118,1685.416841127,0.0,0.0,0.0,0.0,1.0,0.0
318138,1685.436810374,0.0,0.0,0.0,0.0,1.0,0.0
318158,1685.457132258,0.0,0.0,0.0,0.0,1.0,0.0
318178,1685.477959709,0.0,0.0,0.0,0.0,1.0,0.0
318198,1685.496965291,0.0,0.0,0.0,0.0,1.0,0.0
318218,1685.516863621,0.0,0.0,0.0,0.0,1.0,0.0
318238,1685.5371302,0.0,0.0,0.0,0.0,1.0,0.0
318258,1685.557370749,0.0,0.0,0.0,0.0,1.0,0.0
318278,1685.577538044,0.0,0.0,0.0,0.0,1.0,0.0
318298,1685.597706387,0.0,0.0,0.0,0.0,1.0,0.0
318318,1685.618033688,0.0,0.0,0.0,0.0,1.0,0.0
318338,1685.63726346,0.0,0.0,0.0,0.0,1.0,0.0
318358,1685.656998761,0.0,0.0,0.0,0.0,1.0,0.0
318378,1685.676610427,0.0,0.0,0.0,0.0,1.0,0.0
318398,1685.696497562,0.0,0.0,0.0,0.0,1.0,0.0
318418,1685.717555232,0.0,0.0,0.0,0.0,1.0,0.0
318438,1685.7379452,0.0,0.0,0.0,0.0,1.0,0.0
318458,1685.756756884,0.0,0.0,0.0,0.0,1.0,0.0
318478,1685.777873504,0.0,0.0,0.0,0.0,1.0,0.0
318498,1685.796738341,0.0,0.0,0.0,0.0,1.0,0.0
318518,1685.817063979,0.0,0.0,0.0,0.0,1.0,0.0
318538,1685.837080181,0.0,0.0,0.0,0.0,1.0,0.0
318558,1685.857603414,0.0,0.0,0.0,0.0,1.0,0.0
318578,1685.87703718,0.0,0.0,0.0,0.0,1.0,0.0
318598,1685.897443614,0.0,0.0,0.0,0.0,1.0,0.0
318618,1685.917494798,0.0,0.0,0.0,0.0,1.0,0.0
318638,1685.937289937,0.0,0.0,0.0,0.0,1.0,0.0
318658,1685.957486114,0.0,0.0,0.0,0.0,1.0,0.0
318678,1685.976702279,0.0,0.0,0.0,0.0,1.0,0.0
318698,1685.997066029,0.0,0.0,0.0,0.0,1.0,0.0
318718,1686.016801946,0.0,0.0,0.0,0.0,1.0,0.0
318738,1686.036774972,0.0,0.0,0.0,0.0,1.0,0.0
318758,1686.056427738,0.0,0.0,0.0,0.0,1.0,0.0
318778,1686.076698045,0.0,0.0,0.0,0.0,1.0,0.0
318798,1686.096827557,0.0,0.0,0.0,0.0,1.0,0.0
318818,1686.117045806,0.0,0.0,0.0,0.0,1.0,0.0
318838,1686.136635773,0.0,0.0,0.0,0.0,1.0,0.0
318858,1686.156734251,0.0,0.0,0.0,0.0,1.0,0.0
318878,1686.177596025,0.0,0.0,0.0,0.0,1.0,0.0
318898,1686.197566928,0.0,0.0,0.0,0.0,1.0,0.0
318918,1686.217710712,0.0,0.0,0.0,0.0,1.0,0.0
318938,1686.236570179,0.0,0.0,0.0,0.0,1.0,0.0
318958,1686.256960734,0.0,0.0,0.0,0.0,1.0,0.0
318978,1686.276549621,0.0,0.0,0.0,0.0,1.0,0.0
318998,1686.297032465,0.0,0.0,0.0,0.0,1.0,0.0
319018,1686.317318336,0.0,0.0,0.0,0.0,1.0,0.0
319038,1686.336969657,0.0,0.0,0.0,0.0,1.0,0.0
319058,1686.357241347,0.0,0.0,0.0,0.0,1.0,0.0
319078,1686.376570538,0.0,0.0,0.0,0.0,1.0,0.0
319098,1686.396725073,0.0,0.0,0.0,0.0,1.0,0.0
319118,1686.416996519,0.0,0.0,0.0,0.0,1.0,0.0
319138,1686.437279664,0.0,0.0,0.0,0.0,1.0,0.0
319158,1686.457056044,0.0,0.0,0.0,0.0,1.0,0.0
319178,1686.476479784,0.0,0.0,0.0,0.0,1.0,0.0
319198,1686.49711963,0.0,0.0,0.0,0.0,1.0,0.0
319218,1686.517080365,0.0,0.0,0.0,0.0,1.0,0.0
319238,1686.535859143,0.0,0.0,0.0,0.0,1.0,0.0
319258,1686.557484942,0.0,0.0,0.0,0.0,1.0,0.0
319278,1686.576349195,0.0,0.0,0.0,0.0,1.0,0.0
319298,1686.596707392,0.0,0.0,0.0,0.0,1.0,0.0
319318,1686.617142603,0.0,0.0,0.0,0.0,1.0,0.0
319338,1686.637122081,0.0,0.0,0.0,0.0,1.0,0.0
319358,1686.656023914,0.0,0.0,0.0,0.0,1.0,0.0
319378,1686.676304346,0.0,0.0,0.0,0.0,1.0,0.0
319398,1686.696230686,0.0,0.0,0.0,0.0,1.0,0.0
319418,1686.715701632,0.0,0.0,0.0,0.0,1.0,0.0
319438,1686.736071822,0.0,0.0,0.0,0.0,1.0,0.0
319458,1686.756114833,0.0,0.0,0.0,0.0,1.0,0.0
319478,1686.776087935,0.0,0.0,0.0,0.0,1.0,0.0
319498,1686.796216771,0.0,0.0,0.0,0.0,1.0,0.0
319518,1686.816339902,0.0,0.0,0.0,0.0,1.0,0.0
319538,1686.836111175,0.0,0.0,0.0,0.0,1.0,0.0
319558,1686.855686373,0.0,0.0,0.0,0.0,1.0,0.0
319578,1686.876253248,0.0,0.0,0.0,0.0,1.0,0.0
319598,1686.896539185,0.0,0.0,0.0,0.0,1.0,0.0
319618,1686.916704062,0.0,0.0,0.0,0.0,1.0,0.0
319638,1686.937063201,0.0,0.0,0.0,0.0,1.0,0.0
319658,1686.957063786,0.0,0.0,0.0,0.0,1.0,0.0
319678,1686.976314347,0.0,0.0,0.0,0.0,1.0,0.0
319698,1686.99613451,0.0,0.0,0.0,0.0,1.0,0.0
319718,1687.016504254,0.0,0.0,0.0,0.0,1.0,0.0
319738,1687.036447406,0.0,0.0,0.0,0.0,1.0,0.0
319758,1687.056656834,0.0,0.0,0.0,0.0,1.0,0.0
319778,1687.07572081,0.0,0.0,0.0,0.0,1.0,0.0
319798,1687.095710587,0.0,0.0,0.0,0.0,1.0,0.0
319818,1687.115849913,0.0,0.0,0.0,0.0,1.0,0.0
319838,1687.136084568,0.0,0.0,0.0,0.0,1.0,0.0
319858,1687.15574897,0.0,0.0,0.0,0.0,1.0,0.0
319878,1687.175449212,0.0,0.0,0.0,0.0,1.0,0.0
319898,1687.195701967,0.0,0.0,0.0,0.0,1.0,0.0
319918,1687.216673272,0.0,0.0,0.0,0.0,1.0,0.0
319938,1687.236842455,0.0,0.0,0.0,0.0,1.0,0.0
319958,1687.256611041,0.0,0.0,0.0,0.0,1.0,0.0
319978,1687.276064085,0.0,0.0,0.0,0.0,1.0,0.0
319998,1687.296619926,0.0,0.0,0.0,0.0,1.0,0.0
320018,1687.316065133,0.0,0.0,0.0,0.0,1.0,0.0
320038,1687.336637966,0.0,0.0,0.0,0.0,1.0,0.0
320058,1687.355805055,0.0,0.0,0.0,0.0,1.0,0.0
320078,1687.377271721,0.0,0.0,0.0,0.0,1.0,0.0
320098,1687.396746684,0.0,0.0,0.0,0.0,1.0,0.0
320118,1687.416054368,0.0,0.0,0.0,0.0,1.0,0.0
320138,1687.436748836,0.0,0.0,0.0,0.0,1.0,0.0
320158,1687.455978942,0.0,0.0,0.0,0.0,1.0,0.0
320178,1687.47595875,0.0,0.0,0.0,0.0,1.0,0.0
320198,1687.496585999,0.0,0.0,0.0,0.0,1.0,0.0
320218,1687.515776049,0.0,0.0,0.0,0.0,1.0,0.0
320238,1687.53670556,0.0,0.0,0.0,0.0,1.0,0.0
320258,1687.555770806,0.0,0.0,0.0,0.0,1.0,0.0
320278,1687.576989443,0.0,0.0,0.0,0.0,1.0,0.0
320298,1687.595306922,0.0,0.0,0.0,0.0,1.0,0.0
320318,1687.615855497,0.0,0.0,0.0,0.0,1.0,0.0
320338,1687.636689895,0.0,0.0,0.0,0.0,1.0,0.0
320358,1687.655829066,0.0,0.0,0.0,0.0,1.0,0.0
320378,1687.676909246,0.0,0.0,0.0,0.0,1.0,0.0
320398,1687.695946968,0.0,0.0,0.0,0.0,1.0,0.0
320418,1687.71671316,0.0,0.0,0.0,0.0,1.0,0.0
320438,1687.736110453,0.0,0.0,0.0,0.0,1.0,0.0
320458,1687.755617325,0.0,0.0,0.0,0.0,1.0,0.0
320478,1687.776544755,0.0,0.0,0.0,0.0,1.0,0.0
320498,1687.795645441,0.0,0.0,0.0,0.0,1.0,0.0
320518,1687.815363085,0.0,0.0,0.0,0.0,1.0,0.0
320538,1687.835225736,0.0,0.0,0.0,0.0,1.0,0.0
320558,1687.856746913,0.0,0.0,0.0,0.0,1.0,0.0
320578,1687.877555686,0.0,0.0,0.0,0.0,1.0,0.0
320598,1687.895824728,0.0,0.0,0.0,0.0,1.0,0.0
320618,1687.915557285,0.0,0.0,0.0,0.0,1.0,0.0
320638,1687.934744549,0.0,0.0,0.0,0.0,1.0,0.0
320658,1687.955716187,0.0,0.0,0.0,0.0,1.0,0.0
320678,1687.9763799,0.0,0.0,0.0,0.0,1.0,0.0
320698,1687.995064865,0.0,0.0,0.0,0.0,1.0,0.0
320718,1688.015923768,0.0,0.0,0.0,0.0,1.0,0.0
320738,1688.035052472,0.0,0.0,0.0,0.0,1.0,0.0
320758,1688.055045752,0.0,0.0,0.0,0.0,1.0,0.0
320778,1688.077405769,0.0,0.0,0.0,0.0,1.0,0.0
320798,1688.096232313,0.0,0.0,0.0,0.0,1.0,0.0
320818,1688.115577034,0.0,0.0,0.0,0.0,1.0,0.0
320838,1688.135764292,0.0,0.0,0.0,0.0,1.0,0.0
320858,1688.15657479,0.0,0.0,0.0,0.0,1.0,0.0
320878,1688.177975075,0.0,0.0,0.0,0.0,1.0,0.0
320898,1688.195494529,0.0,0.0,0.0,0.0,1.0,0.0
320918,1688.215062355,0.0,0.0,0.0,0.0,1.0,0.0
320938,1688.235761764,0.0,0.0,0.0,0.0,1.0,0.0
320958,1688.254840952,0.0,0.0,0.0,0.0,1.0,0.0
320978,1688.277551186,0.0,0.0,0.0,0.0,1.0,0.0
320998,1688.296246856,0.0,0.0,0.0,0.0,1.0,0.0
321018,1688.315381412,0.0,0.0,0.0,0.0,1.0,0.0
321038,1688.335667395,0.0,0.0,0.0,0.0,1.0,0.0
321058,1688.355436801,0.0,0.0,0.0,0.0,1.0,0.0
321078,1688.377369004,0.0,0.0,0.0,0.0,1.0,0.0
321098,1688.39511935,0.0,0.0,0.0,0.0,1.0,0.0
321118,1688.41621516,0.0,0.0,0.0,0.0,1.0,0.0
321138,1688.434891445,0.0,0.0,0.0,0.0,1.0,0.0
321158,1688.455948454,0.0,0.0,0.0,0.0,1.0,0.0
321178,1688.47680265,0.0,0.0,0.0,0.0,1.0,0.0
321198,1688.495557849,0.0,0.0,0.0,0.0,1.0,0.0
321218,1688.515647653,0.0,0.0,0.0,0.0,1.0,0.0
321238,1688.535487809,0.0,0.0,0.0,0.0,1.0,0.0
321258,1688.555468006,0.0,0.0,0.0,0.0,1.0,0.0
321278,1688.577707141,0.0,0.0,0.0,0.0,1.0,0.0
321298,1688.595053711,0.0,0.0,0.0,0.0,1.0,0.0
321318,1688.614973558,0.0,0.0,0.0,0.0,1.0,0.0
321338,1688.635276752,0.0,0.0,0.0,0.0,1.0,0.0
321358,1688.655345134,0.0,0.0,0.0,0.0,1.0,0.0
321378,1688.677317912,0.0,0.0,0.0,0.0,1.0,0.0
321398,1688.694608584,0.0,0.0,0.0,0.0,1.0,0.0
321418,1688.715878326,0.0,0.0,0.0,0.0,1.0,0.0
321438,1688.73655799,0.0,0.0,0.0,0.0,1.0,0.0
321458,1688.755808109,0.0,0.0,0.0,0.0,1.0,0.0
321478,1688.777621067,0.0,0.0,0.0,0.0,1.0,0.0
321498,1688.795068515,0.0,0.0,0.0,0.0,1.0,0.0
321518,1688.815413917,0.0,0.0,0.0,0.0,1.0,0.0
321538,1688.834808503,0.0,0.0,0.0,0.0,1.0,0.0
321558,1688.855566555,0.0,0.0,0.0,0.0,1.0,0.0
321578,1688.875826176,0.0,0.0,0.0,0.0,1.0,0.0
321598,1688.896455425,0.0,0.0,0.0,0.0,1.0,0.0
321618,1688.915064991,0.0,0.0,0.0,0.0,1.0,0.0
321638,1688.935107937,0.0,0.0,0.0,0.0,1.0,0.0
321658,1688.956134455,0.0,0.0,0.0,0.0,1.0,0.0
321678,1688.975576917,0.0,0.0,0.0,0.0,1.0,0.0
321698,1688.995242749,0.0,0.0,0.0,0.0,1.0,0.0
321718,1689.015838666,0.0,0.0,0.0,0.0,1.0,0.0
321738,1689.035334507,0.0,0.0,0.0,0.0,1.0,0.0
321758,1689.054578811,0.0,0.0,0.0,0.0,1.0,0.0
321778,1689.075022841,0.0,0.0,0.0,0.0,1.0,0.0
321798,1689.09458249,0.0,0.0,0.0,0.0,1.0,0.0
321818,1689.115606349,0.0,0.0,0.0,0.0,1.0,0.0
321838,1689.134933292,0.0,0.0,0.0,0.0,1.0,0.0
321858,1689.155631176,0.0,0.0,0.0,0.0,1.0,0.0
321878,1689.174642964,0.0,0.0,0.0,0.0,1.0,0.0
321898,1689.195854736,0.0,0.0,0.0,0.0,1.0,0.0
321918,1689.214566006,0.0,0.0,0.0,0.0,1.0,0.0
321938,1689.235351477,0.0,0.0,0.0,0.0,1.0,0.0
321958,1689.254051585,0.0,0.0,0.0,0.0,1.0,0.0
321978,1689.274543579,0.0,0.0,0.0,0.0,1.0,0.0
321998,1689.295199856,0.0,0.0,0.0,0.0,1.0,0.0
322018,1689.314736367,0.0,0.0,0.0,0.0,1.0,0.0
322038,1689.335056667,0.0,0.0,0.0,0.0,1.0,0.0
322058,1689.355445824,0.0,0.0,0.0,0.0,1.0,0.0
322078,1689.374382299,0.0,0.0,0.0,0.0,1.0,0.0
322098,1689.395412521,0.0,0.0,0.0,0.0,1.0,0.0
322118,1689.414975159,0.0,0.0,0.0,0.0,1.0,0.0
322138,1689.435266153,0.0,0.0,0.0,0.0,1.0,0.0
322158,1689.455324068,0.0,0.0,0.0,0.0,1.0,0.0
322178,1689.474894205,0.0,0.0,0.0,0.0,1.0,0.0
322198,1689.494205338,0.0,0.0,0.0,0.0,1.0,0.0
322218,1689.514025305,0.0,0.0,0.0,0.0,1.0,0.0
322238,1689.534499058,0.0,0.0,0.0,0.0,1.0,0.0
322258,1689.554591307,0.0,0.0,0.0,0.0,1.0,0.0
322278,1689.574674466,0.0,0.0,0.0,0.0,1.0,0.0
322298,1689.593945095,0.0,0.0,0.0,0.0,1.0,0.0
322318,1689.613734604,0.0,0.0,0.0,0.0,1.0,0.0
322338,1689.633928489,0.0,0.0,0.0,0.0,1.0,0.0
322358,1689.654757201,0.0,0.0,0.0,0.0,1.0,0.0
322378,1689.67517135,0.0,0.0,0.0,0.0,1.0,0.0
322398,1689.694411229,0.0,0.0,0.0,0.0,1.0,0.0
322418,1689.713564959,0.0,0.0,0.0,0.0,1.0,0.0
322438,1689.734970295,0.0,0.0,0.0,0.0,1.0,0.0
322458,1689.753930839,0.0,0.0,0.0,0.0,1.0,0.0
322478,1689.773628855,0.0,0.0,0.0,0.0,1.0,0.0
322498,1689.794283708,0.0,0.0,0.0,0.0,1.0,0.0
322518,1689.8145461,0.0,0.0,0.0,0.0,1.0,0.0
322538,1689.834556311,0.0,0.0,0.0,0.0,1.0,0.0
322558,1689.854477107,0.0,0.0,0.0,0.0,1.0,0.0
322578,1689.873858392,0.0,0.0,0.0,0.0,1.0,0.0
322598,1689.894359836,0.0,0.0,0.0,0.0,1.0,0.0
322618,1689.914338634,0.0,0.0,0.0,0.0,1.0,0.0
322638,1689.934519535,0.0,0.0,0.0,0.0,1.0,0.0
322658,1689.954550696,0.0,0.0,0.0,0.0,1.0,0.0
322678,1689.974875216,0.0,0.0,0.0,0.0,1.0,0.0
322698,1689.994360907,0.0,0.0,0.0,0.0,1.0,0.0
322718,1690.014845619,0.0,0.0,0.0,0.0,1.0,0.0
322738,1690.033763506,0.0,0.0,0.0,0.0,1.0,0.0
322758,1690.054270019,0.0,0.0,0.0,0.0,1.0,0.0
322778,1690.07466901,0.0,0.0,0.0,0.0,1.0,0.0
322798,1690.094374985,0.0,0.0,0.0,0.0,1.0,0.0
322818,1690.114631482,0.0,0.0,0.0,0.0,1.0,0.0
322838,1690.134613296,0.0,0.0,0.0,0.0,1.0,0.0
322858,1690.153598798,0.0,0.0,0.0,0.0,1.0,0.0
322878,1690.173845143,0.0,0.0,0.0,0.0,1.0,0.0
322898,1690.193915933,0.0,0.0,0.0,0.0,1.0,0.0
322918,1690.213790065,0.0,0.0,0.0,0.0,1.0,0.0
322938,1690.234621455,0.0,0.0,0.0,0.0,1.0,0.0
322958,1690.253646283,0.0,0.0,0.0,0.0,1.0,0.0
322978,1690.274221751,0.0,0.0,0.0,0.0,1.0,0.0
322998,1690.293756764,0.0,0.0,0.0,0.0,1.0,0.0
323018,1690.314418018,0.0,0.0,0.0,0.0,1.0,0.0
323038,1690.334525284,0.0,0.0,0.0,0.0,1.0,0.0
323058,1690.353885117,0.0,0.0,0.0,0.0,1.0,0.0
323078,1690.375088474,0.0,0.0,0.0,0.0,1.0,0.0
323098,1690.394571602,0.0,0.0,0.0,0.0,1.0,0.0
323118,1690.414867286,0.0,0.0,0.0,0.0,1.0,0.0
323138,1690.434332942,0.0,0.0,0.0,0.0,1.0,0.0
323158,1690.453677582,0.0,0.0,0.0,0.0,1.0,0.0
323178,1690.473519895,0.0,0.0,0.0,0.0,1.0,0.0
323198,1690.494609222,0.0,0.0,0.0,0.0,1.0,0.0
323218,1690.513786363,0.0,0.0,0.0,0.0,1.0,0.0
323238,1690.534560162,0.0,0.0,0.0,0.0,1.0,0.0
323258,1690.553553044,0.0,0.0,0.0,0.0,1.0,0.0
323278,1690.574074127,0.0,0.0,0.0,0.0,1.0,0.0
323298,1690.594346739,0.0,0.0,0.0,0.0,1.0,0.0
323318,1690.614411052,0.0,0.0,0.0,0.0,1.0,0.0
323338,1690.633547172,0.0,0.0,0.0,0.0,1.0,0.0
323358,1690.653912026,0.0,0.0,0.0,0.0,1.0,0.0
323378,1690.6745591,0.0,0.0,0.0,0.0,1.0,0.0
323398,1690.694331478,0.0,0.0,0.0,0.0,1.0,0.0
323418,1690.713355389,0.0,0.0,0.0,0.0,1.0,0.0
323438,1690.733662477,0.0,0.0,0.0,0.0,1.0,0.0
323458,1690.75440284,0.0,0.0,0.0,0.0,1.0,0.0
323478,1690.774599621,0.0,0.0,0.0,0.0,1.0,0.0
323498,1690.793983155,0.0,0.0,0.0,0.0,1.0,0.0
323518,1690.813234107,0.0,0.0,0.0,0.0,1.0,0.0
323538,1690.834644739,0.0,0.0,0.0,0.0,1.0,0.0
323558,1690.853604853,0.0,0.0,0.0,0.0,1.0,0.0
323578,1690.873815386,0.0,0.0,0.0,0.0,1.0,0.0
323598,1690.893859863,0.0,0.0,0.0,0.0,1.0,0.0
323618,1690.914786812,0.0,0.0,0.0,0.0,1.0,0.0
323638,1690.933879595,0.0,0.0,0.0,0.0,1.0,0.0
323658,1690.953699077,0.0,0.0,0.0,0.0,1.0,0.0
323678,1690.974561618,0.0,0.0,0.0,0.0,1.0,0.0
323698,1690.994422052,0.0,0.0,0.0,0.0,1.0,0.0
323718,1691.013487376,0.0,0.0,0.0,0.0,1.0,0.0
323738,1691.034513677,0.0,0.0,0.0,0.0,1.0,0.0
323758,1691.052843315,0.0,0.0,0.0,0.0,1.0,0.0
323778,1691.073395871,0.0,0.0,0.0,0.0,1.0,0.0
323798,1691.094400144,0.0,0.0,0.0,0.0,1.0,0.0
323818,1691.11396183,0.0,0.0,0.0,0.0,1.0,0.0
323838,1691.134479589,0.0,0.0,0.0,0.0,1.0,0.0
323858,1691.153806913,0.0,0.0,0.0,0.0,1.0,0.0
323878,1691.174361854,0.0,0.0,0.0,0.0,1.0,0.0
323898,1691.193094936,0.0,0.0,0.0,0.0,1.0,0.0
323918,1691.213379814,0.0,0.0,0.0,0.0,1.0,0.0
323938,1691.233420345,0.0,0.0,0.0,0.0,1.0,0.0
323958,1691.253490933,0.0,0.0,0.0,0.0,1.0,0.0
323978,1691.27370795,0.0,0.0,0.0,0.0,1.0,0.0
323998,1691.293802001,0.0,0.0,0.0,0.0,1.0,0.0
324018,1691.312863695,0.0,0.0,0.0,0.0,1.0,0.0
324038,1691.333370463,0.0,0.0,0.0,0.0,1.0,0.0
324058,1691.353711964,0.0,0.0,0.0,0.0,1.0,0.0
324078,1691.373670923,0.0,0.0,0.0,0.0,1.0,0.0
324098,1691.393344506,0.0,0.0,0.0,0.0,1.0,0.0
324118,1691.413643654,0.0,0.0,0.0,0.0,1.0,0.0
324138,1691.434459332,0.0,0.0,0.0,0.0,1.0,0.0
324158,1691.45339526,0.0,0.0,0.0,0.0,1.0,0.0
324178,1691.47339474,0.0,0.0,0.0,0.0,1.0,0.0
324198,1691.492703624,0.0,0.0,0.0,0.0,1.0,0.0
324218,1691.513375732,0.0,0.0,0.0,0.0,1.0,0.0
324238,1691.532670514,0.0,0.0,0.0,0.0,1.0,0.0
324258,1691.553442162,0.0,0.0,0.0,0.0,1.0,0.0
324278,1691.573619127,0.0,0.0,0.0,0.0,1.0,0.0
324298,1691.593823097,0.0,0.0,0.0,0.0,1.0,0.0
324318,1691.612874878,0.0,0.0,0.0,0.0,1.0,0.0
324338,1691.633105421,0.0,0.0,0.0,0.0,1.0,0.0
324358,1691.652759539,0.0,0.0,0.0,0.0,1.0,0.0
324378,1691.672772859,0.0,0.0,0.0,0.0,1.0,0.0
324398,1691.6939602,0.0,0.0,0.0,0.0,1.0,0.0
324418,1691.713088545,0.0,0.0,0.0,0.0,1.0,0.0
324438,1691.733399427,0.0,0.0,0.0,0.0,1.0,0.0
324458,1691.754614381,0.0,0.0,0.0,0.0,1.0,0.0
324478,1691.773482433,0.0,0.0,0.0,0.0,1.0,0.0
324498,1691.793678164,0.0,0.0,0.0,0.0,1.0,0.0
324518,1691.813637867,0.0,0.0,0.0,0.0,1.0,0.0
324538,1691.833988766,0.0,0.0,0.0,0.0,1.0,0.0
324558,1691.85362404,0.0,0.0,0.0,0.0,1.0,0.0
324578,1691.874034563,0.0,0.0,0.0,0.0,1.0,0.0
324598,1691.894020142,0.0,0.0,0.0,0.0,1.0,0.0
324618,1691.913378329,0.0,0.0,0.0,0.0,1.0,0.0
324638,1691.933920017,0.0,0.0,0.0,0.0,1.0,0.0
324658,1691.9523868,0.0,0.0,0.0,0.0,1.0,0.0
324678,1691.973494353,0.0,0.0,0.0,0.0,1.0,0.0
324698,1691.99319154,0.0,0.0,0.0,0.0,1.0,0.0
324718,1692.012374532,0.0,0.0,0.0,0.0,1.0,0.0
324738,1692.032086684,0.0,0.0,0.0,0.0,1.0,0.0
324758,1692.052428252,0.0,0.0,0.0,0.0,1.0,0.0
324778,1692.072827561,0.0,0.0,0.0,0.0,1.0,0.0
324798,1692.094275991,0.0,0.0,0.0,0.0,1.0,0.0
324818,1692.113641076,0.0,0.0,0.0,0.0,1.0,0.0
324838,1692.133571222,0.0,0.0,0.0,0.0,1.0,0.0
324858,1692.153422902,0.0,0.0,0.0,0.0,1.0,0.0
324878,1692.172421072,0.0,0.0,0.0,0.0,1.0,0.0
324898,1692.193463387,0.0,0.0,0.0,0.0,1.0,0.0
324918,1692.212431774,0.0,0.0,0.0,0.0,1.0,0.0
324938,1692.233545461,0.0,0.0,0.0,0.0,1.0,0.0
324958,1692.253537919,0.0,0.0,0.0,0.0,1.0,0.0
324978,1692.272114195,0.0,0.0,0.0,0.0,1.0,0.0
324998,1692.294855681,0.0,0.0,0.0,0.0,1.0,0.0
325018,1692.312187111,0.0,0.0,0.0,0.0,1.0,0.0
325038,1692.332789985,0.0,0.0,0.0,0.0,1.0,0.0
325058,1692.353692718,0.0,0.0,0.0,0.0,1.0,0.0
325078,1692.373187041,0.0,0.0,0.0,0.0,1.0,0.0
325098,1692.393496801,0.0,0.0,0.0,0.0,1.0,0.0
325118,1692.413614689,0.0,0.0,0.0,0.0,1.0,0.0
325138,1692.43278737,0.0,0.0,0.0,0.0,1.0,0.0
325158,1692.453395672,0.0,0.0,0.0,0.0,1.0,0.0
325178,1692.472639179,0.0,0.0,0.0,0.0,1.0,0.0
325198,1692.493692836,0.0,0.0,0.0,0.0,1.0,0.0
325218,1692.512708849,0.0,0.0,0.0,0.0,1.0,0.0
325238,1692.532376734,0.0,0.0,0.0,0.0,1.0,0.0
325258,1692.55296202,0.0,0.0,0.0,0.0,1.0,0.0
325278,1692.572172746,0.0,0.0,0.0,0.0,1.0,0.0
325298,1692.594715794,0.0,0.0,0.0,0.0,1.0,0.0
325318,1692.612389242,0.0,0.0,0.0,0.0,1.0,0.0
325338,1692.632856382,0.0,0.0,0.0,0.0,1.0,0.0
325358,1692.652181066,0.0,0.0,0.0,0.0,1.0,0.0
325378,1692.673082482,0.0,0.0,0.0,0.0,1.0,0.0
325398,1692.694396193,0.0,0.0,0.0,0.0,1.0,0.0
325418,1692.712622746,0.0,0.0,0.0,0.0,1.0,0.0
325438,1692.733372665,0.0,0.0,0.0,0.0,1.0,0.0
325458,1692.752668684,0.0,0.0,0.0,0.0,1.0,0.0
325478,1692.772088175,0.0,0.0,0.0,0.0,1.0,0.0
325498,1692.794919898,0.0,0.0,0.0,0.0,1.0,0.0
325518,1692.812388426,0.0,0.0,0.0,0.0,1.0,0.0
325538,1692.83293385,0.0,0.0,0.0,0.0,1.0,0.0
325558,1692.852332684,0.0,0.0,0.0,0.0,1.0,0.0
325578,1692.87258124,0.0,0.0,0.0,0.0,1.0,0.0
325598,1692.89474532,0.0,0.0,0.0,0.0,1.0,0.0
325618,1692.912360948,0.0,0.0,0.0,0.0,1.0,0.0
325638,1692.932682537,0.0,0.0,0.0,0.0,1.0,0.0
325658,1692.95262341,0.0,0.0,0.0,0.0,1.0,0.0
325678,1692.971191257,0.0,0.0,0.0,0.0,1.0,0.0
325698,1692.991259834,0.0,0.0,0.0,0.0,1.0,0.0
325718,1693.010365795,0.0,0.0,0.0,0.0,1.0,0.0
325738,1693.030684476,0.0,0.0,0.0,0.0,1.0,0.0
325758,1693.052644284,0.0,0.0,0.0,0.0,1.0,0.0
325778,1693.071408565,0.0,0.0,0.0,0.0,1.0,0.0
325798,1693.093671746,0.0,0.0,0.0,0.0,1.0,0.0
325818,1693.112372591,0.0,0.0,0.0,0.0,1.0,0.0
325838,1693.131782422,0.0,0.0,0.0,0.0,1.0,0.0
325858,1693.152409745,0.0,0.0,0.0,0.0,1.0,0.0
325878,1693.172393855,0.0,0.0,0.0,0.0,1.0,0.0
325898,1693.193842693,0.0,0.0,0.0,0.0,1.0,0.0
325918,1693.212790561,0.0,0.0,0.0,0.0,1.0,0.0
325938,1693.231847559,0.0,0.0,0.0,0.0,1.0,0.0
325958,1693.252639519,0.0,0.0,0.0,0.0,1.0,0.0
325978,1693.27145003,0.0,0.0,0.0,0.0,1.0,0.0
325998,1693.29310837,0.0,0.0,0.0,0.0,1.0,0.0
326018,1693.311550722,0.0,0.0,0.0,0.0,1.0,0.0
326038,1693.331538336,0.0,0.0,0.0,0.0,1.0,0.0
326058,1693.352510859,0.0,0.0,0.0,0.0,1.0,0.0
326078,1693.371838751,0.0,0.0,0.0,0.0,1.0,0.0
326098,1693.394069225,0.0,0.0,0.0,0.0,1.0,0.0
326118,1693.411976362,0.0,0.0,0.0,0.0,1.0,0.0
326138,1693.432849474,0.0,0.0,0.0,0.0,1.0,0.0
326158,1693.452513739,0.0,0.0,0.0,0.0,1.0,0.0
326178,1693.471865195,0.0,0.0,0.0,0.0,1.0,0.0
326198,1693.491934064,0.0,0.0,0.0,0.0,1.0,0.0
326218,1693.512173253,0.0,0.0,0.0,0.0,1.0,0.0
326238,1693.530930509,0.0,0.0,0.0,0.0,1.0,0.0
326258,1693.552321969,0.0,0.0,0.0,0.0,1.0,0.0
326278,1693.571815056,0.0,0.0,0.0,0.0,1.0,0.0
326298,1693.591553847,0.0,0.0,0.0,0.0,1.0,0.0
326318,1693.612554307,0.0,0.0,0.0,0.0,1.0,0.0
326338,1693.632704202,0.0,0.0,0.0,0.0,1.0,0.0
326358,1693.651886323,0.0,0.0,0.0,0.0,1.0,0.0
326378,1693.672172844,0.0,0.0,0.0,0.0,1.0,0.0
326398,1693.692375401,0.0,0.0,0.0,0.0,1.0,0.0
326418,1693.712405979,0.0,0.0,0.0,0.0,1.0,0.0
326438,1693.731679637,0.0,0.0,0.0,0.0,1.0,0.0
326458,1693.751819502,0.0,0.0,0.0,0.0,1.0,0.0
326478,1693.771332577,0.0,0.0,0.0,0.0,1.0,0.0
326498,1693.791542429,0.0,0.0,0.0,0.0,1.0,0.0
326518,1693.811129649,0.0,0.0,0.0,0.0,1.0,0.0
326538,1693.831033902,0.0,0.0,0.0,0.0,1.0,0.0
326558,1693.851255983,0.0,0.0,0.0,0.0,1.0,0.0
326578,1693.871718515,0.0,0.0,0.0,0.0,1.0,0.0
326598,1693.891930995,0.0,0.0,0.0,0.0,1.0,0.0
326618,1693.911511157,0.0,0.0,0.0,0.0,1.0,0.0
326638,1693.932356477,0.0,0.0,0.0,0.0,1.0,0.0
326658,1693.951178462,0.0,0.0,0.0,0.0,1.0,0.0
326678,1693.971781545,0.0,0.0,0.0,0.0,1.0,0.0
326698,1693.992194542,0.0,0.0,0.0,0.0,1.0,0.0
326718,1694.012382951,0.0,0.0,0.0,0.0,1.0,0.0
326738,1694.03157669,0.0,0.0,0.0,0.0,1.0,0.0
326758,1694.051515634,0.0,0.0,0.0,0.0,1.0,0.0
326778,1694.071389052,0.0,0.0,0.0,0.0,1.0,0.0
326798,1694.091827944,0.0,0.0,0.0,0.0,1.0,0.0
326818,1694.111722734,0.0,0.0,0.0,0.0,1.0,0.0
326838,1694.13221802,0.0,0.0,0.0,0.0,1.0,0.0
326858,1694.151096251,0.0,0.0,0.0,0.0,1.0,0.0
326878,1694.171782899,0.0,0.0,0.0,0.0,1.0,0.0
326898,1694.190470107,0.0,0.0,0.0,0.0,1.0,0.0
326918,1694.211137089,0.0,0.0,0.0,0.0,1.0,0.0
326938,1694.231766731,0.0,0.0,0.0,0.0,1.0,0.0
326958,1694.249802958,0.0,0.0,0.0,0.0,1.0,0.0
326978,1694.27161721,0.0,0.0,0.0,0.0,1.0,0.0
326998,1694.29026409,0.0,0.0,0.0,0.0,1.0,0.0
327018,1694.310946519,0.0,0.0,0.0,0.0,1.0,0.0
327038,1694.331356781,0.0,0.0,0.0,0.0,1.0,0.0
327058,1694.350659786,0.0,0.0,0.0,0.0,1.0,0.0
327078,1694.369983685,0.0,0.0,0.0,0.0,1.0,0.0
327098,1694.390112949,0.0,0.0,0.0,0.0,1.0,0.0
327118,1694.40980927,0.0,0.0,0.0,0.0,1.0,0.0
327138,1694.429753924,0.0,0.0,0.0,0.0,1.0,0.0
327158,1694.44958252,0.0,0.0,0.0,0.0,1.0,0.0
327178,1694.469720591,0.0,0.0,0.0,0.0,1.0,0.0
327198,1694.490062983,0.0,0.0,0.0,0.0,1.0,0.0
327218,1694.510543633,0.0,0.0,0.0,0.0,1.0,0.0
327238,1694.530885108,0.0,0.0,0.0,0.0,1.0,0.0
327258,1694.549714279,0.0,0.0,0.0,0.0,1.0,0.0
327278,1694.571245887,0.0,0.0,0.0,0.0,1.0,0.0
327298,1694.590112267,0.0,0.0,0.0,0.0,1.0,0.0
327318,1694.609729392,0.0,0.0,0.0,0.0,1.0,0.0
327338,1694.630673079,0.0,0.0,0.0,0.0,1.0,0.0
327358,1694.650040183,0.0,0.0,0.0,0.0,1.0,0.0
327378,1694.670116541,0.0,0.0,0.0,0.0,1.0,0.0
327398,1694.68997292,0.0,0.0,0.0,0.0,1.0,0.0
327418,1694.709750878,0.0,0.0,0.0,0.0,1.0,0.0
327438,1694.731193548,0.0,0.0,0.0,0.0,1.0,0.0
327458,1694.749950252,0.0,0.0,0.0,0.0,1.0,0.0
327478,1694.770423399,0.0,0.0,0.0,0.0,1.0,0.0
327498,1694.790301381,0.0,0.0,0.0,0.0,1.0,0.0
327518,1694.810670439,0.0,0.0,0.0,0.0,1.0,0.0
327538,1694.830341237,0.0,0.0,0.0,0.0,1.0,0.0
327558,1694.850049766,0.0,0.0,0.0,0.0,1.0,0.0
327578,1694.871064889,0.0,0.0,0.0,0.0,1.0,0.0
327598,1694.889675925,0.0,0.0,0.0,0.0,1.0,0.0
327618,1694.910132115,0.0,0.0,0.0,0.0,1.0,0.0
327638,1694.929994641,0.0,0.0,0.0,0.0,1.0,0.0
327658,1694.951037481,0.0,0.0,0.0,0.0,1.0,0.0
327678,1694.970641473,0.0,0.0,0.0,0.0,1.0,0.0
327698,1694.990086647,0.0,0.0,0.0,0.0,1.0,0.0
327718,1695.010707519,0.0,0.0,0.0,0.0,1.0,0.0
327738,1695.030034217,0.0,0.0,0.0,0.0,1.0,0.0
327758,1695.049674792,0.0,0.0,0.0,0.0,1.0,0.0
327778,1695.069880674,0.0,0.0,0.0,0.0,1.0,0.0
327798,1695.089975319,0.0,0.0,0.0,0.0,1.0,0.0
327818,1695.110737137,0.0,0.0,0.0,0.0,1.0,0.0
327838,1695.13066673,0.0,0.0,0.0,0.0,1.0,0.0
327858,1695.149958703,0.0,0.0,0.0,0.0,1.0,0.0
327878,1695.170056277,0.0,0.0,0.0,0.0,1.0,0.0
327898,1695.18898628,0.0,0.0,0.0,0.0,1.0,0.0
327918,1695.209645493,0.0,0.0,0.0,0.0,1.0,0.0
327938,1695.229644837,0.0,0.0,0.0,0.0,1.0,0.0
327958,1695.250327863,0.0,0.0,0.0,0.0,1.0,0.0
327978,1695.269379229,0.0,0.0,0.0,0.0,1.0,0.0
327998,1695.289121941,0.0,0.0,0.0,0.0,1.0,0.0
328018,1695.309885149,0.0,0.0,0.0,0.0,1.0,0.0
328038,1695.330366232,0.0,0.0,0.0,0.0,1.0,0.0
328058,1695.349110284,0.0,0.0,0.0,0.0,1.0,0.0
328078,1695.369876418,0.0,0.0,0.0,0.0,1.0,0.0
328098,1695.389302267,0.0,0.0,0.0,0.0,1.0,0.0
328118,1695.410713007,0.0,0.0,0.0,0.0,1.0,0.0
328138,1695.429977153,0.0,0.0,0.0,0.0,1.0,0.0
328158,1695.449032138,0.0,0.0,0.0,0.0,1.0,0.0
328178,1695.4693747,0.0,0.0,0.0,0.0,1.0,0.0
328198,1695.489621963,0.0,0.0,0.0,0.0,1.0,0.0
328218,1695.508982148,0.0,0.0,0.0,0.0,1.0,0.0
328238,1695.530034331,0.0,0.0,0.0,0.0,1.0,0.0
328258,1695.549691125,0.0,0.0,0.0,0.0,1.0,0.0
328278,1695.569869587,0.0,0.0,0.0,0.0,1.0,0.0
328298,1695.58905759,0.0,0.0,0.0,0.0,1.0,0.0
328318,1695.608706654,0.0,0.0,0.0,0.0,1.0,0.0
328338,1695.629229563,0.0,0.0,0.0,0.0,1.0,0.0
328358,1695.648714581,0.0,0.0,0.0,0.0,1.0,0.0
328378,1695.669355961,0.0,0.0,0.0,0.0,1.0,0.0
328398,1695.689126229,0.0,0.0,0.0,0.0,1.0,0.0
328418,1695.70874362,0.0,0.0,0.0,0.0,1.0,0.0
328438,1695.728822247,0.0,0.0,0.0,0.0,1.0,0.0
328458,1695.749406899,0.0,0.0,0.0,0.0,1.0,0.0
328478,1695.769024578,0.0,0.0,0.0,0.0,1.0,0.0
328498,1695.789428173,0.0,0.0,0.0,0.0,1.0,0.0
328518,1695.808700047,0.0,0.0,0.0,0.0,1.0,0.0
328538,1695.830253903,0.0,0.0,0.0,0.0,1.0,0.0
328558,1695.849507911,0.0,0.0,0.0,0.0,1.0,0.0
328578,1695.869766631,0.0,0.0,0.0,0.0,1.0,0.0
328598,1695.88854762,0.0,0.0,0.0,0.0,1.0,0.0
328618,1695.908501457,0.0,0.0,0.0,0.0,1.0,0.0
328638,1695.930509929,0.0,0.0,0.0,0.0,1.0,0.0
328658,1695.949106689,0.0,0.0,0.0,0.0,1.0,0.0
328678,1695.96988666,0.0,0.0,0.0,0.0,1.0,0.0
328698,1695.989033332,0.0,0.0,0.0,0.0,1.0,0.0
328718,1696.009595094,0.0,0.0,0.0,0.0,1.0,0.0
328738,1696.02925051,0.0,0.0,0.0,0.0,1.0,0.0
328758,1696.049919878,0.0,0.0,0.0,0.0,1.0,0.0
328778,1696.069716614,0.0,0.0,0.0,0.0,1.0,0.0
328798,1696.088915021,0.0,0.0,0.0,0.0,1.0,0.0
328818,1696.109852052,0.0,0.0,0.0,0.0,1.0,0.0
328838,1696.129736708,0.0,0.0,0.0,0.0,1.0,0.0
328858,1696.148705183,0.0,0.0,0.0,0.0,1.0,0.0
328878,1696.169874147,0.0,0.0,0.0,0.0,1.0,0.0
328898,1696.189286468,0.0,0.0,0.0,0.0,1.0,0.0
328918,1696.208781421,0.0,0.0,0.0,0.0,1.0,0.0
328938,1696.229244722,0.0,0.0,0.0,0.0,1.0,0.0
328958,1696.249313842,0.0,0.0,0.0,0.0,1.0,0.0
328978,1696.268720629,0.0,0.0,0.0,0.0,1.0,0.0
328998,1696.289897171,0.0,0.0,0.0,0.0,1.0,0.0
329018,1696.309693588,0.0,0.0,0.0,0.0,1.0,0.0
329038,1696.329065272,0.0,0.0,0.0,0.0,1.0,0.0
329058,1696.348903966,0.0,0.0,0.0,0.0,1.0,0.0
329078,1696.369024731,0.0,0.0,0.0,0.0,1.0,0.0
329098,1696.389618198,0.0,0.0,0.0,0.0,1.0,0.0
329118,1696.409894411,0.0,0.0,0.0,0.0,1.0,0.0
329138,1696.429346731,0.0,0.0,0.0,0.0,1.0,0.0
329158,1696.449999961,0.0,0.0,0.0,0.0,1.0,0.0
329178,1696.469517293,0.0,0.0,0.0,0.0,1.0,0.0
329198,1696.488997826,0.0,0.0,0.0,0.0,1.0,0.0
329218,1696.509107722,0.0,0.0,0.0,0.0,1.0,0.0
329238,1696.529873193,0.0,0.0,0.0,0.0,1.0,0.0
329258,1696.549056473,0.0,0.0,0.0,0.0,1.0,0.0
329278,1696.569501363,0.0,0.0,0.0,0.0,1.0,0.0
329298,1696.588024926,0.0,0.0,0.0,0.0,1.0,0.0
329318,1696.608395586,0.0,0.0,0.0,0.0,1.0,0.0
329338,1696.629760721,0.0,0.0,0.0,0.0,1.0,0.0
329358,1696.649447558,0.0,0.0,0.0,0.0,1.0,0.0
329378,1696.669244566,0.0,0.0,0.0,0.0,1.0,0.0
329398,1696.688733705,0.0,0.0,0.0,0.0,1.0,0.0
329418,1696.70913996,0.0,0.0,0.0,0.0,1.0,0.0
329438,1696.729261485,0.0,0.0,0.0,0.0,1.0,0.0
329458,1696.748737539,0.0,0.0,0.0,0.0,1.0,0.0
329478,1696.768837557,0.0,0.0,0.0,0.0,1.0,0.0
329498,1696.789666891,0.0,0.0,0.0,0.0,1.0,0.0
329518,1696.810324189,0.0,0.0,0.0,0.0,1.0,0.0
329538,1696.828638408,0.0,0.0,0.0,0.0,1.0,0.0
329558,1696.849616012,0.0,0.0,0.0,0.0,1.0,0.0
329578,1696.868999888,0.0,0.0,0.0,0.0,1.0,0.0
329598,1696.887904101,0.0,0.0,0.0,0.0,1.0,0.0
329618,1696.909720497,0.0,0.0,0.0,0.0,1.0,0.0
329638,1696.928038878,0.0,0.0,0.0,0.0,1.0,0.0
329658,1696.948359031,0.0,0.0,0.0,0.0,1.0,0.0
329678,1696.969021684,0.0,0.0,0.0,0.0,1.0,0.0
329698,1696.989109467,0.0,0.0,0.0,0.0,1.0,0.0
329718,1697.010416282,0.0,0.0,0.0,0.0,1.0,0.0
329738,1697.028059924,0.0,0.0,0.0,0.0,1.0,0.0
329758,1697.047936813,0.0,0.0,0.0,0.0,1.0,0.0
329778,1697.068375054,0.0,0.0,0.0,0.0,1.0,0.0
329798,1697.089317002,0.0,0.0,0.0,0.0,1.0,0.0
329818,1697.10835866,0.0,0.0,0.0,0.0,1.0,0.0
329838,1697.128485703,0.0,0.0,0.0,0.0,1.0,0.0
329858,1697.149758267,0.0,0.0,0.0,0.0,1.0,0.0
329878,1697.169370382,0.0,0.0,0.0,0.0,1.0,0.0
329898,1697.189865958,0.0,0.0,0.0,0.0,1.0,0.0
329918,1697.210116002,0.0,0.0,0.0,0.0,1.0,0.0
329938,1697.228968945,0.0,0.0,0.0,0.0,1.0,0.0
329958,1697.250020777,0.0,0.0,0.0,0.0,1.0,0.0
329978,1697.269392234,0.0,0.0,0.0,0.0,1.0,0.0
329998,1697.288775671,0.0,0.0,0.0,0.0,1.0,0.0
330018,1697.311653908,0.0,0.0,0.0,0.0,1.0,0.0
330038,1697.329441912,0.0,0.0,0.0,0.0,1.0,0.0
330058,1697.349146395,0.0,0.0,0.0,0.0,1.0,0.0
330078,1697.369717728,0.0,0.0,0.0,0.0,1.0,0.0
330098,1697.389823305,0.0,0.0,0.0,0.0,1.0,0.0
330118,1697.410865198,0.0,0.0,0.0,0.0,1.0,0.0
330138,1697.429385493,0.0,0.0,0.0,0.0,1.0,0.0
330158,1697.450363243,0.0,0.0,0.0,0.0,1.0,0.0
330178,1697.469626025,0.0,0.0,0.0,0.0,1.0,0.0
330198,1697.489632,0.0,0.0,0.0,0.0,1.0,0.0
330218,1697.511110812,0.0,0.0,0.0,0.0,1.0,0.0
330238,1697.529606883,0.0,0.0,0.0,0.0,1.0,0.0
330258,1697.548669782,0.0,0.0,0.0,0.0,1.0,0.0
330278,1697.569049648,0.0,0.0,0.0,0.0,1.0,0.0
330298,1697.588265929,0.0,0.0,0.0,0.0,1.0,0.0
330318,1697.61046453,0.0,0.0,0.0,0.0,1.0,0.0
330338,1697.628345667,0.0,0.0,0.0,0.0,1.0,0.0
330358,1697.648950443,0.0,0.0,0.0,0.0,1.0,0.0
330378,1697.669535819,0.0,0.0,0.0,0.0,1.0,0.0
330398,1697.687759117,0.0,0.0,0.0,0.0,1.0,0.0
330418,1697.708722682,0.0,0.0,0.0,0.0,1.0,0.0
330438,1697.72981351,0.0,0.0,0.0,0.0,1.0,0.0
330458,1697.748994779,0.0,0.0,0.0,0.0,1.0,0.0
330478,1697.769561216,0.0,0.0,0.0,0.0,1.0,0.0
330498,1697.788863473,0.0,0.0,0.0,0.0,1.0,0.0
330518,1697.809773949,0.0,0.0,0.0,0.0,1.0,0.0
330538,1697.829385698,0.0,0.0,0.0,0.0,1.0,0.0
330558,1697.848717494,0.0,0.0,0.0,0.0,1.0,0.0
330578,1697.869487123,0.0,0.0,0.0,0.0,1.0,0.0
330598,1697.889553697,0.0,0.0,0.0,0.0,1.0,0.0
330618,1697.908888883,0.0,0.0,0.0,0.0,1.0,0.0
330638,1697.928960235,0.0,0.0,0.0,0.0,1.0,0.0
330658,1697.949622209,0.0,0.0,0.0,0.0,1.0,0.0
330678,1697.968507729,0.0,0.0,0.0,0.0,1.0,0.0
330698,1697.98811191,0.0,0.0,0.0,0.0,1.0,0.0
330718,1698.008868692,0.0,0.0,0.0,0.0,1.0,0.0
330738,1698.028875553,0.0,0.0,0.0,0.0,1.0,0.0
330758,1698.04794023,0.0,0.0,0.0,0.0,1.0,0.0
330778,1698.06698998,0.0,0.0,0.0,0.0,1.0,0.0
330798,1698.088452929,0.0,0.0,0.0,0.0,1.0,0.0
330818,1698.107389859,0.0,0.0,0.0,0.0,1.0,0.0
330838,1698.128338278,0.0,0.0,0.0,0.0,1.0,0.0
330858,1698.148033109,0.0,0.0,0.0,0.0,1.0,0.0
330878,1698.168374283,0.0,0.0,0.0,0.0,1.0,0.0
330898,1698.188716797,0.0,0.0,0.0,0.0,1.0,0.0
330918,1698.209037744,0.0,0.0,0.0,0.0,1.0,0.0
330938,1698.22877789,0.0,0.0,0.0,0.0,1.0,0.0
330958,1698.249038561,0.0,0.0,0.0,0.0,1.0,0.0
330978,1698.268135951,0.0,0.0,0.0,0.0,1.0,0.0
330998,1698.287864211,0.0,0.0,0.0,0.0,1.0,0.0
331018,1698.307964784,0.0,0.0,0.0,0.0,1.0,0.0
331038,1698.327887973,0.0,0.0,0.0,0.0,1.0,0.0
331058,1698.348120198,0.0,0.0,0.0,0.0,1.0,0.0
331078,1698.368217308,0.0,0.0,0.0,0.0,1.0,0.0
331098,1698.387925854,0.0,0.0,0.0,0.0,1.0,0.0
331118,1698.407523243,0.0,0.0,0.0,0.0,1.0,0.0
331138,1698.42737182,0.0,0.0,0.0,0.0,1.0,0.0
331158,1698.447058808,0.0,0.0,0.0,0.0,1.0,0.0
331178,1698.468762313,0.0,0.0,0.0,0.0,1.0,0.0
331198,1698.487693178,0.0,0.0,0.0,0.0,1.0,0.0
331218,1698.508390379,0.0,0.0,0.0,0.0,1.0,0.0
331238,1698.527808047,0.0,0.0,0.0,0.0,1.0,0.0
331258,1698.548598439,0.0,0.0,0.0,0.0,1.0,0.0
331278,1698.568022641,0.0,0.0,0.0,0.0,1.0,0.0
331298,1698.589417267,0.0,0.0,0.0,0.0,1.0,0.0
331318,1698.608550648,0.0,0.0,0.0,0.0,1.0,0.0
331338,1698.629841113,0.0,0.0,0.0,0.0,1.0,0.0
331358,1698.648640132,0.0,0.0,0.0,0.0,1.0,0.0
331378,1698.668103643,0.0,0.0,0.0,0.0,1.0,0.0
331398,1698.68892698,0.0,0.0,0.0,0.0,1.0,0.0
331418,1698.7081015,0.0,0.0,0.0,0.0,1.0,0.0
331438,1698.7285325,0.0,0.0,0.0,0.0,1.0,0.0
331458,1698.749096596,0.0,0.0,0.0,0.0,1.0,0.0
331478,1698.768551586,0.0,0.0,0.0,0.0,1.0,0.0
331498,1698.788575406,0.0,0.0,0.0,0.0,1.0,0.0
331518,1698.808948779,0.0,0.0,0.0,0.0,1.0,0.0
331538,1698.82857317,0.0,0.0,0.0,0.0,1.0,0.0
331558,1698.849174753,0.0,0.0,0.0,0.0,1.0,0.0
331578,1698.86935277,0.0,0.0,0.0,0.0,1.0,0.0
331598,1698.888438272,0.0,0.0,0.0,0.0,1.0,0.0
331618,1698.907758447,0.0,0.0,0.0,0.0,1.0,0.0
331638,1698.928786267,0.0,0.0,0.0,0.0,1.0,0.0
331658,1698.94838795,0.0,0.0,0.0,0.0,1.0,0.0
331678,1698.968653388,0.0,0.0,0.0,0.0,1.0,0.0
331698,1698.988452611,0.0,0.0,0.0,0.0,1.0,0.0
331718,1699.009641621,0.0,0.0,0.0,0.0,1.0,0.0
331738,1699.029350047,0.0,0.0,0.0,0.0,1.0,0.0
331758,1699.048723655,0.0,0.0,0.0,0.0,1.0,0.0
331778,1699.06764524,0.0,0.0,0.0,0.0,1.0,0.0
331798,1699.088854482,0.0,0.0,0.0,0.0,1.0,0.0
331818,1699.108095194,0.0,0.0,0.0,0.0,1.0,0.0
331838,1699.128416032,0.0,0.0,0.0,0.0,1.0,0.0
331858,1699.148189662,0.0,0.0,0.0,0.0,1.0,0.0
331878,1699.167336284,0.0,0.0,0.0,0.0,1.0,0.0
331898,1699.18758949,0.0,0.0,0.0,0.0,1.0,0.0
331918,1699.208076031,0.0,0.0,0.0,0.0,1.0,0.0
331938,1699.228439183,0.0,0.0,0.0,0.0,1.0,0.0
331958,1699.247352403,0.0,0.0,0.0,0.0,1.0,0.0
331978,1699.267955148,0.0,0.0,0.0,0.0,1.0,0.0
331998,1699.288422965,0.0,0.0,0.0,0.0,1.0,0.0
332018,1699.308094359,0.0,0.0,0.0,0.0,1.0,0.0
332038,1699.326914936,0.0,0.0,0.0,0.0,1.0,0.0
332058,1699.347304467,0.0,0.0,0.0,0.0,1.0,0.0
332078,1699.367866738,0.0,0.0,0.0,0.0,1.0,0.0
332098,1699.3888723,0.0,0.0,0.0,0.0,1.0,0.0
332118,1699.408147836,0.0,0.0,0.0,0.0,1.0,0.0
332138,1699.428350585,0.0,0.0,0.0,0.0,1.0,0.0
332158,1699.447394896,0.0,0.0,0.0,0.0,1.0,0.0
332178,1699.468371666,0.0,0.0,0.0,0.0,1.0,0.0
332198,1699.487799472,0.0,0.0,0.0,0.0,1.0,0.0
332218,1699.507969001,0.0,0.0,0.0,0.0,1.0,0.0
332238,1699.527632792,0.0,0.0,0.0,0.0,1.0,0.0
332258,1699.54833402,0.0,0.0,0.0,0.0,1.0,0.0
332278,1699.567216291,0.0,0.0,0.0,0.0,1.0,0.0
332298,1699.587864086,0.0,0.0,0.0,0.0,1.0,0.0
332318,1699.607406626,0.0,0.0,0.0,0.0,1.0,0.0
332338,1699.628110961,0.0,0.0,0.0,0.0,1.0,0.0
332358,1699.648565564,0.0,0.0,0.0,0.0,1.0,0.0
332378,1699.66840195,0.0,0.0,0.0,0.0,1.0,0.0
332398,1699.687787548,0.0,0.0,0.0,0.0,1.0,0.0
332418,1699.708332144,0.0,0.0,0.0,0.0,1.0,0.0
332438,1699.728414258,0.0,0.0,0.0,0.0,1.0,0.0
332458,1699.747620455,0.0,0.0,0.0,0.0,1.0,0.0
332478,1699.767631485,0.0,0.0,0.0,0.0,1.0,0.0
332498,1699.788078789,0.0,0.0,0.0,0.0,1.0,0.0
332518,1699.807362889,0.0,0.0,0.0,0.0,1.0,0.0
332538,1699.827303029,0.0,0.0,0.0,0.0,1.0,0.0
332558,1699.847498833,0.0,0.0,0.0,0.0,1.0,0.0
332578,1699.86832953,0.0,0.0,0.0,0.0,1.0,0.0
332598,1699.887448245,0.0,0.0,0.0,0.0,1.0,0.0
332618,1699.908285266,0.0,0.0,0.0,0.0,1.0,0.0
332638,1699.92794903,0.0,0.0,0.0,0.0,1.0,0.0
332658,1699.947144996,0.0,0.0,0.0,0.0,1.0,0.0
332678,1699.967618142,0.0,0.0,0.0,0.0,1.0,0.0
332698,1699.987132368,0.0,0.0,0.0,0.0,1.0,0.0
332718,1700.008082149,0.0,0.0,0.0,0.0,1.0,0.0
332738,1700.027595239,0.0,0.0,0.0,0.0,1.0,0.0
332758,1700.048130703,0.0,0.0,0.0,0.0,1.0,0.0
332778,1700.067632106,0.0,0.0,0.0,0.0,1.0,0.0
332798,1700.086697566,0.0,0.0,0.0,0.0,1.0,0.0
332818,1700.106838543,0.0,0.0,0.0,0.0,1.0,0.0
332838,1700.126897382,0.0,0.0,0.0,0.0,1.0,0.0
332858,1700.14708574,0.0,0.0,0.0,0.0,1.0,0.0
332878,1700.167735071,0.0,0.0,0.0,0.0,1.0,0.0
332898,1700.186524816,0.0,0.0,0.0,0.0,1.0,0.0
332918,1700.20657885,0.0,0.0,0.0,0.0,1.0,0.0
332938,1700.226474819,0.0,0.0,0.0,0.0,1.0,0.0
332958,1700.246706261,0.0,0.0,0.0,0.0,1.0,0.0
332978,1700.267106645,0.0,0.0,0.0,0.0,1.0,0.0
332998,1700.287427399,0.0,0.0,0.0,0.0,1.0,0.0
333018,1700.306735716,0.0,0.0,0.0,0.0,1.0,0.0
333038,1700.326376026,0.0,0.0,0.0,0.0,1.0,0.0
333058,1700.347388906,0.0,0.0,0.0,0.0,1.0,0.0
333078,1700.366699053,0.0,0.0,0.0,0.0,1.0,0.0
333098,1700.386886744,0.0,0.0,0.0,0.0,1.0,0.0
333118,1700.407734246,0.0,0.0,0.0,0.0,1.0,0.0
333138,1700.425979744,0.0,0.0,0.0,0.0,1.0,0.0
333158,1700.447853547,0.0,0.0,0.0,0.0,1.0,0.0
333178,1700.466799523,0.0,0.0,0.0,0.0,1.0,0.0
333198,1700.487334642,0.0,0.0,0.0,0.0,1.0,0.0
333218,1700.506377533,0.0,0.0,0.0,0.0,1.0,0.0
333238,1700.527365675,0.0,0.0,0.0,0.0,1.0,0.0
333258,1700.546712662,0.0,0.0,0.0,0.0,1.0,0.0
333278,1700.567579079,0.0,0.0,0.0,0.0,1.0,0.0
333298,1700.587803194,0.0,0.0,0.0,0.0,1.0,0.0
333318,1700.606872313,0.0,0.0,0.0,0.0,1.0,0.0
333338,1700.626470536,0.0,0.0,0.0,0.0,1.0,0.0
333358,1700.647446756,0.0,0.0,0.0,0.0,1.0,0.0
333378,1700.66679567,0.0,0.0,0.0,0.0,1.0,0.0
333398,1700.687079495,0.0,0.0,0.0,0.0,1.0,0.0
333418,1700.707640062,0.0,0.0,0.0,0.0,1.0,0.0
333438,1700.726966446,0.0,0.0,0.0,0.0,1.0,0.0
333458,1700.747079001,0.0,0.0,0.0,0.0,1.0,0.0
333478,1700.767855051,0.0,0.0,0.0,0.0,1.0,0.0
333498,1700.787088858,0.0,0.0,0.0,0.0,1.0,0.0
333518,1700.807322552,0.0,0.0,0.0,0.0,1.0,0.0
333538,1700.827075549,0.0,0.0,0.0,0.0,1.0,0.0
333558,1700.84637631,0.0,0.0,0.0,0.0,1.0,0.0
333578,1700.867184615,0.0,0.0,0.0,0.0,1.0,0.0
333598,1700.886692117,0.0,0.0,0.0,0.0,1.0,0.0
333618,1700.907552726,0.0,0.0,0.0,0.0,1.0,0.0
333638,1700.927107496,0.0,0.0,0.0,0.0,1.0,0.0
333658,1700.947612498,0.0,0.0,0.0,0.0,1.0,0.0
333678,1700.967648197,0.0,0.0,0.0,0.0,1.0,0.0
333698,1700.986605302,0.0,0.0,0.0,0.0,1.0,0.0
333718,1701.006144739,0.0,0.0,0.0,0.0,1.0,0.0
333738,1701.026449698,0.0,0.0,0.0,0.0,1.0,0.0
333758,1701.046832682,0.0,0.0,0.0,0.0,1.0,0.0
333778,1701.067405446,0.0,0.0,0.0,0.0,1.0,0.0
333798,1701.086390204,0.0,0.0,0.0,0.0,1.0,0.0
333818,1701.107600059,0.0,0.0,0.0,0.0,1.0,0.0
333838,1701.127847083,0.0,0.0,0.0,0.0,1.0,0.0
333858,1701.147378682,0.0,0.0,0.0,0.0,1.0,0.0
333878,1701.166849555,0.0,0.0,0.0,0.0,1.0,0.0
333898,1701.186434602,0.0,0.0,0.0,0.0,1.0,0.0
333918,1701.207375983,0.0,0.0,0.0,0.0,1.0,0.0
333938,1701.228642107,0.0,0.0,0.0,0.0,1.0,0.0
333958,1701.24744394,0.0,0.0,0.0,0.0,1.0,0.0
333978,1701.266320804,0.0,0.0,0.0,0.0,1.0,0.0
333998,1701.286627408,0.0,0.0,0.0,0.0,1.0,0.0
334018,1701.306748035,0.0,0.0,0.0,0.0,1.0,0.0
334038,1701.327619411,0.0,0.0,0.0,0.0,1.0,0.0
334058,1701.346344667,0.0,0.0,0.0,0.0,1.0,0.0
334078,1701.366746002,0.0,0.0,0.0,0.0,1.0,0.0
334098,1701.387094915,0.0,0.0,0.0,0.0,1.0,0.0
334118,1701.406092864,0.0,0.0,0.0,0.0,1.0,0.0
334138,1701.428823577,0.0,0.0,0.0,0.0,1.0,0.0
334158,1701.446376162,0.0,0.0,0.0,0.0,1.0,0.0
334178,1701.466603917,0.0,0.0,0.0,0.0,1.0,0.0
334198,1701.487388626,0.0,0.0,0.0,0.0,1.0,0.0
334218,1701.506890079,0.0,0.0,0.0,0.0,1.0,0.0
334238,1701.527770611,0.0,0.0,0.0,0.0,1.0,0.0
334258,1701.547018365,0.0,0.0,0.0,0.0,1.0,0.0
334278,1701.566462186,0.0,0.0,0.0,0.0,1.0,0.0
334298,1701.586520252,0.0,0.0,0.0,0.0,1.0,0.0
334318,1701.606647118,0.0,0.0,0.0,0.0,1.0,0.0
334338,1701.628059149,0.0,0.0,0.0,0.0,1.0,0.0
334358,1701.646053805,0.0,0.0,0.0,0.0,1.0,0.0
334378,1701.6661349,0.0,0.0,0.0,0.0,1.0,0.0
334398,1701.686507461,0.0,0.0,0.0,0.0,1.0,0.0
334418,1701.706104911,0.0,0.0,0.0,0.0,1.0,0.0
334438,1701.728306571,0.0,0.0,0.0,0.0,1.0,0.0
334458,1701.745966548,0.0,0.0,0.0,0.0,1.0,0.0
334478,1701.765730853,0.0,0.0,0.0,0.0,1.0,0.0
334498,1701.787091307,0.0,0.0,0.0,0.0,1.0,0.0
334518,1701.805697034,0.0,0.0,0.0,0.0,1.0,0.0
334538,1701.828397012,0.0,0.0,0.0,0.0,1.0,0.0
334558,1701.846345982,0.0,0.0,0.0,0.0,1.0,0.0
334578,1701.866822402,0.0,0.0,0.0,0.0,1.0,0.0
334598,1701.886131948,0.0,0.0,0.0,0.0,1.0,0.0
334618,1701.906906171,0.0,0.0,0.0,0.0,1.0,0.0
334638,1701.927871802,0.0,0.0,0.0,0.0,1.0,0.0
334658,1701.946732204,0.0,0.0,0.0,0.0,1.0,0.0
334678,1701.966860603,0.0,0.0,0.0,0.0,1.0,0.0
334698,1701.985962593,0.0,0.0,0.0,0.0,1.0,0.0
334718,1702.005900089,0.0,0.0,0.0,0.0,1.0,0.0
334738,1702.027968444,0.0,0.0,0.0,0.0,1.0,0.0
334758,1702.04578909,0.0,0.0,0.0,0.0,1.0,0.0
334778,1702.066428988,0.0,0.0,0.0,0.0,1.0,0.0
334798,1702.085349516,0.0,0.0,0.0,0.0,1.0,0.0
334818,1702.105494322,0.0,0.0,0.0,0.0,1.0,0.0
334838,1702.126886207,0.0,0.0,0.0,0.0,1.0,0.0
334858,1702.146423752,0.0,0.0,0.0,0.0,1.0,0.0
334878,1702.165466917,0.0,0.0,0.0,0.0,1.0,0.0
334898,1702.186336645,0.0,0.0,0.0,0.0,1.0,0.0
334918,1702.205451626,0.0,0.0,0.0,0.0,1.0,0.0
334938,1702.227823067,0.0,0.0,0.0,0.0,1.0,0.0
334958,1702.24539041,0.0,0.0,0.0,0.0,1.0,0.0
334978,1702.265953778,0.0,0.0,0.0,0.0,1.0,0.0
334998,1702.285858544,0.0,0.0,0.0,0.0,1.0,0.0
335018,1702.305328046,0.0,0.0,0.0,0.0,1.0,0.0
335038,1702.32504845,0.0,0.0,0.0,0.0,1.0,0.0
335058,1702.345967359,0.0,0.0,0.0,0.0,1.0,0.0
335078,1702.366169222,0.0,0.0,0.0,0.0,1.0,0.0
335098,1702.385410895,0.0,0.0,0.0,0.0,1.0,0.0
335118,1702.405669686,0.0,0.0,0.0,0.0,1.0,0.0
335138,1702.42632136,0.0,0.0,0.0,0.0,1.0,0.0
335158,1702.446237131,0.0,0.0,0.0,0.0,1.0,0.0
335178,1702.465052162,0.0,0.0,0.0,0.0,1.0,0.0
335198,1702.484919,0.0,0.0,0.0,0.0,1.0,0.0
335218,1702.504710902,0.0,0.0,0.0,0.0,1.0,0.0
335238,1702.525979569,0.0,0.0,0.0,0.0,1.0,0.0
335258,1702.54529819,0.0,0.0,0.0,0.0,1.0,0.0
335278,1702.565077987,0.0,0.0,0.0,0.0,1.0,0.0
335298,1702.585769279,0.0,0.0,0.0,0.0,1.0,0.0
335318,1702.605042655,0.0,0.0,0.0,0.0,1.0,0.0
335338,1702.624747259,0.0,0.0,0.0,0.0,1.0,0.0
335358,1702.645800698,0.0,0.0,0.0,0.0,1.0,0.0
335378,1702.666075533,0.0,0.0,0.0,0.0,1.0,0.0
335398,1702.684606674,0.0,0.0,0.0,0.0,1.0,0.0
335418,1702.705380953,0.0,0.0,0.0,0.0,1.0,0.0
335438,1702.725062842,0.0,0.0,0.0,0.0,1.0,0.0
335458,1702.745483671,0.0,0.0,0.0,0.0,1.0,0.0
335478,1702.765486775,0.0,0.0,0.0,0.0,1.0,0.0
335498,1702.785340172,0.0,0.0,0.0,0.0,1.0,0.0
335518,1702.805823813,0.0,0.0,0.0,0.0,1.0,0.0
335538,1702.824614735,0.0,0.0,0.0,0.0,1.0,0.0
335558,1702.845797634,0.0,0.0,0.0,0.0,1.0,0.0
335578,1702.864140393,0.0,0.0,0.0,0.0,1.0,0.0
335598,1702.883873912,0.0,0.0,0.0,0.0,1.0,0.0
335618,1702.905031114,0.0,0.0,0.0,0.0,1.0,0.0
335638,1702.925044231,0.0,0.0,0.0,0.0,1.0,0.0
335658,1702.94473533,0.0,0.0,0.0,0.0,1.0,0.0
335678,1702.964946332,0.0,0.0,0.0,0.0,1.0,0.0
335698,1702.98507225,0.0,0.0,0.0,0.0,1.0,0.0
335718,1703.005132264,0.0,0.0,0.0,0.0,1.0,0.0
335738,1703.025756592,0.0,0.0,0.0,0.0,1.0,0.0
335758,1703.044794784,0.0,0.0,0.0,0.0,1.0,0.0
335778,1703.065409905,0.0,0.0,0.0,0.0,1.0,0.0
335798,1703.085043527,0.0,0.0,0.0,0.0,1.0,0.0
335818,1703.105643843,0.0,0.0,0.0,0.0,1.0,0.0
335838,1703.125040569,0.0,0.0,0.0,0.0,1.0,0.0
335858,1703.145219241,0.0,0.0,0.0,0.0,1.0,0.0
335878,1703.164656343,0.0,0.0,0.0,0.0,1.0,0.0
335898,1703.186044869,0.0,0.0,0.0,0.0,1.0,0.0
335918,1703.205285606,0.0,0.0,0.0,0.0,1.0,0.0
335938,1703.224624882,0.0,0.0,0.0,0.0,1.0,0.0
335958,1703.245632082,0.0,0.0,0.0,0.0,1.0,0.0
335978,1703.265429594,0.0,0.0,0.0,0.0,1.0,0.0
335998,1703.286038148,0.0,0.0,0.0,0.0,1.0,0.0
336018,1703.305395736,0.0,0.0,0.0,0.0,1.0,0.0
336038,1703.324835694,0.0,0.0,0.0,0.0,1.0,0.0
336058,1703.345824855,0.0,0.0,0.0,0.0,1.0,0.0
336078,1703.364823325,0.0,0.0,0.0,0.0,1.0,0.0
336098,1703.385631838,0.0,0.0,0.0,0.0,1.0,0.0
336118,1703.404681564,0.0,0.0,0.0,0.0,1.0,0.0
336138,1703.425595783,0.0,0.0,0.0,0.0,1.0,0.0
336158,1703.445197623,0.0,0.0,0.0,0.0,1.0,0.0
336178,1703.464621009,0.0,0.0,0.0,0.0,1.0,0.0
336198,1703.485414306,0.0,0.0,0.0,0.0,1.0,0.0
336218,1703.504624596,0.0,0.0,0.0,0.0,1.0,0.0
336238,1703.524022564,0.0,0.0,0.0,0.0,1.0,0.0
336258,1703.543852786,0.0,0.0,0.0,0.0,1.0,0.0
336278,1703.563496961,0.0,0.0,0.0,0.0,1.0,0.0
336298,1703.584382241,0.0,0.0,0.0,0.0,1.0,0.0
336318,1703.602982105,0.0,0.0,0.0,0.0,1.0,0.0
336338,1703.623971917,0.0,0.0,0.0,0.0,1.0,0.0
336358,1703.643467208,0.0,0.0,0.0,0.0,1.0,0.0
336378,1703.664127272,0.0,0.0,0.0,0.0,1.0,0.0
336398,1703.683653034,0.0,0.0,0.0,0.0,1.0,0.0
336418,1703.704326443,0.0,0.0,0.0,0.0,1.0,0.0
336438,1703.723265819,0.0,0.0,0.0,0.0,1.0,0.0
336458,1703.744064861,0.0,0.0,0.0,0.0,1.0,0.0
336478,1703.763881771,0.0,0.0,0.0,0.0,1.0,0.0
336498,1703.784404088,0.0,0.0,0.0,0.0,1.0,0.0
336518,1703.80546011,0.0,0.0,0.0,0.0,1.0,0.0
336538,1703.825378987,0.0,0.0,0.0,0.0,1.0,0.0
336558,1703.844658228,0.0,0.0,0.0,0.0,1.0,0.0
336578,1703.865517117,0.0,0.0,0.0,0.0,1.0,0.0
336598,1703.885394392,0.0,0.0,0.0,0.0,1.0,0.0
336618,1703.904514731,0.0,0.0,0.0,0.0,1.0,0.0
336638,1703.924028404,0.0,0.0,0.0,0.0,1.0,0.0
336658,1703.945176717,0.0,0.0,0.0,0.0,1.0,0.0
336678,1703.964378345,0.0,0.0,0.0,0.0,1.0,0.0
336698,1703.985261055,0.0,0.0,0.0,0.0,1.0,0.0
336718,1704.003797514,0.0,0.0,0.0,0.0,1.0,0.0
336738,1704.024388446,0.0,0.0,0.0,0.0,1.0,0.0
336758,1704.044589052,0.0,0.0,0.0,0.0,1.0,0.0
336778,1704.065235489,0.0,0.0,0.0,0.0,1.0,0.0
336798,1704.084811958,0.0,0.0,0.0,0.0,1.0,0.0
336818,1704.10434535,0.0,0.0,0.0,0.0,1.0,0.0
336838,1704.123813333,0.0,0.0,0.0,0.0,1.0,0.0
336858,1704.144553063,0.0,0.0,0.0,0.0,1.0,0.0
336878,1704.164357434,0.0,0.0,0.0,0.0,1.0,0.0
336898,1704.184384939,0.0,0.0,0.0,0.0,1.0,0.0
336918,1704.204230876,0.0,0.0,0.0,0.0,1.0,0.0
336938,1704.223783122,0.0,0.0,0.0,0.0,1.0,0.0
336958,1704.244413576,0.0,0.0,0.0,0.0,1.0,0.0
336978,1704.263985154,0.0,0.0,0.0,0.0,1.0,0.0
336998,1704.283730866,0.0,0.0,0.0,0.0,1.0,0.0
337018,1704.304316588,0.0,0.0,0.0,0.0,1.0,0.0
337038,1704.324215417,0.0,0.0,0.0,0.0,1.0,0.0
337058,1704.344500862,0.0,0.0,0.0,0.0,1.0,0.0
337078,1704.364378708,0.0,0.0,0.0,0.0,1.0,0.0
337098,1704.384274554,0.0,0.0,0.0,0.0,1.0,0.0
337118,1704.404584037,0.0,0.0,0.0,0.0,1.0,0.0
337138,1704.424208003,0.0,0.0,0.0,0.0,1.0,0.0
337158,1704.444343638,0.0,0.0,0.0,0.0,1.0,0.0
337178,1704.464078916,0.0,0.0,0.0,0.0,1.0,0.0
337198,1704.483739971,0.0,0.0,0.0,0.0,1.0,0.0
337218,1704.504579659,0.0,0.0,0.0,0.0,1.0,0.0
337238,1704.524098656,0.0,0.0,0.0,0.0,1.0,0.0
337258,1704.544664577,0.0,0.0,0.0,0.0,1.0,0.0
337278,1704.564084945,0.0,0.0,0.0,0.0,1.0,0.0
337298,1704.583953699,0.0,0.0,0.0,0.0,1.0,0.0
337318,1704.603950943,0.0,0.0,0.0,0.0,1.0,0.0
337338,1704.623924768,0.0,0.0,0.0,0.0,1.0,0.0
337358,1704.643557944,0.0,0.0,0.0,0.0,1.0,0.0
337378,1704.663593744,0.0,0.0,0.0,0.0,1.0,0.0
337398,1704.683457934,0.0,0.0,0.0,0.0,1.0,0.0
337418,1704.704096907,0.0,0.0,0.0,0.0,1.0,0.0
337438,1704.724638941,0.0,0.0,0.0,0.0,1.0,0.0
337458,1704.744622651,0.0,0.0,0.0,0.0,1.0,0.0
337478,1704.763998202,0.0,0.0,0.0,0.0,1.0,0.0
337498,1704.78467794,0.0,0.0,0.0,0.0,1.0,0.0
337518,1704.803806992,0.0,0.0,0.0,0.0,1.0,0.0
337538,1704.824889427,0.0,0.0,0.0,0.0,1.0,0.0
337558,1704.844672062,0.0,0.0,0.0,0.0,1.0,0.0
337578,1704.86437662,0.0,0.0,0.0,0.0,1.0,0.0
337598,1704.884135394,0.0,0.0,0.0,0.0,1.0,0.0
337618,1704.904640567,0.0,0.0,0.0,0.0,1.0,0.0
337638,1704.92363782,0.0,0.0,0.0,0.0,1.0,0.0
337658,1704.944159002,0.0,0.0,0.0,0.0,1.0,0.0
337678,1704.964432117,0.0,0.0,0.0,0.0,1.0,0.0
337698,1704.984323608,0.0,0.0,0.0,0.0,1.0,0.0
337718,1705.004632973,0.0,0.0,0.0,0.0,1.0,0.0
337738,1705.023157031,0.0,0.0,0.0,0.0,1.0,0.0
337758,1705.044397438,0.0,0.0,0.0,0.0,1.0,0.0
337778,1705.064346334,0.0,0.0,0.0,0.0,1.0,0.0
337798,1705.083617052,0.0,0.0,0.0,0.0,1.0,0.0
337818,1705.104186995,0.0,0.0,0.0,0.0,1.0,0.0
337838,1705.123594334,0.0,0.0,0.0,0.0,1.0,0.0
337858,1705.142887707,0.0,0.0,0.0,0.0,1.0,0.0
337878,1705.163331669,0.0,0.0,0.0,0.0,1.0,0.0
337898,1705.183601633,0.0,0.0,0.0,0.0,1.0,0.0
337918,1705.203042631,0.0,0.0,0.0,0.0,1.0,0.0
337938,1705.223767743,0.0,0.0,0.0,0.0,1.0,0.0
337958,1705.242106656,0.0,0.0,0.0,0.0,1.0,0.0
337978,1705.263566684,0.0,0.0,0.0,0.0,1.0,0.0
337998,1705.283630263,0.0,0.0,0.0,0.0,1.0,0.0
338018,1705.304092277,0.0,0.0,0.0,0.0,1.0,0.0
338038,1705.322924954,0.0,0.0,0.0,0.0,1.0,0.0
338058,1705.344063956,0.0,0.0,0.0,0.0,1.0,0.0
338078,1705.363094918,0.0,0.0,0.0,0.0,1.0,0.0
338098,1705.38330299,0.0,0.0,0.0,0.0,1.0,0.0
338118,1705.403781541,0.0,0.0,0.0,0.0,1.0,0.0
338138,1705.424122312,0.0,0.0,0.0,0.0,1.0,0.0
338158,1705.443912877,0.0,0.0,0.0,0.0,1.0,0.0
338178,1705.462964616,0.0,0.0,0.0,0.0,1.0,0.0
338198,1705.483073335,0.0,0.0,0.0,0.0,1.0,0.0
338218,1705.502704797,0.0,0.0,0.0,0.0,1.0,0.0
338238,1705.522378839,0.0,0.0,0.0,0.0,1.0,0.0
338258,1705.543042309,0.0,0.0,0.0,0.0,1.0,0.0
338278,1705.56313358,0.0,0.0,0.0,0.0,1.0,0.0
338298,1705.583427794,0.0,0.0,0.0,0.0,1.0,0.0
338318,1705.602944261,0.0,0.0,0.0,0.0,1.0,0.0
338338,1705.622482683,0.0,0.0,0.0,0.0,1.0,0.0
338358,1705.643701535,0.0,0.0,0.0,0.0,1.0,0.0
338378,1705.663064522,0.0,0.0,0.0,0.0,1.0,0.0
338398,1705.683354681,0.0,0.0,0.0,0.0,1.0,0.0
338418,1705.702902864,0.0,0.0,0.0,0.0,1.0,0.0
338438,1705.72209271,0.0,0.0,0.0,0.0,1.0,0.0
338458,1705.744288653,0.0,0.0,0.0,0.0,1.0,0.0
338478,1705.763492263,0.0,0.0,0.0,0.0,1.0,0.0
338498,1705.783018691,0.0,0.0,0.0,0.0,1.0,0.0
338518,1705.803136946,0.0,0.0,0.0,0.0,1.0,0.0
338538,1705.823521286,0.0,0.0,0.0,0.0,1.0,0.0
338558,1705.845377667,0.0,0.0,0.0,0.0,1.0,0.0
338578,1705.864100647,0.0,0.0,0.0,0.0,1.0,0.0
338598,1705.883318521,0.0,0.0,0.0,0.0,1.0,0.0
338618,1705.903636469,0.0,0.0,0.0,0.0,1.0,0.0
338638,1705.923831394,0.0,0.0,0.0,0.0,1.0,0.0
338658,1705.944052553,0.0,0.0,0.0,0.0,1.0,0.0
338678,1705.963812639,0.0,0.0,0.0,0.0,1.0,0.0
338698,1705.984381281,0.0,0.0,0.0,0.0,1.0,0.0
338718,1706.003847009,0.0,0.0,0.0,0.0,1.0,0.0
338738,1706.022478662,0.0,0.0,0.0,0.0,1.0,0.0
338758,1706.043355653,0.0,0.0,0.0,0.0,1.0,0.0
338778,1706.063129554,0.0,0.0,0.0,0.0,1.0,0.0
338798,1706.083396915,0.0,0.0,0.0,0.0,1.0,0.0
338818,1706.103326043,0.0,0.0,0.0,0.0,1.0,0.0
338838,1706.122304681,0.0,0.0,0.0,0.0,1.0,0.0
338858,1706.144749584,0.0,0.0,0.0,0.0,1.0,0.0
338878,1706.162403406,0.0,0.0,0.0,0.0,1.0,0.0
338898,1706.182024978,0.0,0.0,0.0,0.0,1.0,0.0
338918,1706.202721485,0.0,0.0,0.0,0.0,1.0,0.0
338938,1706.222929225,0.0,0.0,0.0,0.0,1.0,0.0
338958,1706.245222228,0.0,0.0,0.0,0.0,1.0,0.0
338978,1706.262435979,0.0,0.0,0.0,0.0,1.0,0.0
338998,1706.283117754,0.0,0.0,0.0,0.0,1.0,0.0
339018,1706.301664608,0.0,0.0,0.0,0.0,1.0,0.0
339038,1706.323024396,0.0,0.0,0.0,0.0,1.0,0.0
339058,1706.345245243,0.0,0.0,0.0,0.0,1.0,0.0
339078,1706.362714438,0.0,0.0,0.0,0.0,1.0,0.0
339098,1706.382762823,0.0,0.0,0.0,0.0,1.0,0.0
339118,1706.402759834,0.0,0.0,0.0,0.0,1.0,0.0
339138,1706.422899178,0.0,0.0,0.0,0.0,1.0,0.0
339158,1706.443431273,0.0,0.0,0.0,0.0,1.0,0.0
339178,1706.462309372,0.0,0.0,0.0,0.0,1.0,0.0
339198,1706.481898809,0.0,0.0,0.0,0.0,1.0,0.0
339218,1706.502744341,0.0,0.0,0.0,0.0,1.0,0.0
339238,1706.521387432,0.0,0.0,0.0,0.0,1.0,0.0
339258,1706.543795967,0.0,0.0,0.0,0.0,1.0,0.0
339278,1706.561923886,0.0,0.0,0.0,0.0,1.0,0.0
339298,1706.582396278,0.0,0.0,0.0,0.0,1.0,0.0
339318,1706.601787462,0.0,0.0,0.0,0.0,1.0,0.0
339338,1706.621798153,0.0,0.0,0.0,0.0,1.0,0.0
339358,1706.642091637,0.0,0.0,0.0,0.0,1.0,0.0
339378,1706.661745581,0.0,0.0,0.0,0.0,1.0,0.0
339398,1706.682773278,0.0,0.0,0.0,0.0,1.0,0.0
339418,1706.702587889,0.0,0.0,0.0,0.0,1.0,0.0
339438,1706.72242995,0.0,0.0,0.0,0.0,1.0,0.0
339458,1706.744895323,0.0,0.0,0.0,0.0,1.0,0.0
339478,1706.76167581,0.0,0.0,0.0,0.0,1.0,0.0
339498,1706.781902999,0.0,0.0,0.0,0.0,1.0,0.0
339518,1706.802070905,0.0,0.0,0.0,0.0,1.0,0.0
339538,1706.822268171,0.0,0.0,0.0,0.0,1.0,0.0
339558,1706.842849883,0.0,0.0,0.0,0.0,1.0,0.0
339578,1706.862890098,0.0,0.0,0.0,0.0,1.0,0.0
339598,1706.882554667,0.0,0.0,0.0,0.0,1.0,0.0
339618,1706.903374524,0.0,0.0,0.0,0.0,1.0,0.0
339638,1706.922583724,0.0,0.0,0.0,0.0,1.0,0.0
339658,1706.943764924,0.0,0.0,0.0,0.0,1.0,0.0
339678,1706.96233639,0.0,0.0,0.0,0.0,1.0,0.0
339698,1706.98280621,0.0,0.0,0.0,0.0,1.0,0.0
339718,1707.002457227,0.0,0.0,0.0,0.0,1.0,0.0
339738,1707.022255333,0.0,0.0,0.0,0.0,1.0,0.0
339758,1707.04203387,0.0,0.0,0.0,0.0,1.0,0.0
339778,1707.063078126,0.0,0.0,0.0,0.0,1.0,0.0
339798,1707.082253063,0.0,0.0,0.0,0.0,1.0,0.0
339818,1707.102287856,0.0,0.0,0.0,0.0,1.0,0.0
339838,1707.122264218,0.0,0.0,0.0,0.0,1.0,0.0
339858,1707.143261964,0.0,0.0,0.0,0.0,1.0,0.0
339878,1707.163177371,0.0,0.0,0.0,0.0,1.0,0.0
339898,1707.182081498,0.0,0.0,0.0,0.0,1.0,0.0
339918,1707.202686279,0.0,0.0,0.0,0.0,1.0,0.0
339938,1707.222429186,0.0,0.0,0.0,0.0,1.0,0.0
339958,1707.242858368,0.0,0.0,0.0,0.0,1.0,0.0
339978,1707.262830381,0.0,0.0,0.0,0.0,1.0,0.0
339998,1707.282317059,0.0,0.0,0.0,0.0,1.0,0.0
340018,1707.302953654,0.0,0.0,0.0,0.0,1.0,0.0
340038,1707.322185499,0.0,0.0,0.0,0.0,1.0,0.0
340058,1707.343091455,0.0,0.0,0.0,0.0,1.0,0.0
340078,1707.361779328,0.0,0.0,0.0,0.0,1.0,0.0
340098,1707.38275342,0.0,0.0,0.0,0.0,1.0,0.0
340118,1707.401717626,0.0,0.0,0.0,0.0,1.0,0.0
340138,1707.422113399,0.0,0.0,0.0,0.0,1.0,0.0
340158,1707.442352614,0.0,0.0,0.0,0.0,1.0,0.0
340178,1707.462086587,0.0,0.0,0.0,0.0,1.0,0.0
340198,1707.482495562,0.0,0.0,0.0,0.0,1.0,0.0
340218,1707.50184656,0.0,0.0,0.0,0.0,1.0,0.0
340238,1707.522597366,0.0,0.0,0.0,0.0,1.0,0.0
340258,1707.540869834,0.0,0.0,0.0,0.0,1.0,0.0
340278,1707.561788858,0.0,0.0,0.0,0.0,1.0,0.0
340298,1707.581772795,0.0,0.0,0.0,0.0,1.0,0.0
340318,1707.602225132,0.0,0.0,0.0,0.0,1.0,0.0
340338,1707.621885371,0.0,0.0,0.0,0.0,1.0,0.0
340358,1707.642308702,0.0,0.0,0.0,0.0,1.0,0.0
340378,1707.661074591,0.0,0.0,0.0,0.0,1.0,0.0
340398,1707.681414946,0.0,0.0,0.0,0.0,1.0,0.0
340418,1707.701934577,0.0,0.0,0.0,0.0,1.0,0.0
340438,1707.722346569,0.0,0.0,0.0,0.0,1.0,0.0
340458,1707.741442402,0.0,0.0,0.0,0.0,1.0,0.0
340478,1707.760682259,0.0,0.0,0.0,0.0,1.0,0.0
340498,1707.782585796,0.0,0.0,0.0,0.0,1.0,0.0
340518,1707.802196931,0.0,0.0,0.0,0.0,1.0,0.0
340538,1707.822808798,0.0,0.0,0.0,0.0,1.0,0.0
340558,1707.842343069,0.0,0.0,0.0,0.0,1.0,0.0
340578,1707.861950644,0.0,0.0,0.0,0.0,1.0,0.0
340598,1707.882548391,0.0,0.0,0.0,0.0,1.0,0.0
340618,1707.902528795,0.0,0.0,0.0,0.0,1.0,0.0
340638,1707.923046376,0.0,0.0,0.0,0.0,1.0,0.0
340658,1707.942186544,0.0,0.0,0.0,0.0,1.0,0.0
340678,1707.961788292,0.0,0.0,0.0,0.0,1.0,0.0
340698,1707.981853946,0.0,0.0,0.0,0.0,1.0,0.0
340718,1708.002082089,0.0,0.0,0.0,0.0,1.0,0.0
340738,1708.021118498,0.0,0.0,0.0,0.0,1.0,0.0
340758,1708.042679294,0.0,0.0,0.0,0.0,1.0,0.0
340778,1708.061092536,0.0,0.0,0.0,0.0,1.0,0.0
340798,1708.081082427,0.0,0.0,0.0,0.0,1.0,0.0
340818,1708.10163593,0.0,0.0,0.0,0.0,1.0,0.0
340838,1708.121073996,0.0,0.0,0.0,0.0,1.0,0.0
340858,1708.140365984,0.0,0.0,0.0,0.0,1.0,0.0
340878,1708.161540687,0.0,0.0,0.0,0.0,1.0,0.0
340898,1708.181909693,0.0,0.0,0.0,0.0,1.0,0.0
340918,1708.201141857,0.0,0.0,0.0,0.0,1.0,0.0
340938,1708.221395955,0.0,0.0,0.0,0.0,1.0,0.0
340958,1708.241083296,0.0,0.0,0.0,0.0,1.0,0.0
340978,1708.261974403,0.0,0.0,0.0,0.0,1.0,0.0
340998,1708.28213679,0.0,0.0,0.0,0.0,1.0,0.0
341018,1708.302510158,0.0,0.0,0.0,0.0,1.0,0.0
341038,1708.321502762,0.0,0.0,0.0,0.0,1.0,0.0
341058,1708.341288364,0.0,0.0,0.0,0.0,1.0,0.0
341078,1708.361911459,0.0,0.0,0.0,0.0,1.0,0.0
341098,1708.381538947,0.0,0.0,0.0,0.0,1.0,0.0
341118,1708.40110793,0.0,0.0,0.0,0.0,1.0,0.0
341138,1708.422044762,0.0,0.0,0.0,0.0,1.0,0.0
341158,1708.441906701,0.0,0.0,0.0,0.0,1.0,0.0
341178,1708.461789576,0.0,0.0,0.0,0.0,1.0,0.0
341198,1708.480659913,0.0,0.0,0.0,0.0,1.0,0.0
341218,1708.50205723,0.0,0.0,0.0,0.0,1.0,0.0
341238,1708.522257391,0.0,0.0,0.0,0.0,1.0,0.0
341258,1708.541111117,0.0,0.0,0.0,0.0,1.0,0.0
341278,1708.561992535,0.0,0.0,0.0,0.0,1.0,0.0
341298,1708.582130419,0.0,0.0,0.0,0.0,1.0,0.0
341318,1708.602640323,0.0,0.0,0.0,0.0,1.0,0.0
341338,1708.621464424,0.0,0.0,0.0,0.0,1.0,0.0
341358,1708.641925103,0.0,0.0,0.0,0.0,1.0,0.0
341378,1708.66180851,0.0,0.0,0.0,0.0,1.0,0.0
341398,1708.682679177,0.0,0.0,0.0,0.0,1.0,0.0
341418,1708.702597004,0.0,0.0,0.0,0.0,1.0,0.0
341438,1708.721951001,0.0,0.0,0.0,0.0,1.0,0.0
341458,1708.741988719,0.0,0.0,0.0,0.0,1.0,0.0
341478,1708.762061815,0.0,0.0,0.0,0.0,1.0,0.0
341498,1708.782783569,0.0,0.0,0.0,0.0,1.0,0.0
341518,1708.80131541,0.0,0.0,0.0,0.0,1.0,0.0
341538,1708.821082846,0.0,0.0,0.0,0.0,1.0,0.0
341558,1708.840942472,0.0,0.0,0.0,0.0,1.0,0.0
341578,1708.861868232,0.0,0.0,0.0,0.0,1.0,0.0
341598,1708.880868275,0.0,0.0,0.0,0.0,1.0,0.0
341618,1708.901259386,0.0,0.0,0.0,0.0,1.0,0.0
341638,1708.921538403,0.0,0.0,0.0,0.0,1.0,0.0
341658,1708.941793379,0.0,0.0,0.0,0.0,1.0,0.0
341678,1708.961723957,0.0,0.0,0.0,0.0,1.0,0.0
341698,1708.982033357,0.0,0.0,0.0,0.0,1.0,0.0
341718,1709.001032107,0.0,0.0,0.0,0.0,1.0,0.0
341738,1709.021212889,0.0,0.0,0.0,0.0,1.0,0.0
341758,1709.041715339,0.0,0.0,0.0,0.0,1.0,0.0
341778,1709.061289489,0.0,0.0,0.0,0.0,1.0,0.0
341798,1709.080432295,0.0,0.0,0.0,0.0,1.0,0.0
341818,1709.10104085,0.0,0.0,0.0,0.0,1.0,0.0
341838,1709.120613291,0.0,0.0,0.0,0.0,1.0,0.0
341858,1709.140084593,0.0,0.0,0.0,0.0,1.0,0.0
341878,1709.159409879,0.0,0.0,0.0,0.0,1.0,0.0
341898,1709.180434037,0.0,0.0,0.0,0.0,1.0,0.0
341918,1709.200698794,0.0,0.0,0.0,0.0,1.0,0.0
341938,1709.220961978,0.0,0.0,0.0,0.0,1.0,0.0
341958,1709.240031647,0.0,0.0,0.0,0.0,1.0,0.0
341978,1709.261070149,0.0,0.0,0.0,0.0,1.0,0.0
341998,1709.280366523,0.0,0.0,0.0,0.0,1.0,0.0
342018,1709.300694131,0.0,0.0,0.0,0.0,1.0,0.0
342038,1709.320698732,0.0,0.0,0.0,0.0,1.0,0.0
342058,1709.339779293,0.0,0.0,0.0,0.0,1.0,0.0
342078,1709.361214672,0.0,0.0,0.0,0.0,1.0,0.0
342098,1709.380313927,0.0,0.0,0.0,0.0,1.0,0.0
342118,1709.400850759,0.0,0.0,0.0,0.0,1.0,0.0
342138,1709.420971088,0.0,0.0,0.0,0.0,1.0,0.0
342158,1709.440047549,0.0,0.0,0.0,0.0,1.0,0.0
342178,1709.460660883,0.0,0.0,0.0,0.0,1.0,0.0
342198,1709.481020572,0.0,0.0,0.0,0.0,1.0,0.0
342218,1709.500073991,0.0,0.0,0.0,0.0,1.0,0.0
342238,1709.520215926,0.0,0.0,0.0,0.0,1.0,0.0
342258,1709.54003962,0.0,0.0,0.0,0.0,1.0,0.0
342278,1709.560931688,0.0,0.0,0.0,0.0,1.0,0.0
342298,1709.579572038,0.0,0.0,0.0,0.0,1.0,0.0
342318,1709.600115571,0.0,0.0,0.0,0.0,1.0,0.0
342338,1709.620375719,0.0,0.0,0.0,0.0,1.0,0.0
342358,1709.640687765,0.0,0.0,0.0,0.0,1.0,0.0
342378,1709.661260707,0.0,0.0,0.0,0.0,1.0,0.0
342398,1709.680401431,0.0,0.0,0.0,0.0,1.0,0.0
342418,1709.700844504,0.0,0.0,0.0,0.0,1.0,0.0
342438,1709.720032449,0.0,0.0,0.0,0.0,1.0,0.0
342458,1709.740262509,0.0,0.0,0.0,0.0,1.0,0.0
342478,1709.761503181,0.0,0.0,0.0,0.0,1.0,0.0
342498,1709.780372172,0.0,0.0,0.0,0.0,1.0,0.0
342518,1709.800690247,0.0,0.0,0.0,0.0,1.0,0.0
342538,1709.819389014,0.0,0.0,0.0,0.0,1.0,0.0
342558,1709.839972385,0.0,0.0,0.0,0.0,1.0,0.0
342578,1709.861480916,0.0,0.0,0.0,0.0,1.0,0.0
342598,1709.879021864,0.0,0.0,0.0,0.0,1.0,0.0
342618,1709.900094096,0.0,0.0,0.0,0.0,1.0,0.0
342638,1709.920469621,0.0,0.0,0.0,0.0,1.0,0.0
342658,1709.940770215,0.0,0.0,0.0,0.0,1.0,0.0
342678,1709.959086719,0.0,0.0,0.0,0.0,1.0,0.0
342698,1709.980034897,0.0,0.0,0.0,0.0,1.0,0.0
342718,1710.000034447,0.0,0.0,0.0,0.0,1.0,0.0
342738,1710.020776876,0.0,0.0,0.0,0.0,1.0,0.0
342758,1710.041629663,0.0,0.0,0.0,0.0,1.0,0.0
342778,1710.061826027,0.0,0.0,0.0,0.0,1.0,0.0
342798,1710.080529438,0.0,0.0,0.0,0.0,1.0,0.0
342818,1710.10085056,0.0,0.0,0.0,0.0,1.0,0.0
342838,1710.119845606,0.0,0.0,0.0,0.0,1.0,0.0
342858,1710.140552234,0.0,0.0,0.0,0.0,1.0,0.0
342878,1710.162388339,0.0,0.0,0.0,0.0,1.0,0.0
342898,1710.180625936,0.0,0.0,0.0,0.0,1.0,0.0
342918,1710.199682435,0.0,0.0,0.0,0.0,1.0,0.0
342938,1710.219888464,0.0,0.0,0.0,0.0,1.0,0.0
342958,1710.240608839,0.0,0.0,0.0,0.0,1.0,0.0
342978,1710.262943633,0.0,0.0,0.0,0.0,1.0,0.0
342998,1710.280087466,0.0,0.0,0.0,0.0,1.0,0.0
343018,1710.299818821,0.0,0.0,0.0,0.0,1.0,0.0
343038,1710.319460597,0.0,0.0,0.0,0.0,1.0,0.0
343058,1710.341146954,0.0,0.0,0.0,0.0,1.0,0.0
343078,1710.361842505,0.0,0.0,0.0,0.0,1.0,0.0
343098,1710.380427138,0.0,0.0,0.0,0.0,1.0,0.0
343118,1710.401144068,0.0,0.0,0.0,0.0,1.0,0.0
343138,1710.420387313,0.0,0.0,0.0,0.0,1.0,0.0
343158,1710.440640111,0.0,0.0,0.0,0.0,1.0,0.0
343178,1710.461306117,0.0,0.0,0.0,0.0,1.0,0.0
343198,1710.48083132,0.0,0.0,0.0,0.0,1.0,0.0
343218,1710.500326836,0.0,0.0,0.0,0.0,1.0,0.0
343238,1710.520206433,0.0,0.0,0.0,0.0,1.0,0.0
343258,1710.540498089,0.0,0.0,0.0,0.0,1.0,0.0
343278,1710.560836621,0.0,0.0,0.0,0.0,1.0,0.0
343298,1710.579827432,0.0,0.0,0.0,0.0,1.0,0.0
343318,1710.59962316,0.0,0.0,0.0,0.0,1.0,0.0
343338,1710.61879763,0.0,0.0,0.0,0.0,1.0,0.0
343358,1710.639623469,0.0,0.0,0.0,0.0,1.0,0.0
343378,1710.659291341,0.0,0.0,0.0,0.0,1.0,0.0
343398,1710.679558803,0.0,0.0,0.0,0.0,1.0,0.0
343418,1710.699962797,0.0,0.0,0.0,0.0,1.0,0.0
343438,1710.720172597,0.0,0.0,0.0,0.0,1.0,0.0
343458,1710.739112422,0.0,0.0,0.0,0.0,1.0,0.0
343478,1710.759488937,0.0,0.0,0.0,0.0,1.0,0.0
343498,1710.780802553,0.0,0.0,0.0,0.0,1.0,0.0
343518,1710.7996619,0.0,0.0,0.0,0.0,1.0,0.0
343538,1710.820517306,0.0,0.0,0.0,0.0,1.0,0.0
343558,1710.839597396,0.0,0.0,0.0,0.0,1.0,0.0
343578,1710.860057149,0.0,0.0,0.0,0.0,1.0,0.0
343598,1710.879896374,0.0,0.0,0.0,0.0,1.0,0.0
343618,1710.899901539,0.0,0.0,0.0,0.0,1.0,0.0
343638,1710.92063521,0.0,0.0,0.0,0.0,1.0,0.0
343658,1710.939876793,0.0,0.0,0.0,0.0,1.0,0.0
343678,1710.959927728,0.0,0.0,0.0,0.0,1.0,0.0
343698,1710.979359851,0.0,0.0,0.0,0.0,1.0,0.0
343718,1710.999695535,0.0,0.0,0.0,0.0,1.0,0.0
343738,1711.019826702,0.0,0.0,0.0,0.0,1.0,0.0
343758,1711.040228097,0.0,0.0,0.0,0.0,1.0,0.0
343778,1711.059380633,0.0,0.0,0.0,0.0,1.0,0.0
343798,1711.08020523,0.0,0.0,0.0,0.0,1.0,0.0
343818,1711.098751745,0.0,0.0,0.0,0.0,1.0,0.0
343838,1711.119057268,0.0,0.0,0.0,0.0,1.0,0.0
343858,1711.138920306,0.0,0.0,0.0,0.0,1.0,0.0
343878,1711.15926956,0.0,0.0,0.0,0.0,1.0,0.0
343898,1711.17931229,0.0,0.0,0.0,0.0,1.0,0.0
343918,1711.199313569,0.0,0.0,0.0,0.0,1.0,0.0
343938,1711.218334009,0.0,0.0,0.0,0.0,1.0,0.0
343958,1711.239508198,0.0,0.0,0.0,0.0,1.0,0.0
343978,1711.258856584,0.0,0.0,0.0,0.0,1.0,0.0
343998,1711.278925281,0.0,0.0,0.0,0.0,1.0,0.0
344018,1711.299164579,0.0,0.0,0.0,0.0,1.0,0.0
344038,1711.319749067,0.0,0.0,0.0,0.0,1.0,0.0
344058,1711.339909698,0.0,0.0,0.0,0.0,1.0,0.0
344078,1711.358552595,0.0,0.0,0.0,0.0,1.0,0.0
344098,1711.37931706,0.0,0.0,0.0,0.0,1.0,0.0
344118,1711.398469353,0.0,0.0,0.0,0.0,1.0,0.0
344138,1711.41953991,0.0,0.0,0.0,0.0,1.0,0.0
344158,1711.438731663,0.0,0.0,0.0,0.0,1.0,0.0
344178,1711.45778504,0.0,0.0,0.0,0.0,1.0,0.0
344198,1711.479450707,0.0,0.0,0.0,0.0,1.0,0.0
344218,1711.498019558,0.0,0.0,0.0,0.0,1.0,0.0
344238,1711.518324348,0.0,0.0,0.0,0.0,1.0,0.0
344258,1711.539403556,0.0,0.0,0.0,0.0,1.0,0.0
344278,1711.559824698,0.0,0.0,0.0,0.0,1.0,0.0
344298,1711.579141088,0.0,0.0,0.0,0.0,1.0,0.0
344318,1711.599360285,0.0,0.0,0.0,0.0,1.0,0.0
344338,1711.619462632,0.0,0.0,0.0,0.0,1.0,0.0
344358,1711.639602576,0.0,0.0,0.0,0.0,1.0,0.0
344378,1711.658725738,0.0,0.0,0.0,0.0,1.0,0.0
344398,1711.678071064,0.0,0.0,0.0,0.0,1.0,0.0
344418,1711.699559223,0.0,0.0,0.0,0.0,1.0,0.0
344438,1711.718480619,0.0,0.0,0.0,0.0,1.0,0.0
344458,1711.737963146,0.0,0.0,0.0,0.0,1.0,0.0
344478,1711.758817144,0.0,0.0,0.0,0.0,1.0,0.0
344498,1711.779705415,0.0,0.0,0.0,0.0,1.0,0.0
344518,1711.798818876,0.0,0.0,0.0,0.0,1.0,0.0
344538,1711.819276293,0.0,0.0,0.0,0.0,1.0,0.0
344558,1711.8384566,0.0,0.0,0.0,0.0,1.0,0.0
344578,1711.857729709,0.0,0.0,0.0,0.0,1.0,0.0
344598,1711.878708123,0.0,0.0,0.0,0.0,1.0,0.0
344618,1711.899132749,0.0,0.0,0.0,0.0,1.0,0.0
344638,1711.919306066,0.0,0.0,0.0,0.0,1.0,0.0
344658,1711.938289335,0.0,0.0,0.0,0.0,1.0,0.0
344678,1711.9586443,0.0,0.0,0.0,0.0,1.0,0.0
344698,1711.978391906,0.0,0.0,0.0,0.0,1.0,0.0
344718,1711.99931138,0.0,0.0,0.0,0.0,1.0,0.0
344738,1712.018948832,0.0,0.0,0.0,0.0,1.0,0.0
344758,1712.038815121,0.0,0.0,0.0,0.0,1.0,0.0
344778,1712.059132831,0.0,0.0,0.0,0.0,1.0,0.0
344798,1712.078544936,0.0,0.0,0.0,0.0,1.0,0.0
344818,1712.098300053,0.0,0.0,0.0,0.0,1.0,0.0
344838,1712.117918959,0.0,0.0,0.0,0.0,1.0,0.0
344858,1712.138213261,0.0,0.0,0.0,0.0,1.0,0.0
344878,1712.159036394,0.0,0.0,0.0,0.0,1.0,0.0
344898,1712.177836222,0.0,0.0,0.0,0.0,1.0,0.0
344918,1712.199296799,0.0,0.0,0.0,0.0,1.0,0.0
344938,1712.218142684,0.0,0.0,0.0,0.0,1.0,0.0
344958,1712.238311316,0.0,0.0,0.0,0.0,1.0,0.0
344978,1712.258305926,0.0,0.0,0.0,0.0,1.0,0.0
344998,1712.27771249,0.0,0.0,0.0,0.0,1.0,0.0
345018,1712.298792847,0.0,0.0,0.0,0.0,1.0,0.0
345038,1712.317988554,0.0,0.0,0.0,0.0,1.0,0.0
345058,1712.338058086,0.0,0.0,0.0,0.0,1.0,0.0
345078,1712.35847074,0.0,0.0,0.0,0.0,1.0,0.0
345098,1712.378458811,0.0,0.0,0.0,0.0,1.0,0.0
345118,1712.398100748,0.0,0.0,0.0,0.0,1.0,0.0
345138,1712.418285462,0.0,0.0,0.0,0.0,1.0,0.0
345158,1712.437896845,0.0,0.0,0.0,0.0,1.0,0.0
345178,1712.458453644,0.0,0.0,0.0,0.0,1.0,0.0
345198,1712.478834705,0.0,0.0,0.0,0.0,1.0,0.0
345218,1712.498028483,0.0,0.0,0.0,0.0,1.0,0.0
345238,1712.519138167,0.0,0.0,0.0,0.0,1.0,0.0
345258,1712.538232026,0.0,0.0,0.0,0.0,1.0,0.0
345278,1712.558077133,0.0,0.0,0.0,0.0,1.0,0.0
345298,1712.578989131,0.0,0.0,0.0,0.0,1.0,0.0
345318,1712.597772891,0.0,0.0,0.0,0.0,1.0,0.0
345338,1712.618657103,0.0,0.0,0.0,0.0,1.0,0.0
345358,1712.638908107,0.0,0.0,0.0,0.0,1.0,0.0
345378,1712.657808359,0.0,0.0,0.0,0.0,1.0,0.0
345398,1712.678025517,0.0,0.0,0.0,0.0,1.0,0.0
345418,1712.698066241,0.0,0.0,0.0,0.0,1.0,0.0
345438,1712.718663189,0.0,0.0,0.0,0.0,1.0,0.0
345458,1712.737789725,0.0,0.0,0.0,0.0,1.0,0.0
345478,1712.757961108,0.0,0.0,0.0,0.0,1.0,0.0
345498,1712.77697498,0.0,0.0,0.0,0.0,1.0,0.0
345518,1712.797704305,0.0,0.0,0.0,0.0,1.0,0.0
345538,1712.817807559,0.0,0.0,0.0,0.0,1.0,0.0
345558,1712.837914869,0.0,0.0,0.0,0.0,1.0,0.0
345578,1712.857404822,0.0,0.0,0.0,0.0,1.0,0.0
345598,1712.878450789,0.0,0.0,0.0,0.0,1.0,0.0
345618,1712.898484471,0.0,0.0,0.0,0.0,1.0,0.0
345638,1712.918784587,0.0,0.0,0.0,0.0,1.0,0.0
345658,1712.938707355,0.0,0.0,0.0,0.0,1.0,0.0
345678,1712.957800695,0.0,0.0,0.0,0.0,1.0,0.0
345698,1712.977271152,0.0,0.0,0.0,0.0,1.0,0.0
345718,1712.997780736,0.0,0.0,0.0,0.0,1.0,0.0
345738,1713.01754704,0.0,0.0,0.0,0.0,1.0,0.0
345758,1713.038445516,0.0,0.0,0.0,0.0,1.0,0.0
345778,1713.058458363,0.0,0.0,0.0,0.0,1.0,0.0
345798,1713.079499248,0.0,0.0,0.0,0.0,1.0,0.0
345818,1713.097385264,0.0,0.0,0.0,0.0,1.0,0.0
345838,1713.118256002,0.0,0.0,0.0,0.0,1.0,0.0
345858,1713.138803658,0.0,0.0,0.0,0.0,1.0,0.0
345878,1713.158086436,0.0,0.0,0.0,0.0,1.0,0.0
345898,1713.17875086,0.0,0.0,0.0,0.0,1.0,0.0
345918,1713.198924749,0.0,0.0,0.0,0.0,1.0,0.0
345938,1713.217948695,0.0,0.0,0.0,0.0,1.0,0.0
345958,1713.238132307,0.0,0.0,0.0,0.0,1.0,0.0
345978,1713.258351876,0.0,0.0,0.0,0.0,1.0,0.0
345998,1713.277824216,0.0,0.0,0.0,0.0,1.0,0.0
346018,1713.298583072,0.0,0.0,0.0,0.0,1.0,0.0
346038,1713.317869207,0.0,0.0,0.0,0.0,1.0,0.0
346058,1713.338739189,0.0,0.0,0.0,0.0,1.0,0.0
346078,1713.357384242,0.0,0.0,0.0,0.0,1.0,0.0
346098,1713.377673415,0.0,0.0,0.0,0.0,1.0,0.0
346118,1713.39705261,0.0,0.0,0.0,0.0,1.0,0.0
346138,1713.417375074,0.0,0.0,0.0,0.0,1.0,0.0
346158,1713.437737245,0.0,0.0,0.0,0.0,1.0,0.0
346178,1713.457484809,0.0,0.0,0.0,0.0,1.0,0.0
346198,1713.47760063,0.0,0.0,0.0,0.0,1.0,0.0
346218,1713.497509656,0.0,0.0,0.0,0.0,1.0,0.0
346238,1713.518344596,0.0,0.0,0.0,0.0,1.0,0.0
346258,1713.536734312,0.0,0.0,0.0,0.0,1.0,0.0
346278,1713.557455622,0.0,0.0,0.0,0.0,1.0,0.0
346298,1713.57856173,0.0,0.0,0.0,0.0,1.0,0.0
346318,1713.596662481,0.0,0.0,0.0,0.0,1.0,0.0
346338,1713.618047135,0.0,0.0,0.0,0.0,1.0,0.0
346358,1713.637791341,0.0,0.0,0.0,0.0,1.0,0.0
346378,1713.65859232,0.0,0.0,0.0,0.0,1.0,0.0
346398,1713.679484288,0.0,0.0,0.0,0.0,1.0,0.0
346418,1713.698373584,0.0,0.0,0.0,0.0,1.0,0.0
346438,1713.718615557,0.0,0.0,0.0,0.0,1.0,0.0
346458,1713.738565101,0.0,0.0,0.0,0.0,1.0,0.0
346478,1713.757315963,0.0,0.0,0.0,0.0,1.0,0.0
346498,1713.779311305,0.0,0.0,0.0,0.0,1.0,0.0
346518,1713.798132806,0.0,0.0,0.0,0.0,1.0,0.0
346538,1713.818313596,0.0,0.0,0.0,0.0,1.0,0.0
346558,1713.837578696,0.0,0.0,0.0,0.0,1.0,0.0
346578,1713.857687807,0.0,0.0,0.0,0.0,1.0,0.0
346598,1713.879875132,0.0,0.0,0.0,0.0,1.0,0.0
346618,1713.897869342,0.0,0.0,0.0,0.0,1.0,0.0
346638,1713.917436364,0.0,0.0,0.0,0.0,1.0,0.0
346658,1713.936692094,0.0,0.0,0.0,0.0,1.0,0.0
346678,1713.957991806,0.0,0.0,0.0,0.0,1.0,0.0
346698,1713.979894103,0.0,0.0,0.0,0.0,1.0,0.0
346718,1713.997531726,0.0,0.0,0.0,0.0,1.0,0.0
346738,1714.018429435,0.0,0.0,0.0,0.0,1.0,0.0
346758,1714.038765409,0.0,0.0,0.0,0.0,1.0,0.0
346778,1714.057595389,0.0,0.0,0.0,0.0,1.0,0.0
346798,1714.078336374,0.0,0.0,0.0,0.0,1.0,0.0
346818,1714.09646153,0.0,0.0,0.0,0.0,1.0,0.0
346838,1714.116505099,0.0,0.0,0.0,0.0,1.0,0.0
346858,1714.136312732,0.0,0.0,0.0,0.0,1.0,0.0
346878,1714.157052858,0.0,0.0,0.0,0.0,1.0,0.0
346898,1714.1784996,0.0,0.0,0.0,0.0,1.0,0.0
346918,1714.196848657,0.0,0.0,0.0,0.0,1.0,0.0
346938,1714.216707575,0.0,0.0,0.0,0.0,1.0,0.0
346958,1714.237095975,0.0,0.0,0.0,0.0,1.0,0.0
346978,1714.257301089,0.0,0.0,0.0,0.0,1.0,0.0
346998,1714.278901995,0.0,0.0,0.0,0.0,1.0,0.0
347018,1714.29669341,0.0,0.0,0.0,0.0,1.0,0.0
347038,1714.316733252,0.0,0.0,0.0,0.0,1.0,0.0
347058,1714.337542488,0.0,0.0,0.0,0.0,1.0,0.0
347078,1714.357530006,0.0,0.0,0.0,0.0,1.0,0.0
347098,1714.37952865,0.0,0.0,0.0,0.0,1.0,0.0
347118,1714.398030673,0.0,0.0,0.0,0.0,1.0,0.0
347138,1714.417956395,0.0,0.0,0.0,0.0,1.0,0.0
347158,1714.437459052,0.0,0.0,0.0,0.0,1.0,0.0
347178,1714.457450572,0.0,0.0,0.0,0.0,1.0,0.0
347198,1714.477660953,0.0,0.0,0.0,0.0,1.0,0.0
347218,1714.497118996,0.0,0.0,0.0,0.0,1.0,0.0
347238,1714.517462442,0.0,0.0,0.0,0.0,1.0,0.0
347258,1714.536781448,0.0,0.0,0.0,0.0,1.0,0.0
347278,1714.556962042,0.0,0.0,0.0,0.0,1.0,0.0
347298,1714.578254697,0.0,0.0,0.0,0.0,1.0,0.0
347318,1714.597623876,0.0,0.0,0.0,0.0,1.0,0.0
347338,1714.616984413,0.0,0.0,0.0,0.0,1.0,0.0
347358,1714.637879593,0.0,0.0,0.0,0.0,1.0,0.0
347378,1714.657527749,0.0,0.0,0.0,0.0,1.0,0.0
347398,1714.6764169,0.0,0.0,0.0,0.0,1.0,0.0
347418,1714.697360303,0.0,0.0,0.0,0.0,1.0,0.0
347438,1714.716752645,0.0,0.0,0.0,0.0,1.0,0.0
347458,1714.737171985,0.0,0.0,0.0,0.0,1.0,0.0
347478,1714.756325608,0.0,0.0,0.0,0.0,1.0,0.0
347498,1714.777124034,0.0,0.0,0.0,0.0,1.0,0.0
347518,1714.796379561,0.0,0.0,0.0,0.0,1.0,0.0
347538,1714.816809189,0.0,0.0,0.0,0.0,1.0,0.0
347558,1714.836639078,0.0,0.0,0.0,0.0,1.0,0.0
347578,1714.856379743,0.0,0.0,0.0,0.0,1.0,0.0
347598,1714.876614537,0.0,0.0,0.0,0.0,1.0,0.0
347618,1714.897693048,0.0,0.0,0.0,0.0,1.0,0.0
347638,1714.916739016,0.0,0.0,0.0,0.0,1.0,0.0
347658,1714.936523287,0.0,0.0,0.0,0.0,1.0,0.0
347678,1714.957943691,0.0,0.0,0.0,0.0,1.0,0.0
347698,1714.97687692,0.0,0.0,0.0,0.0,1.0,0.0
347718,1714.996530338,0.0,0.0,0.0,0.0,1.0,0.0
347738,1715.016597861,0.0,0.0,0.0,0.0,1.0,0.0
347758,1715.036568805,0.0,0.0,0.0,0.0,1.0,0.0
347778,1715.056417215,0.0,0.0,0.0,0.0,1.0,0.0
347798,1715.077813556,0.0,0.0,0.0,0.0,1.0,0.0
347818,1715.096382919,0.0,0.0,0.0,0.0,1.0,0.0
347838,1715.117564774,0.0,0.0,0.0,0.0,1.0,0.0
347858,1715.137558057,0.0,0.0,0.0,0.0,1.0,0.0
347878,1715.157378869,0.0,0.0,0.0,0.0,1.0,0.0
347898,1715.176803555,0.0,0.0,0.0,0.0,1.0,0.0
347918,1715.196669384,0.0,0.0,0.0,0.0,1.0,0.0
347938,1715.217588267,0.0,0.0,0.0,0.0,1.0,0.0
347958,1715.237023688,0.0,0.0,0.0,0.0,1.0,0.0
347978,1715.257175519,0.0,0.0,0.0,0.0,1.0,0.0
347998,1715.276367654,0.0,0.0,0.0,0.0,1.0,0.0
348018,1715.296984821,0.0,0.0,0.0,0.0,1.0,0.0
348038,1715.317705568,0.0,0.0,0.0,0.0,1.0,0.0
348058,1715.336627542,0.0,0.0,0.0,0.0,1.0,0.0
348078,1715.357369852,0.0,0.0,0.0,0.0,1.0,0.0
348098,1715.376124753,0.0,0.0,0.0,0.0,1.0,0.0
348118,1715.396784434,0.0,0.0,0.0,0.0,1.0,0.0
348138,1715.415899151,0.0,0.0,0.0,0.0,1.0,0.0
348158,1715.436429633,0.0,0.0,0.0,0.0,1.0,0.0
348178,1715.456444816,0.0,0.0,0.0,0.0,1.0,0.0
348198,1715.477209403,0.0,0.0,0.0,0.0,1.0,0.0
348218,1715.496822215,0.0,0.0,0.0,0.0,1.0,0.0
348238,1715.515922162,0.0,0.0,0.0,0.0,1.0,0.0
348258,1715.536034195,0.0,0.0,0.0,0.0,1.0,0.0
348278,1715.556926355,0.0,0.0,0.0,0.0,1.0,0.0
348298,1715.576144992,0.0,0.0,0.0,0.0,1.0,0.0
348318,1715.596311065,0.0,0.0,0.0,0.0,1.0,0.0
348338,1715.616340613,0.0,0.0,0.0,0.0,1.0,0.0
348358,1715.636396525,0.0,0.0,0.0,0.0,1.0,0.0
348378,1715.656664054,0.0,0.0,0.0,0.0,1.0,0.0
348398,1715.677401853,0.0,0.0,0.0,0.0,1.0,0.0
348418,1715.696901305,0.0,0.0,0.0,0.0,1.0,0.0
348438,1715.717365413,0.0,0.0,0.0,0.0,1.0,0.0
348458,1715.736240524,0.0,0.0,0.0,0.0,1.0,0.0
348478,1715.756533469,0.0,0.0,0.0,0.0,1.0,0.0
348498,1715.775770323,0.0,0.0,0.0,0.0,1.0,0.0
348518,1715.79636208,0.0,0.0,0.0,0.0,1.0,0.0
348538,1715.816594388,0.0,0.0,0.0,0.0,1.0,0.0
348558,1715.837314752,0.0,0.0,0.0,0.0,1.0,0.0
348578,1715.856030292,0.0,0.0,0.0,0.0,1.0,0.0
348598,1715.876958616,0.0,0.0,0.0,0.0,1.0,0.0
348618,1715.896831653,0.0,0.0,0.0,0.0,1.0,0.0
348638,1715.917493855,0.0,0.0,0.0,0.0,1.0,0.0
348658,1715.937198466,0.0,0.0,0.0,0.0,1.0,0.0
348678,1715.956239407,0.0,0.0,0.0,0.0,1.0,0.0
348698,1715.976948771,0.0,0.0,0.0,0.0,1.0,0.0
348718,1715.996444769,0.0,0.0,0.0,0.0,1.0,0.0
348738,1716.017186719,0.0,0.0,0.0,0.0,1.0,0.0
348758,1716.036193147,0.0,0.0,0.0,0.0,1.0,0.0
348778,1716.056847075,0.0,0.0,0.0,0.0,1.0,0.0
348798,1716.076530276,0.0,0.0,0.0,0.0,1.0,0.0
348818,1716.096636869,0.0,0.0,0.0,0.0,1.0,0.0
348838,1716.115954107,0.0,0.0,0.0,0.0,1.0,0.0
348858,1716.13674578,0.0,0.0,0.0,0.0,1.0,0.0
348878,1716.155893919,0.0,0.0,0.0,0.0,1.0,0.0
348898,1716.176881118,0.0,0.0,0.0,0.0,1.0,0.0
348918,1716.1967264,0.0,0.0,0.0,0.0,1.0,0.0
348938,1716.21613674,0.0,0.0,0.0,0.0,1.0,0.0
348958,1716.236471358,0.0,0.0,0.0,0.0,1.0,0.0
348978,1716.256261753,0.0,0.0,0.0,0.0,1.0,0.0
348998,1716.275484124,0.0,0.0,0.0,0.0,1.0,0.0
349018,1716.297105622,0.0,0.0,0.0,0.0,1.0,0.0
349038,1716.316440771,0.0,0.0,0.0,0.0,1.0,0.0
349058,1716.336672261,0.0,0.0,0.0,0.0,1.0,0.0
349078,1716.356410475,0.0,0.0,0.0,0.0,1.0,0.0
349098,1716.375835862,0.0,0.0,0.0,0.0,1.0,0.0
349118,1716.396845043,0.0,0.0,0.0,0.0,1.0,0.0
349138,1716.416146435,0.0,0.0,0.0,0.0,1.0,0.0
349158,1716.436603275,0.0,0.0,0.0,0.0,1.0,0.0
349178,1716.456674145,0.0,0.0,0.0,0.0,1.0,0.0
349198,1716.475694655,0.0,0.0,0.0,0.0,1.0,0.0
349218,1716.4958432,0.0,0.0,0.0,0.0,1.0,0.0
349238,1716.51661747,0.0,0.0,0.0,0.0,1.0,0.0
349258,1716.535880002,0.0,0.0,0.0,0.0,1.0,0.0
349278,1716.556724126,0.0,0.0,0.0,0.0,1.0,0.0
349298,1716.57561273,0.0,0.0,0.0,0.0,1.0,0.0
349318,1716.595838423,0.0,0.0,0.0,0.0,1.0,0.0
349338,1716.616476489,0.0,0.0,0.0,0.0,1.0,0.0
349358,1716.636364146,0.0,0.0,0.0,0.0,1.0,0.0
349378,1716.655480096,0.0,0.0,0.0,0.0,1.0,0.0
349398,1716.675803239,0.0,0.0,0.0,0.0,1.0,0.0
349418,1716.695243379,0.0,0.0,0.0,0.0,1.0,0.0
349438,1716.716235561,0.0,0.0,0.0,0.0,1.0,0.0
349458,1716.735804736,0.0,0.0,0.0,0.0,1.0,0.0
349478,1716.756259847,0.0,0.0,0.0,0.0,1.0,0.0
349498,1716.775511535,0.0,0.0,0.0,0.0,1.0,0.0
349518,1716.795658953,0.0,0.0,0.0,0.0,1.0,0.0
349538,1716.816398648,0.0,0.0,0.0,0.0,1.0,0.0
349558,1716.836877587,0.0,0.0,0.0,0.0,1.0,0.0
349578,1716.856124189,0.0,0.0,0.0,0.0,1.0,0.0
349598,1716.875593043,0.0,0.0,0.0,0.0,1.0,0.0
349618,1716.896738984,0.0,0.0,0.0,0.0,1.0,0.0
349638,1716.915408037,0.0,0.0,0.0,0.0,1.0,0.0
349658,1716.935534704,0.0,0.0,0.0,0.0,1.0,0.0
349678,1716.954635802,0.0,0.0,0.0,0.0,1.0,0.0
349698,1716.975575995,0.0,0.0,0.0,0.0,1.0,0.0
349718,1716.994903818,0.0,0.0,0.0,0.0,1.0,0.0
349738,1717.015397415,0.0,0.0,0.0,0.0,1.0,0.0
349758,1717.034729732,0.0,0.0,0.0,0.0,1.0,0.0
349778,1717.055280275,0.0,0.0,0.0,0.0,1.0,0.0
349798,1717.075770599,0.0,0.0,0.0,0.0,1.0,0.0
349818,1717.09454342,0.0,0.0,0.0,0.0,1.0,0.0
349838,1717.115319853,0.0,0.0,0.0,0.0,1.0,0.0
349858,1717.135114346,0.0,0.0,0.0,0.0,1.0,0.0
349878,1717.155141559,0.0,0.0,0.0,0.0,1.0,0.0
349898,1717.17524653,0.0,0.0,0.0,0.0,1.0,0.0
349918,1717.194803694,0.0,0.0,0.0,0.0,1.0,0.0
349938,1717.215533517,0.0,0.0,0.0,0.0,1.0,0.0
349958,1717.235131604,0.0,0.0,0.0,0.0,1.0,0.0
349978,1717.255132424,0.0,0.0,0.0,0.0,1.0,0.0
349998,1717.275213118,0.0,0.0,0.0,0.0,1.0,0.0
350018,1717.294988499,0.0,0.0,0.0,0.0,1.0,0.0
350038,1717.315339192,0.0,0.0,0.0,0.0,1.0,0.0
350058,1717.335488863,0.0,0.0,0.0,0.0,1.0,0.0
350078,1717.354442013,0.0,0.0,0.0,0.0,1.0,0.0
350098,1717.37550691,0.0,0.0,0.0,0.0,1.0,0.0
350118,1717.394270847,0.0,0.0,0.0,0.0,1.0,0.0
350138,1717.414900725,0.0,0.0,0.0,0.0,1.0,0.0
350158,1717.435191432,0.0,0.0,0.0,0.0,1.0,0.0
350178,1717.455267424,0.0,0.0,0.0,0.0,1.0,0.0
350198,1717.474543039,0.0,0.0,0.0,0.0,1.0,0.0
350218,1717.496044039,0.0,0.0,0.0,0.0,1.0,0.0
350238,1717.514994672,0.0,0.0,0.0,0.0,1.0,0.0
350258,1717.535303951,0.0,0.0,0.0,0.0,1.0,0.0
350278,1717.554421579,0.0,0.0,0.0,0.0,1.0,0.0
350298,1717.574590751,0.0,0.0,0.0,0.0,1.0,0.0
350318,1717.594346453,0.0,0.0,0.0,0.0,1.0,0.0
350338,1717.613436753,0.0,0.0,0.0,0.0,1.0,0.0
350358,1717.634586306,0.0,0.0,0.0,0.0,1.0,0.0
350378,1717.654991979,0.0,0.0,0.0,0.0,1.0,0.0
350398,1717.675250468,0.0,0.0,0.0,0.0,1.0,0.0
350418,1717.694864891,0.0,0.0,0.0,0.0,1.0,0.0
350438,1717.714776996,0.0,0.0,0.0,0.0,1.0,0.0
350458,1717.733818961,0.0,0.0,0.0,0.0,1.0,0.0
350478,1717.75414889,0.0,0.0,0.0,0.0,1.0,0.0
350498,1717.774893893,0.0,0.0,0.0,0.0,1.0,0.0
350518,1717.79573741,0.0,0.0,0.0,0.0,1.0,0.0
350538,1717.814772209,0.0,0.0,0.0,0.0,1.0,0.0
350558,1717.835236514,0.0,0.0,0.0,0.0,1.0,0.0
350578,1717.854422598,0.0,0.0,0.0,0.0,1.0,0.0
350598,1717.874742622,0.0,0.0,0.0,0.0,1.0,0.0
350618,1717.894739294,0.0,0.0,0.0,0.0,1.0,0.0
350638,1717.913941618,0.0,0.0,0.0,0.0,1.0,0.0
350658,1717.935413475,0.0,0.0,0.0,0.0,1.0,0.0
350678,1717.954469587,0.0,0.0,0.0,0.0,1.0,0.0
350698,1717.974086533,0.0,0.0,0.0,0.0,1.0,0.0
350718,1717.996917548,0.0,0.0,0.0,0.0,1.0,0.0
350738,1718.014896514,0.0,0.0,0.0,0.0,1.0,0.0
350758,1718.034057446,0.0,0.0,0.0,0.0,1.0,0.0
350778,1718.054729333,0.0,0.0,0.0,0.0,1.0,0.0
350798,1718.075879861,0.0,0.0,0.0,0.0,1.0,0.0
350818,1718.095778459,0.0,0.0,0.0,0.0,1.0,0.0
350838,1718.114492294,0.0,0.0,0.0,0.0,1.0,0.0
350858,1718.134942468,0.0,0.0,0.0,0.0,1.0,0.0
350878,1718.155222342,0.0,0.0,0.0,0.0,1.0,0.0
350898,1718.174438136,0.0,0.0,0.0,0.0,1.0,0.0
350918,1718.195106803,0.0,0.0,0.0,0.0,1.0,0.0
350938,1718.213597345,0.0,0.0,0.0,0.0,1.0,0.0
350958,1718.234935138,0.0,0.0,0.0,0.0,1.0,0.0
350978,1718.255276524,0.0,0.0,0.0,0.0,1.0,0.0
350998,1718.27393526,0.0,0.0,0.0,0.0,1.0,0.0
351018,1718.295808817,0.0,0.0,0.0,0.0,1.0,0.0
351038,1718.313584864,0.0,0.0,0.0,0.0,1.0,0.0
351058,1718.333608608,0.0,0.0,0.0,0.0,1.0,0.0
351078,1718.353610215,0.0,0.0,0.0,0.0,1.0,0.0
351098,1718.373527717,0.0,0.0,0.0,0.0,1.0,0.0
351118,1718.397106393,0.0,0.0,0.0,0.0,1.0,0.0
351138,1718.414807804,0.0,0.0,0.0,0.0,1.0,0.0
351158,1718.435034534,0.0,0.0,0.0,0.0,1.0,0.0
351178,1718.454304217,0.0,0.0,0.0,0.0,1.0,0.0
351198,1718.473952097,0.0,0.0,0.0,0.0,1.0,0.0
351218,1718.496296985,0.0,0.0,0.0,0.0,1.0,0.0
351238,1718.515359195,0.0,0.0,0.0,0.0,1.0,0.0
351258,1718.53390267,0.0,0.0,0.0,0.0,1.0,0.0
351278,1718.554365948,0.0,0.0,0.0,0.0,1.0,0.0
351298,1718.57474659,0.0,0.0,0.0,0.0,1.0,0.0
351318,1718.593772631,0.0,0.0,0.0,0.0,1.0,0.0
351338,1718.61265684,0.0,0.0,0.0,0.0,1.0,0.0
351358,1718.632088782,0.0,0.0,0.0,0.0,1.0,0.0
351378,1718.65261171,0.0,0.0,0.0,0.0,1.0,0.0
351398,1718.672661835,0.0,0.0,0.0,0.0,1.0,0.0
351418,1718.693684057,0.0,0.0,0.0,0.0,1.0,0.0
351438,1718.711984755,0.0,0.0,0.0,0.0,1.0,0.0
351458,1718.734498726,0.0,0.0,0.0,0.0,1.0,0.0
351478,1718.753863913,0.0,0.0,0.0,0.0,1.0,0.0
351498,1718.774172566,0.0,0.0,0.0,0.0,1.0,0.0
351518,1718.794028145,0.0,0.0,0.0,0.0,1.0,0.0
351538,1718.814736409,0.0,0.0,0.0,0.0,1.0,0.0
351558,1718.834937281,0.0,0.0,0.0,0.0,1.0,0.0
351578,1718.854054286,0.0,0.0,0.0,0.0,1.0,0.0
351598,1718.873883526,0.0,0.0,0.0,0.0,1.0,0.0
351618,1718.894565379,0.0,0.0,0.0,0.0,1.0,0.0
351638,1718.915604512,0.0,0.0,0.0,0.0,1.0,0.0
351658,1718.934128574,0.0,0.0,0.0,0.0,1.0,0.0
351678,1718.954789574,0.0,0.0,0.0,0.0,1.0,0.0
351698,1718.974757052,0.0,0.0,0.0,0.0,1.0,0.0
351718,1718.995197144,0.0,0.0,0.0,0.0,1.0,0.0
351738,1719.014784346,0.0,0.0,0.0,0.0,1.0,0.0
351758,1719.035484394,0.0,0.0,0.0,0.0,1.0,0.0
351778,1719.054411268,0.0,0.0,0.0,0.0,1.0,0.0
351798,1719.074976009,0.0,0.0,0.0,0.0,1.0,0.0
351818,1719.094997632,0.0,0.0,0.0,0.0,1.0,0.0
351838,1719.114406128,0.0,0.0,0.0,0.0,1.0,0.0
351858,1719.133628256,0.0,0.0,0.0,0.0,1.0,0.0
351878,1719.154146774,0.0,0.0,0.0,0.0,1.0,0.0
351898,1719.174691396,0.0,0.0,0.0,0.0,1.0,0.0
351918,1719.19431629,0.0,0.0,0.0,0.0,1.0,0.0
351938,1719.212884741,0.0,0.0,0.0,0.0,1.0,0.0
351958,1719.233857638,0.0,0.0,0.0,0.0,1.0,0.0
351978,1719.253393012,0.0,0.0,0.0,0.0,1.0,0.0
351998,1719.273745089,0.0,0.0,0.0,0.0,1.0,0.0
352018,1719.293908161,0.0,0.0,0.0,0.0,1.0,0.0
352038,1719.313309516,0.0,0.0,0.0,0.0,1.0,0.0
352058,1719.333276622,0.0,0.0,0.0,0.0,1.0,0.0
352078,1719.353460842,0.0,0.0,0.0,0.0,1.0,0.0
352098,1719.372967723,0.0,0.0,0.0,0.0,1.0,0.0
352118,1719.393698177,0.0,0.0,0.0,0.0,1.0,0.0
352138,1719.413420102,0.0,0.0,0.0,0.0,1.0,0.0
352158,1719.433742844,0.0,0.0,0.0,0.0,1.0,0.0
352178,1719.454066509,0.0,0.0,0.0,0.0,1.0,0.0
352198,1719.473811789,0.0,0.0,0.0,0.0,1.0,0.0
352218,1719.493701557,0.0,0.0,0.0,0.0,1.0,0.0
352238,1719.513127049,0.0,0.0,0.0,0.0,1.0,0.0
352258,1719.533546422,0.0,0.0,0.0,0.0,1.0,0.0
352278,1719.553988695,0.0,0.0,0.0,0.0,1.0,0.0
352298,1719.574059629,0.0,0.0,0.0,0.0,1.0,0.0
352318,1719.594278572,0.0,0.0,0.0,0.0,1.0,0.0
352338,1719.61312024,0.0,0.0,0.0,0.0,1.0,0.0
352358,1719.633424687,0.0,0.0,0.0,0.0,1.0,0.0
352378,1719.654058517,0.0,0.0,0.0,0.0,1.0,0.0
352398,1719.673087022,0.0,0.0,0.0,0.0,1.0,0.0
352418,1719.693282706,0.0,0.0,0.0,0.0,1.0,0.0
352438,1719.714128761,0.0,0.0,0.0,0.0,1.0,0.0
352458,1719.73326365,0.0,0.0,0.0,0.0,1.0,0.0
352478,1719.754059428,0.0,0.0,0.0,0.0,1.0,0.0
352498,1719.773079682,0.0,0.0,0.0,0.0,1.0,0.0
352518,1719.793136722,0.0,0.0,0.0,0.0,1.0,0.0
352538,1719.812916858,0.0,0.0,0.0,0.0,1.0,0.0
352558,1719.832325261,0.0,0.0,0.0,0.0,1.0,0.0
352578,1719.852545651,0.0,0.0,0.0,0.0,1.0,0.0
352598,1719.871060129,0.0,0.0,0.0,0.0,1.0,0.0
352618,1719.891818788,0.0,0.0,0.0,0.0,1.0,0.0
352638,1719.912162289,0.0,0.0,0.0,0.0,1.0,0.0
352658,1719.931091998,0.0,0.0,0.0,0.0,1.0,0.0
352678,1719.953579023,0.0,0.0,0.0,0.0,1.0,0.0
352698,1719.973574796,0.0,0.0,0.0,0.0,1.0,0.0
352718,1719.99364494,0.0,0.0,0.0,0.0,1.0,0.0
352738,1720.014709916,0.0,0.0,0.0,0.0,1.0,0.0
352758,1720.033877253,0.0,0.0,0.0,0.0,1.0,0.0
352778,1720.053129083,0.0,0.0,0.0,0.0,1.0,0.0
352798,1720.073801543,0.0,0.0,0.0,0.0,1.0,0.0
352818,1720.094116546,0.0,0.0,0.0,0.0,1.0,0.0
352838,1720.113412929,0.0,0.0,0.0,0.0,1.0,0.0
352858,1720.133791691,0.0,0.0,0.0,0.0,1.0,0.0
352878,1720.15344318,0.0,0.0,0.0,0.0,1.0,0.0
352898,1720.174404778,0.0,0.0,0.0,0.0,1.0,0.0
352918,1720.19330757,0.0,0.0,0.0,0.0,1.0,0.0
352938,1720.213834841,0.0,0.0,0.0,0.0,1.0,0.0
352958,1720.233358859,0.0,0.0,0.0,0.0,1.0,0.0
352978,1720.253555992,0.0,0.0,0.0,0.0,1.0,0.0
352998,1720.274385124,0.0,0.0,0.0,0.0,1.0,0.0
353018,1720.292633802,0.0,0.0,0.0,0.0,1.0,0.0
353038,1720.313129788,0.0,0.0,0.0,0.0,1.0,0.0
353058,1720.33406685,0.0,0.0,0.0,0.0,1.0,0.0
353078,1720.35355278,0.0,0.0,0.0,0.0,1.0,0.0
353098,1720.372687244,0.0,0.0,0.0,0.0,1.0,0.0
353118,1720.392776404,0.0,0.0,0.0,0.0,1.0,0.0
353138,1720.41379881,0.0,0.0,0.0,0.0,1.0,0.0
353158,1720.432749015,0.0,0.0,0.0,0.0,1.0,0.0
353178,1720.453221372,0.0,0.0,0.0,0.0,1.0,0.0
353198,1720.472530454,0.0,0.0,0.0,0.0,1.0,0.0
353218,1720.494778154,0.0,0.0,0.0,0.0,1.0,0.0
353238,1720.513211119,0.0,0.0,0.0,0.0,1.0,0.0
353258,1720.533338536,0.0,0.0,0.0,0.0,1.0,0.0
353278,1720.554095657,0.0,0.0,0.0,0.0,1.0,0.0
353298,1720.573192328,0.0,0.0,0.0,0.0,1.0,0.0
353318,1720.593505718,0.0,0.0,0.0,0.0,1.0,0.0
353338,1720.613147676,0.0,0.0,0.0,0.0,1.0,0.0
353358,1720.633561786,0.0,0.0,0.0,0.0,1.0,0.0
353378,1720.653618493,0.0,0.0,0.0,0.0,1.0,0.0
353398,1720.672543498,0.0,0.0,0.0,0.0,1.0,0.0
353418,1720.693135639,0.0,0.0,0.0,0.0,1.0,0.0
353438,1720.712781027,0.0,0.0,0.0,0.0,1.0,0.0
353458,1720.733847811,0.0,0.0,0.0,0.0,1.0,0.0
353478,1720.752805947,0.0,0.0,0.0,0.0,1.0,0.0
353498,1720.773577083,0.0,0.0,0.0,0.0,1.0,0.0
353518,1720.79351216,0.0,0.0,0.0,0.0,1.0,0.0
353538,1720.811832707,0.0,0.0,0.0,0.0,1.0,0.0
353558,1720.833627776,0.0,0.0,0.0,0.0,1.0,0.0
353578,1720.852779269,0.0,0.0,0.0,0.0,1.0,0.0
353598,1720.872601487,0.0,0.0,0.0,0.0,1.0,0.0
353618,1720.893554864,0.0,0.0,0.0,0.0,1.0,0.0
353638,1720.913976697,0.0,0.0,0.0,0.0,1.0,0.0
353658,1720.932788114,0.0,0.0,0.0,0.0,1.0,0.0
353678,1720.953579604,0.0,0.0,0.0,0.0,1.0,0.0
353698,1720.973480801,0.0,0.0,0.0,0.0,1.0,0.0
353718,1720.992034592,0.0,0.0,0.0,0.0,1.0,0.0
353738,1721.012585159,0.0,0.0,0.0,0.0,1.0,0.0
353758,1721.032734815,0.0,0.0,0.0,0.0,1.0,0.0
353778,1721.052752594,0.0,0.0,0.0,0.0,1.0,0.0
353798,1721.072582692,0.0,0.0,0.0,0.0,1.0,0.0
353818,1721.092284117,0.0,0.0,0.0,0.0,1.0,0.0
353838,1721.112754175,0.0,0.0,0.0,0.0,1.0,0.0
353858,1721.133133031,0.0,0.0,0.0,0.0,1.0,0.0
353878,1721.152061241,0.0,0.0,0.0,0.0,1.0,0.0
353898,1721.172449853,0.0,0.0,0.0,0.0,1.0,0.0
353918,1721.193040368,0.0,0.0,0.0,0.0,1.0,0.0
353938,1721.212766681,0.0,0.0,0.0,0.0,1.0,0.0
353958,1721.233054037,0.0,0.0,0.0,0.0,1.0,0.0
353978,1721.252088927,0.0,0.0,0.0,0.0,1.0,0.0
353998,1721.272128593,0.0,0.0,0.0,0.0,1.0,0.0
354018,1721.292107874,0.0,0.0,0.0,0.0,1.0,0.0
354038,1721.311628497,0.0,0.0,0.0,0.0,1.0,0.0
354058,1721.332349472,0.0,0.0,0.0,0.0,1.0,0.0
354078,1721.352358854,0.0,0.0,0.0,0.0,1.0,0.0
354098,1721.372500341,0.0,0.0,0.0,0.0,1.0,0.0
354118,1721.39238541,0.0,0.0,0.0,0.0,1.0,0.0
354138,1721.412093785,0.0,0.0,0.0,0.0,1.0,0.0
354158,1721.432563,0.0,0.0,0.0,0.0,1.0,0.0
354178,1721.452517685,0.0,0.0,0.0,0.0,1.0,0.0
354198,1721.472906242,0.0,0.0,0.0,0.0,1.0,0.0
354218,1721.49298711,0.0,0.0,0.0,0.0,1.0,0.0
354238,1721.512808931,0.0,0.0,0.0,0.0,1.0,0.0
354258,1721.532172838,0.0,0.0,0.0,0.0,1.0,0.0
354278,1721.552957721,0.0,0.0,0.0,0.0,1.0,0.0
354298,1721.572324693,0.0,0.0,0.0,0.0,1.0,0.0
354318,1721.592367234,0.0,0.0,0.0,0.0,1.0,0.0
354338,1721.612614744,0.0,0.0,0.0,0.0,1.0,0.0
354358,1721.633342967,0.0,0.0,0.0,0.0,1.0,0.0
354378,1721.651882327,0.0,0.0,0.0,0.0,1.0,0.0
354398,1721.671671099,0.0,0.0,0.0,0.0,1.0,0.0
354418,1721.691992412,0.0,0.0,0.0,0.0,1.0,0.0
354438,1721.713357993,0.0,0.0,0.0,0.0,1.0,0.0
354458,1721.731796683,0.0,0.0,0.0,0.0,1.0,0.0
354478,1721.752141514,0.0,0.0,0.0,0.0,1.0,0.0
354498,1721.772779008,0.0,0.0,0.0,0.0,1.0,0.0
354518,1721.791513983,0.0,0.0,0.0,0.0,1.0,0.0
354538,1721.812604993,0.0,0.0,0.0,0.0,1.0,0.0
354558,1721.832462387,0.0,0.0,0.0,0.0,1.0,0.0
354578,1721.852072321,0.0,0.0,0.0,0.0,1.0,0.0
354598,1721.871458404,0.0,0.0,0.0,0.0,1.0,0.0
354618,1721.891323476,0.0,0.0,0.0,0.0,1.0,0.0
354638,1721.910718323,0.0,0.0,0.0,0.0,1.0,0.0
354658,1721.931497123,0.0,0.0,0.0,0.0,1.0,0.0
354678,1721.951966075,0.0,0.0,0.0,0.0,1.0,0.0
354698,1721.971459333,0.0,0.0,0.0,0.0,1.0,0.0
354718,1721.991304664,0.0,0.0,0.0,0.0,1.0,0.0
354738,1722.011992685,0.0,0.0,0.0,0.0,1.0,0.0
354758,1722.0310491,0.0,0.0,0.0,0.0,1.0,0.0
354778,1722.051567192,0.0,0.0,0.0,0.0,1.0,0.0
354798,1722.071032844,0.0,0.0,0.0,0.0,1.0,0.0
354818,1722.091900596,0.0,0.0,0.0,0.0,1.0,0.0
354838,1722.112751403,0.0,0.0,0.0,0.0,1.0,0.0
354858,1722.132314014,0.0,0.0,0.0,0.0,1.0,0.0
354878,1722.15277229,0.0,0.0,0.0,0.0,1.0,0.0
354898,1722.17214239,0.0,0.0,0.0,0.0,1.0,0.0
354918,1722.192904235,0.0,0.0,0.0,0.0,1.0,0.0
354938,1722.214414278,0.0,0.0,0.0,0.0,1.0,0.0
354958,1722.232173736,0.0,0.0,0.0,0.0,1.0,0.0
354978,1722.25276485,0.0,0.0,0.0,0.0,1.0,0.0
354998,1722.271307462,0.0,0.0,0.0,0.0,1.0,0.0
355018,1722.291491491,0.0,0.0,0.0,0.0,1.0,0.0
355038,1722.313073336,0.0,0.0,0.0,0.0,1.0,0.0
355058,1722.332377588,0.0,0.0,0.0,0.0,1.0,0.0
355078,1722.351085251,0.0,0.0,0.0,0.0,1.0,0.0
355098,1722.371806616,0.0,0.0,0.0,0.0,1.0,0.0
355118,1722.391952353,0.0,0.0,0.0,0.0,1.0,0.0
355138,1722.41198157,0.0,0.0,0.0,0.0,1.0,0.0
355158,1722.431826833,0.0,0.0,0.0,0.0,1.0,0.0
355178,1722.452394517,0.0,0.0,0.0,0.0,1.0,0.0
355198,1722.472774794,0.0,0.0,0.0,0.0,1.0,0.0
355218,1722.492531297,0.0,0.0,0.0,0.0,1.0,0.0
355238,1722.513852769,0.0,0.0,0.0,0.0,1.0,0.0
355258,1722.53099503,0.0,0.0,0.0,0.0,1.0,0.0
355278,1722.551412115,0.0,0.0,0.0,0.0,1.0,0.0
355298,1722.571723991,0.0,0.0,0.0,0.0,1.0,0.0
355318,1722.592284225,0.0,0.0,0.0,0.0,1.0,0.0
355338,1722.613236404,0.0,0.0,0.0,0.0,1.0,0.0
355358,1722.631142857,0.0,0.0,0.0,0.0,1.0,0.0
355378,1722.651486278,0.0,0.0,0.0,0.0,1.0,0.0
355398,1722.671745678,0.0,0.0,0.0,0.0,1.0,0.0
355418,1722.692133613,0.0,0.0,0.0,0.0,1.0,0.0
355438,1722.711981499,0.0,0.0,0.0,0.0,1.0,0.0
355458,1722.73182828,0.0,0.0,0.0,0.0,1.0,0.0
355478,1722.752199267,0.0,0.0,0.0,0.0,1.0,0.0
355498,1722.77184419,0.0,0.0,0.0,0.0,1.0,0.0
355518,1722.790679899,0.0,0.0,0.0,0.0,1.0,0.0
355538,1722.812749251,0.0,0.0,0.0,0.0,1.0,0.0
355558,1722.831548525,0.0,0.0,0.0,0.0,1.0,0.0
355578,1722.850455641,0.0,0.0,0.0,0.0,1.0,0.0
355598,1722.872027743,0.0,0.0,0.0,0.0,1.0,0.0
355618,1722.892625735,0.0,0.0,0.0,0.0,1.0,0.0
355638,1722.913744041,0.0,0.0,0.0,0.0,1.0,0.0
355658,1722.931138774,0.0,0.0,0.0,0.0,1.0,0.0
355678,1722.951846374,0.0,0.0,0.0,0.0,1.0,0.0
355698,1722.969950113,0.0,0.0,0.0,0.0,1.0,0.0
355718,1722.991112793,0.0,0.0,0.0,0.0,1.0,0.0
355738,1723.012176885,0.0,0.0,0.0,0.0,1.0,0.0
355758,1723.030884239,0.0,0.0,0.0,0.0,1.0,0.0
355778,1723.051530883,0.0,0.0,0.0,0.0,1.0,0.0
355798,1723.071657301,0.0,0.0,0.0,0.0,1.0,0.0
355818,1723.091326918,0.0,0.0,0.0,0.0,1.0,0.0
355838,1723.111118445,0.0,0.0,0.0,0.0,1.0,0.0
355858,1723.132117461,0.0,0.0,0.0,0.0,1.0,0.0
355878,1723.150501639,0.0,0.0,0.0,0.0,1.0,0.0
355898,1723.171340088,0.0,0.0,0.0,0.0,1.0,0.0
355918,1723.190811388,0.0,0.0,0.0,0.0,1.0,0.0
355938,1723.211569135,0.0,0.0,0.0,0.0,1.0,0.0
355958,1723.231738927,0.0,0.0,0.0,0.0,1.0,0.0
355978,1723.251124836,0.0,0.0,0.0,0.0,1.0,0.0
355998,1723.271445346,0.0,0.0,0.0,0.0,1.0,0.0
356018,1723.290621344,0.0,0.0,0.0,0.0,1.0,0.0
356038,1723.311510128,0.0,0.0,0.0,0.0,1.0,0.0
356058,1723.331034825,0.0,0.0,0.0,0.0,1.0,0.0
356078,1723.351737087,0.0,0.0,0.0,0.0,1.0,0.0
356098,1723.370873427,0.0,0.0,0.0,0.0,1.0,0.0
356118,1723.390828825,0.0,0.0,0.0,0.0,1.0,0.0
356138,1723.411369334,0.0,0.0,0.0,0.0,1.0,0.0
356158,1723.430968905,0.0,0.0,0.0,0.0,1.0,0.0
356178,1723.451253372,0.0,0.0,0.0,0.0,1.0,0.0
356198,1723.471286292,0.0,0.0,0.0,0.0,1.0,0.0
356218,1723.491482892,0.0,0.0,0.0,0.0,1.0,0.0
356238,1723.510359808,0.0,0.0,0.0,0.0,1.0,0.0
356258,1723.531296402,0.0,0.0,0.0,0.0,1.0,0.0
356278,1723.550780709,0.0,0.0,0.0,0.0,1.0,0.0
356298,1723.571389305,0.0,0.0,0.0,0.0,1.0,0.0
356318,1723.590353896,0.0,0.0,0.0,0.0,1.0,0.0
356338,1723.61083384,0.0,0.0,0.0,0.0,1.0,0.0
356358,1723.631179058,0.0,0.0,0.0,0.0,1.0,0.0
356378,1723.650233369,0.0,0.0,0.0,0.0,1.0,0.0
356398,1723.670376747,0.0,0.0,0.0,0.0,1.0,0.0
356418,1723.689956017,0.0,0.0,0.0,0.0,1.0,0.0
356438,1723.711066409,0.0,0.0,0.0,0.0,1.0,0.0
356458,1723.730709593,0.0,0.0,0.0,0.0,1.0,0.0
356478,1723.751037965,0.0,0.0,0.0,0.0,1.0,0.0
356498,1723.770023996,0.0,0.0,0.0,0.0,1.0,0.0
356518,1723.790377384,0.0,0.0,0.0,0.0,1.0,0.0
356538,1723.810681994,0.0,0.0,0.0,0.0,1.0,0.0
356558,1723.830890187,0.0,0.0,0.0,0.0,1.0,0.0
356578,1723.850991134,0.0,0.0,0.0,0.0,1.0,0.0
356598,1723.870544196,0.0,0.0,0.0,0.0,1.0,0.0
356618,1723.890692903,0.0,0.0,0.0,0.0,1.0,0.0
356638,1723.91028625,0.0,0.0,0.0,0.0,1.0,0.0
356658,1723.930883759,0.0,0.0,0.0,0.0,1.0,0.0
356678,1723.951554599,0.0,0.0,0.0,0.0,1.0,0.0
356698,1723.970777706,0.0,0.0,0.0,0.0,1.0,0.0
356718,1723.990530627,0.0,0.0,0.0,0.0,1.0,0.0
356738,1724.009917585,0.0,0.0,0.0,0.0,1.0,0.0
356758,1724.030812723,0.0,0.0,0.0,0.0,1.0,0.0
356778,1724.051312098,0.0,0.0,0.0,0.0,1.0,0.0
356798,1724.071087871,0.0,0.0,0.0,0.0,1.0,0.0
356818,1724.091247836,0.0,0.0,0.0,0.0,1.0,0.0
356838,1724.111081423,0.0,0.0,0.0,0.0,1.0,0.0
356858,1724.130394569,0.0,0.0,0.0,0.0,1.0,0.0
356878,1724.150695848,0.0,0.0,0.0,0.0,1.0,0.0
356898,1724.169821554,0.0,0.0,0.0,0.0,1.0,0.0
356918,1724.190950305,0.0,0.0,0.0,0.0,1.0,0.0
356938,1724.210334092,0.0,0.0,0.0,0.0,1.0,0.0
356958,1724.231025289,0.0,0.0,0.0,0.0,1.0,0.0
356978,1724.251362949,0.0,0.0,0.0,0.0,1.0,0.0
356998,1724.270053695,0.0,0.0,0.0,0.0,1.0,0.0
357018,1724.290326343,0.0,0.0,0.0,0.0,1.0,0.0
357038,1724.310721888,0.0,0.0,0.0,0.0,1.0,0.0
357058,1724.329730542,0.0,0.0,0.0,0.0,1.0,0.0
357078,1724.351067761,0.0,0.0,0.0,0.0,1.0,0.0
357098,1724.370483985,0.0,0.0,0.0,0.0,1.0,0.0
357118,1724.39052503,0.0,0.0,0.0,0.0,1.0,0.0
357138,1724.410790052,0.0,0.0,0.0,0.0,1.0,0.0
357158,1724.430091406,0.0,0.0,0.0,0.0,1.0,0.0
357178,1724.450352764,0.0,0.0,0.0,0.0,1.0,0.0
357198,1724.470357558,0.0,0.0,0.0,0.0,1.0,0.0
357218,1724.490566765,0.0,0.0,0.0,0.0,1.0,0.0
357238,1724.510945447,0.0,0.0,0.0,0.0,1.0,0.0
357258,1724.530807072,0.0,0.0,0.0,0.0,1.0,0.0
357278,1724.550171834,0.0,0.0,0.0,0.0,1.0,0.0
357298,1724.570449094,0.0,0.0,0.0,0.0,1.0,0.0
357318,1724.590735588,0.0,0.0,0.0,0.0,1.0,0.0
357338,1724.611835545,0.0,0.0,0.0,0.0,1.0,0.0
357358,1724.631377458,0.0,0.0,0.0,0.0,1.0,0.0
357378,1724.650357808,0.0,0.0,0.0,0.0,1.0,0.0
357398,1724.670548681,0.0,0.0,0.0,0.0,1.0,0.0
357418,1724.689863033,0.0,0.0,0.0,0.0,1.0,0.0
357438,1724.710114314,0.0,0.0,0.0,0.0,1.0,0.0
357458,1724.72992736,0.0,0.0,0.0,0.0,1.0,0.0
357478,1724.750252649,0.0,0.0,0.0,0.0,1.0,0.0
357498,1724.771117251,0.0,0.0,0.0,0.0,1.0,0.0
357518,1724.789864877,0.0,0.0,0.0,0.0,1.0,0.0
357538,1724.81029932,0.0,0.0,0.0,0.0,1.0,0.0
357558,1724.831089349,0.0,0.0,0.0,0.0,1.0,0.0
357578,1724.850367706,0.0,0.0,0.0,0.0,1.0,0.0
357598,1724.869654517,0.0,0.0,0.0,0.0,1.0,0.0
357618,1724.889848554,0.0,0.0,0.0,0.0,1.0,0.0
357638,1724.910563237,0.0,0.0,0.0,0.0,1.0,0.0
357658,1724.930750348,0.0,0.0,0.0,0.0,1.0,0.0
357678,1724.949893882,0.0,0.0,0.0,0.0,1.0,0.0
357698,1724.969723625,0.0,0.0,0.0,0.0,1.0,0.0
357718,1724.989400993,0.0,0.0,0.0,0.0,1.0,0.0
357738,1725.010745093,0.0,0.0,0.0,0.0,1.0,0.0
357758,1725.029375866,0.0,0.0,0.0,0.0,1.0,0.0
357778,1725.051565528,0.0,0.0,0.0,0.0,1.0,0.0
357798,1725.070394956,0.0,0.0,0.0,0.0,1.0,0.0
357818,1725.089724509,0.0,0.0,0.0,0.0,1.0,0.0
357838,1725.109806863,0.0,0.0,0.0,0.0,1.0,0.0
357858,1725.129735046,0.0,0.0,0.0,0.0,1.0,0.0
357878,1725.150097758,0.0,0.0,0.0,0.0,1.0,0.0
357898,1725.170739069,0.0,0.0,0.0,0.0,1.0,0.0
357918,1725.189975978,0.0,0.0,0.0,0.0,1.0,0.0
357938,1725.21063369,0.0,0.0,0.0,0.0,1.0,0.0
357958,1725.229618824,0.0,0.0,0.0,0.0,1.0,0.0
357978,1725.250305866,0.0,0.0,0.0,0.0,1.0,0.0
357998,1725.26961761,0.0,0.0,0.0,0.0,1.0,0.0
358018,1725.289720069,0.0,0.0,0.0,0.0,1.0,0.0
358038,1725.310500078,0.0,0.0,0.0,0.0,1.0,0.0
358058,1725.330538497,0.0,0.0,0.0,0.0,1.0,0.0
358078,1725.349869551,0.0,0.0,0.0,0.0,1.0,0.0
358098,1725.370548492,0.0,0.0,0.0,0.0,1.0,0.0
358118,1725.389402894,0.0,0.0,0.0,0.0,1.0,0.0
358138,1725.409572689,0.0,0.0,0.0,0.0,1.0,0.0
358158,1725.430115499,0.0,0.0,0.0,0.0,1.0,0.0
358178,1725.450447486,0.0,0.0,0.0,0.0,1.0,0.0
358198,1725.468671136,0.0,0.0,0.0,0.0,1.0,0.0
358218,1725.490171165,0.0,0.0,0.0,0.0,1.0,0.0
358238,1725.51014539,0.0,0.0,0.0,0.0,1.0,0.0
358258,1725.529393243,0.0,0.0,0.0,0.0,1.0,0.0
358278,1725.550355357,0.0,0.0,0.0,0.0,1.0,0.0
358298,1725.569449126,0.0,0.0,0.0,0.0,1.0,0.0
358318,1725.589778931,0.0,0.0,0.0,0.0,1.0,0.0
358338,1725.609404307,0.0,0.0,0.0,0.0,1.0,0.0
358358,1725.629792939,0.0,0.0,0.0,0.0,1.0,0.0
358378,1725.650381106,0.0,0.0,0.0,0.0,1.0,0.0
358398,1725.66954958,0.0,0.0,0.0,0.0,1.0,0.0
358418,1725.689384791,0.0,0.0,0.0,0.0,1.0,0.0
358438,1725.710374065,0.0,0.0,0.0,0.0,1.0,0.0
358458,1725.729600826,0.0,0.0,0.0,0.0,1.0,0.0
358478,1725.750559412,0.0,0.0,0.0,0.0,1.0,0.0
358498,1725.769649174,0.0,0.0,0.0,0.0,1.0,0.0
358518,1725.790627774,0.0,0.0,0.0,0.0,1.0,0.0
358538,1725.808635463,0.0,0.0,0.0,0.0,1.0,0.0
358558,1725.830888249,0.0,0.0,0.0,0.0,1.0,0.0
358578,1725.850620158,0.0,0.0,0.0,0.0,1.0,0.0
358598,1725.869048547,0.0,0.0,0.0,0.0,1.0,0.0
358618,1725.888598906,0.0,0.0,0.0,0.0,1.0,0.0
358638,1725.908909101,0.0,0.0,0.0,0.0,1.0,0.0
358658,1725.929904031,0.0,0.0,0.0,0.0,1.0,0.0
358678,1725.94964703,0.0,0.0,0.0,0.0,1.0,0.0
358698,1725.970729088,0.0,0.0,0.0,0.0,1.0,0.0
358718,1725.990255528,0.0,0.0,0.0,0.0,1.0,0.0
358738,1726.008894676,0.0,0.0,0.0,0.0,1.0,0.0
358758,1726.031444756,0.0,0.0,0.0,0.0,1.0,0.0
358778,1726.049429313,0.0,0.0,0.0,0.0,1.0,0.0
358798,1726.070714262,0.0,0.0,0.0,0.0,1.0,0.0
358818,1726.089612608,0.0,0.0,0.0,0.0,1.0,0.0
358838,1726.109458955,0.0,0.0,0.0,0.0,1.0,0.0
358858,1726.130708434,0.0,0.0,0.0,0.0,1.0,0.0
358878,1726.150321028,0.0,0.0,0.0,0.0,1.0,0.0
358898,1726.168728562,0.0,0.0,0.0,0.0,1.0,0.0
358918,1726.189393051,0.0,0.0,0.0,0.0,1.0,0.0
358938,1726.209721539,0.0,0.0,0.0,0.0,1.0,0.0
358958,1726.231424264,0.0,0.0,0.0,0.0,1.0,0.0
358978,1726.249043118,0.0,0.0,0.0,0.0,1.0,0.0
358998,1726.269979462,0.0,0.0,0.0,0.0,1.0,0.0
359018,1726.288888531,0.0,0.0,0.0,0.0,1.0,0.0
359038,1726.309020587,0.0,0.0,0.0,0.0,1.0,0.0
359058,1726.331609572,0.0,0.0,0.0,0.0,1.0,0.0
359078,1726.349532162,0.0,0.0,0.0,0.0,1.0,0.0
359098,1726.368713096,0.0,0.0,0.0,0.0,1.0,0.0
359118,1726.389253018,0.0,0.0,0.0,0.0,1.0,0.0
359138,1726.409636347,0.0,0.0,0.0,0.0,1.0,0.0
359158,1726.430823347,0.0,0.0,0.0,0.0,1.0,0.0
359178,1726.45019104,0.0,0.0,0.0,0.0,1.0,0.0
359198,1726.469326322,0.0,0.0,0.0,0.0,1.0,0.0
359218,1726.489896929,0.0,0.0,0.0,0.0,1.0,0.0
359238,1726.509378825,0.0,0.0,0.0,0.0,1.0,0.0
359258,1726.530800998,0.0,0.0,0.0,0.0,1.0,0.0
359278,1726.54836053,0.0,0.0,0.0,0.0,1.0,0.0
359298,1726.568973191,0.0,0.0,0.0,0.0,1.0,0.0
359318,1726.588364528,0.0,0.0,0.0,0.0,1.0,0.0
359338,1726.609346269,0.0,0.0,0.0,0.0,1.0,0.0
359358,1726.628540156,0.0,0.0,0.0,0.0,1.0,0.0
359378,1726.648799099,0.0,0.0,0.0,0.0,1.0,0.0
359398,1726.668708574,0.0,0.0,0.0,0.0,1.0,0.0
359418,1726.688604403,0.0,0.0,0.0,0.0,1.0,0.0
359438,1726.708809135,0.0,0.0,0.0,0.0,1.0,0.0
359458,1726.728801564,0.0,0.0,0.0,0.0,1.0,0.0
359478,1726.749113833,0.0,0.0,0.0,0.0,1.0,0.0
359498,1726.769326835,0.0,0.0,0.0,0.0,1.0,0.0
359518,1726.789068458,0.0,0.0,0.0,0.0,1.0,0.0
359538,1726.80855772,0.0,0.0,0.0,0.0,1.0,0.0
359558,1726.828415489,0.0,0.0,0.0,0.0,1.0,0.0
359578,1726.849598702,0.0,0.0,0.0,0.0,1.0,0.0
359598,1726.869901679,0.0,0.0,0.0,0.0,1.0,0.0
359618,1726.88823547,0.0,0.0,0.0,0.0,1.0,0.0
359638,1726.908545989,0.0,0.0,0.0,0.0,1.0,0.0
359658,1726.929365979,0.0,0.0,0.0,0.0,1.0,0.0
359678,1726.948849797,0.0,0.0,0.0,0.0,1.0,0.0
359698,1726.968688349,0.0,0.0,0.0,0.0,1.0,0.0
359718,1726.988918864,0.0,0.0,0.0,0.0,1.0,0.0
359738,1727.007910516,0.0,0.0,0.0,0.0,1.0,0.0
359758,1727.028800643,0.0,0.0,0.0,0.0,1.0,0.0
359778,1727.049280461,0.0,0.0,0.0,0.0,1.0,0.0
359798,1727.0681124,0.0,0.0,0.0,0.0,1.0,0.0
359818,1727.088363039,0.0,0.0,0.0,0.0,1.0,0.0
359838,1727.108100087,0.0,0.0,0.0,0.0,1.0,0.0
359858,1727.128079817,0.0,0.0,0.0,0.0,1.0,0.0
359878,1727.147871373,0.0,0.0,0.0,0.0,1.0,0.0
359898,1727.168127646,0.0,0.0,0.0,0.0,1.0,0.0
359918,1727.188129708,0.0,0.0,0.0,0.0,1.0,0.0
359938,1727.208290249,0.0,0.0,0.0,0.0,1.0,0.0
359958,1727.228322925,0.0,0.0,0.0,0.0,1.0,0.0
359978,1727.247869005,0.0,0.0,0.0,0.0,1.0,0.0
359998,1727.268313052,0.0,0.0,0.0,0.0,1.0,0.0
360018,1727.288452843,0.0,0.0,0.0,0.0,1.0,0.0
360038,1727.308762321,0.0,0.0,0.0,0.0,1.0,0.0
360058,1727.327949877,0.0,0.0,0.0,0.0,1.0,0.0
360078,1727.347758255,0.0,0.0,0.0,0.0,1.0,0.0
360098,1727.368422026,0.0,0.0,0.0,0.0,1.0,0.0
360118,1727.38838649,0.0,0.0,0.0,0.0,1.0,0.0
360138,1727.4080326,0.0,0.0,0.0,0.0,1.0,0.0
360158,1727.428648138,0.0,0.0,0.0,0.0,1.0,0.0
360178,1727.448758817,0.0,0.0,0.0,0.0,1.0,0.0
360198,1727.468338055,0.0,0.0,0.0,0.0,1.0,0.0
360218,1727.488795882,0.0,0.0,0.0,0.0,1.0,0.0
360238,1727.507670386,0.0,0.0,0.0,0.0,1.0,0.0
360258,1727.526738998,0.0,0.0,0.0,0.0,1.0,0.0
360278,1727.546944104,0.0,0.0,0.0,0.0,1.0,0.0
360298,1727.567761556,0.0,0.0,0.0,0.0,1.0,0.0
360318,1727.587965944,0.0,0.0,0.0,0.0,1.0,0.0
360338,1727.606822726,0.0,0.0,0.0,0.0,1.0,0.0
360358,1727.628224618,0.0,0.0,0.0,0.0,1.0,0.0
360378,1727.647716375,0.0,0.0,0.0,0.0,1.0,0.0
360398,1727.668076985,0.0,0.0,0.0,0.0,1.0,0.0
360418,1727.688319887,0.0,0.0,0.0,0.0,1.0,0.0
360438,1727.708315011,0.0,0.0,0.0,0.0,1.0,0.0
360458,1727.728423589,0.0,0.0,0.0,0.0,1.0,0.0
360478,1727.748033204,0.0,0.0,0.0,0.0,1.0,0.0
360498,1727.768413354,0.0,0.0,0.0,0.0,1.0,0.0
360518,1727.788026995,0.0,0.0,0.0,0.0,1.0,0.0
360538,1727.807031124,0.0,0.0,0.0,0.0,1.0,0.0
360558,1727.827052482,0.0,0.0,0.0,0.0,1.0,0.0
360578,1727.847384366,0.0,0.0,0.0,0.0,1.0,0.0
360598,1727.868288911,0.0,0.0,0.0,0.0,1.0,0.0
360618,1727.888577584,0.0,0.0,0.0,0.0,1.0,0.0
360638,1727.90775437,0.0,0.0,0.0,0.0,1.0,0.0
360658,1727.928658643,0.0,0.0,0.0,0.0,1.0,0.0
360678,1727.948492851,0.0,0.0,0.0,0.0,1.0,0.0
360698,1727.969228058,0.0,0.0,0.0,0.0,1.0,0.0
360718,1727.988270383,0.0,0.0,0.0,0.0,1.0,0.0
360738,1728.008106783,0.0,0.0,0.0,0.0,1.0,0.0
360758,1728.028045494,0.0,0.0,0.0,0.0,1.0,0.0
360778,1728.048340821,0.0,0.0,0.0,0.0,1.0,0.0
360798,1728.067489677,0.0,0.0,0.0,0.0,1.0,0.0
360818,1728.088264194,0.0,0.0,0.0,0.0,1.0,0.0
360838,1728.107442505,0.0,0.0,0.0,0.0,1.0,0.0
360858,1728.127545641,0.0,0.0,0.0,0.0,1.0,0.0
360878,1728.147339613,0.0,0.0,0.0,0.0,1.0,0.0
360898,1728.168544834,0.0,0.0,0.0,0.0,1.0,0.0
360918,1728.188663741,0.0,0.0,0.0,0.0,1.0,0.0
360938,1728.207950091,0.0,0.0,0.0,0.0,1.0,0.0
360958,1728.228556228,0.0,0.0,0.0,0.0,1.0,0.0
360978,1728.247834758,0.0,0.0,0.0,0.0,1.0,0.0
360998,1728.267327729,0.0,0.0,0.0,0.0,1.0,0.0
361018,1728.287899401,0.0,0.0,0.0,0.0,1.0,0.0
361038,1728.308421207,0.0,0.0,0.0,0.0,1.0,0.0
361058,1728.327192264,0.0,0.0,0.0,0.0,1.0,0.0
361078,1728.347321112,0.0,0.0,0.0,0.0,1.0,0.0
361098,1728.367999826,0.0,0.0,0.0,0.0,1.0,0.0
361118,1728.388668289,0.0,0.0,0.0,0.0,1.0,0.0
361138,1728.407874277,0.0,0.0,0.0,0.0,1.0,0.0
361158,1728.428043135,0.0,0.0,0.0,0.0,1.0,0.0
361178,1728.447882424,0.0,0.0,0.0,0.0,1.0,0.0
361198,1728.467632692,0.0,0.0,0.0,0.0,1.0,0.0
361218,1728.488596865,0.0,0.0,0.0,0.0,1.0,0.0
361238,1728.508255111,0.0,0.0,0.0,0.0,1.0,0.0
361258,1728.528379808,0.0,0.0,0.0,0.0,1.0,0.0
361278,1728.547117843,0.0,0.0,0.0,0.0,1.0,0.0
361298,1728.567108882,0.0,0.0,0.0,0.0,1.0,0.0
361318,1728.587514724,0.0,0.0,0.0,0.0,1.0,0.0
361338,1728.607487575,0.0,0.0,0.0,0.0,1.0,0.0
361358,1728.627660695,0.0,0.0,0.0,0.0,1.0,0.0
361378,1728.647353399,0.0,0.0,0.0,0.0,1.0,0.0
361398,1728.6678155,0.0,0.0,0.0,0.0,1.0,0.0
361418,1728.68717248,0.0,0.0,0.0,0.0,1.0,0.0
361438,1728.707506284,0.0,0.0,0.0,0.0,1.0,0.0
361458,1728.728337565,0.0,0.0,0.0,0.0,1.0,0.0
361478,1728.748068102,0.0,0.0,0.0,0.0,1.0,0.0
361498,1728.767310607,0.0,0.0,0.0,0.0,1.0,0.0
361518,1728.787873096,0.0,0.0,0.0,0.0,1.0,0.0
361538,1728.806916367,0.0,0.0,0.0,0.0,1.0,0.0
361558,1728.826806025,0.0,0.0,0.0,0.0,1.0,0.0
361578,1728.847396027,0.0,0.0,0.0,0.0,1.0,0.0
361598,1728.868418745,0.0,0.0,0.0,0.0,1.0,0.0
361618,1728.887574329,0.0,0.0,0.0,0.0,1.0,0.0
361638,1728.908248187,0.0,0.0,0.0,0.0,1.0,0.0
361658,1728.927138092,0.0,0.0,0.0,0.0,1.0,0.0
361678,1728.947094175,0.0,0.0,0.0,0.0,1.0,0.0
361698,1728.967945149,0.0,0.0,0.0,0.0,1.0,0.0
361718,1728.98765121,0.0,0.0,0.0,0.0,1.0,0.0
361738,1729.007779792,0.0,0.0,0.0,0.0,1.0,0.0
361758,1729.02755684,0.0,0.0,0.0,0.0,1.0,0.0
361778,1729.04791039,0.0,0.0,0.0,0.0,1.0,0.0
361798,1729.066869452,0.0,0.0,0.0,0.0,1.0,0.0
361818,1729.087552858,0.0,0.0,0.0,0.0,1.0,0.0
361838,1729.107717537,0.0,0.0,0.0,0.0,1.0,0.0
361858,1729.127055558,0.0,0.0,0.0,0.0,1.0,0.0
361878,1729.146410824,0.0,0.0,0.0,0.0,1.0,0.0
361898,1729.167329712,0.0,0.0,0.0,0.0,1.0,0.0
361918,1729.187783339,0.0,0.0,0.0,0.0,1.0,0.0
361938,1729.2066096,0.0,0.0,0.0,0.0,1.0,0.0
361958,1729.226592157,0.0,0.0,0.0,0.0,1.0,0.0
361978,1729.24669385,0.0,0.0,0.0,0.0,1.0,0.0
361998,1729.267688369,0.0,0.0,0.0,0.0,1.0,0.0
362018,1729.287148863,0.0,0.0,0.0,0.0,1.0,0.0
362038,1729.306820421,0.0,0.0,0.0,0.0,1.0,0.0
362058,1729.325835943,0.0,0.0,0.0,0.0,1.0,0.0
362078,1729.344021855,0.0,0.0,0.0,0.0,1.0,0.0
362098,1729.367394036,0.0,0.0,0.0,0.0,1.0,0.0
362118,1729.387468671,0.0,0.0,0.0,0.0,1.0,0.0
362138,1729.4073584,0.0,0.0,0.0,0.0,1.0,0.0
362158,1729.426167563,0.0,0.0,0.0,0.0,1.0,0.0
362178,1729.447469978,0.0,0.0,0.0,0.0,1.0,0.0
362198,1729.466790292,0.0,0.0,0.0,0.0,1.0,0.0
362218,1729.487713699,0.0,0.0,0.0,0.0,1.0,0.0
362238,1729.506762912,0.0,0.0,0.0,0.0,1.0,0.0
362258,1729.526928919,0.0,0.0,0.0,0.0,1.0,0.0
362278,1729.546355514,0.0,0.0,0.0,0.0,1.0,0.0
362298,1729.566707781,0.0,0.0,0.0,0.0,1.0,0.0
362318,1729.58692987,0.0,0.0,0.0,0.0,1.0,0.0
362338,1729.607282159,0.0,0.0,0.0,0.0,1.0,0.0
362358,1729.627073907,0.0,0.0,0.0,0.0,1.0,0.0
362378,1729.64781339,0.0,0.0,0.0,0.0,1.0,0.0
362398,1729.667029979,0.0,0.0,0.0,0.0,1.0,0.0
362418,1729.687904896,0.0,0.0,0.0,0.0,1.0,0.0
362438,1729.706974419,0.0,0.0,0.0,0.0,1.0,0.0
362458,1729.727082147,0.0,0.0,0.0,0.0,1.0,0.0
362478,1729.747567044,0.0,0.0,0.0,0.0,1.0,0.0
362498,1729.766753974,0.0,0.0,0.0,0.0,1.0,0.0
362518,1729.785109326,0.0,0.0,0.0,0.0,1.0,0.0
362538,1729.805851168,0.0,0.0,0.0,0.0,1.0,0.0
362558,1729.826468779,0.0,0.0,0.0,0.0,1.0,0.0
362578,1729.846584886,0.0,0.0,0.0,0.0,1.0,0.0
362598,1729.866051823,0.0,0.0,0.0,0.0,1.0,0.0
362618,1729.886434929,0.0,0.0,0.0,0.0,1.0,0.0
362638,1729.906754588,0.0,0.0,0.0,0.0,1.0,0.0
362658,1729.927115748,0.0,0.0,0.0,0.0,1.0,0.0
362678,1729.947817438,0.0,0.0,0.0,0.0,1.0,0.0
362698,1729.966925353,0.0,0.0,0.0,0.0,1.0,0.0
362718,1729.987341795,0.0,0.0,0.0,0.0,1.0,0.0
362738,1730.007116177,0.0,0.0,0.0,0.0,1.0,0.0
362758,1730.026107287,0.0,0.0,0.0,0.0,1.0,0.0
362778,1730.046730476,0.0,0.0,0.0,0.0,1.0,0.0
362798,1730.06569889,0.0,0.0,0.0,0.0,1.0,0.0
362818,1730.085733527,0.0,0.0,0.0,0.0,1.0,0.0
362838,1730.106428235,0.0,0.0,0.0,0.0,1.0,0.0
362858,1730.126550784,0.0,0.0,0.0,0.0,1.0,0.0
362878,1730.148086487,0.0,0.0,0.0,0.0,1.0,0.0
362898,1730.165750389,0.0,0.0,0.0,0.0,1.0,0.0
362918,1730.186087182,0.0,0.0,0.0,0.0,1.0,0.0
362938,1730.206289211,0.0,0.0,0.0,0.0,1.0,0.0
362958,1730.226327982,0.0,0.0,0.0,0.0,1.0,0.0
362978,1730.247334848,0.0,0.0,0.0,0.0,1.0,0.0
362998,1730.26644346,0.0,0.0,0.0,0.0,1.0,0.0
363018,1730.286895739,0.0,0.0,0.0,0.0,1.0,0.0
363038,1730.306129583,0.0,0.0,0.0,0.0,1.0,0.0
363058,1730.326698095,0.0,0.0,0.0,0.0,1.0,0.0
363078,1730.347429476,0.0,0.0,0.0,0.0,1.0,0.0
363098,1730.366066159,0.0,0.0,0.0,0.0,1.0,0.0
363118,1730.386408394,0.0,0.0,0.0,0.0,1.0,0.0
363138,1730.406778705,0.0,0.0,0.0,0.0,1.0,0.0
363158,1730.425778857,0.0,0.0,0.0,0.0,1.0,0.0
363178,1730.448048509,0.0,0.0,0.0,0.0,1.0,0.0
363198,1730.465802173,0.0,0.0,0.0,0.0,1.0,0.0
363218,1730.485697759,0.0,0.0,0.0,0.0,1.0,0.0
363238,1730.506089107,0.0,0.0,0.0,0.0,1.0,0.0
363258,1730.52731902,0.0,0.0,0.0,0.0,1.0,0.0
363278,1730.544680997,0.0,0.0,0.0,0.0,1.0,0.0
363298,1730.563896444,0.0,0.0,0.0,0.0,1.0,0.0
363318,1730.583631785,0.0,0.0,0.0,0.0,1.0,0.0
363338,1730.603988003,0.0,0.0,0.0,0.0,1.0,0.0
363358,1730.626303267,0.0,0.0,0.0,0.0,1.0,0.0
363378,1730.646331911,0.0,0.0,0.0,0.0,1.0,0.0
363398,1730.665836777,0.0,0.0,0.0,0.0,1.0,0.0
363418,1730.686108838,0.0,0.0,0.0,0.0,1.0,0.0
363438,1730.705965193,0.0,0.0,0.0,0.0,1.0,0.0
363458,1730.726094547,0.0,0.0,0.0,0.0,1.0,0.0
363478,1730.748718856,0.0,0.0,0.0,0.0,1.0,0.0
363498,1730.766585195,0.0,0.0,0.0,0.0,1.0,0.0
363518,1730.786616975,0.0,0.0,0.0,0.0,1.0,0.0
363538,1730.806099563,0.0,0.0,0.0,0.0,1.0,0.0
363558,1730.826116068,0.0,0.0,0.0,0.0,1.0,0.0
363578,1730.846085071,0.0,0.0,0.0,0.0,1.0,0.0
363598,1730.865364547,0.0,0.0,0.0,0.0,1.0,0.0
363618,1730.886025184,0.0,0.0,0.0,0.0,1.0,0.0
363638,1730.906125237,0.0,0.0,0.0,0.0,1.0,0.0
363658,1730.926080254,0.0,0.0,0.0,0.0,1.0,0.0
363678,1730.946273498,0.0,0.0,0.0,0.0,1.0,0.0
363698,1730.966550964,0.0,0.0,0.0,0.0,1.0,0.0
363718,1730.985429826,0.0,0.0,0.0,0.0,1.0,0.0
363738,1731.005538888,0.0,0.0,0.0,0.0,1.0,0.0
363758,1731.02611142,0.0,0.0,0.0,0.0,1.0,0.0
363778,1731.045599712,0.0,0.0,0.0,0.0,1.0,0.0
363798,1731.066630107,0.0,0.0,0.0,0.0,1.0,0.0
363818,1731.085552371,0.0,0.0,0.0,0.0,1.0,0.0
363838,1731.10632379,0.0,0.0,0.0,0.0,1.0,0.0
363858,1731.126132,0.0,0.0,0.0,0.0,1.0,0.0
363878,1731.146125019,0.0,0.0,0.0,0.0,1.0,0.0
363898,1731.166696684,0.0,0.0,0.0,0.0,1.0,0.0
363918,1731.185450442,0.0,0.0,0.0,0.0,1.0,0.0
363938,1731.205391019,0.0,0.0,0.0,0.0,1.0,0.0
363958,1731.225622002,0.0,0.0,0.0,0.0,1.0,0.0
363978,1731.24583182,0.0,0.0,0.0,0.0,1.0,0.0
363998,1731.265602784,0.0,0.0,0.0,0.0,1.0,0.0
364018,1731.284830668,0.0,0.0,0.0,0.0,1.0,0.0
364038,1731.304853221,0.0,0.0,0.0,0.0,1.0,0.0
364058,1731.326035307,0.0,0.0,0.0,0.0,1.0,0.0
364078,1731.34552526,0.0,0.0,0.0,0.0,1.0,0.0
364098,1731.36509369,0.0,0.0,0.0,0.0,1.0,0.0
364118,1731.385734403,0.0,0.0,0.0,0.0,1.0,0.0
364138,1731.406226121,0.0,0.0,0.0,0.0,1.0,0.0
364158,1731.425143442,0.0,0.0,0.0,0.0,1.0,0.0
364178,1731.445634162,0.0,0.0,0.0,0.0,1.0,0.0
364198,1731.465360199,0.0,0.0,0.0,0.0,1.0,0.0
364218,1731.486138566,0.0,0.0,0.0,0.0,1.0,0.0
364238,1731.504831093,0.0,0.0,0.0,0.0,1.0,0.0
364258,1731.525804095,0.0,0.0,0.0,0.0,1.0,0.0
364278,1731.545569528,0.0,0.0,0.0,0.0,1.0,0.0
364298,1731.56459423,0.0,0.0,0.0,0.0,1.0,0.0
364318,1731.584855563,0.0,0.0,0.0,0.0,1.0,0.0
364338,1731.605069214,0.0,0.0,0.0,0.0,1.0,0.0
364358,1731.624460122,0.0,0.0,0.0,0.0,1.0,0.0
364378,1731.644693486,0.0,0.0,0.0,0.0,1.0,0.0
364398,1731.66583075,0.0,0.0,0.0,0.0,1.0,0.0
364418,1731.685512598,0.0,0.0,0.0,0.0,1.0,0.0
364438,1731.7050465,0.0,0.0,0.0,0.0,1.0,0.0
364458,1731.725749409,0.0,0.0,0.0,0.0,1.0,0.0
364478,1731.744488719,0.0,0.0,0.0,0.0,1.0,0.0
364498,1731.764703338,0.0,0.0,0.0,0.0,1.0,0.0
364518,1731.785636459,0.0,0.0,0.0,0.0,1.0,0.0
364538,1731.804984949,0.0,0.0,0.0,0.0,1.0,0.0
364558,1731.825921535,0.0,0.0,0.0,0.0,1.0,0.0
364578,1731.844850655,0.0,0.0,0.0,0.0,1.0,0.0
364598,1731.864719989,0.0,0.0,0.0,0.0,1.0,0.0
364618,1731.884989569,0.0,0.0,0.0,0.0,1.0,0.0
364638,1731.9045544,0.0,0.0,0.0,0.0,1.0,0.0
364658,1731.92541133,0.0,0.0,0.0,0.0,1.0,0.0
364678,1731.945610772,0.0,0.0,0.0,0.0,1.0,0.0
364698,1731.964702172,0.0,0.0,0.0,0.0,1.0,0.0
364718,1731.985369733,0.0,0.0,0.0,0.0,1.0,0.0
364738,1732.006041149,0.0,0.0,0.0,0.0,1.0,0.0
364758,1732.025113638,0.0,0.0,0.0,0.0,1.0,0.0
364778,1732.044913066,0.0,0.0,0.0,0.0,1.0,0.0
364798,1732.065122651,0.0,0.0,0.0,0.0,1.0,0.0
364818,1732.085953148,0.0,0.0,0.0,0.0,1.0,0.0
364838,1732.105285719,0.0,0.0,0.0,0.0,1.0,0.0
364858,1732.124420759,0.0,0.0,0.0,0.0,1.0,0.0
364878,1732.145854685,0.0,0.0,0.0,0.0,1.0,0.0
364898,1732.165140807,0.0,0.0,0.0,0.0,1.0,0.0
364918,1732.185142822,0.0,0.0,0.0,0.0,1.0,0.0
364938,1732.20503481,0.0,0.0,0.0,0.0,1.0,0.0
364958,1732.224087784,0.0,0.0,0.0,0.0,1.0,0.0
364978,1732.24547098,0.0,0.0,0.0,0.0,1.0,0.0
364998,1732.264875848,0.0,0.0,0.0,0.0,1.0,0.0
365018,1732.284321832,0.0,0.0,0.0,0.0,1.0,0.0
365038,1732.304641527,0.0,0.0,0.0,0.0,1.0,0.0
365058,1732.324361224,0.0,0.0,0.0,0.0,1.0,0.0
365078,1732.344031513,0.0,0.0,0.0,0.0,1.0,0.0
365098,1732.364546731,0.0,0.0,0.0,0.0,1.0,0.0
365118,1732.38488319,0.0,0.0,0.0,0.0,1.0,0.0
365138,1732.404888804,0.0,0.0,0.0,0.0,1.0,0.0
365158,1732.424842407,0.0,0.0,0.0,0.0,1.0,0.0
365178,1732.443955851,0.0,0.0,0.0,0.0,1.0,0.0
365198,1732.464579914,0.0,0.0,0.0,0.0,1.0,0.0
365218,1732.484905208,0.0,0.0,0.0,0.0,1.0,0.0
365238,1732.505357147,0.0,0.0,0.0,0.0,1.0,0.0
365258,1732.523361629,0.0,0.0,0.0,0.0,1.0,0.0
365278,1732.543780783,0.0,0.0,0.0,0.0,1.0,0.0
365298,1732.563974698,0.0,0.0,0.0,0.0,1.0,0.0
365318,1732.584066803,0.0,0.0,0.0,0.0,1.0,0.0
365338,1732.604506407,0.0,0.0,0.0,0.0,1.0,0.0
365358,1732.625044368,0.0,0.0,0.0,0.0,1.0,0.0
365378,1732.644625233,0.0,0.0,0.0,0.0,1.0,0.0
365398,1732.664845823,0.0,0.0,0.0,0.0,1.0,0.0
365418,1732.684326253,0.0,0.0,0.0,0.0,1.0,0.0
365438,1732.704481517,0.0,0.0,0.0,0.0,1.0,0.0
365458,1732.725082128,0.0,0.0,0.0,0.0,1.0,0.0
365478,1732.744343292,0.0,0.0,0.0,0.0,1.0,0.0
365498,1732.764549923,0.0,0.0,0.0,0.0,1.0,0.0
365518,1732.784042051,0.0,0.0,0.0,0.0,1.0,0.0
365538,1732.804984181,0.0,0.0,0.0,0.0,1.0,0.0
365558,1732.824282848,0.0,0.0,0.0,0.0,1.0,0.0
365578,1732.844851845,0.0,0.0,0.0,0.0,1.0,0.0
365598,1732.864660375,0.0,0.0,0.0,0.0,1.0,0.0
365618,1732.88483854,0.0,0.0,0.0,0.0,1.0,0.0
365638,1732.906051896,0.0,0.0,0.0,0.0,1.0,0.0
365658,1732.92530952,0.0,0.0,0.0,0.0,1.0,0.0
365678,1732.944428136,0.0,0.0,0.0,0.0,1.0,0.0
365698,1732.963998535,0.0,0.0,0.0,0.0,1.0,0.0
365718,1732.984052544,0.0,0.0,0.0,0.0,1.0,0.0
365738,1733.003658249,0.0,0.0,0.0,0.0,1.0,0.0
365758,1733.024614986,0.0,0.0,0.0,0.0,1.0,0.0
365778,1733.043665605,0.0,0.0,0.0,0.0,1.0,0.0
365798,1733.06404611,0.0,0.0,0.0,0.0,1.0,0.0
365818,1733.083965695,0.0,0.0,0.0,0.0,1.0,0.0
365838,1733.104694913,0.0,0.0,0.0,0.0,1.0,0.0
365858,1733.124388997,0.0,0.0,0.0,0.0,1.0,0.0
365878,1733.144066776,0.0,0.0,0.0,0.0,1.0,0.0
365898,1733.164576893,0.0,0.0,0.0,0.0,1.0,0.0
365918,1733.184389341,0.0,0.0,0.0,0.0,1.0,0.0
365938,1733.204176298,0.0,0.0,0.0,0.0,1.0,0.0
365958,1733.223729353,0.0,0.0,0.0,0.0,1.0,0.0
365978,1733.244674865,0.0,0.0,0.0,0.0,1.0,0.0
365998,1733.264782879,0.0,0.0,0.0,0.0,1.0,0.0
366018,1733.284237108,0.0,0.0,0.0,0.0,1.0,0.0
366038,1733.303583166,0.0,0.0,0.0,0.0,1.0,0.0
366058,1733.32459195,0.0,0.0,0.0,0.0,1.0,0.0
366078,1733.344306722,0.0,0.0,0.0,0.0,1.0,0.0
366098,1733.363990571,0.0,0.0,0.0,0.0,1.0,0.0
366118,1733.383919885,0.0,0.0,0.0,0.0,1.0,0.0
366138,1733.403692181,0.0,0.0,0.0,0.0,1.0,0.0
366158,1733.424019878,0.0,0.0,0.0,0.0,1.0,0.0
366178,1733.443601514,0.0,0.0,0.0,0.0,1.0,0.0
366198,1733.464347585,0.0,0.0,0.0,0.0,1.0,0.0
366218,1733.483818356,0.0,0.0,0.0,0.0,1.0,0.0
366238,1733.503557992,0.0,0.0,0.0,0.0,1.0,0.0
366258,1733.523954316,0.0,0.0,0.0,0.0,1.0,0.0
366278,1733.543436772,0.0,0.0,0.0,0.0,1.0,0.0
366298,1733.563688606,0.0,0.0,0.0,0.0,1.0,0.0
366318,1733.583354114,0.0,0.0,0.0,0.0,1.0,0.0
366338,1733.604946799,0.0,0.0,0.0,0.0,1.0,0.0
366358,1733.623865738,0.0,0.0,0.0,0.0,1.0,0.0
366378,1733.644588985,0.0,0.0,0.0,0.0,1.0,0.0
366398,1733.66410875,0.0,0.0,0.0,0.0,1.0,0.0
366418,1733.684550744,0.0,0.0,0.0,0.0,1.0,0.0
366438,1733.704946745,0.0,0.0,0.0,0.0,1.0,0.0
366458,1733.723681029,0.0,0.0,0.0,0.0,1.0,0.0
366478,1733.743495489,0.0,0.0,0.0,0.0,1.0,0.0
366498,1733.76471043,0.0,0.0,0.0,0.0,1.0,0.0
366518,1733.784530442,0.0,0.0,0.0,0.0,1.0,0.0
366538,1733.804314496,0.0,0.0,0.0,0.0,1.0,0.0
366558,1733.8234034,0.0,0.0,0.0,0.0,1.0,0.0
366578,1733.843777235,0.0,0.0,0.0,0.0,1.0,0.0
366598,1733.863289206,0.0,0.0,0.0,0.0,1.0,0.0
366618,1733.883118021,0.0,0.0,0.0,0.0,1.0,0.0
366638,1733.904236246,0.0,0.0,0.0,0.0,1.0,0.0
366658,1733.923657946,0.0,0.0,0.0,0.0,1.0,0.0
366678,1733.943319088,0.0,0.0,0.0,0.0,1.0,0.0
366698,1733.963898225,0.0,0.0,0.0,0.0,1.0,0.0
366718,1733.983341613,0.0,0.0,0.0,0.0,1.0,0.0
366738,1734.004272229,0.0,0.0,0.0,0.0,1.0,0.0
366758,1734.023434423,0.0,0.0,0.0,0.0,1.0,0.0
366778,1734.044021957,0.0,0.0,0.0,0.0,1.0,0.0
366798,1734.064260665,0.0,0.0,0.0,0.0,1.0,0.0
366818,1734.08433812,0.0,0.0,0.0,0.0,1.0,0.0
366838,1734.103627858,0.0,0.0,0.0,0.0,1.0,0.0
366858,1734.123387975,0.0,0.0,0.0,0.0,1.0,0.0
366878,1734.144599899,0.0,0.0,0.0,0.0,1.0,0.0
366898,1734.164102119,0.0,0.0,0.0,0.0,1.0,0.0
366918,1734.184377166,0.0,0.0,0.0,0.0,1.0,0.0
366938,1734.202703355,0.0,0.0,0.0,0.0,1.0,0.0
366958,1734.224399785,0.0,0.0,0.0,0.0,1.0,0.0
366978,1734.242408535,0.0,0.0,0.0,0.0,1.0,0.0
366998,1734.264807904,0.0,0.0,0.0,0.0,1.0,0.0
367018,1734.284066096,0.0,0.0,0.0,0.0,1.0,0.0
367038,1734.303402277,0.0,0.0,0.0,0.0,1.0,0.0
367058,1734.323815879,0.0,0.0,0.0,0.0,1.0,0.0
367078,1734.34436156,0.0,0.0,0.0,0.0,1.0,0.0
367098,1734.364412546,0.0,0.0,0.0,0.0,1.0,0.0
367118,1734.383957841,0.0,0.0,0.0,0.0,1.0,0.0
367138,1734.404363725,0.0,0.0,0.0,0.0,1.0,0.0
367158,1734.423075781,0.0,0.0,0.0,0.0,1.0,0.0
367178,1734.443612179,0.0,0.0,0.0,0.0,1.0,0.0
367198,1734.464942095,0.0,0.0,0.0,0.0,1.0,0.0
367218,1734.483962815,0.0,0.0,0.0,0.0,1.0,0.0
367238,1734.503282594,0.0,0.0,0.0,0.0,1.0,0.0
367258,1734.523865047,0.0,0.0,0.0,0.0,1.0,0.0
367278,1734.544431755,0.0,0.0,0.0,0.0,1.0,0.0
367298,1734.564763062,0.0,0.0,0.0,0.0,1.0,0.0
367318,1734.584328768,0.0,0.0,0.0,0.0,1.0,0.0
367338,1734.603282432,0.0,0.0,0.0,0.0,1.0,0.0
367358,1734.624025899,0.0,0.0,0.0,0.0,1.0,0.0
367378,1734.643381057,0.0,0.0,0.0,0.0,1.0,0.0
367398,1734.664599523,0.0,0.0,0.0,0.0,1.0,0.0
367418,1734.683529369,0.0,0.0,0.0,0.0,1.0,0.0
367438,1734.702482635,0.0,0.0,0.0,0.0,1.0,0.0
367458,1734.724393488,0.0,0.0,0.0,0.0,1.0,0.0
367478,1734.743726314,0.0,0.0,0.0,0.0,1.0,0.0
367498,1734.764432155,0.0,0.0,0.0,0.0,1.0,0.0
367518,1734.783093829,0.0,0.0,0.0,0.0,1.0,0.0
367538,1734.803340576,0.0,0.0,0.0,0.0,1.0,0.0
367558,1734.823108822,0.0,0.0,0.0,0.0,1.0,0.0
367578,1734.843868586,0.0,0.0,0.0,0.0,1.0,0.0
367598,1734.864305977,0.0,0.0,0.0,0.0,1.0,0.0
367618,1734.883089164,0.0,0.0,0.0,0.0,1.0,0.0
367638,1734.902796108,0.0,0.0,0.0,0.0,1.0,0.0
367658,1734.923543362,0.0,0.0,0.0,0.0,1.0,0.0
367678,1734.944106487,0.0,0.0,0.0,0.0,1.0,0.0
367698,1734.964650134,0.0,0.0,0.0,0.0,1.0,0.0
367718,1734.983856643,0.0,0.0,0.0,0.0,1.0,0.0
367738,1735.003241701,0.0,0.0,0.0,0.0,1.0,0.0
367758,1735.023081477,0.0,0.0,0.0,0.0,1.0,0.0
367778,1735.042760492,0.0,0.0,0.0,0.0,1.0,0.0
367798,1735.064648614,0.0,0.0,0.0,0.0,1.0,0.0
367818,1735.083629964,0.0,0.0,0.0,0.0,1.0,0.0
367838,1735.103057603,0.0,0.0,0.0,0.0,1.0,0.0
367858,1735.123127203,0.0,0.0,0.0,0.0,1.0,0.0
367878,1735.143265965,0.0,0.0,0.0,0.0,1.0,0.0
367898,1735.164059084,0.0,0.0,0.0,0.0,1.0,0.0
367918,1735.182639368,0.0,0.0,0.0,0.0,1.0,0.0
367938,1735.203116577,0.0,0.0,0.0,0.0,1.0,0.0
367958,1735.222494519,0.0,0.0,0.0,0.0,1.0,0.0
367978,1735.242660135,0.0,0.0,0.0,0.0,1.0,0.0
367998,1735.263863983,0.0,0.0,0.0,0.0,1.0,0.0
368018,1735.282044929,0.0,0.0,0.0,0.0,1.0,0.0
368038,1735.302140684,0.0,0.0,0.0,0.0,1.0,0.0
368058,1735.321989328,0.0,0.0,0.0,0.0,1.0,0.0
368078,1735.342844761,0.0,0.0,0.0,0.0,1.0,0.0
368098,1735.365337859,0.0,0.0,0.0,0.0,1.0,0.0
368118,1735.382104692,0.0,0.0,0.0,0.0,1.0,0.0
368138,1735.403081736,0.0,0.0,0.0,0.0,1.0,0.0
368158,1735.423355137,0.0,0.0,0.0,0.0,1.0,0.0
368178,1735.442794245,0.0,0.0,0.0,0.0,1.0,0.0
368198,1735.464148142,0.0,0.0,0.0,0.0,1.0,0.0
368218,1735.482762421,0.0,0.0,0.0,0.0,1.0,0.0
368238,1735.502888291,0.0,0.0,0.0,0.0,1.0,0.0
368258,1735.523361073,0.0,0.0,0.0,0.0,1.0,0.0
368278,1735.542322013,0.0,0.0,0.0,0.0,1.0,0.0
368298,1735.562989394,0.0,0.0,0.0,0.0,1.0,0.0
368318,1735.582486648,0.0,0.0,0.0,0.0,1.0,0.0
368338,1735.60251688,0.0,0.0,0.0,0.0,1.0,0.0
368358,1735.621035497,0.0,0.0,0.0,0.0,1.0,0.0
368378,1735.642050555,0.0,0.0,0.0,0.0,1.0,0.0
368398,1735.661065786,0.0,0.0,0.0,0.0,1.0,0.0
368418,1735.681730552,0.0,0.0,0.0,0.0,1.0,0.0
368438,1735.701771505,0.0,0.0,0.0,0.0,1.0,0.0
368458,1735.722251066,0.0,0.0,0.0,0.0,1.0,0.0
368478,1735.74139348,0.0,0.0,0.0,0.0,1.0,0.0
368498,1735.762392385,0.0,0.0,0.0,0.0,1.0,0.0
368518,1735.782261853,0.0,0.0,0.0,0.0,1.0,0.0
368538,1735.802362661,0.0,0.0,0.0,0.0,1.0,0.0
368558,1735.822680469,0.0,0.0,0.0,0.0,1.0,0.0
368578,1735.842404853,0.0,0.0,0.0,0.0,1.0,0.0
368598,1735.862557644,0.0,0.0,0.0,0.0,1.0,0.0
368618,1735.882052212,0.0,0.0,0.0,0.0,1.0,0.0
368638,1735.902313436,0.0,0.0,0.0,0.0,1.0,0.0
368658,1735.921708302,0.0,0.0,0.0,0.0,1.0,0.0
368678,1735.942371815,0.0,0.0,0.0,0.0,1.0,0.0
368698,1735.962748837,0.0,0.0,0.0,0.0,1.0,0.0
368718,1735.982362032,0.0,0.0,0.0,0.0,1.0,0.0
368738,1736.001767868,0.0,0.0,0.0,0.0,1.0,0.0
368758,1736.02169237,0.0,0.0,0.0,0.0,1.0,0.0
368778,1736.041505696,0.0,0.0,0.0,0.0,1.0,0.0
368798,1736.061299514,0.0,0.0,0.0,0.0,1.0,0.0
368818,1736.082027341,0.0,0.0,0.0,0.0,1.0,0.0
368838,1736.101550035,0.0,0.0,0.0,0.0,1.0,0.0
368858,1736.122748109,0.0,0.0,0.0,0.0,1.0,0.0
368878,1736.142146409,0.0,0.0,0.0,0.0,1.0,0.0
368898,1736.161935572,0.0,0.0,0.0,0.0,1.0,0.0
368918,1736.182380933,0.0,0.0,0.0,0.0,1.0,0.0
368938,1736.202539003,0.0,0.0,0.0,0.0,1.0,0.0
368958,1736.221739736,0.0,0.0,0.0,0.0,1.0,0.0
368978,1736.24165853,0.0,0.0,0.0,0.0,1.0,0.0
368998,1736.262489415,0.0,0.0,0.0,0.0,1.0,0.0
369018,1736.282061343,0.0,0.0,0.0,0.0,1.0,0.0
369038,1736.302261996,0.0,0.0,0.0,0.0,1.0,0.0
369058,1736.322281114,0.0,0.0,0.0,0.0,1.0,0.0
369078,1736.342040899,0.0,0.0,0.0,0.0,1.0,0.0
369098,1736.362356408,0.0,0.0,0.0,0.0,1.0,0.0
369118,1736.382115023,0.0,0.0,0.0,0.0,1.0,0.0
369138,1736.402319881,0.0,0.0,0.0,0.0,1.0,0.0
369158,1736.4214155,0.0,0.0,0.0,0.0,1.0,0.0
369178,1736.441357385,0.0,0.0,0.0,0.0,1.0,0.0
369198,1736.462090006,0.0,0.0,0.0,0.0,1.0,0.0
369218,1736.481741691,0.0,0.0,0.0,0.0,1.0,0.0
369238,1736.502097774,0.0,0.0,0.0,0.0,1.0,0.0
369258,1736.522249698,0.0,0.0,0.0,0.0,1.0,0.0
369278,1736.542203041,0.0,0.0,0.0,0.0,1.0,0.0
369298,1736.562437006,0.0,0.0,0.0,0.0,1.0,0.0
369318,1736.581751905,0.0,0.0,0.0,0.0,1.0,0.0
369338,1736.601600936,0.0,0.0,0.0,0.0,1.0,0.0
369358,1736.621654173,0.0,0.0,0.0,0.0,1.0,0.0
369378,1736.642186107,0.0,0.0,0.0,0.0,1.0,0.0
369398,1736.661198897,0.0,0.0,0.0,0.0,1.0,0.0
369418,1736.682221058,0.0,0.0,0.0,0.0,1.0,0.0
369438,1736.701216513,0.0,0.0,0.0,0.0,1.0,0.0
369458,1736.721661468,0.0,0.0,0.0,0.0,1.0,0.0
369478,1736.742092343,0.0,0.0,0.0,0.0,1.0,0.0
369498,1736.7613714,0.0,0.0,0.0,0.0,1.0,0.0
369518,1736.7819903,0.0,0.0,0.0,0.0,1.0,0.0
369538,1736.802293195,0.0,0.0,0.0,0.0,1.0,0.0
369558,1736.822586438,0.0,0.0,0.0,0.0,1.0,0.0
369578,1736.841523924,0.0,0.0,0.0,0.0,1.0,0.0
369598,1736.861577799,0.0,0.0,0.0,0.0,1.0,0.0
369618,1736.882491041,0.0,0.0,0.0,0.0,1.0,0.0
369638,1736.902397613,0.0,0.0,0.0,0.0,1.0,0.0
369658,1736.92257117,0.0,0.0,0.0,0.0,1.0,0.0
369678,1736.941799809,0.0,0.0,0.0,0.0,1.0,0.0
369698,1736.962644289,0.0,0.0,0.0,0.0,1.0,0.0
369718,1736.981963085,0.0,0.0,0.0,0.0,1.0,0.0
369738,1737.001883308,0.0,0.0,0.0,0.0,1.0,0.0
369758,1737.021264535,0.0,0.0,0.0,0.0,1.0,0.0
369778,1737.041945068,0.0,0.0,0.0,0.0,1.0,0.0
369798,1737.062529429,0.0,0.0,0.0,0.0,1.0,0.0
369818,1737.081699854,0.0,0.0,0.0,0.0,1.0,0.0
369838,1737.101952917,0.0,0.0,0.0,0.0,1.0,0.0
369858,1737.122380432,0.0,0.0,0.0,0.0,1.0,0.0
369878,1737.141850187,0.0,0.0,0.0,0.0,1.0,0.0
369898,1737.161504146,0.0,0.0,0.0,0.0,1.0,0.0
369918,1737.182179186,0.0,0.0,0.0,0.0,1.0,0.0
369938,1737.201397485,0.0,0.0,0.0,0.0,1.0,0.0
369958,1737.222185977,0.0,0.0,0.0,0.0,1.0,0.0
369978,1737.242092516,0.0,0.0,0.0,0.0,1.0,0.0
369998,1737.2606207,0.0,0.0,0.0,0.0,1.0,0.0
370018,1737.281586835,0.0,0.0,0.0,0.0,1.0,0.0
370038,1737.301582526,0.0,0.0,0.0,0.0,1.0,0.0
370058,1737.321917541,0.0,0.0,0.0,0.0,1.0,0.0
370078,1737.341194498,0.0,0.0,0.0,0.0,1.0,0.0
370098,1737.361561913,0.0,0.0,0.0,0.0,1.0,0.0
370118,1737.380345116,0.0,0.0,0.0,0.0,1.0,0.0
370138,1737.400620371,0.0,0.0,0.0,0.0,1.0,0.0
370158,1737.420701054,0.0,0.0,0.0,0.0,1.0,0.0
370178,1737.440053069,0.0,0.0,0.0,0.0,1.0,0.0
370198,1737.460975239,0.0,0.0,0.0,0.0,1.0,0.0
370218,1737.481752325,0.0,0.0,0.0,0.0,1.0,0.0
370238,1737.499986524,0.0,0.0,0.0,0.0,1.0,0.0
370258,1737.521306233,0.0,0.0,0.0,0.0,1.0,0.0
370278,1737.540749646,0.0,0.0,0.0,0.0,1.0,0.0
370298,1737.559818694,0.0,0.0,0.0,0.0,1.0,0.0
370318,1737.580576198,0.0,0.0,0.0,0.0,1.0,0.0
370338,1737.600982159,0.0,0.0,0.0,0.0,1.0,0.0
370358,1737.620890277,0.0,0.0,0.0,0.0,1.0,0.0
370378,1737.641135734,0.0,0.0,0.0,0.0,1.0,0.0
370398,1737.659988233,0.0,0.0,0.0,0.0,1.0,0.0
370418,1737.681302709,0.0,0.0,0.0,0.0,1.0,0.0
370438,1737.700720002,0.0,0.0,0.0,0.0,1.0,0.0
370458,1737.720742863,0.0,0.0,0.0,0.0,1.0,0.0
370478,1737.74092098,0.0,0.0,0.0,0.0,1.0,0.0
370498,1737.761034313,0.0,0.0,0.0,0.0,1.0,0.0
370518,1737.779909889,0.0,0.0,0.0,0.0,1.0,0.0
370538,1737.800861849,0.0,0.0,0.0,0.0,1.0,0.0
370558,1737.820830211,0.0,0.0,0.0,0.0,1.0,0.0
370578,1737.840690494,0.0,0.0,0.0,0.0,1.0,0.0
370598,1737.860859726,0.0,0.0,0.0,0.0,1.0,0.0
370618,1737.880519889,0.0,0.0,0.0,0.0,1.0,0.0
370638,1737.901048135,0.0,0.0,0.0,0.0,1.0,0.0
370658,1737.921273662,0.0,0.0,0.0,0.0,1.0,0.0
370678,1737.940983865,0.0,0.0,0.0,0.0,1.0,0.0
370698,1737.961076678,0.0,0.0,0.0,0.0,1.0,0.0
370718,1737.980973678,0.0,0.0,0.0,0.0,1.0,0.0
370738,1738.000796381,0.0,0.0,0.0,0.0,1.0,0.0
370758,1738.020799088,0.0,0.0,0.0,0.0,1.0,0.0
370778,1738.040527186,0.0,0.0,0.0,0.0,1.0,0.0
370798,1738.061528114,0.0,0.0,0.0,0.0,1.0,0.0
370818,1738.080636166,0.0,0.0,0.0,0.0,1.0,0.0
370838,1738.101309033,0.0,0.0,0.0,0.0,1.0,0.0
370858,1738.120988427,0.0,0.0,0.0,0.0,1.0,0.0
370878,1738.141711147,0.0,0.0,0.0,0.0,1.0,0.0
370898,1738.16178306,0.0,0.0,0.0,0.0,1.0,0.0
370918,1738.18114819,0.0,0.0,0.0,0.0,1.0,0.0
370938,1738.201321221,0.0,0.0,0.0,0.0,1.0,0.0
370958,1738.221145266,0.0,0.0,0.0,0.0,1.0,0.0
370978,1738.240774015,0.0,0.0,0.0,0.0,1.0,0.0
370998,1738.260708926,0.0,0.0,0.0,0.0,1.0,0.0
371018,1738.281798071,0.0,0.0,0.0,0.0,1.0,0.0
371038,1738.300744667,0.0,0.0,0.0,0.0,1.0,0.0
371058,1738.320845735,0.0,0.0,0.0,0.0,1.0,0.0
371078,1738.340573671,0.0,0.0,0.0,0.0,1.0,0.0
371098,1738.360717963,0.0,0.0,0.0,0.0,1.0,0.0
371118,1738.380118357,0.0,0.0,0.0,0.0,1.0,0.0
371138,1738.401915794,0.0,0.0,0.0,0.0,1.0,0.0
371158,1738.42138817,0.0,0.0,0.0,0.0,1.0,0.0
371178,1738.440865919,0.0,0.0,0.0,0.0,1.0,0.0
371198,1738.46154859,0.0,0.0,0.0,0.0,1.0,0.0
371218,1738.481523771,0.0,0.0,0.0,0.0,1.0,0.0
371238,1738.501532091,0.0,0.0,0.0,0.0,1.0,0.0
371258,1738.521862615,0.0,0.0,0.0,0.0,1.0,0.0
371278,1738.541352801,0.0,0.0,0.0,0.0,1.0,0.0
371298,1738.562127694,0.0,0.0,0.0,0.0,1.0,0.0
371318,1738.581409262,0.0,0.0,0.0,0.0,1.0,0.0
371338,1738.601630067,0.0,0.0,0.0,0.0,1.0,0.0
371358,1738.621122117,0.0,0.0,0.0,0.0,1.0,0.0
371378,1738.641384084,0.0,0.0,0.0,0.0,1.0,0.0
371398,1738.66059775,0.0,0.0,0.0,0.0,1.0,0.0
371418,1738.68136755,0.0,0.0,0.0,0.0,1.0,0.0
371438,1738.702054416,0.0,0.0,0.0,0.0,1.0,0.0
371458,1738.721379973,0.0,0.0,0.0,0.0,1.0,0.0
371478,1738.741567897,0.0,0.0,0.0,0.0,1.0,0.0
371498,1738.760664256,0.0,0.0,0.0,0.0,1.0,0.0
371518,1738.782111437,0.0,0.0,0.0,0.0,1.0,0.0
371538,1738.801138587,0.0,0.0,0.0,0.0,1.0,0.0
371558,1738.820606488,0.0,0.0,0.0,0.0,1.0,0.0
371578,1738.841061659,0.0,0.0,0.0,0.0,1.0,0.0
371598,1738.861858347,0.0,0.0,0.0,0.0,1.0,0.0
371618,1738.881783803,0.0,0.0,0.0,0.0,1.0,0.0
371638,1738.901527916,0.0,0.0,0.0,0.0,1.0,0.0
371658,1738.920522855,0.0,0.0,0.0,0.0,1.0,0.0
371678,1738.940788149,0.0,0.0,0.0,0.0,1.0,0.0
371698,1738.960443066,0.0,0.0,0.0,0.0,1.0,0.0
371718,1738.980080831,0.0,0.0,0.0,0.0,1.0,0.0
371738,1738.999929641,0.0,0.0,0.0,0.0,1.0,0.0
371758,1739.019052415,0.0,0.0,0.0,0.0,1.0,0.0
371778,1739.03983378,0.0,0.0,0.0,0.0,1.0,0.0
371798,1739.05938923,0.0,0.0,0.0,0.0,1.0,0.0
371818,1739.080429584,0.0,0.0,0.0,0.0,1.0,0.0
371838,1739.100423776,0.0,0.0,0.0,0.0,1.0,0.0
371858,1739.120562198,0.0,0.0,0.0,0.0,1.0,0.0
371878,1739.139745507,0.0,0.0,0.0,0.0,1.0,0.0
371898,1739.159816352,0.0,0.0,0.0,0.0,1.0,0.0
371918,1739.182020943,0.0,0.0,0.0,0.0,1.0,0.0
371938,1739.200100671,0.0,0.0,0.0,0.0,1.0,0.0
371958,1739.219414428,0.0,0.0,0.0,0.0,1.0,0.0
371978,1739.240053109,0.0,0.0,0.0,0.0,1.0,0.0
371998,1739.2600937,0.0,0.0,0.0,0.0,1.0,0.0
372018,1739.282121335,0.0,0.0,0.0,0.0,1.0,0.0
372038,1739.299951996,0.0,0.0,0.0,0.0,1.0,0.0
372058,1739.320057574,0.0,0.0,0.0,0.0,1.0,0.0
372078,1739.341032674,0.0,0.0,0.0,0.0,1.0,0.0
372098,1739.359468804,0.0,0.0,0.0,0.0,1.0,0.0
372118,1739.381500406,0.0,0.0,0.0,0.0,1.0,0.0
372138,1739.400345975,0.0,0.0,0.0,0.0,1.0,0.0
372158,1739.420533436,0.0,0.0,0.0,0.0,1.0,0.0
372178,1739.440520353,0.0,0.0,0.0,0.0,1.0,0.0
372198,1739.459497013,0.0,0.0,0.0,0.0,1.0,0.0
372218,1739.482110532,0.0,0.0,0.0,0.0,1.0,0.0
372238,1739.500445918,0.0,0.0,0.0,0.0,1.0,0.0
372258,1739.5192821,0.0,0.0,0.0,0.0,1.0,0.0
372278,1739.540233937,0.0,0.0,0.0,0.0,1.0,0.0
372298,1739.560471079,0.0,0.0,0.0,0.0,1.0,0.0
372318,1739.581779309,0.0,0.0,0.0,0.0,1.0,0.0
372338,1739.59937588,0.0,0.0,0.0,0.0,1.0,0.0
372358,1739.620054941,0.0,0.0,0.0,0.0,1.0,0.0
372378,1739.638864195,0.0,0.0,0.0,0.0,1.0,0.0
372398,1739.65977472,0.0,0.0,0.0,0.0,1.0,0.0
372418,1739.682253082,0.0,0.0,0.0,0.0,1.0,0.0
372438,1739.6998617,0.0,0.0,0.0,0.0,1.0,0.0
372458,1739.72079049,0.0,0.0,0.0,0.0,1.0,0.0
372478,1739.739533979,0.0,0.0,0.0,0.0,1.0,0.0
372498,1739.759388746,0.0,0.0,0.0,0.0,1.0,0.0
372518,1739.78158628,0.0,0.0,0.0,0.0,1.0,0.0
372538,1739.799773058,0.0,0.0,0.0,0.0,1.0,0.0
372558,1739.820377305,0.0,0.0,0.0,0.0,1.0,0.0
372578,1739.839518786,0.0,0.0,0.0,0.0,1.0,0.0
372598,1739.859799515,0.0,0.0,0.0,0.0,1.0,0.0
372618,1739.879698652,0.0,0.0,0.0,0.0,1.0,0.0
372638,1739.899726289,0.0,0.0,0.0,0.0,1.0,0.0
372658,1739.919613074,0.0,0.0,0.0,0.0,1.0,0.0
372678,1739.940059543,0.0,0.0,0.0,0.0,1.0,0.0
372698,1739.959609699,0.0,0.0,0.0,0.0,1.0,0.0
372718,1739.98033212,0.0,0.0,0.0,0.0,1.0,0.0
372738,1739.999862578,0.0,0.0,0.0,0.0,1.0,0.0
372758,1740.020107626,0.0,0.0,0.0,0.0,1.0,0.0
372778,1740.03981615,0.0,0.0,0.0,0.0,1.0,0.0
372798,1740.060042138,0.0,0.0,0.0,0.0,1.0,0.0
372818,1740.080152202,0.0,0.0,0.0,0.0,1.0,0.0
372838,1740.099765367,0.0,0.0,0.0,0.0,1.0,0.0
372858,1740.118873557,0.0,0.0,0.0,0.0,1.0,0.0
372878,1740.139933497,0.0,0.0,0.0,0.0,1.0,0.0
372898,1740.159092291,0.0,0.0,0.0,0.0,1.0,0.0
372918,1740.179458244,0.0,0.0,0.0,0.0,1.0,0.0
372938,1740.199097322,0.0,0.0,0.0,0.0,1.0,0.0
372958,1740.21845051,0.0,0.0,0.0,0.0,1.0,0.0
372978,1740.238852248,0.0,0.0,0.0,0.0,1.0,0.0
372998,1740.257698758,0.0,0.0,0.0,0.0,1.0,0.0
373018,1740.279849343,0.0,0.0,0.0,0.0,1.0,0.0
373038,1740.298972612,0.0,0.0,0.0,0.0,1.0,0.0
373058,1740.319087239,0.0,0.0,0.0,0.0,1.0,0.0
373078,1740.337964153,0.0,0.0,0.0,0.0,1.0,0.0
373098,1740.358695741,0.0,0.0,0.0,0.0,1.0,0.0
373118,1740.379673615,0.0,0.0,0.0,0.0,1.0,0.0
373138,1740.398722586,0.0,0.0,0.0,0.0,1.0,0.0
373158,1740.418960954,0.0,0.0,0.0,0.0,1.0,0.0
373178,1740.438929906,0.0,0.0,0.0,0.0,1.0,0.0
373198,1740.458720728,0.0,0.0,0.0,0.0,1.0,0.0
373218,1740.47896834,0.0,0.0,0.0,0.0,1.0,0.0
373238,1740.499752107,0.0,0.0,0.0,0.0,1.0,0.0
373258,1740.518256707,0.0,0.0,0.0,0.0,1.0,0.0
373278,1740.540332729,0.0,0.0,0.0,0.0,1.0,0.0
373298,1740.558374046,0.0,0.0,0.0,0.0,1.0,0.0
373318,1740.579510978,0.0,0.0,0.0,0.0,1.0,0.0
373338,1740.598798542,0.0,0.0,0.0,0.0,1.0,0.0
373358,1740.618667683,0.0,0.0,0.0,0.0,1.0,0.0
373378,1740.63885038,0.0,0.0,0.0,0.0,1.0,0.0
373398,1740.658954021,0.0,0.0,0.0,0.0,1.0,0.0
373418,1740.679052171,0.0,0.0,0.0,0.0,1.0,0.0
373438,1740.698753328,0.0,0.0,0.0,0.0,1.0,0.0
373458,1740.71861769,0.0,0.0,0.0,0.0,1.0,0.0
373478,1740.73865507,0.0,0.0,0.0,0.0,1.0,0.0
373498,1740.758873099,0.0,0.0,0.0,0.0,1.0,0.0
373518,1740.779087427,0.0,0.0,0.0,0.0,1.0,0.0
373538,1740.799619901,0.0,0.0,0.0,0.0,1.0,0.0
373558,1740.819772309,0.0,0.0,0.0,0.0,1.0,0.0
373578,1740.840030658,0.0,0.0,0.0,0.0,1.0,0.0
373598,1740.85959955,0.0,0.0,0.0,0.0,1.0,0.0
373618,1740.879568412,0.0,0.0,0.0,0.0,1.0,0.0
373638,1740.899506671,0.0,0.0,0.0,0.0,1.0,0.0
373658,1740.918964546,0.0,0.0,0.0,0.0,1.0,0.0
373678,1740.938783031,0.0,0.0,0.0,0.0,1.0,0.0
373698,1740.959122226,0.0,0.0,0.0,0.0,1.0,0.0
373718,1740.979439337,0.0,0.0,0.0,0.0,1.0,0.0
373738,1740.998512613,0.0,0.0,0.0,0.0,1.0,0.0
373758,1741.018535315,0.0,0.0,0.0,0.0,1.0,0.0
373778,1741.038539144,0.0,0.0,0.0,0.0,1.0,0.0
373798,1741.059068814,0.0,0.0,0.0,0.0,1.0,0.0
373818,1741.079056538,0.0,0.0,0.0,0.0,1.0,0.0
373838,1741.098512732,0.0,0.0,0.0,0.0,1.0,0.0
373858,1741.118255515,0.0,0.0,0.0,0.0,1.0,0.0
373878,1741.139145409,0.0,0.0,0.0,0.0,1.0,0.0
373898,1741.159134451,0.0,0.0,0.0,0.0,1.0,0.0
373918,1741.179382008,0.0,0.0,0.0,0.0,1.0,0.0
373938,1741.199382888,0.0,0.0,0.0,0.0,1.0,0.0
373958,1741.219648041,0.0,0.0,0.0,0.0,1.0,0.0
373978,1741.238617517,0.0,0.0,0.0,0.0,1.0,0.0
373998,1741.259177868,0.0,0.0,0.0,0.0,1.0,0.0
374018,1741.278371102,0.0,0.0,0.0,0.0,1.0,0.0
374038,1741.299566291,0.0,0.0,0.0,0.0,1.0,0.0
374058,1741.31852447,0.0,0.0,0.0,0.0,1.0,0.0
374078,1741.3385956,0.0,0.0,0.0,0.0,1.0,0.0
374098,1741.358872056,0.0,0.0,0.0,0.0,1.0,0.0
374118,1741.379141799,0.0,0.0,0.0,0.0,1.0,0.0
374138,1741.399233603,0.0,0.0,0.0,0.0,1.0,0.0
374158,1741.41838175,0.0,0.0,0.0,0.0,1.0,0.0
374178,1741.439500826,0.0,0.0,0.0,0.0,1.0,0.0
374198,1741.459109646,0.0,0.0,0.0,0.0,1.0,0.0
374218,1741.479528902,0.0,0.0,0.0,0.0,1.0,0.0
374238,1741.499319965,0.0,0.0,0.0,0.0,1.0,0.0
374258,1741.517972518,0.0,0.0,0.0,0.0,1.0,0.0
374278,1741.538585581,0.0,0.0,0.0,0.0,1.0,0.0
374298,1741.559337088,0.0,0.0,0.0,0.0,1.0,0.0
374318,1741.579363735,0.0,0.0,0.0,0.0,1.0,0.0
374338,1741.598086954,0.0,0.0,0.0,0.0,1.0,0.0
374358,1741.618422371,0.0,0.0,0.0,0.0,1.0,0.0
374378,1741.63890391,0.0,0.0,0.0,0.0,1.0,0.0
374398,1741.6585559,0.0,0.0,0.0,0.0,1.0,0.0
374418,1741.678584094,0.0,0.0,0.0,0.0,1.0,0.0
374438,1741.696163595,0.0,0.0,0.0,0.0,1.0,0.0
374458,1741.717376036,0.0,0.0,0.0,0.0,1.0,0.0
374478,1741.737667061,0.0,0.0,0.0,0.0,1.0,0.0
374498,1741.758052741,0.0,0.0,0.0,0.0,1.0,0.0
374518,1741.778104683,0.0,0.0,0.0,0.0,1.0,0.0
374538,1741.798320483,0.0,0.0,0.0,0.0,1.0,0.0
374558,1741.819168938,0.0,0.0,0.0,0.0,1.0,0.0
374578,1741.838992518,0.0,0.0,0.0,0.0,1.0,0.0
374598,1741.858342471,0.0,0.0,0.0,0.0,1.0,0.0
374618,1741.878826006,0.0,0.0,0.0,0.0,1.0,0.0
374638,1741.898856065,0.0,0.0,0.0,0.0,1.0,0.0
374658,1741.91817464,0.0,0.0,0.0,0.0,1.0,0.0
374678,1741.938620632,0.0,0.0,0.0,0.0,1.0,0.0
374698,1741.957442411,0.0,0.0,0.0,0.0,1.0,0.0
374718,1741.978593947,0.0,0.0,0.0,0.0,1.0,0.0
374738,1741.998483069,0.0,0.0,0.0,0.0,1.0,0.0
374758,1742.018145338,0.0,0.0,0.0,0.0,1.0,0.0
374778,1742.038037826,0.0,0.0,0.0,0.0,1.0,0.0
374798,1742.058636079,0.0,0.0,0.0,0.0,1.0,0.0
374818,1742.077745469,0.0,0.0,0.0,0.0,1.0,0.0
374838,1742.097887865,0.0,0.0,0.0,0.0,1.0,0.0
374858,1742.11748744,0.0,0.0,0.0,0.0,1.0,0.0
374878,1742.137643812,0.0,0.0,0.0,0.0,1.0,0.0
374898,1742.157727386,0.0,0.0,0.0,0.0,1.0,0.0
374918,1742.178223297,0.0,0.0,0.0,0.0,1.0,0.0
374938,1742.197912875,0.0,0.0,0.0,0.0,1.0,0.0
374958,1742.217600055,0.0,0.0,0.0,0.0,1.0,0.0
374978,1742.237338165,0.0,0.0,0.0,0.0,1.0,0.0
374998,1742.258017837,0.0,0.0,0.0,0.0,1.0,0.0
375018,1742.277636009,0.0,0.0,0.0,0.0,1.0,0.0
375038,1742.298121289,0.0,0.0,0.0,0.0,1.0,0.0
375058,1742.317507026,0.0,0.0,0.0,0.0,1.0,0.0
375078,1742.337500602,0.0,0.0,0.0,0.0,1.0,0.0
375098,1742.357041149,0.0,0.0,0.0,0.0,1.0,0.0
375118,1742.378192831,0.0,0.0,0.0,0.0,1.0,0.0
375138,1742.398361028,0.0,0.0,0.0,0.0,1.0,0.0
375158,1742.418054117,0.0,0.0,0.0,0.0,1.0,0.0
375178,1742.438529796,0.0,0.0,0.0,0.0,1.0,0.0
375198,1742.458910674,0.0,0.0,0.0,0.0,1.0,0.0
375218,1742.477803337,0.0,0.0,0.0,0.0,1.0,0.0
375238,1742.4977561,0.0,0.0,0.0,0.0,1.0,0.0
375258,1742.517513027,0.0,0.0,0.0,0.0,1.0,0.0
375278,1742.538381325,0.0,0.0,0.0,0.0,1.0,0.0
375298,1742.55914202,0.0,0.0,0.0,0.0,1.0,0.0
375318,1742.577757925,0.0,0.0,0.0,0.0,1.0,0.0
375338,1742.598738157,0.0,0.0,0.0,0.0,1.0,0.0
375358,1742.61767655,0.0,0.0,0.0,0.0,1.0,0.0
375378,1742.638082215,0.0,0.0,0.0,0.0,1.0,0.0
375398,1742.658299637,0.0,0.0,0.0,0.0,1.0,0.0
375418,1742.678506625,0.0,0.0,0.0,0.0,1.0,0.0
375438,1742.698073432,0.0,0.0,0.0,0.0,1.0,0.0
375458,1742.718618168,0.0,0.0,0.0,0.0,1.0,0.0
375478,1742.737879142,0.0,0.0,0.0,0.0,1.0,0.0
375498,1742.757668092,0.0,0.0,0.0,0.0,1.0,0.0
375518,1742.778208214,0.0,0.0,0.0,0.0,1.0,0.0
375538,1742.797912536,0.0,0.0,0.0,0.0,1.0,0.0
375558,1742.817392631,0.0,0.0,0.0,0.0,1.0,0.0
375578,1742.838656998,0.0,0.0,0.0,0.0,1.0,0.0
375598,1742.857061665,0.0,0.0,0.0,0.0,1.0,0.0
375618,1742.878143686,0.0,0.0,0.0,0.0,1.0,0.0
375638,1742.897560335,0.0,0.0,0.0,0.0,1.0,0.0
375658,1742.918388896,0.0,0.0,0.0,0.0,1.0,0.0
375678,1742.9370799,0.0,0.0,0.0,0.0,1.0,0.0
375698,1742.95741539,0.0,0.0,0.0,0.0,1.0,0.0
375718,1742.977377472,0.0,0.0,0.0,0.0,1.0,0.0
375738,1742.997585228,0.0,0.0,0.0,0.0,1.0,0.0
375758,1743.017566413,0.0,0.0,0.0,0.0,1.0,0.0
375778,1743.036661956,0.0,0.0,0.0,0.0,1.0,0.0
375798,1743.05793012,0.0,0.0,0.0,0.0,1.0,0.0
375818,1743.076821289,0.0,0.0,0.0,0.0,1.0,0.0
375838,1743.098060973,0.0,0.0,0.0,0.0,1.0,0.0
375858,1743.118908603,0.0,0.0,0.0,0.0,1.0,0.0
375878,1743.136823949,0.0,0.0,0.0,0.0,1.0,0.0
375898,1743.158706012,0.0,0.0,0.0,0.0,1.0,0.0
375918,1743.177943966,0.0,0.0,0.0,0.0,1.0,0.0
375938,1743.198700282,0.0,0.0,0.0,0.0,1.0,0.0
375958,1743.21809496,0.0,0.0,0.0,0.0,1.0,0.0
375978,1743.23855916,0.0,0.0,0.0,0.0,1.0,0.0
375998,1743.257475446,0.0,0.0,0.0,0.0,1.0,0.0
376018,1743.275231114,0.0,0.0,0.0,0.0,1.0,0.0
376038,1743.294892698,0.0,0.0,0.0,0.0,1.0,0.0
376058,1743.315151748,0.0,0.0,0.0,0.0,1.0,0.0
376078,1743.336690699,0.0,0.0,0.0,0.0,1.0,0.0
376098,1743.35861336,0.0,0.0,0.0,0.0,1.0,0.0
376118,1743.377403322,0.0,0.0,0.0,0.0,1.0,0.0
376138,1743.399393598,0.0,0.0,0.0,0.0,1.0,0.0
376158,1743.416931796,0.0,0.0,0.0,0.0,1.0,0.0
376178,1743.437137875,0.0,0.0,0.0,0.0,1.0,0.0
376198,1743.456921405,0.0,0.0,0.0,0.0,1.0,0.0
376218,1743.47755321,0.0,0.0,0.0,0.0,1.0,0.0
376238,1743.497355423,0.0,0.0,0.0,0.0,1.0,0.0
376258,1743.517035459,0.0,0.0,0.0,0.0,1.0,0.0
376278,1743.537949334,0.0,0.0,0.0,0.0,1.0,0.0
376298,1743.557888352,0.0,0.0,0.0,0.0,1.0,0.0
376318,1743.577654291,0.0,0.0,0.0,0.0,1.0,0.0
376338,1743.599704894,0.0,0.0,0.0,0.0,1.0,0.0
376358,1743.616637426,0.0,0.0,0.0,0.0,1.0,0.0
376378,1743.636634575,0.0,0.0,0.0,0.0,1.0,0.0
376398,1743.656792281,0.0,0.0,0.0,0.0,1.0,0.0
376418,1743.677166093,0.0,0.0,0.0,0.0,1.0,0.0
376438,1743.698520622,0.0,0.0,0.0,0.0,1.0,0.0
376458,1743.717748189,0.0,0.0,0.0,0.0,1.0,0.0
376478,1743.736451436,0.0,0.0,0.0,0.0,1.0,0.0
376498,1743.756132163,0.0,0.0,0.0,0.0,1.0,0.0
376518,1743.77737343,0.0,0.0,0.0,0.0,1.0,0.0
376538,1743.798601866,0.0,0.0,0.0,0.0,1.0,0.0
376558,1743.816901951,0.0,0.0,0.0,0.0,1.0,0.0
376578,1743.837555188,0.0,0.0,0.0,0.0,1.0,0.0
376598,1743.857539937,0.0,0.0,0.0,0.0,1.0,0.0
376618,1743.877212163,0.0,0.0,0.0,0.0,1.0,0.0
376638,1743.899242128,0.0,0.0,0.0,0.0,1.0,0.0
376658,1743.917949569,0.0,0.0,0.0,0.0,1.0,0.0
376678,1743.936860045,0.0,0.0,0.0,0.0,1.0,0.0
376698,1743.957367725,0.0,0.0,0.0,0.0,1.0,0.0
376718,1743.976817645,0.0,0.0,0.0,0.0,1.0,0.0
376738,1743.999564628,0.0,0.0,0.0,0.0,1.0,0.0
376758,1744.01616388,0.0,0.0,0.0,0.0,1.0,0.0
376778,1744.037072149,0.0,0.0,0.0,0.0,1.0,0.0
376798,1744.057519586,0.0,0.0,0.0,0.0,1.0,0.0
376818,1744.076830941,0.0,0.0,0.0,0.0,1.0,0.0
376838,1744.099118742,0.0,0.0,0.0,0.0,1.0,0.0
376858,1744.117064202,0.0,0.0,0.0,0.0,1.0,0.0
376878,1744.136562869,0.0,0.0,0.0,0.0,1.0,0.0
376898,1744.157759922,0.0,0.0,0.0,0.0,1.0,0.0
376918,1744.177494428,0.0,0.0,0.0,0.0,1.0,0.0
376938,1744.198943233,0.0,0.0,0.0,0.0,1.0,0.0
376958,1744.216307786,0.0,0.0,0.0,0.0,1.0,0.0
376978,1744.237078736,0.0,0.0,0.0,0.0,1.0,0.0
376998,1744.256472863,0.0,0.0,0.0,0.0,1.0,0.0
377018,1744.276858466,0.0,0.0,0.0,0.0,1.0,0.0
377038,1744.297635196,0.0,0.0,0.0,0.0,1.0,0.0
377058,1744.318319513,0.0,0.0,0.0,0.0,1.0,0.0
377078,1744.337875592,0.0,0.0,0.0,0.0,1.0,0.0
377098,1744.35754839,0.0,0.0,0.0,0.0,1.0,0.0
377118,1744.377532235,0.0,0.0,0.0,0.0,1.0,0.0
377138,1744.397079105,0.0,0.0,0.0,0.0,1.0,0.0
377158,1744.41681088,0.0,0.0,0.0,0.0,1.0,0.0
377178,1744.437457654,0.0,0.0,0.0,0.0,1.0,0.0
377198,1744.456770472,0.0,0.0,0.0,0.0,1.0,0.0
377218,1744.477467553,0.0,0.0,0.0,0.0,1.0,0.0
377238,1744.496888685,0.0,0.0,0.0,0.0,1.0,0.0
377258,1744.516637113,0.0,0.0,0.0,0.0,1.0,0.0
377278,1744.537486917,0.0,0.0,0.0,0.0,1.0,0.0
377298,1744.556643623,0.0,0.0,0.0,0.0,1.0,0.0
377318,1744.57634124,0.0,0.0,0.0,0.0,1.0,0.0
377338,1744.596761518,0.0,0.0,0.0,0.0,1.0,0.0
377358,1744.616468819,0.0,0.0,0.0,0.0,1.0,0.0
377378,1744.637743769,0.0,0.0,0.0,0.0,1.0,0.0
377398,1744.656376639,0.0,0.0,0.0,0.0,1.0,0.0
377418,1744.676873174,0.0,0.0,0.0,0.0,1.0,0.0
377438,1744.696752686,0.0,0.0,0.0,0.0,1.0,0.0
377458,1744.716093152,0.0,0.0,0.0,0.0,1.0,0.0
377478,1744.736598698,0.0,0.0,0.0,0.0,1.0,0.0
377498,1744.756262321,0.0,0.0,0.0,0.0,1.0,0.0
377518,1744.776268653,0.0,0.0,0.0,0.0,1.0,0.0
377538,1744.796810563,0.0,0.0,0.0,0.0,1.0,0.0
377558,1744.81588245,0.0,0.0,0.0,0.0,1.0,0.0
377578,1744.836028779,0.0,0.0,0.0,0.0,1.0,0.0
377598,1744.856295414,0.0,0.0,0.0,0.0,1.0,0.0
377618,1744.875448247,0.0,0.0,0.0,0.0,1.0,0.0
377638,1744.896379643,0.0,0.0,0.0,0.0,1.0,0.0
377658,1744.915865469,0.0,0.0,0.0,0.0,1.0,0.0
377678,1744.935745518,0.0,0.0,0.0,0.0,1.0,0.0
377698,1744.956423304,0.0,0.0,0.0,0.0,1.0,0.0
377718,1744.976486168,0.0,0.0,0.0,0.0,1.0,0.0
377738,1744.995966972,0.0,0.0,0.0,0.0,1.0,0.0
377758,1745.015428845,0.0,0.0,0.0,0.0,1.0,0.0
377778,1745.034947747,0.0,0.0,0.0,0.0,1.0,0.0
377798,1745.05595713,0.0,0.0,0.0,0.0,1.0,0.0
377818,1745.075989459,0.0,0.0,0.0,0.0,1.0,0.0
377838,1745.095653339,0.0,0.0,0.0,0.0,1.0,0.0
377858,1745.11563478,0.0,0.0,0.0,0.0,1.0,0.0
377878,1745.136264312,0.0,0.0,0.0,0.0,1.0,0.0
377898,1745.156069002,0.0,0.0,0.0,0.0,1.0,0.0
377918,1745.175267608,0.0,0.0,0.0,0.0,1.0,0.0
377938,1745.195886741,0.0,0.0,0.0,0.0,1.0,0.0
377958,1745.21538298,0.0,0.0,0.0,0.0,1.0,0.0
377978,1745.234868345,0.0,0.0,0.0,0.0,1.0,0.0
377998,1745.255808474,0.0,0.0,0.0,0.0,1.0,0.0
378018,1745.276337493,0.0,0.0,0.0,0.0,1.0,0.0
378038,1745.295450238,0.0,0.0,0.0,0.0,1.0,0.0
378058,1745.315914519,0.0,0.0,0.0,0.0,1.0,0.0
378078,1745.335024937,0.0,0.0,0.0,0.0,1.0,0.0
378098,1745.355444072,0.0,0.0,0.0,0.0,1.0,0.0
378118,1745.375949764,0.0,0.0,0.0,0.0,1.0,0.0
378138,1745.39514438,0.0,0.0,0.0,0.0,1.0,0.0
378158,1745.415430452,0.0,0.0,0.0,0.0,1.0,0.0
378178,1745.435787018,0.0,0.0,0.0,0.0,1.0,0.0
378198,1745.454680911,0.0,0.0,0.0,0.0,1.0,0.0
378218,1745.475059854,0.0,0.0,0.0,0.0,1.0,0.0
378238,1745.495751809,0.0,0.0,0.0,0.0,1.0,0.0
378258,1745.514030336,0.0,0.0,0.0,0.0,1.0,0.0
378278,1745.534890972,0.0,0.0,0.0,0.0,1.0,0.0
378298,1745.555138505,0.0,0.0,0.0,0.0,1.0,0.0
378318,1745.574991711,0.0,0.0,0.0,0.0,1.0,0.0
378338,1745.594281652,0.0,0.0,0.0,0.0,1.0,0.0
378358,1745.615228772,0.0,0.0,0.0,0.0,1.0,0.0
378378,1745.635368033,0.0,0.0,0.0,0.0,1.0,0.0
378398,1745.655685979,0.0,0.0,0.0,0.0,1.0,0.0
378418,1745.674029335,0.0,0.0,0.0,0.0,1.0,0.0
378438,1745.694622876,0.0,0.0,0.0,0.0,1.0,0.0
378458,1745.715932139,0.0,0.0,0.0,0.0,1.0,0.0
378478,1745.734754154,0.0,0.0,0.0,0.0,1.0,0.0
378498,1745.754941334,0.0,0.0,0.0,0.0,1.0,0.0
378518,1745.774770297,0.0,0.0,0.0,0.0,1.0,0.0
378538,1745.794895976,0.0,0.0,0.0,0.0,1.0,0.0
378558,1745.815742021,0.0,0.0,0.0,0.0,1.0,0.0
378578,1745.834915962,0.0,0.0,0.0,0.0,1.0,0.0
378598,1745.855191818,0.0,0.0,0.0,0.0,1.0,0.0
378618,1745.875352334,0.0,0.0,0.0,0.0,1.0,0.0
378638,1745.8945437,0.0,0.0,0.0,0.0,1.0,0.0
378658,1745.914787576,0.0,0.0,0.0,0.0,1.0,0.0
378678,1745.934734688,0.0,0.0,0.0,0.0,1.0,0.0
378698,1745.954793182,0.0,0.0,0.0,0.0,1.0,0.0
378718,1745.975374789,0.0,0.0,0.0,0.0,1.0,0.0
378738,1745.994847797,0.0,0.0,0.0,0.0,1.0,0.0
378758,1746.015270083,0.0,0.0,0.0,0.0,1.0,0.0
378778,1746.034132881,0.0,0.0,0.0,0.0,1.0,0.0
378798,1746.055284879,0.0,0.0,0.0,0.0,1.0,0.0
378818,1746.0754126,0.0,0.0,0.0,0.0,1.0,0.0
378838,1746.094028499,0.0,0.0,0.0,0.0,1.0,0.0
378858,1746.113992127,0.0,0.0,0.0,0.0,1.0,0.0
378878,1746.135411911,0.0,0.0,0.0,0.0,1.0,0.0
378898,1746.154748915,0.0,0.0,0.0,0.0,1.0,0.0
378918,1746.175315879,0.0,0.0,0.0,0.0,1.0,0.0
378938,1746.193972277,0.0,0.0,0.0,0.0,1.0,0.0
378958,1746.214604085,0.0,0.0,0.0,0.0,1.0,0.0
378978,1746.234599885,0.0,0.0,0.0,0.0,1.0,0.0
378998,1746.254663761,0.0,0.0,0.0,0.0,1.0,0.0
379018,1746.27542779,0.0,0.0,0.0,0.0,1.0,0.0
379038,1746.294340086,0.0,0.0,0.0,0.0,1.0,0.0
379058,1746.314909393,0.0,0.0,0.0,0.0,1.0,0.0
379078,1746.33514394,0.0,0.0,0.0,0.0,1.0,0.0
379098,1746.355587652,0.0,0.0,0.0,0.0,1.0,0.0
379118,1746.374353104,0.0,0.0,0.0,0.0,1.0,0.0
379138,1746.394356381,0.0,0.0,0.0,0.0,1.0,0.0
379158,1746.414078358,0.0,0.0,0.0,0.0,1.0,0.0
379178,1746.435283946,0.0,0.0,0.0,0.0,1.0,0.0
379198,1746.455215884,0.0,0.0,0.0,0.0,1.0,0.0
379218,1746.475288655,0.0,0.0,0.0,0.0,1.0,0.0
379238,1746.494873662,0.0,0.0,0.0,0.0,1.0,0.0
379258,1746.514809931,0.0,0.0,0.0,0.0,1.0,0.0
379278,1746.535498099,0.0,0.0,0.0,0.0,1.0,0.0
379298,1746.554473792,0.0,0.0,0.0,0.0,1.0,0.0
379318,1746.573947758,0.0,0.0,0.0,0.0,1.0,0.0
379338,1746.594358852,0.0,0.0,0.0,0.0,1.0,0.0
379358,1746.61506837,0.0,0.0,0.0,0.0,1.0,0.0
379378,1746.635429254,0.0,0.0,0.0,0.0,1.0,0.0
379398,1746.655712623,0.0,0.0,0.0,0.0,1.0,0.0
379418,1746.674385371,0.0,0.0,0.0,0.0,1.0,0.0
379438,1746.694461423,0.0,0.0,0.0,0.0,1.0,0.0
379458,1746.715309225,0.0,0.0,0.0,0.0,1.0,0.0
379478,1746.734364728,0.0,0.0,0.0,0.0,1.0,0.0
379498,1746.754843684,0.0,0.0,0.0,0.0,1.0,0.0
379518,1746.77499016,0.0,0.0,0.0,0.0,1.0,0.0
379538,1746.795268077,0.0,0.0,0.0,0.0,1.0,0.0
379558,1746.814803867,0.0,0.0,0.0,0.0,1.0,0.0
379578,1746.834932819,0.0,0.0,0.0,0.0,1.0,0.0
379598,1746.855118766,0.0,0.0,0.0,0.0,1.0,0.0
379618,1746.875402858,0.0,0.0,0.0,0.0,1.0,0.0
379638,1746.894284417,0.0,0.0,0.0,0.0,1.0,0.0
379658,1746.914376468,0.0,0.0,0.0,0.0,1.0,0.0
379678,1746.934137045,0.0,0.0,0.0,0.0,1.0,0.0
379698,1746.954357344,0.0,0.0,0.0,0.0,1.0,0.0
379718,1746.974792769,0.0,0.0,0.0,0.0,1.0,0.0
379738,1746.993856058,0.0,0.0,0.0,0.0,1.0,0.0
379758,1747.013876674,0.0,0.0,0.0,0.0,1.0,0.0
379778,1747.035315974,0.0,0.0,0.0,0.0,1.0,0.0
379798,1747.054636849,0.0,0.0,0.0,0.0,1.0,0.0
379818,1747.074113751,0.0,0.0,0.0,0.0,1.0,0.0
379838,1747.094341898,0.0,0.0,0.0,0.0,1.0,0.0
379858,1747.114980954,0.0,0.0,0.0,0.0,1.0,0.0
379878,1747.134746722,0.0,0.0,0.0,0.0,1.0,0.0
379898,1747.155549689,0.0,0.0,0.0,0.0,1.0,0.0
379918,1747.175060692,0.0,0.0,0.0,0.0,1.0,0.0
379938,1747.194229877,0.0,0.0,0.0,0.0,1.0,0.0
379958,1747.215254646,0.0,0.0,0.0,0.0,1.0,0.0
379978,1747.234058798,0.0,0.0,0.0,0.0,1.0,0.0
379998,1747.254858173,0.0,0.0,0.0,0.0,1.0,0.0
380018,1747.275613564,0.0,0.0,0.0,0.0,1.0,0.0
380038,1747.294868389,0.0,0.0,0.0,0.0,1.0,0.0
380058,1747.314677444,0.0,0.0,0.0,0.0,1.0,0.0
380078,1747.335359695,0.0,0.0,0.0,0.0,1.0,0.0
380098,1747.354437019,0.0,0.0,0.0,0.0,1.0,0.0
380118,1747.375314556,0.0,0.0,0.0,0.0,1.0,0.0
380138,1747.395434524,0.0,0.0,0.0,0.0,1.0,0.0
380158,1747.415236081,0.0,0.0,0.0,0.0,1.0,0.0
380178,1747.434266717,0.0,0.0,0.0,0.0,1.0,0.0
380198,1747.454425272,0.0,0.0,0.0,0.0,1.0,0.0
380218,1747.475231452,0.0,0.0,0.0,0.0,1.0,0.0
380238,1747.494254443,0.0,0.0,0.0,0.0,1.0,0.0
380258,1747.515186508,0.0,0.0,0.0,0.0,1.0,0.0
380278,1747.535399446,0.0,0.0,0.0,0.0,1.0,0.0
380298,1747.554307099,0.0,0.0,0.0,0.0,1.0,0.0
380318,1747.574982103,0.0,0.0,0.0,0.0,1.0,0.0
380338,1747.593910131,0.0,0.0,0.0,0.0,1.0,0.0
380358,1747.615702649,0.0,0.0,0.0,0.0,1.0,0.0
380378,1747.634530324,0.0,0.0,0.0,0.0,1.0,0.0
380398,1747.655770968,0.0,0.0,0.0,0.0,1.0,0.0
380418,1747.674349168,0.0,0.0,0.0,0.0,1.0,0.0
380438,1747.694430966,0.0,0.0,0.0,0.0,1.0,0.0
380458,1747.715358585,0.0,0.0,0.0,0.0,1.0,0.0
380478,1747.734274762,0.0,0.0,0.0,0.0,1.0,0.0
380498,1747.754959977,0.0,0.0,0.0,0.0,1.0,0.0
380518,1747.774344527,0.0,0.0,0.0,0.0,1.0,0.0
380538,1747.794502775,0.0,0.0,0.0,0.0,1.0,0.0
380558,1747.815916704,0.0,0.0,0.0,0.0,1.0,0.0
380578,1747.834618914,0.0,0.0,0.0,0.0,1.0,0.0
380598,1747.854266662,0.0,0.0,0.0,0.0,1.0,0.0
380618,1747.874653675,0.0,0.0,0.0,0.0,1.0,0.0
380638,1747.893885287,0.0,0.0,0.0,0.0,1.0,0.0
380658,1747.915419039,0.0,0.0,0.0,0.0,1.0,0.0
380678,1747.934693698,0.0,0.0,0.0,0.0,1.0,0.0
380698,1747.953803627,0.0,0.0,0.0,0.0,1.0,0.0
380718,1747.974342865,0.0,0.0,0.0,0.0,1.0,0.0
380738,1747.994654026,0.0,0.0,0.0,0.0,1.0,0.0
380758,1748.015761366,0.0,0.0,0.0,0.0,1.0,0.0
380778,1748.034710417,0.0,0.0,0.0,0.0,1.0,0.0
380798,1748.053621249,0.0,0.0,0.0,0.0,1.0,0.0
380818,1748.073350829,0.0,0.0,0.0,0.0,1.0,0.0
380838,1748.09512031,0.0,0.0,0.0,0.0,1.0,0.0
380858,1748.115650645,0.0,0.0,0.0,0.0,1.0,0.0
380878,1748.134425658,0.0,0.0,0.0,0.0,1.0,0.0
380898,1748.15344591,0.0,0.0,0.0,0.0,1.0,0.0
380918,1748.174883422,0.0,0.0,0.0,0.0,1.0,0.0
380938,1748.194294267,0.0,0.0,0.0,0.0,1.0,0.0
380958,1748.215570508,0.0,0.0,0.0,0.0,1.0,0.0
380978,1748.233974906,0.0,0.0,0.0,0.0,1.0,0.0
380998,1748.253567121,0.0,0.0,0.0,0.0,1.0,0.0
381018,1748.274889906,0.0,0.0,0.0,0.0,1.0,0.0
381038,1748.293668245,0.0,0.0,0.0,0.0,1.0,0.0
381058,1748.315306509,0.0,0.0,0.0,0.0,1.0,0.0
381078,1748.333941141,0.0,0.0,0.0,0.0,1.0,0.0
381098,1748.353511345,0.0,0.0,0.0,0.0,1.0,0.0
381118,1748.373348629,0.0,0.0,0.0,0.0,1.0,0.0
381138,1748.393858096,0.0,0.0,0.0,0.0,1.0,0.0
381158,1748.415637417,0.0,0.0,0.0,0.0,1.0,0.0
381178,1748.43406266,0.0,0.0,0.0,0.0,1.0,0.0
381198,1748.453927432,0.0,0.0,0.0,0.0,1.0,0.0
381218,1748.473959129,0.0,0.0,0.0,0.0,1.0,0.0
381238,1748.493553381,0.0,0.0,0.0,0.0,1.0,0.0
381258,1748.515275114,0.0,0.0,0.0,0.0,1.0,0.0
381278,1748.533869211,0.0,0.0,0.0,0.0,1.0,0.0
381298,1748.553431101,0.0,0.0,0.0,0.0,1.0,0.0
381318,1748.573446672,0.0,0.0,0.0,0.0,1.0,0.0
381338,1748.594314637,0.0,0.0,0.0,0.0,1.0,0.0
381358,1748.616370091,0.0,0.0,0.0,0.0,1.0,0.0
381378,1748.634156306,0.0,0.0,0.0,0.0,1.0,0.0
381398,1748.653631746,0.0,0.0,0.0,0.0,1.0,0.0
381418,1748.673454984,0.0,0.0,0.0,0.0,1.0,0.0
381438,1748.693490809,0.0,0.0,0.0,0.0,1.0,0.0
381458,1748.715714502,0.0,0.0,0.0,0.0,1.0,0.0
381478,1748.733892677,0.0,0.0,0.0,0.0,1.0,0.0
381498,1748.753376186,0.0,0.0,0.0,0.0,1.0,0.0
381518,1748.773392902,0.0,0.0,0.0,0.0,1.0,0.0
381538,1748.794625854,0.0,0.0,0.0,0.0,1.0,0.0
381558,1748.814205434,0.0,0.0,0.0,0.0,1.0,0.0
381578,1748.834352435,0.0,0.0,0.0,0.0,1.0,0.0
381598,1748.8543604,0.0,0.0,0.0,0.0,1.0,0.0
381618,1748.874344539,0.0,0.0,0.0,0.0,1.0,0.0
381638,1748.894258645,0.0,0.0,0.0,0.0,1.0,0.0
381658,1748.916017201,0.0,0.0,0.0,0.0,1.0,0.0
381678,1748.932813176,0.0,0.0,0.0,0.0,1.0,0.0
381698,1748.95439517,0.0,0.0,0.0,0.0,1.0,0.0
381718,1748.973409803,0.0,0.0,0.0,0.0,1.0,0.0
381738,1748.994439698,0.0,0.0,0.0,0.0,1.0,0.0
381758,1749.013899824,0.0,0.0,0.0,0.0,1.0,0.0
381778,1749.033342221,0.0,0.0,0.0,0.0,1.0,0.0
381798,1749.053597887,0.0,0.0,0.0,0.0,1.0,0.0
381818,1749.073753155,0.0,0.0,0.0,0.0,1.0,0.0
381838,1749.094301383,0.0,0.0,0.0,0.0,1.0,0.0
381858,1749.112930265,0.0,0.0,0.0,0.0,1.0,0.0
381878,1749.13387572,0.0,0.0,0.0,0.0,1.0,0.0
381898,1749.153402699,0.0,0.0,0.0,0.0,1.0,0.0
381918,1749.17390433,0.0,0.0,0.0,0.0,1.0,0.0
381938,1749.193516251,0.0,0.0,0.0,0.0,1.0,0.0
381958,1749.214032952,0.0,0.0,0.0,0.0,1.0,0.0
381978,1749.233031598,0.0,0.0,0.0,0.0,1.0,0.0
381998,1749.253893267,0.0,0.0,0.0,0.0,1.0,0.0
382018,1749.272844513,0.0,0.0,0.0,0.0,1.0,0.0
382038,1749.293403157,0.0,0.0,0.0,0.0,1.0,0.0
382058,1749.313638309,0.0,0.0,0.0,0.0,1.0,0.0
382078,1749.333624669,0.0,0.0,0.0,0.0,1.0,0.0
382098,1749.353583129,0.0,0.0,0.0,0.0,1.0,0.0
382118,1749.372809929,0.0,0.0,0.0,0.0,1.0,0.0
382138,1749.392927853,0.0,0.0,0.0,0.0,1.0,0.0
382158,1749.413104412,0.0,0.0,0.0,0.0,1.0,0.0
382178,1749.433389777,0.0,0.0,0.0,0.0,1.0,0.0
382198,1749.453442713,0.0,0.0,0.0,0.0,1.0,0.0
382218,1749.473621014,0.0,0.0,0.0,0.0,1.0,0.0
382238,1749.492797602,0.0,0.0,0.0,0.0,1.0,0.0
382258,1749.513537627,0.0,0.0,0.0,0.0,1.0,0.0
382278,1749.53253423,0.0,0.0,0.0,0.0,1.0,0.0
382298,1749.552631495,0.0,0.0,0.0,0.0,1.0,0.0
382318,1749.572204947,0.0,0.0,0.0,0.0,1.0,0.0
382338,1749.592087849,0.0,0.0,0.0,0.0,1.0,0.0
382358,1749.61256735,0.0,0.0,0.0,0.0,1.0,0.0
382378,1749.633340656,0.0,0.0,0.0,0.0,1.0,0.0
382398,1749.653450382,0.0,0.0,0.0,0.0,1.0,0.0
382418,1749.672061528,0.0,0.0,0.0,0.0,1.0,0.0
382438,1749.691784887,0.0,0.0,0.0,0.0,1.0,0.0
382458,1749.713128224,0.0,0.0,0.0,0.0,1.0,0.0
382478,1749.731998839,0.0,0.0,0.0,0.0,1.0,0.0
382498,1749.752745086,0.0,0.0,0.0,0.0,1.0,0.0
382518,1749.772529253,0.0,0.0,0.0,0.0,1.0,0.0
382538,1749.792076227,0.0,0.0,0.0,0.0,1.0,0.0
382558,1749.812351577,0.0,0.0,0.0,0.0,1.0,0.0
382578,1749.833332976,0.0,0.0,0.0,0.0,1.0,0.0
382598,1749.853072291,0.0,0.0,0.0,0.0,1.0,0.0
382618,1749.872984816,0.0,0.0,0.0,0.0,1.0,0.0
382638,1749.893580371,0.0,0.0,0.0,0.0,1.0,0.0
382658,1749.912888249,0.0,0.0,0.0,0.0,1.0,0.0
382678,1749.932793274,0.0,0.0,0.0,0.0,1.0,0.0
382698,1749.952588252,0.0,0.0,0.0,0.0,1.0,0.0
382718,1749.972664578,0.0,0.0,0.0,0.0,1.0,0.0
382738,1749.992686032,0.0,0.0,0.0,0.0,1.0,0.0
382758,1750.012754835,0.0,0.0,0.0,0.0,1.0,0.0
382778,1750.032721619,0.0,0.0,0.0,0.0,1.0,0.0
382798,1750.053376674,0.0,0.0,0.0,0.0,1.0,0.0
382818,1750.072512227,0.0,0.0,0.0,0.0,1.0,0.0
382838,1750.093270802,0.0,0.0,0.0,0.0,1.0,0.0
382858,1750.11276392,0.0,0.0,0.0,0.0,1.0,0.0
382878,1750.132515876,0.0,0.0,0.0,0.0,1.0,0.0
382898,1750.152541662,0.0,0.0,0.0,0.0,1.0,0.0
382918,1750.172828003,0.0,0.0,0.0,0.0,1.0,0.0
382938,1750.192504564,0.0,0.0,0.0,0.0,1.0,0.0
382958,1750.213181649,0.0,0.0,0.0,0.0,1.0,0.0
382978,1750.232418511,0.0,0.0,0.0,0.0,1.0,0.0
382998,1750.252580099,0.0,0.0,0.0,0.0,1.0,0.0
383018,1750.272624298,0.0,0.0,0.0,0.0,1.0,0.0
383038,1750.293143949,0.0,0.0,0.0,0.0,1.0,0.0
383058,1750.312148202,0.0,0.0,0.0,0.0,1.0,0.0
383078,1750.333370074,0.0,0.0,0.0,0.0,1.0,0.0
383098,1750.353277279,0.0,0.0,0.0,0.0,1.0,0.0
383118,1750.372515659,0.0,0.0,0.0,0.0,1.0,0.0
383138,1750.392635116,0.0,0.0,0.0,0.0,1.0,0.0
383158,1750.413391922,0.0,0.0,0.0,0.0,1.0,0.0
383178,1750.432140897,0.0,0.0,0.0,0.0,1.0,0.0
383198,1750.451629927,0.0,0.0,0.0,0.0,1.0,0.0
383218,1750.472058173,0.0,0.0,0.0,0.0,1.0,0.0
383238,1750.492642402,0.0,0.0,0.0,0.0,1.0,0.0
383258,1750.513313822,0.0,0.0,0.0,0.0,1.0,0.0
383278,1750.532620572,0.0,0.0,0.0,0.0,1.0,0.0
383298,1750.552673303,0.0,0.0,0.0,0.0,1.0,0.0
383318,1750.571987297,0.0,0.0,0.0,0.0,1.0,0.0
383338,1750.592902784,0.0,0.0,0.0,0.0,1.0,0.0
383358,1750.612608174,0.0,0.0,0.0,0.0,1.0,0.0
383378,1750.631881586,0.0,0.0,0.0,0.0,1.0,0.0
383398,1750.65241004,0.0,0.0,0.0,0.0,1.0,0.0
383418,1750.672345217,0.0,0.0,0.0,0.0,1.0,0.0
383438,1750.691816938,0.0,0.0,0.0,0.0,1.0,0.0
383458,1750.711327497,0.0,0.0,0.0,0.0,1.0,0.0
383478,1750.7317091,0.0,0.0,0.0,0.0,1.0,0.0
383498,1750.75215815,0.0,0.0,0.0,0.0,1.0,0.0
383518,1750.772543046,0.0,0.0,0.0,0.0,1.0,0.0
383538,1750.791662222,0.0,0.0,0.0,0.0,1.0,0.0
383558,1750.812431859,0.0,0.0,0.0,0.0,1.0,0.0
383578,1750.831546988,0.0,0.0,0.0,0.0,1.0,0.0
383598,1750.852733404,0.0,0.0,0.0,0.0,1.0,0.0
383618,1750.872484247,0.0,0.0,0.0,0.0,1.0,0.0
383638,1750.893189971,0.0,0.0,0.0,0.0,1.0,0.0
383658,1750.912702902,0.0,0.0,0.0,0.0,1.0,0.0
383678,1750.933142039,0.0,0.0,0.0,0.0,1.0,0.0
383698,1750.951108805,0.0,0.0,0.0,0.0,1.0,0.0
383718,1750.971432899,0.0,0.0,0.0,0.0,1.0,0.0
383738,1750.992138154,0.0,0.0,0.0,0.0,1.0,0.0
383758,1751.012103747,0.0,0.0,0.0,0.0,1.0,0.0
383778,1751.03191299,0.0,0.0,0.0,0.0,1.0,0.0
383798,1751.051592635,0.0,0.0,0.0,0.0,1.0,0.0
383818,1751.071382977,0.0,0.0,0.0,0.0,1.0,0.0
383838,1751.0918766,0.0,0.0,0.0,0.0,1.0,0.0
383858,1751.112362954,0.0,0.0,0.0,0.0,1.0,0.0
383878,1751.131601969,0.0,0.0,0.0,0.0,1.0,0.0
383898,1751.151531258,0.0,0.0,0.0,0.0,1.0,0.0
383918,1751.171459744,0.0,0.0,0.0,0.0,1.0,0.0
383938,1751.191388944,0.0,0.0,0.0,0.0,1.0,0.0
383958,1751.21260047,0.0,0.0,0.0,0.0,1.0,0.0
383978,1751.23214244,0.0,0.0,0.0,0.0,1.0,0.0
383998,1751.252072399,0.0,0.0,0.0,0.0,1.0,0.0
384018,1751.271055552,0.0,0.0,0.0,0.0,1.0,0.0
384038,1751.291510087,0.0,0.0,0.0,0.0,1.0,0.0
384058,1751.311059892,0.0,0.0,0.0,0.0,1.0,0.0
384078,1751.330994333,0.0,0.0,0.0,0.0,1.0,0.0
384098,1751.351138891,0.0,0.0,0.0,0.0,1.0,0.0
384118,1751.371882882,0.0,0.0,0.0,0.0,1.0,0.0
384138,1751.392052592,0.0,0.0,0.0,0.0,1.0,0.0
384158,1751.411899209,0.0,0.0,0.0,0.0,1.0,0.0
384178,1751.432025617,0.0,0.0,0.0,0.0,1.0,0.0
384198,1751.451596888,0.0,0.0,0.0,0.0,1.0,0.0
384218,1751.471551065,0.0,0.0,0.0,0.0,1.0,0.0
384238,1751.491812075,0.0,0.0,0.0,0.0,1.0,0.0
384258,1751.512096328,0.0,0.0,0.0,0.0,1.0,0.0
384278,1751.532333014,0.0,0.0,0.0,0.0,1.0,0.0
384298,1751.55202965,0.0,0.0,0.0,0.0,1.0,0.0
384318,1751.572071575,0.0,0.0,0.0,0.0,1.0,0.0
384338,1751.59203583,0.0,0.0,0.0,0.0,1.0,0.0
384358,1751.61109813,0.0,0.0,0.0,0.0,1.0,0.0
384378,1751.633070513,0.0,0.0,0.0,0.0,1.0,0.0
384398,1751.651142033,0.0,0.0,0.0,0.0,1.0,0.0
384418,1751.671780271,0.0,0.0,0.0,0.0,1.0,0.0
384438,1751.691095134,0.0,0.0,0.0,0.0,1.0,0.0
384458,1751.711502152,0.0,0.0,0.0,0.0,1.0,0.0
384478,1751.732787953,0.0,0.0,0.0,0.0,1.0,0.0
384498,1751.752367774,0.0,0.0,0.0,0.0,1.0,0.0
384518,1751.771853102,0.0,0.0,0.0,0.0,1.0,0.0
384538,1751.791023004,0.0,0.0,0.0,0.0,1.0,0.0
384558,1751.811796958,0.0,0.0,0.0,0.0,1.0,0.0
384578,1751.832562487,0.0,0.0,0.0,0.0,1.0,0.0
384598,1751.852365416,0.0,0.0,0.0,0.0,1.0,0.0
384618,1751.871462587,0.0,0.0,0.0,0.0,1.0,0.0
384638,1751.892367419,0.0,0.0,0.0,0.0,1.0,0.0
384658,1751.910982585,0.0,0.0,0.0,0.0,1.0,0.0
384678,1751.932728285,0.0,0.0,0.0,0.0,1.0,0.0
384698,1751.951378535,0.0,0.0,0.0,0.0,1.0,0.0
384718,1751.971516635,0.0,0.0,0.0,0.0,1.0,0.0
384738,1751.990888369,0.0,0.0,0.0,0.0,1.0,0.0
384758,1752.011484467,0.0,0.0,0.0,0.0,1.0,0.0
384778,1752.033026132,0.0,0.0,0.0,0.0,1.0,0.0
384798,1752.050991951,0.0,0.0,0.0,0.0,1.0,0.0
384818,1752.071508315,0.0,0.0,0.0,0.0,1.0,0.0
384838,1752.091820696,0.0,0.0,0.0,0.0,1.0,0.0
384858,1752.110559003,0.0,0.0,0.0,0.0,1.0,0.0
384878,1752.132532289,0.0,0.0,0.0,0.0,1.0,0.0
384898,1752.150818489,0.0,0.0,0.0,0.0,1.0,0.0
384918,1752.170692425,0.0,0.0,0.0,0.0,1.0,0.0
384938,1752.191670289,0.0,0.0,0.0,0.0,1.0,0.0
384958,1752.210794044,0.0,0.0,0.0,0.0,1.0,0.0
384978,1752.233226777,0.0,0.0,0.0,0.0,1.0,0.0
384998,1752.251491529,0.0,0.0,0.0,0.0,1.0,0.0
385018,1752.27105978,0.0,0.0,0.0,0.0,1.0,0.0
385038,1752.290488272,0.0,0.0,0.0,0.0,1.0,0.0
385058,1752.311311959,0.0,0.0,0.0,0.0,1.0,0.0
385078,1752.332719062,0.0,0.0,0.0,0.0,1.0,0.0
385098,1752.350989183,0.0,0.0,0.0,0.0,1.0,0.0
385118,1752.370816883,0.0,0.0,0.0,0.0,1.0,0.0
385138,1752.391601969,0.0,0.0,0.0,0.0,1.0,0.0
385158,1752.411265252,0.0,0.0,0.0,0.0,1.0,0.0
385178,1752.43254041,0.0,0.0,0.0,0.0,1.0,0.0
385198,1752.450690015,0.0,0.0,0.0,0.0,1.0,0.0
385218,1752.470430159,0.0,0.0,0.0,0.0,1.0,0.0
385238,1752.491113859,0.0,0.0,0.0,0.0,1.0,0.0
385258,1752.511555585,0.0,0.0,0.0,0.0,1.0,0.0
385278,1752.532740009,0.0,0.0,0.0,0.0,1.0,0.0
385298,1752.550951806,0.0,0.0,0.0,0.0,1.0,0.0
385318,1752.570677608,0.0,0.0,0.0,0.0,1.0,0.0
385338,1752.591490508,0.0,0.0,0.0,0.0,1.0,0.0
385358,1752.61034376,0.0,0.0,0.0,0.0,1.0,0.0
385378,1752.632962592,0.0,0.0,0.0,0.0,1.0,0.0
385398,1752.650277698,0.0,0.0,0.0,0.0,1.0,0.0
385418,1752.670876188,0.0,0.0,0.0,0.0,1.0,0.0
385438,1752.691365602,0.0,0.0,0.0,0.0,1.0,0.0
385458,1752.711429786,0.0,0.0,0.0,0.0,1.0,0.0
385478,1752.731445582,0.0,0.0,0.0,0.0,1.0,0.0
385498,1752.750885363,0.0,0.0,0.0,0.0,1.0,0.0
385518,1752.771269092,0.0,0.0,0.0,0.0,1.0,0.0
385538,1752.790716504,0.0,0.0,0.0,0.0,1.0,0.0
385558,1752.810587156,0.0,0.0,0.0,0.0,1.0,0.0
385578,1752.830232958,0.0,0.0,0.0,0.0,1.0,0.0
385598,1752.851228618,0.0,0.0,0.0,0.0,1.0,0.0
385618,1752.870683299,0.0,0.0,0.0,0.0,1.0,0.0
385638,1752.890528996,0.0,0.0,0.0,0.0,1.0,0.0
385658,1752.9100865,0.0,0.0,0.0,0.0,1.0,0.0
385678,1752.929788041,0.0,0.0,0.0,0.0,1.0,0.0
385698,1752.951259125,0.0,0.0,0.0,0.0,1.0,0.0
385718,1752.970644208,0.0,0.0,0.0,0.0,1.0,0.0
385738,1752.99138636,0.0,0.0,0.0,0.0,1.0,0.0
385758,1753.010713326,0.0,0.0,0.0,0.0,1.0,0.0
385778,1753.030108902,0.0,0.0,0.0,0.0,1.0,0.0
385798,1753.050037412,0.0,0.0,0.0,0.0,1.0,0.0
385818,1753.070116159,0.0,0.0,0.0,0.0,1.0,0.0
385838,1753.089915902,0.0,0.0,0.0,0.0,1.0,0.0
385858,1753.110314666,0.0,0.0,0.0,0.0,1.0,0.0
385878,1753.129500617,0.0,0.0,0.0,0.0,1.0,0.0
385898,1753.149218212,0.0,0.0,0.0,0.0,1.0,0.0
385918,1753.169771817,0.0,0.0,0.0,0.0,1.0,0.0
385938,1753.189870383,0.0,0.0,0.0,0.0,1.0,0.0
385958,1753.210025782,0.0,0.0,0.0,0.0,1.0,0.0
385978,1753.230098792,0.0,0.0,0.0,0.0,1.0,0.0
385998,1753.249825299,0.0,0.0,0.0,0.0,1.0,0.0
386018,1753.270578566,0.0,0.0,0.0,0.0,1.0,0.0
386038,1753.290692454,0.0,0.0,0.0,0.0,1.0,0.0
386058,1753.309764041,0.0,0.0,0.0,0.0,1.0,0.0
386078,1753.330998882,0.0,0.0,0.0,0.0,1.0,0.0
386098,1753.349733088,0.0,0.0,0.0,0.0,1.0,0.0
386118,1753.370363388,0.0,0.0,0.0,0.0,1.0,0.0
386138,1753.390574936,0.0,0.0,0.0,0.0,1.0,0.0
386158,1753.409978251,0.0,0.0,0.0,0.0,1.0,0.0
386178,1753.430477374,0.0,0.0,0.0,0.0,1.0,0.0
386198,1753.449955448,0.0,0.0,0.0,0.0,1.0,0.0
386218,1753.470804239,0.0,0.0,0.0,0.0,1.0,0.0
386238,1753.49013815,0.0,0.0,0.0,0.0,1.0,0.0
386258,1753.510751152,0.0,0.0,0.0,0.0,1.0,0.0
386278,1753.529991655,0.0,0.0,0.0,0.0,1.0,0.0
386298,1753.550750066,0.0,0.0,0.0,0.0,1.0,0.0
386318,1753.5696909,0.0,0.0,0.0,0.0,1.0,0.0
386338,1753.589051502,0.0,0.0,0.0,0.0,1.0,0.0
386358,1753.60974413,0.0,0.0,0.0,0.0,1.0,0.0
386378,1753.629996909,0.0,0.0,0.0,0.0,1.0,0.0
386398,1753.649150463,0.0,0.0,0.0,0.0,1.0,0.0
386418,1753.669037217,0.0,0.0,0.0,0.0,1.0,0.0
386438,1753.690764605,0.0,0.0,0.0,0.0,1.0,0.0
386458,1753.709985267,0.0,0.0,0.0,0.0,1.0,0.0
386478,1753.730115894,0.0,0.0,0.0,0.0,1.0,0.0
386498,1753.749821203,0.0,0.0,0.0,0.0,1.0,0.0
386518,1753.769988517,0.0,0.0,0.0,0.0,1.0,0.0
386538,1753.790709542,0.0,0.0,0.0,0.0,1.0,0.0
386558,1753.809492753,0.0,0.0,0.0,0.0,1.0,0.0
386578,1753.829277726,0.0,0.0,0.0,0.0,1.0,0.0
386598,1753.850106358,0.0,0.0,0.0,0.0,1.0,0.0
386618,1753.870492907,0.0,0.0,0.0,0.0,1.0,0.0
386638,1753.889882008,0.0,0.0,0.0,0.0,1.0,0.0
386658,1753.909403113,0.0,0.0,0.0,0.0,1.0,0.0
386678,1753.929923376,0.0,0.0,0.0,0.0,1.0,0.0
386698,1753.950752084,0.0,0.0,0.0,0.0,1.0,0.0
386718,1753.969768495,0.0,0.0,0.0,0.0,1.0,0.0
386738,1753.990508903,0.0,0.0,0.0,0.0,1.0,0.0
386758,1754.010131908,0.0,0.0,0.0,0.0,1.0,0.0
386778,1754.030766746,0.0,0.0,0.0,0.0,1.0,0.0
386798,1754.050389973,0.0,0.0,0.0,0.0,1.0,0.0
386818,1754.069590889,0.0,0.0,0.0,0.0,1.0,0.0
386838,1754.089820658,0.0,0.0,0.0,0.0,1.0,0.0
386858,1754.110095115,0.0,0.0,0.0,0.0,1.0,0.0
386878,1754.130113191,0.0,0.0,0.0,0.0,1.0,0.0
386898,1754.149464165,0.0,0.0,0.0,0.0,1.0,0.0
386918,1754.170244782,0.0,0.0,0.0,0.0,1.0,0.0
386938,1754.190698114,0.0,0.0,0.0,0.0,1.0,0.0
386958,1754.209980561,0.0,0.0,0.0,0.0,1.0,0.0
386978,1754.230612022,0.0,0.0,0.0,0.0,1.0,0.0
386998,1754.250238053,0.0,0.0,0.0,0.0,1.0,0.0
387018,1754.270934713,0.0,0.0,0.0,0.0,1.0,0.0
387038,1754.290038554,0.0,0.0,0.0,0.0,1.0,0.0
387058,1754.309734823,0.0,0.0,0.0,0.0,1.0,0.0
387078,1754.329664311,0.0,0.0,0.0,0.0,1.0,0.0
387098,1754.349855337,0.0,0.0,0.0,0.0,1.0,0.0
387118,1754.370602157,0.0,0.0,0.0,0.0,1.0,0.0
387138,1754.389651622,0.0,0.0,0.0,0.0,1.0,0.0
387158,1754.409709199,0.0,0.0,0.0,0.0,1.0,0.0
387178,1754.430563402,0.0,0.0,0.0,0.0,1.0,0.0
387198,1754.44984145,0.0,0.0,0.0,0.0,1.0,0.0
387218,1754.470096784,0.0,0.0,0.0,0.0,1.0,0.0
387238,1754.489091648,0.0,0.0,0.0,0.0,1.0,0.0
387258,1754.509424654,0.0,0.0,0.0,0.0,1.0,0.0
387278,1754.529942522,0.0,0.0,0.0,0.0,1.0,0.0
387298,1754.549445366,0.0,0.0,0.0,0.0,1.0,0.0
387318,1754.569337149,0.0,0.0,0.0,0.0,1.0,0.0
387338,1754.589826272,0.0,0.0,0.0,0.0,1.0,0.0
387358,1754.609029738,0.0,0.0,0.0,0.0,1.0,0.0
387378,1754.629365498,0.0,0.0,0.0,0.0,1.0,0.0
387398,1754.648800653,0.0,0.0,0.0,0.0,1.0,0.0
387418,1754.669693118,0.0,0.0,0.0,0.0,1.0,0.0
387438,1754.690077051,0.0,0.0,0.0,0.0,1.0,0.0
387458,1754.709321854,0.0,0.0,0.0,0.0,1.0,0.0
387478,1754.729601652,0.0,0.0,0.0,0.0,1.0,0.0
387498,1754.74942605,0.0,0.0,0.0,0.0,1.0,0.0
387518,1754.76951361,0.0,0.0,0.0,0.0,1.0,0.0
387538,1754.789487596,0.0,0.0,0.0,0.0,1.0,0.0
387558,1754.809928325,0.0,0.0,0.0,0.0,1.0,0.0
387578,1754.828573369,0.0,0.0,0.0,0.0,1.0,0.0
387598,1754.84909647,0.0,0.0,0.0,0.0,1.0,0.0
387618,1754.868794328,0.0,0.0,0.0,0.0,1.0,0.0
387638,1754.888981509,0.0,0.0,0.0,0.0,1.0,0.0
387658,1754.909315037,0.0,0.0,0.0,0.0,1.0,0.0
387678,1754.929252455,0.0,0.0,0.0,0.0,1.0,0.0
387698,1754.948981298,0.0,0.0,0.0,0.0,1.0,0.0
387718,1754.969052062,0.0,0.0,0.0,0.0,1.0,0.0
387738,1754.989095089,0.0,0.0,0.0,0.0,1.0,0.0
