cf_timestamp_ms,host_monotonic_s,range.zrange,stabilizer.roll,stabilizer.pitch,stateEstimate.z,stateEstimate.vz,stabilizer.intToOut
237597,1604.951551918,599.0,2.003758192062378,4.041801929473877,0.5983760952949524,0.0018512362148612738,510.0
237617,1604.970994858,599.0,2.0043623447418213,4.108108043670654,0.598443865776062,0.004104141145944595,513.0
237637,1604.991637929,598.0,2.005845546722412,4.135172367095947,0.5980378985404968,-0.0035168942995369434,516.0
237657,1605.010540905,598.0,2.029841661453247,4.079073429107666,0.5978984236717224,-0.009770828299224377,515.0
237677,1605.030854133,600.0,2.0381548404693604,4.017596244812012,0.5977384448051453,-0.00959082692861557,517.0
237697,1605.051469225,600.0,2.0470292568206787,3.9817678928375244,0.5975898504257202,-0.005075985565781593,512.0
237717,1605.071467484,598.0,2.0579845905303955,4.012094974517822,0.5972488522529602,-0.0016659782268106937,524.0
237737,1605.09087631,598.0,2.047823190689087,4.027231216430664,0.5972265005111694,-0.0010846718214452267,522.0
237757,1605.110051555,605.0,2.0452239513397217,4.040940761566162,0.5982656478881836,-0.0017264846246689558,523.0
237777,1605.130106883,605.0,2.0427746772766113,4.006986618041992,0.598180890083313,-0.006567191332578659,541.0
237797,1605.150474303,598.0,2.048468828201294,3.953122854232788,0.5976749062538147,-0.006244426127523184,516.0
237817,1605.170141983,598.0,2.0437934398651123,4.007397174835205,0.5976028442382812,-0.0008293044520542026,530.0
237837,1605.191165902,598.0,2.049572706222534,4.047051906585693,0.5976296663284302,0.0026368943508714437,525.0
237857,1605.210900223,598.0,2.079403877258301,4.097156047821045,0.5973906517028809,-0.0001384498755214736,526.0
237877,1605.231118749,598.0,2.086951732635498,4.105978965759277,0.5973496437072754,-0.004015625920146704,534.0
237897,1605.250678533,601.0,2.0911412239074707,4.092400550842285,0.5975912809371948,-0.005634595174342394,529.0
237917,1605.271135604,601.0,2.09011173248291,4.047247409820557,0.5974815487861633,-0.004884479101747274,524.0
237937,1605.290799901,600.0,2.0905988216400146,4.041145324707031,0.5975265502929688,-0.004547158256173134,536.0
237957,1605.310661691,600.0,2.1071624755859375,4.028200149536133,0.5974311232566833,-0.004804953001439571,523.0
237977,1605.330497018,603.0,2.1271145343780518,4.038845539093018,0.5980291962623596,-0.003301754593849182,526.0
237997,1605.351374655,603.0,2.139023542404175,4.033268451690674,0.597977340221405,-0.0016248179599642754,537.0
238017,1605.370312546,600.0,2.1241514682769775,3.999269723892212,0.5979680418968201,-0.00035629680496640503,528.0
238037,1605.391393398,600.0,2.159224271774292,4.025937557220459,0.5979579091072083,-0.0006121660117059946,527.0
238057,1605.410958013,603.0,2.174609661102295,4.048452854156494,0.5985209345817566,0.0017844779649749398,532.0
238077,1605.431091625,603.0,2.14621639251709,4.05464506149292,0.5985301733016968,-0.0018082224996760488,527.0
238097,1605.450887246,600.0,2.1113698482513428,3.997769355773926,0.5983926653862,-0.008244042284786701,523.0
238117,1605.470038648,600.0,2.1315956115722656,3.9520113468170166,0.5981960892677307,-0.010576526634395123,532.0
238137,1605.490965777,597.0,2.1637537479400635,3.9129652976989746,0.5980144739151001,-0.006889739073812962,531.0
238157,1605.510521976,597.0,2.16894793510437,3.903189182281494,0.597416341304779,-0.0014162083389237523,535.0
238177,1605.530697733,597.0,2.168856143951416,3.944244146347046,0.5974254012107849,0.0015219555934891105,539.0
238197,1605.551665025,599.0,2.159665107727051,3.9502627849578857,0.5973972082138062,-0.0016688324976712465,525.0
238217,1605.570749118,599.0,2.159036636352539,3.916633129119873,0.5973078608512878,-0.007292146794497967,529.0
238237,1605.59063924,598.0,2.1817941665649414,3.8676788806915283,0.5969313979148865,-0.01076742634177208,537.0
238257,1605.609975169,598.0,2.214815616607666,3.837026834487915,0.5967496037483215,-0.006569473072886467,534.0
238277,1605.629510711,602.0,2.2083654403686523,3.850414752960205,0.5973302721977234,0.0005906599690206349,524.0
238297,1605.650851967,602.0,2.220180034637451,3.890484571456909,0.5973436832427979,-0.00035796809243038297,526.0
238317,1605.67136831,601.0,2.19791579246521,3.874044179916382,0.5976008176803589,-0.006030514370650053,522.0
238337,1605.691553827,601.0,2.2021234035491943,3.811403751373291,0.5974326133728027,-0.010224808938801289,527.0
238357,1605.710692309,599.0,2.2272679805755615,3.776742696762085,0.5972104072570801,-0.007572923321276903,529.0
238377,1605.731433647,599.0,2.244503974914551,3.7880778312683105,0.5971214771270752,-0.0014003177639096975,523.0
238397,1605.750848629,599.0,2.239908218383789,3.849817991256714,0.5971539616584778,0.0005869101150892675,523.0
238417,1605.769494849,599.0,2.273768186569214,3.8587257862091064,0.5971172451972961,-0.004804207012057304,527.0
238437,1605.790775791,599.0,2.287407398223877,3.7968857288360596,0.596965491771698,-0.009869302622973919,534.0
238457,1605.810364345,599.0,2.2720558643341064,3.724259376525879,0.5968327522277832,-0.009331007488071918,526.0
238477,1605.830730086,599.0,2.2606899738311768,3.722608804702759,0.5966784954071045,-0.005977269262075424,524.0
238497,1605.850131864,598.0,2.2657928466796875,3.717668294906616,0.5965313911437988,-0.0033446839079260826,529.0
238517,1605.870227159,598.0,2.269179582595825,3.7131199836730957,0.5964676737785339,-0.003545900573953986,522.0
238537,1605.890370515,601.0,2.302720308303833,3.7359793186187744,0.5969235897064209,-0.004531835671514273,522.0
238557,1605.910310396,601.0,2.312354803085327,3.70638108253479,0.596811056137085,-0.006010981742292643,525.0
238577,1605.930397423,601.0,2.322336435317993,3.6768221855163574,0.5971567630767822,-0.004187946207821369,526.0
238597,1605.949434323,601.0,2.3265483379364014,3.66127610206604,0.5970981121063232,-0.0015305117703974247,523.0
238617,1605.970560218,597.0,2.3232827186584473,3.6731345653533936,0.5967199206352234,-0.0018092471873387694,522.0
238637,1605.990824409,597.0,2.3048112392425537,3.696354627609253,0.5966744422912598,-0.0025594078470021486,522.0
238657,1606.010048773,599.0,2.304617166519165,3.7100462913513184,0.5967104434967041,-0.0034499254543334246,525.0
238677,1606.030998469,599.0,2.3114006519317627,3.716968297958374,0.5966169834136963,-0.0061173224821686745,529.0
238697,1606.050254382,602.0,2.3102548122406006,3.652043104171753,0.5972157120704651,-0.005243751220405102,534.0
238717,1606.071106343,602.0,2.326447010040283,3.654867649078369,0.5971345901489258,-0.0026550106704235077,531.0
238737,1606.090691201,602.0,2.3407723903656006,3.6881368160247803,0.5971081852912903,-0.00030438220710493624,531.0
238757,1606.11094268,597.0,2.3357059955596924,3.6993160247802734,0.5967616438865662,-0.0015529789961874485,540.0
238777,1606.130371663,597.0,2.3379266262054443,3.705047369003296,0.5967304706573486,-0.0014099616091698408,531.0
238797,1606.150180603,602.0,2.3297226428985596,3.718506336212158,0.5974046587944031,0.0014818671625107527,537.0
238817,1606.170670487,602.0,2.3076372146606445,3.7469685077667236,0.5974435210227966,0.002031669020652771,536.0
238837,1606.189859164,601.0,2.2760729789733887,3.7803151607513428,0.5977814793586731,0.00012858255649916828,513.0
238857,1606.212444772,601.0,2.296964406967163,3.7790844440460205,0.5977333784103394,-0.004824780393391848,511.0
238877,1606.227847044,601.0,2.3005151748657227,3.728189706802368,0.5978969931602478,-0.0044622174464166164,511.0
238897,1606.2496878,601.0,2.265673875808716,3.7110865116119385,0.5978506803512573,-0.00031731833587400615,510.0
238917,1606.270302729,600.0,2.2431411743164062,3.7525458335876465,0.5979123115539551,0.00020076885994058102,514.0
238937,1606.28955595,600.0,2.2439069747924805,3.730515956878662,0.5978977084159851,-0.001371402875520289,525.0
238957,1606.310780498,601.0,2.2517001628875732,3.702878475189209,0.5981112718582153,-0.0006626502145081758,517.0
238977,1606.330586049,601.0,2.2589643001556396,3.6870226860046387,0.5980985164642334,-0.0005445567658171058,514.0
238997,1606.350648003,599.0,2.2666025161743164,3.7126340866088867,0.598091185092926,-0.00015981288743205369,523.0
239017,1606.370030375,599.0,2.285468578338623,3.7339365482330322,0.5979601740837097,0.0009216542239300907,519.0
239037,1606.390051209,599.0,2.2924392223358154,3.753425121307373,0.5979874134063721,0.0013886289671063423,513.0
239057,1606.409522523,600.0,2.3145406246185303,3.7614502906799316,0.5980615019798279,-0.0006145376828499138,518.0
239077,1606.430345497,600.0,2.3205292224884033,3.7325875759124756,0.5980308055877686,-0.0025703480932861567,510.0
239097,1606.45051775,597.0,2.31381893157959,3.7119011878967285,0.5974674820899963,-0.0030986035708338022,513.0
239117,1606.470241414,597.0,2.317362070083618,3.714825391769409,0.5974280834197998,-0.0010932853911072016,511.0
239137,1606.489584627,599.0,2.3340344429016113,3.70595383644104,0.5973535776138306,-0.0016757959965616465,510.0
239157,1606.510699776,599.0,2.338331699371338,3.7064263820648193,0.5972972512245178,-0.003906966187059879,512.0
239177,1606.530499846,603.0,2.332343578338623,3.699420690536499,0.5979442000389099,-0.0029358358588069677,516.0
239197,1606.550039569,603.0,2.3521995544433594,3.698770046234131,0.5979025363922119,-0.0009776734514161944,518.0
239217,1606.569980518,600.0,2.3588125705718994,3.733604907989502,0.5979341268539429,-0.0009690548176877201,511.0
239237,1606.589872792,600.0,2.3513283729553223,3.703962802886963,0.5978794693946838,-0.0045689367689192295,514.0
239257,1606.609545122,600.0,2.346956253051758,3.666414976119995,0.5978307127952576,-0.0056918165646493435,519.0
239277,1606.630289512,600.0,2.360694408416748,3.6795547008514404,0.5977409482002258,-0.0028855132404714823,516.0
239297,1606.650551227,600.0,2.3683719635009766,3.678900957107544,0.5977160334587097,0.0002511738275643438,521.0
239317,1606.670324363,598.0,2.3748974800109863,3.7258026599884033,0.5974643230438232,-0.00013465162192005664,510.0
239337,1606.689555818,598.0,2.36006760597229,3.762176752090454,0.5974299311637878,-0.0032874494791030884,518.0
239357,1606.710512107,597.0,2.3411636352539062,3.704022169113159,0.5969281196594238,-0.006826343946158886,510.0
239377,1606.730185493,597.0,2.3381526470184326,3.6757407188415527,0.5967835783958435,-0.007400719448924065,512.0
239397,1606.750738056,598.0,2.3429477214813232,3.658324718475342,0.5965695977210999,-0.00605386309325695,512.0
239417,1606.770573224,598.0,2.347820281982422,3.6744959354400635,0.5964829921722412,-0.0027612396515905857,512.0
239437,1606.790598386,601.0,2.359950065612793,3.720478057861328,0.5969528555870056,-0.0008421248057857156,513.0
239457,1606.808299775,601.0,2.341963529586792,3.7125942707061768,0.5969294309616089,-0.001771390438079834,517.0
239477,1606.830179945,601.0,2.3597848415374756,3.7026402950286865,0.5972926020622253,-0.0032854375895112753,515.0
239497,1606.850252364,601.0,2.3795926570892334,3.693680763244629,0.5972058773040771,-0.00512522179633379,511.0
239517,1606.870924976,599.0,2.377073049545288,3.6839652061462402,0.5971192717552185,-0.002941502956673503,513.0
239537,1606.889749552,599.0,2.3882453441619873,3.7269318103790283,0.5970801711082458,-0.0013421743642538786,514.0
239557,1606.910560868,599.0,2.4210996627807617,3.7448694705963135,0.5970844030380249,-0.0029075131751596928,516.0
239577,1606.93112567,599.0,2.406219482421875,3.7145867347717285,0.597021222114563,-0.003448890522122383,515.0
239597,1606.949971913,599.0,2.3780453205108643,3.6938860416412354,0.5969552993774414,-0.0028298688121140003,525.0
239617,1606.970176997,599.0,2.357609272003174,3.703113555908203,0.5969773530960083,-0.002550874138250947,515.0
239637,1606.989802266,599.0,2.387871026992798,3.699869394302368,0.5969321727752686,-0.0015614546136930585,520.0
239657,1607.010107401,599.0,2.402547836303711,3.738069772720337,0.5969786643981934,-0.0018534871051087976,519.0
239677,1607.029883564,599.0,2.383733034133911,3.7478320598602295,0.5969157814979553,-0.004205204546451569,524.0
239697,1607.049958716,596.0,2.378420829772949,3.7311835289001465,0.5963262319564819,-0.0060167331248521805,526.0
239717,1607.069782896,596.0,2.3821709156036377,3.716198682785034,0.5962215065956116,-0.004326140973716974,526.0
239737,1607.089891193,603.0,2.3723196983337402,3.708918333053589,0.5970944762229919,-0.0008027357398532331,521.0
239757,1607.109556931,603.0,2.366607666015625,3.733133554458618,0.5970868468284607,8.75507976161316e-05,522.0
239777,1607.131069152,598.0,2.388467788696289,3.7460720539093018,0.5968993306159973,-0.0012503813486546278,535.0
239797,1607.149532646,598.0,2.3885903358459473,3.7354884147644043,0.5968429446220398,-0.004408185835927725,530.0
239817,1607.170130471,598.0,2.387267827987671,3.7156803607940674,0.5966687798500061,-0.006211757659912109,568.0
239837,1607.190514124,598.0,2.4207589626312256,3.6990654468536377,0.596535325050354,-0.006615135818719864,578.0
239857,1607.210090398,601.0,2.442842960357666,3.715977430343628,0.5964204668998718,-0.00456929812207818,567.0
239877,1607.230394654,601.0,2.4305264949798584,3.7051098346710205,0.5969324707984924,0.0010616634972393513,575.0
239897,1607.251128653,601.0,2.438572406768799,3.7710065841674805,0.5969706177711487,0.0021198277827352285,561.0
239917,1607.269088574,596.0,2.4420976638793945,3.813629627227783,0.5964685678482056,-0.002108675893396139,574.0
239937,1607.289606306,596.0,2.4331400394439697,3.781714916229248,0.5963754653930664,-0.006816645618528128,554.0
239957,1607.30984105,599.0,2.423855781555176,3.74790096282959,0.5964176058769226,-0.006173351313918829,565.0
239977,1607.330106715,599.0,2.427887201309204,3.760693073272705,0.5963137149810791,-0.0043244268745183945,554.0
239997,1607.351370638,603.0,2.440276622772217,3.7616710662841797,0.597154438495636,-0.0021485844627022743,564.0
240017,1607.369082074,603.0,2.4459352493286133,3.773620843887329,0.5970964431762695,-0.0035718961153179407,561.0
240037,1607.389021919,604.0,2.4384050369262695,3.7481353282928467,0.5979670286178589,-0.0007535736076533794,570.0
240057,1607.409135313,604.0,2.442070484161377,3.7581405639648438,0.5979584455490112,-0.00025620957603678107,553.0
240077,1607.429593509,601.0,2.4395368099212646,3.7948567867279053,0.5981389880180359,-0.0016590318409726024,573.0
240097,1607.451521949,601.0,2.4478518962860107,3.7549500465393066,0.5980802178382874,-0.003833186347037554,559.0
240117,1607.469028336,594.0,2.454232931137085,3.7366507053375244,0.5969280004501343,-0.005793362390249968,576.0
240137,1607.489349882,594.0,2.4357478618621826,3.71425199508667,0.5968407392501831,-0.0025861950125545263,562.0
240157,1607.509612128,599.0,2.435025930404663,3.7293570041656494,0.5968129634857178,-0.0004424282524269074,572.0
240177,1607.530110762,599.0,2.441772937774658,3.7699005603790283,0.5969008207321167,5.413258622866124e-05,561.0
240197,1607.550837222,599.0,2.454099178314209,3.7913384437561035,0.5968749523162842,-0.0026897513307631016,573.0
240217,1607.569633439,601.0,2.435698986053467,3.7496395111083984,0.5972539782524109,-0.0035995272919535637,554.0
240237,1607.590076818,601.0,2.4375133514404297,3.738290309906006,0.5971826314926147,-0.0031921006739139557,572.0
240257,1607.609246494,599.0,2.446756601333618,3.7661759853363037,0.5971548557281494,-0.001680237241089344,566.0
240277,1607.628551995,599.0,2.437788486480713,3.7781825065612793,0.5971389412879944,-0.00010886912059504539,574.0
240297,1607.649714327,600.0,2.4603536128997803,3.8487401008605957,0.5973318219184875,-0.0003427936171647161,558.0
240317,1607.669586338,600.0,2.4527993202209473,3.859895944595337,0.5973124504089355,-0.0015669610584154725,571.0
240337,1607.68894549,604.0,2.4459033012390137,3.845395803451538,0.5981495976448059,-0.0006921079475432634,558.0
240357,1607.709458918,604.0,2.452889919281006,3.848884344100952,0.5981354117393494,-0.0007995220366865396,565.0
240377,1607.728686098,602.0,2.453202962875366,3.847562789916992,0.5984688401222229,0.000969612505286932,563.0
240397,1607.750393941,602.0,2.456059217453003,3.8219234943389893,0.5985135436058044,0.00354958139359951,567.0
240417,1607.768717086,599.0,2.4670941829681396,3.8562281131744385,0.5982958674430847,0.002486150013282895,557.0
240437,1607.789808395,599.0,2.478048086166382,3.8366003036499023,0.5983186960220337,8.15685125417076e-05,563.0
240457,1607.808813956,599.0,2.4962196350097656,3.8062102794647217,0.5983068346977234,-0.0014191357186064124,567.0
240477,1607.829597376,601.0,2.5176823139190674,3.7856435775756836,0.5984307527542114,-0.0033969709184020758,564.0
240497,1607.85003261,601.0,2.5109517574310303,3.703669786453247,0.5983325839042664,-0.006486818660050631,561.0
240517,1607.868912622,600.0,2.5337514877319336,3.652866840362549,0.5982069373130798,-0.005675316788256168,568.0
240537,1607.888451289,600.0,2.556908369064331,3.662069320678711,0.5981499552726746,0.00026718867593444884,561.0
240557,1607.908734154,599.0,2.5701229572296143,3.693300485610962,0.5980237126350403,0.0028364439494907856,567.0
240577,1607.929343986,599.0,2.56333065032959,3.722787618637085,0.5980672836303711,0.0009770590113475919,552.0
240597,1607.951366715,597.0,2.5581820011138916,3.717233419418335,0.5974884033203125,-0.0034240600652992725,573.0
240617,1607.969694755,597.0,2.5483975410461426,3.689408540725708,0.5974028706550598,-0.004689449910074472,553.0
240637,1607.989547814,601.0,2.5634708404541016,3.6619088649749756,0.5976518988609314,-0.0014955465449020267,563.0
240657,1608.009679286,601.0,2.589609146118164,3.709258794784546,0.5976506471633911,0.00132469879463315,552.0
240677,1608.028991127,600.0,2.5902769565582275,3.7152061462402344,0.5977432131767273,0.0009719152003526688,565.0
240697,1608.051670046,600.0,2.598985195159912,3.700554847717285,0.5977093577384949,-0.004433059599250555,566.0
240717,1608.069865737,602.0,2.622504472732544,3.6459543704986572,0.5980381965637207,-0.005406748503446579,566.0
240737,1608.08896283,602.0,2.624980926513672,3.6221604347229004,0.5979537963867188,-0.0027326750569045544,559.0
240757,1608.109612473,602.0,2.606233596801758,3.6275713443756104,0.5979169607162476,-0.0014215840492397547,574.0
240777,1608.128578303,600.0,2.5830535888671875,3.6133196353912354,0.5979521870613098,-0.0023383740335702896,559.0
240797,1608.150632126,600.0,2.5720725059509277,3.608046054840088,0.5978908538818359,-0.0035157755482941866,566.0
240817,1608.1688153,603.0,2.5671372413635254,3.5953187942504883,0.5984789729118347,-0.00125311769079417,562.0
240837,1608.189094765,603.0,2.585706949234009,3.6069023609161377,0.5984489321708679,-0.002117662224918604,575.0
240857,1608.209173117,597.0,2.589003801345825,3.607069253921509,0.5978075265884399,-0.00507498811930418,570.0
240877,1608.229327553,597.0,2.603468179702759,3.631520986557007,0.5977077484130859,-0.004918261431157589,585.0
240897,1608.249684358,596.0,2.615727424621582,3.6187775135040283,0.5969435572624207,-0.0066830310970544815,568.0
240917,1608.268551989,596.0,2.602564573287964,3.5862512588500977,0.5968208312988281,-0.005593344569206238,518.0
240937,1608.28909734,604.0,2.60080885887146,3.5775833129882812,0.5977093577384949,-0.0028073217254132032,563.0
240957,1608.309515553,604.0,2.5831422805786133,3.557575225830078,0.5976592302322388,-0.002105771331116557,515.0
240977,1608.32868083,599.0,2.5898663997650146,3.580723285675049,0.5975374579429626,-0.0009542802581563592,512.0
240997,1608.349533024,599.0,2.606459617614746,3.6336705684661865,0.5975074768066406,-0.002571713412180543,513.0
241017,1608.369033969,600.0,2.613706350326538,3.608536958694458,0.5974224805831909,-0.005676689092069864,514.0
241037,1608.388354784,600.0,2.61387038230896,3.5854833126068115,0.5974830985069275,-0.005110030062496662,510.0
241057,1608.408127336,600.0,2.628509759902954,3.6138508319854736,0.5974191427230835,-0.0013889136025682092,516.0
241077,1608.429129999,602.0,2.6310620307922363,3.6416985988616943,0.5979399681091309,0.00021009529882576317,517.0
241097,1608.448739788,602.0,2.6179134845733643,3.6222357749938965,0.5979262590408325,-0.0015257472405210137,511.0
241117,1608.469626459,599.0,2.6169381141662598,3.6327900886535645,0.5977577567100525,-0.003764575347304344,516.0
241137,1608.488914915,599.0,2.607527017593384,3.5966315269470215,0.5976768732070923,-0.004052979871630669,516.0
241157,1608.508629182,601.0,2.600186824798584,3.576632022857666,0.5979208946228027,-0.0015569867100566626,513.0
241177,1608.529232841,601.0,2.606369733810425,3.6176364421844482,0.5978967547416687,-0.0008951696217991412,513.0
241197,1608.548697751,601.0,2.598932981491089,3.5849876403808594,0.5981119275093079,-2.545478537285817e-06,511.0
241217,1608.56773985,601.0,2.6046559810638428,3.5997328758239746,0.5981069207191467,-0.00032458596979267895,511.0
241237,1608.588034892,601.0,2.6018776893615723,3.5957653522491455,0.5982772707939148,-0.0005982767324894667,510.0
241257,1608.608074508,601.0,2.5825819969177246,3.580949306488037,0.598268985748291,2.5365108740516007e-05,514.0
241277,1608.629068539,598.0,2.59118914604187,3.6350464820861816,0.5978801250457764,2.9570714104920626e-05,510.0
241297,1608.646941214,598.0,2.5941860675811768,3.6681525707244873,0.5978606343269348,-0.002328797010704875,510.0
241317,1608.666797544,598.0,2.5480940341949463,3.6422054767608643,0.5977866649627686,-0.004764610435813665,518.0
241337,1608.686920017,603.0,2.504518508911133,3.6021690368652344,0.5983670353889465,-0.004021964035928249,513.0
241357,1608.708408334,603.0,2.4773826599121094,3.6054470539093018,0.5982980728149414,-0.0024653575383126736,509.0
241377,1608.728183053,601.0,2.4773037433624268,3.6336488723754883,0.5984699726104736,-0.0003221548395231366,512.0
241397,1608.74806585,601.0,2.473489284515381,3.652226209640503,0.5984432101249695,-0.002918309299275279,512.0
241417,1608.768425215,603.0,2.447969436645508,3.624099016189575,0.598901629447937,-0.004464282654225826,514.0
241437,1608.788331532,603.0,2.4429967403411865,3.6347241401672363,0.5988020896911621,-0.004891130141913891,514.0
241457,1608.808692406,602.0,2.4481914043426514,3.62245774269104,0.5990199446678162,-0.002403892809525132,509.0
241477,1608.828438428,602.0,2.484008312225342,3.643942356109619,0.5989640355110168,-0.0036403497215360403,509.0
241497,1608.848518887,600.0,2.5149319171905518,3.5801029205322266,0.5987256169319153,-0.0070002200081944466,509.0
241517,1608.869100608,600.0,2.5096118450164795,3.5106661319732666,0.598588228225708,-0.006483793258666992,509.0
241537,1608.888917403,600.0,2.5246424674987793,3.4575352668762207,0.5984247922897339,-0.0053992075845599174,509.0
241557,1608.907867505,600.0,2.525298595428467,3.4134979248046875,0.598323404788971,-0.004845586605370045,515.0
241577,1608.927406377,597.0,2.512033224105835,3.3699183464050293,0.5976839065551758,-0.007410704158246517,515.0
241597,1608.949090698,597.0,2.4952311515808105,3.2991039752960205,0.5975079536437988,-0.010071742348372936,509.0
241617,1608.967988889,597.0,2.5243804454803467,3.2620084285736084,0.5973023176193237,-0.009715592488646507,520.0
241637,1608.987021118,601.0,2.565556526184082,3.2712559700012207,0.5976063013076782,-0.003077099332585931,514.0
241657,1609.006528212,601.0,2.6027050018310547,3.3065876960754395,0.5975783467292786,-0.0005262515041977167,509.0
241677,1609.027923322,600.0,2.6478307247161865,3.3201723098754883,0.5977094173431396,-0.0033012840431183577,511.0
241697,1609.048238878,600.0,2.671436309814453,3.277444839477539,0.5975940823554993,-0.007142378482967615,509.0
241717,1609.067727848,600.0,2.6541759967803955,3.2274088859558105,0.597641110420227,-0.004994198679924011,510.0
241737,1609.087310694,600.0,2.634723663330078,3.2225167751312256,0.5975534915924072,-0.004258116241544485,513.0
241757,1609.108377133,597.0,2.6257147789001465,3.195070743560791,0.5970777273178101,-0.007668124977499247,509.0
241777,1609.128439131,597.0,2.6172664165496826,3.12185001373291,0.5968968272209167,-0.010018568485975266,509.0
241797,1609.148745368,599.0,2.634253978729248,3.0628132820129395,0.5968326330184937,-0.008605774492025375,511.0
241817,1609.168277958,599.0,2.6628968715667725,3.065730571746826,0.596704363822937,-0.004397218581289053,512.0
241837,1609.188070397,600.0,2.6644768714904785,3.0769524574279785,0.5969529747962952,-0.0027431563939899206,512.0
241857,1609.2084003,600.0,2.652534008026123,3.048441171646118,0.5969011187553406,-0.002418708289042115,513.0
241877,1609.22897642,601.0,2.638050079345703,3.028721809387207,0.5973144173622131,-0.0024197809398174286,510.0
241897,1609.248195683,601.0,2.6425697803497314,2.9965767860412598,0.5972293019294739,-0.006367634050548077,519.0
241917,1609.267933883,601.0,2.662529230117798,2.9603428840637207,0.5970736145973206,-0.008336629718542099,516.0
241937,1609.288246306,599.0,2.6726410388946533,2.9268054962158203,0.5970636010169983,-0.0049394769594073296,536.0
241957,1609.309093151,599.0,2.6489856243133545,2.903663396835327,0.5970072150230408,-0.0006086342036724091,522.0
241977,1609.329079305,599.0,2.640181064605713,2.9217991828918457,0.5971432328224182,0.0006587087991647422,529.0
241997,1609.348348198,599.0,2.6424503326416016,2.917287826538086,0.5971131324768066,-0.004033542703837156,526.0
242017,1609.368777481,600.0,2.6391124725341797,2.8588616847991943,0.5972944498062134,-0.007319304160773754,525.0
242037,1609.388260932,600.0,2.6429619789123535,2.8176214694976807,0.597158670425415,-0.005473255179822445,522.0
242057,1609.407649545,600.0,2.6601057052612305,2.7786333560943604,0.5973961353302002,-0.000556637067347765,522.0
242077,1609.428091061,600.0,2.673168420791626,2.808628797531128,0.5973986387252808,0.0001183714994112961,523.0
242097,1609.447695166,600.0,2.655346393585205,2.806842088699341,0.597575843334198,-0.004091319628059864,531.0
242117,1609.467548304,600.0,2.6420018672943115,2.740180253982544,0.5974734425544739,-0.005303710233420134,532.0
242137,1609.48784294,597.0,2.6428544521331787,2.749030590057373,0.5970368385314941,-0.006803808268159628,526.0
242157,1609.508617575,597.0,2.6495704650878906,2.7146449089050293,0.5968771576881409,-0.00862840935587883,526.0
242177,1609.527863833,599.0,2.6492128372192383,2.652301073074341,0.5967200398445129,-0.006754984147846699,528.0
242197,1609.547653055,599.0,2.649665117263794,2.666306257247925,0.5967860817909241,-0.0033249547705054283,528.0
242217,1609.56710321,599.0,2.632322311401367,2.6807005405426025,0.5967270731925964,-0.003013274632394314,530.0
242237,1609.586992604,601.0,2.6188206672668457,2.637460231781006,0.5972451567649841,-0.0038189715705811977,529.0
242257,1609.607951092,601.0,2.6506826877593994,2.6275696754455566,0.5971408486366272,-0.006750317290425301,522.0
242277,1609.62661602,595.0,2.6585347652435303,2.561055898666382,0.5963647365570068,-0.010718272067606449,527.0
242297,1609.648734066,595.0,2.65374493598938,2.461448907852173,0.5961715579032898,-0.007983521558344364,523.0
242317,1609.668120332,600.0,2.6680657863616943,2.4874260425567627,0.5965831875801086,-0.002125049941241741,522.0
242337,1609.688456092,600.0,2.665436029434204,2.4786736965179443,0.596545934677124,-0.0021609279792755842,523.0
242357,1609.708554175,596.0,2.67682147026062,2.4315998554229736,0.5961451530456543,-0.005349251441657543,524.0
242377,1609.728133347,596.0,2.6873960494995117,2.4204392433166504,0.5960136651992798,-0.00770741468295455,525.0
242397,1609.747884021,594.0,2.695566177368164,2.340658187866211,0.5952821373939514,-0.008364584296941757,522.0
242417,1609.767682794,594.0,2.726600408554077,2.3205552101135254,0.5951589345932007,-0.0038641695864498615,526.0
242437,1609.788583617,599.0,2.7198636531829834,2.3619346618652344,0.5955782532691956,-0.0015149367973208427,522.0
242457,1609.808419307,599.0,2.710214376449585,2.343759536743164,0.5955159068107605,-0.005077401641756296,528.0
242477,1609.827332253,599.0,2.7090022563934326,2.3045873641967773,0.5953661203384399,-0.009750960394740105,529.0
242497,1609.848192745,597.0,2.730433940887451,2.2355377674102783,0.595217764377594,-0.011529064737260342,522.0
242517,1609.868308472,597.0,2.734334707260132,2.1898226737976074,0.595009446144104,-0.008892628364264965,522.0
242537,1609.886918006,597.0,2.7383487224578857,2.192086935043335,0.5950798392295837,-0.003860404249280691,521.0
242557,1609.906893116,597.0,2.717135190963745,2.1993966102600098,0.5950180292129517,-0.0029110622126609087,526.0
242577,1609.927536028,595.0,2.7216851711273193,2.1822011470794678,0.594751238822937,-0.005787286441773176,522.0
242597,1609.947621814,595.0,2.734395980834961,2.1746792793273926,0.5946053862571716,-0.008473757654428482,528.0
242617,1609.967543397,599.0,2.7339413166046143,2.1440610885620117,0.5950778722763062,-0.007168549578636885,524.0
242637,1609.987939192,599.0,2.7321341037750244,2.1243045330047607,0.5949482917785645,-0.005747010465711355,521.0
242657,1610.007712977,596.0,2.743694543838501,2.133314847946167,0.5948387384414673,-0.004122631158679724,522.0
242677,1610.027630814,596.0,2.7390551567077637,2.104625701904297,0.5947819948196411,-0.0016145152039825916,530.0
242697,1610.047824344,596.0,2.7475268840789795,2.073887825012207,0.5947708487510681,-0.0009843281004577875,521.0
242717,1610.067616129,596.0,2.7693824768066406,2.079219341278076,0.5947229862213135,-0.004239468369632959,522.0
242737,1610.087820269,599.0,2.7607150077819824,1.9765419960021973,0.5951886177062988,-0.006680038291960955,522.0
242757,1610.108066976,599.0,2.7534022331237793,1.9202890396118164,0.5950683951377869,-0.004400449339300394,521.0
242777,1610.127995686,599.0,2.7754993438720703,1.9405721426010132,0.5950182676315308,-0.00092754588695243,527.0
242797,1610.147378284,598.0,2.799938201904297,1.9857772588729858,0.5954023599624634,0.0010068835690617561,524.0
242817,1610.167387304,598.0,2.813530445098877,1.969246506690979,0.5953995585441589,-0.0017877252539619803,522.0
242837,1610.188782076,599.0,2.817657947540283,1.9389313459396362,0.5958290100097656,-0.00396902859210968,524.0
242857,1610.207793025,599.0,2.797060251235962,1.880502700805664,0.595733106136322,-0.005231049377471209,530.0
242877,1610.22699697,598.0,2.782888174057007,1.8552250862121582,0.5959195494651794,-0.0012135987635701895,525.0
242897,1610.247903803,598.0,2.7957637310028076,1.8871533870697021,0.5959105491638184,-0.0002982785226777196,529.0
242917,1610.267595083,599.0,2.797254800796509,1.8419328927993774,0.5962905883789062,-0.0009640043717809021,523.0
242937,1610.288556069,599.0,2.799558639526367,1.8104015588760376,0.5962505340576172,-0.0027113500982522964,532.0
242957,1610.307669958,597.0,2.781406879425049,1.8115367889404297,0.5961407423019409,-0.002631259383633733,522.0
242977,1610.328090017,597.0,2.776681661605835,1.7889201641082764,0.5960898995399475,-0.0024459303822368383,519.0
242997,1610.347568293,596.0,2.7745330333709717,1.7815407514572144,0.595828115940094,-0.0034722979180514812,521.0
243017,1610.368401209,596.0,2.7944045066833496,1.7832111120224,0.5957558751106262,-0.003421296365559101,517.0
243037,1610.386873582,600.0,2.793604850769043,1.7612957954406738,0.5957047939300537,-0.001398047897964716,520.0
243057,1610.407216819,600.0,2.7865240573883057,1.7648355960845947,0.5963139533996582,0.002755223773419857,514.0
243077,1610.427467003,600.0,2.7648024559020996,1.798985481262207,0.5963701605796814,0.002387305023148656,514.0
243097,1610.4475891,601.0,2.7510268688201904,1.7856158018112183,0.597114086151123,0.0020880026277154684,510.0
243117,1610.467533214,601.0,2.7690346240997314,1.7821745872497559,0.5971373319625854,0.000645450025331229,512.0
243137,1610.487675636,595.0,2.7996795177459717,1.7931855916976929,0.5965726971626282,-0.0008113037911243737,513.0
243157,1610.506968023,595.0,2.8288402557373047,1.8322575092315674,0.5965852737426758,0.002467354526743293,526.0
243177,1610.527722885,596.0,2.8184850215911865,1.8729970455169678,0.596359372138977,0.003213822841644287,511.0
243197,1610.547284257,596.0,2.817667245864868,1.898316502571106,0.5964245796203613,0.0028513045981526375,514.0
243217,1610.566493556,593.0,2.827784538269043,1.91464364528656,0.5955986380577087,-0.00033985311165452003,520.0
243237,1610.585472166,593.0,2.8317861557006836,1.9092870950698853,0.5955843329429626,-0.0009790521580725908,518.0
243257,1610.606525461,598.0,2.81937313079834,1.9431356191635132,0.5958034992218018,0.00043815665412694216,509.0
243277,1610.626843294,598.0,2.8209657669067383,2.0055501461029053,0.5958217978477478,0.0013168652076274157,511.0
243297,1610.645971685,599.0,2.8237831592559814,2.050844430923462,0.5961964130401611,0.0014575050445273519,512.0
243317,1610.66770731,599.0,2.8005850315093994,2.0637776851654053,0.5961989164352417,-0.0013266012538224459,511.0
243337,1610.687140353,599.0,2.7871878147125244,2.0806615352630615,0.5961416363716125,-0.0043970211409032345,516.0
243357,1610.705983443,600.0,2.7871925830841064,2.0656771659851074,0.5965391397476196,-0.0044165607541799545,510.0
243377,1610.725972734,600.0,2.749669075012207,2.0539495944976807,0.5964583158493042,-0.0036308374255895615,511.0
243397,1610.74737559,598.0,2.729339361190796,2.0404932498931885,0.5965083241462708,-0.002725221449509263,511.0
243417,1610.767070798,598.0,2.712027072906494,2.0343260765075684,0.5964666604995728,-0.0014939638786017895,512.0
243437,1610.786824811,596.0,2.6932406425476074,2.043720245361328,0.5961786508560181,-0.0016138493083417416,509.0
243457,1610.807439719,596.0,2.6672616004943848,2.078408718109131,0.5961447954177856,-0.0019477267051115632,514.0
243477,1610.827364744,599.0,2.670888662338257,2.082242012023926,0.596450686454773,-0.002689773915335536,509.0
243497,1610.846284954,599.0,2.653325319290161,2.068199872970581,0.5963813066482544,-0.004273960832506418,521.0
243517,1610.866700996,594.0,2.6426830291748047,2.0580646991729736,0.5956450700759888,-0.006585195194929838,512.0
243537,1610.886488567,594.0,2.643561601638794,2.077042579650879,0.5955396294593811,-0.0038058718200773,517.0
243557,1610.906676308,601.0,2.6373207569122314,2.106534957885742,0.5962936282157898,0.00031240738462656736,515.0
243577,1610.926611245,601.0,2.6522271633148193,2.118621826171875,0.5963101387023926,0.0012255164328962564,509.0
243597,1610.947032259,596.0,2.6608943939208984,2.168562889099121,0.5960568189620972,0.00019869022071361542,514.0
243617,1610.967063429,596.0,2.677022933959961,2.143829822540283,0.59605872631073,0.00010421308979857713,509.0
243637,1610.987646088,596.0,2.7219278812408447,2.1643550395965576,0.5960554480552673,-0.0007660227129235864,514.0
243657,1611.006676898,600.0,2.7739930152893066,2.1423401832580566,0.5965323448181152,-0.002090376801788807,511.0
243677,1611.026918629,600.0,2.810197591781616,2.1017391681671143,0.5964938402175903,-0.0013679401017725468,509.0
243697,1611.047142565,598.0,2.833576202392578,2.120023012161255,0.5965777635574341,0.0005781198851764202,519.0
243717,1611.066948516,598.0,2.824352741241455,2.119932174682617,0.5965846180915833,-0.0003221441002096981,512.0
243737,1611.087477009,601.0,2.8295319080352783,2.066539764404297,0.5971906185150146,-0.0012741296086460352,509.0
243757,1611.106603843,601.0,2.8541460037231445,1.9966366291046143,0.5971689820289612,-0.000393331196391955,510.0
243777,1611.127040137,598.0,2.8705008029937744,1.9920800924301147,0.5971609354019165,0.0027834989596158266,511.0
243797,1611.147605544,598.0,2.868116855621338,2.009648323059082,0.5972251296043396,0.003263203427195549,509.0
243817,1611.167825388,597.0,2.8552281856536865,1.9742430448532104,0.596997082233429,0.0010249527404084802,509.0
243837,1611.187311175,597.0,2.8722848892211914,2.008751630783081,0.5969997644424438,-0.0009103682823479176,514.0
243857,1611.207591089,598.0,2.8827364444732666,2.0130226612091064,0.5969115495681763,-0.004617053549736738,509.0
243877,1611.227081154,598.0,2.8610990047454834,1.965793251991272,0.5968145728111267,-0.004712466616183519,515.0
243897,1611.2479662,600.0,2.841778516769409,1.9791300296783447,0.5967221856117249,-0.004441138822585344,526.0
243917,1611.266676535,600.0,2.831918478012085,1.920406460762024,0.5970441699028015,-0.0021474850364029408,519.0
243937,1611.287817058,600.0,2.832007884979248,1.8921509981155396,0.5970139503479004,-0.0009852010989561677,517.0
243957,1611.307181621,598.0,2.8368453979492188,1.9251328706741333,0.5969811081886292,-0.003408231772482395,516.0
243977,1611.327098823,598.0,2.8412668704986572,1.8689104318618774,0.5968876481056213,-0.005710396450012922,516.0
243997,1611.347588274,595.0,2.8574581146240234,1.8510695695877075,0.5962364673614502,-0.00780609343200922,530.0
244017,1611.367049932,595.0,2.8560781478881836,1.8328226804733276,0.5960962772369385,-0.005824078805744648,527.0
244037,1611.386977061,594.0,2.853543996810913,1.8483597040176392,0.5954262018203735,-0.00708620622754097,524.0
244057,1611.407103948,594.0,2.8284482955932617,1.7667667865753174,0.5952669978141785,-0.008694264106452465,528.0
244077,1611.427046479,595.0,2.8591818809509277,1.7147672176361084,0.5948871970176697,-0.00981921423226595,523.0
244097,1611.446539575,595.0,2.8927388191223145,1.7163163423538208,0.5946868658065796,-0.010111253708600998,524.0
244117,1611.467106023,597.0,2.889554977416992,1.652026891708374,0.5947532057762146,-0.008484967052936554,522.0
244137,1611.486476792,597.0,2.909548044204712,1.6014114618301392,0.5946115851402283,-0.005487813614308834,523.0
244157,1611.506300468,594.0,2.933440923690796,1.627168893814087,0.594214677810669,-0.005400710739195347,530.0
244177,1611.527471812,594.0,2.9594900608062744,1.5946178436279297,0.594088613986969,-0.007296012714505196,527.0
244197,1611.546909688,594.0,2.9469971656799316,1.5285462141036987,0.5939064621925354,-0.011341293342411518,529.0
244217,1611.566958002,598.0,2.946824550628662,1.4363350868225098,0.5942022800445557,-0.014556104317307472,526.0
244237,1611.586439687,598.0,2.9543261528015137,1.3156777620315552,0.5938922762870789,-0.015558648854494095,529.0
244257,1611.607231486,596.0,2.9505012035369873,1.2645034790039062,0.5938910245895386,-0.010863509960472584,526.0
244277,1611.625434805,596.0,2.9472427368164062,1.2036244869232178,0.5937103033065796,-0.007388530299067497,525.0
244297,1611.646180217,595.0,2.967573881149292,1.1701126098632812,0.5936611890792847,-0.008436501957476139,526.0
244317,1611.666209797,595.0,2.9627060890197754,1.138558268547058,0.5934549570083618,-0.012223337776958942,525.0
244337,1611.68651619,592.0,2.9531917572021484,0.9976189732551575,0.5927789807319641,-0.01632997952401638,522.0
244357,1611.706816093,592.0,2.9652230739593506,0.9063338041305542,0.5924590826034546,-0.015152542851865292,526.0
244377,1611.726787156,595.0,2.980680465698242,0.8601007461547852,0.5925261974334717,-0.012297223322093487,521.0
244397,1611.747036676,595.0,2.982703924179077,0.785546600818634,0.592289924621582,-0.011088491417467594,526.0
244417,1611.76744987,596.0,2.9839353561401367,0.751209557056427,0.5926247239112854,-0.009195998311042786,528.0
244437,1611.786709001,596.0,2.9503259658813477,0.6816412210464478,0.5924428105354309,-0.008973514661192894,526.0
244457,1611.806056938,595.0,2.927095651626587,0.6226845979690552,0.5925869345664978,-0.009628538973629475,528.0
244477,1611.825613346,595.0,2.9365692138671875,0.5809956192970276,0.5923725366592407,-0.011613481678068638,523.0
244497,1611.847093005,595.0,2.9307916164398193,0.5128691792488098,0.5921499133110046,-0.01014078501611948,527.0
244517,1611.866420837,596.0,2.9298665523529053,0.52010577917099,0.5925288200378418,-0.00681757926940918,527.0
244537,1611.887494654,596.0,2.906499147415161,0.5103984475135803,0.5923851132392883,-0.007656192407011986,522.0
244557,1611.90652363,596.0,2.8507375717163086,0.48980212211608887,0.59279865026474,-0.0070360079407691956,530.0
244577,1611.926815896,596.0,2.837616443634033,0.5207814574241638,0.5926723480224609,-0.005459370091557503,521.0
244597,1611.946352894,593.0,2.824662446975708,0.5679890513420105,0.592520534992218,-0.00499916635453701,522.0
244617,1611.966049931,593.0,2.806619167327881,0.5572141408920288,0.5924164056777954,-0.005499115213751793,522.0
244637,1611.986905326,597.0,2.77779221534729,0.5886810421943665,0.5930448770523071,-0.0038396683521568775,522.0
244657,1612.007092086,597.0,2.7456700801849365,0.608047604560852,0.5929999947547913,-0.000551386852748692,522.0
244677,1612.026539006,593.0,2.747507095336914,0.702857255935669,0.5928493142127991,6.315520295174792e-05,525.0
244697,1612.046448837,593.0,2.7169365882873535,0.7514109015464783,0.5928218960762024,-0.0024348816368728876,525.0
244717,1612.068398835,595.0,2.6678199768066406,0.7345014214515686,0.5930401086807251,-0.001298415707424283,522.0
244737,1612.086170437,595.0,2.642645835876465,0.8266109228134155,0.593018114566803,-0.001105672214180231,526.0
244757,1612.106431175,597.0,2.6114840507507324,0.8530811071395874,0.5929858088493347,-0.001861048280261457,528.0
244777,1612.125859244,597.0,2.608689308166504,0.9343898892402649,0.5935593843460083,-0.0009810925694182515,522.0
244797,1612.147465823,597.0,2.6026172637939453,0.9796678423881531,0.5935456156730652,6.392364593921229e-05,527.0
244817,1612.167146488,597.0,2.5490562915802,0.981886088848114,0.5940639972686768,0.002544673392549157,521.0
244837,1612.186583685,597.0,2.5164437294006348,0.9951105117797852,0.5941053628921509,0.0011073044734075665,529.0
244857,1612.20611817,593.0,2.514852285385132,1.0487383604049683,0.5937795639038086,-0.0019787736237049103,525.0
244877,1612.227055434,593.0,2.5002756118774414,1.0613049268722534,0.5937691330909729,0.0015131443506106734,525.0
244897,1612.246405483,597.0,2.4535906314849854,1.138126254081726,0.5943191647529602,0.003870772197842598,529.0
244917,1612.267652269,597.0,2.4226362705230713,1.161678671836853,0.5943652391433716,0.00045259346370585263,525.0
244937,1612.28658814,598.0,2.418830633163452,1.2002252340316772,0.5949249267578125,-0.00015314071788452566,524.0
244957,1612.30665853,598.0,2.3996195793151855,1.2300410270690918,0.5949258804321289,0.0005933195352554321,537.0
244977,1612.326044515,597.0,2.367629051208496,1.2626029253005981,0.5951985716819763,0.0030144117772579193,536.0
244997,1612.346952199,597.0,2.3465468883514404,1.296714186668396,0.5952649116516113,0.0031813306268304586,509.0
245017,1612.368430391,598.0,2.354480266571045,1.2944467067718506,0.5956732034683228,0.0031985812820494175,535.0
245037,1612.385761927,598.0,2.359802722930908,1.3461722135543823,0.5957398414611816,0.0035390134435147047,523.0
245057,1612.406251974,598.0,2.355316400527954,1.4048962593078613,0.5957968235015869,0.0017374047311022878,514.0
245077,1612.425593403,598.0,2.3318047523498535,1.4004014730453491,0.5960801243782043,8.200522279366851e-05,526.0
245097,1612.446219086,598.0,2.312912702560425,1.3907917737960815,0.5960537791252136,-0.002439906820654869,510.0
245117,1612.466828379,597.0,2.2649261951446533,1.3791977167129517,0.596086323261261,-0.0016756629338487983,515.0
245137,1612.485313957,597.0,2.2687478065490723,1.4280340671539307,0.5960806012153625,0.0008547317702323198,520.0
245157,1612.506164112,597.0,2.2899248600006104,1.4929119348526,0.5961506962776184,-0.0009085581405088305,510.0
245177,1612.52647433,597.0,2.243802070617676,1.4371473789215088,0.5960999727249146,-0.004105696454644203,512.0
245197,1612.546093932,594.0,2.2012922763824463,1.3675428628921509,0.595526933670044,-0.0054415203630924225,515.0
245217,1612.567342275,594.0,2.224323272705078,1.4189993143081665,0.5954431295394897,-0.002883314620703459,512.0
245237,1612.586679376,596.0,2.229536294937134,1.4673460721969604,0.5954123735427856,-0.0008715602452866733,518.0
245257,1612.606061038,596.0,2.2054319381713867,1.4867339134216309,0.5953935384750366,-0.0011725297663360834,510.0
245277,1612.626600646,597.0,2.178818464279175,1.5041621923446655,0.5955343842506409,-0.0009137456072494388,514.0
245297,1612.645885835,597.0,2.1618685722351074,1.5622694492340088,0.5954987406730652,-0.0028826601337641478,516.0
245317,1612.666725178,597.0,2.154076337814331,1.5440764427185059,0.5954204797744751,-0.004706812556833029,515.0
245337,1612.685768568,597.0,2.1598241329193115,1.553102970123291,0.5954864621162415,-0.00404822314158082,509.0
245357,1612.70654839,597.0,2.148268222808838,1.574282169342041,0.5954208970069885,-0.0025290052872151136,515.0
245377,1612.725950076,595.0,2.112617254257202,1.5771143436431885,0.5951513051986694,-0.0027457098476588726,509.0
245397,1612.746022115,595.0,2.0999269485473633,1.5763002634048462,0.5950828790664673,-0.0038170593325048685,509.0
245417,1612.767602047,595.0,2.089169979095459,1.6071226596832275,0.59491366147995,-0.0023191317450255156,512.0
245437,1612.785797735,595.0,2.093137502670288,1.6700401306152344,0.594855546951294,-0.003496504155918956,513.0
245457,1612.805772529,595.0,2.073489189147949,1.6792988777160645,0.5947015285491943,-0.005256802309304476,510.0
245477,1612.824851413,595.0,2.062784194946289,1.6740237474441528,0.5945791602134705,-0.006427740678191185,520.0
245497,1612.846517613,594.0,2.04876971244812,1.6756700277328491,0.5942611694335938,-0.00643581198528409,512.0
245517,1612.867861277,594.0,2.0373547077178955,1.6718189716339111,0.5941445827484131,-0.005111099686473608,521.0
245537,1612.885976284,598.0,2.050886869430542,1.7148314714431763,0.5946730375289917,-0.003050352679565549,516.0
245557,1612.906246573,598.0,2.0395517349243164,1.7277036905288696,0.5946235060691833,-0.0015895941760390997,511.0
245577,1612.925043347,596.0,2.0398874282836914,1.7569670677185059,0.5947206616401672,-0.000752176798414439,519.0
245597,1612.946087342,596.0,2.0331614017486572,1.8034082651138306,0.5946974754333496,-0.00170128105673939,509.0
245617,1612.965640147,597.0,2.0302352905273438,1.8094592094421387,0.5946338772773743,-0.004629547707736492,530.0
245637,1612.985239718,597.0,1.993382453918457,1.7819832563400269,0.5948300361633301,-0.005556053016334772,511.0
245657,1613.005927845,597.0,1.9856157302856445,1.7994853258132935,0.5947164297103882,-0.005419496912509203,514.0
245677,1613.025815002,595.0,1.9619290828704834,1.8276008367538452,0.5945349931716919,-0.003930589184165001,516.0
245697,1613.04551977,595.0,1.9610629081726074,1.8586570024490356,0.5944675207138062,-0.0032302725594490767,513.0
245717,1613.067976399,593.0,1.9439752101898193,1.8581069707870483,0.5940134525299072,-0.004901547450572252,514.0
245737,1613.085083384,593.0,1.926265001296997,1.8335902690887451,0.5938817262649536,-0.008579768240451813,512.0
245757,1613.106059724,595.0,1.909967303276062,1.7739492654800415,0.5938152074813843,-0.010328385047614574,509.0
245777,1613.125624556,595.0,1.9141851663589478,1.729095697402954,0.5936140418052673,-0.008960219100117683,509.0
245797,1613.145104361,590.0,1.9132789373397827,1.729166030883789,0.5927429795265198,-0.004175086040049791,509.0
245817,1613.165989107,590.0,1.91609525680542,1.8237143754959106,0.5927143096923828,0.0005128225893713534,510.0
245837,1613.184860511,596.0,1.917311429977417,1.9236799478530884,0.5931824445724487,-0.00062804133631289,514.0
245857,1613.205766921,596.0,1.9213985204696655,1.9188129901885986,0.5931130051612854,-0.006012067664414644,509.0
245877,1613.224371699,592.0,1.9192243814468384,1.8690303564071655,0.5926335453987122,-0.010581566020846367,510.0
245897,1613.245912309,592.0,1.8718230724334717,1.8035922050476074,0.592424213886261,-0.010025090537965298,509.0
245917,1613.265347667,592.0,1.8447366952896118,1.8273422718048096,0.5922322273254395,-0.009107046760618687,520.0
245937,1613.285058586,598.0,1.81841242313385,1.8688397407531738,0.5930285453796387,-0.006303370930254459,511.0
245957,1613.304934496,598.0,1.7941789627075195,1.88392972946167,0.5929017663002014,-0.006101072765886784,518.0
245977,1613.325026156,598.0,1.7812288999557495,1.8762052059173584,0.5936048030853271,-0.005282817408442497,514.0
245997,1613.345264905,598.0,1.7731280326843262,1.8830493688583374,0.5934816598892212,-0.006923616398125887,514.0
246017,1613.365452406,594.0,1.7389285564422607,1.8342745304107666,0.5933714509010315,-0.005633848253637552,513.0
246037,1613.385561793,594.0,1.706763744354248,1.798729419708252,0.5932735204696655,-0.004425991326570511,509.0
246057,1613.405530105,595.0,1.6878398656845093,1.7806731462478638,0.5934259295463562,-0.005043996497988701,519.0
246077,1613.425442924,595.0,1.7017205953598022,1.7811213731765747,0.5933184027671814,-0.005370298400521278,538.0
246097,1613.444273852,594.0,1.7032145261764526,1.7966978549957275,0.5932669639587402,-0.005021858029067516,522.0
246117,1613.464287151,594.0,1.6908494234085083,1.75245201587677,0.5931708812713623,-0.004524734802544117,529.0
246137,1613.484448336,597.0,1.6862202882766724,1.7386215925216675,0.5936852693557739,-0.004646559711545706,529.0
246157,1613.504056961,597.0,1.6759001016616821,1.7037488222122192,0.5935896039009094,-0.004638579208403826,526.0
246177,1613.524911636,597.0,1.6537578105926514,1.7378754615783691,0.593511164188385,-0.0029543526470661163,523.0
246197,1613.545042041,597.0,1.6555131673812866,1.7373477220535278,0.5940151214599609,-0.0010877989698201418,522.0
246217,1613.564871895,597.0,1.6677629947662354,1.7555001974105835,0.5939657092094421,-0.004335301462560892,534.0
246237,1613.58458324,596.0,1.6741814613342285,1.6990571022033691,0.5941139459609985,-0.006324546877294779,528.0
246257,1613.604408926,596.0,1.692221999168396,1.6603068113327026,0.5940024852752686,-0.004495788365602493,524.0
246277,1613.624426033,596.0,1.7155883312225342,1.6736600399017334,0.5942392349243164,-0.0024055468384176493,536.0
246297,1613.644434309,596.0,1.7163013219833374,1.6373554468154907,0.5941962599754333,-0.0018211473943665624,523.0
246317,1613.664543161,598.0,1.7407420873641968,1.60029935836792,0.5948094129562378,-0.00011484842980280519,526.0
246337,1613.684531399,598.0,1.7745290994644165,1.587237000465393,0.5948030948638916,-0.0005468903109431267,528.0
246357,1613.704607975,599.0,1.8152432441711426,1.543331265449524,0.5954984426498413,0.0009366839658468962,524.0
246377,1613.725105981,599.0,1.8321616649627686,1.5772459506988525,0.5955204963684082,0.0014295072760432959,525.0
246397,1613.745106584,594.0,1.819096326828003,1.574648141860962,0.5951870679855347,0.0008184124017134309,522.0
246417,1613.765369004,594.0,1.7964749336242676,1.552291989326477,0.5951946973800659,-0.0005474219215102494,522.0
246437,1613.785560388,595.0,1.8071374893188477,1.5291614532470703,0.5950111150741577,-0.0035476202610880136,522.0
246457,1613.805069502,595.0,1.8171309232711792,1.513867974281311,0.5949388146400452,-0.0032976348884403706,522.0
246477,1613.825297127,597.0,1.8146113157272339,1.516263484954834,0.5948944091796875,-0.000980157172307372,530.0
246497,1613.845477926,597.0,1.8215588331222534,1.511407494544983,0.5951780080795288,0.0008633886463940144,534.0
246517,1613.865621605,597.0,1.840471625328064,1.4871193170547485,0.5951761603355408,-0.0012876316905021667,531.0
246537,1613.885449455,597.0,1.8235167264938354,1.4536432027816772,0.5953718423843384,-0.0015155720757320523,522.0
246557,1613.905102298,597.0,1.8117626905441284,1.4326530694961548,0.595337986946106,-0.0017829833086580038,527.0
246577,1613.925547067,595.0,1.8153587579727173,1.4029289484024048,0.595165491104126,-0.0025287731550633907,522.0
246597,1613.945525883,595.0,1.8285006284713745,1.403385043144226,0.5951052904129028,-0.002855977974832058,523.0
246617,1613.965060995,599.0,1.8175755739212036,1.4204381704330444,0.5957391262054443,0.0006194602465257049,522.0
246637,1613.9853954,599.0,1.805160641670227,1.4497753381729126,0.5957428812980652,-0.00036574178375303745,521.0
246657,1614.005147988,592.0,1.823053002357483,1.4636553525924683,0.5949440598487854,-0.004585322458297014,522.0
246677,1614.025370708,592.0,1.8141404390335083,1.4261155128479004,0.5948167443275452,-0.007735821418464184,521.0
246697,1614.045771887,596.0,1.8048639297485352,1.3627574443817139,0.5948460698127747,-0.004440171644091606,521.0
246717,1614.064076498,596.0,1.7981778383255005,1.3931968212127686,0.594802737236023,-0.0003444562607910484,522.0
246737,1614.084630919,595.0,1.7844767570495605,1.4022334814071655,0.5947407484054565,0.0006944185588508844,523.0
246757,1614.104483565,595.0,1.7922632694244385,1.4174610376358032,0.5947309136390686,-0.0019540502689778805,528.0
246777,1614.124458438,595.0,1.8133337497711182,1.4288766384124756,0.594656229019165,-0.0052620889618992805,530.0
246797,1614.144116211,593.0,1.807212471961975,1.3821830749511719,0.5941147208213806,-0.00634101964533329,522.0
246817,1614.165353002,593.0,1.8099137544631958,1.3994063138961792,0.593998908996582,-0.005181372631341219,522.0
246837,1614.184799724,595.0,1.8123068809509277,1.4042472839355469,0.5939682126045227,-0.006086023524403572,523.0
246857,1614.204849347,595.0,1.8116025924682617,1.365814447402954,0.5938196182250977,-0.008457113988697529,526.0
246877,1614.224887418,597.0,1.814868688583374,1.3236161470413208,0.5942153334617615,-0.006015324033796787,531.0
246897,1614.244849914,597.0,1.819499135017395,1.34358549118042,0.594122052192688,-0.0029437579214572906,521.0
246917,1614.26483485,596.0,1.8209080696105957,1.3634806871414185,0.594353437423706,-0.0026619413401931524,523.0
246937,1614.285106198,596.0,1.8231148719787598,1.349959135055542,0.5942832231521606,-0.004464051220566034,521.0
246957,1614.305237727,596.0,1.828261375427246,1.3321526050567627,0.5944330096244812,-0.0061781578697264194,521.0
246977,1614.324849387,596.0,1.8212732076644897,1.2800370454788208,0.5943008065223694,-0.0066451383754611015,530.0
246997,1614.344366725,595.0,1.8066647052764893,1.2664694786071777,0.5942605137825012,-0.0048304470255970955,526.0
247017,1614.365392971,595.0,1.8182852268218994,1.2796391248703003,0.5941920280456543,-0.001965755596756935,525.0
247037,1614.385532512,594.0,1.8299230337142944,1.3066363334655762,0.5940309762954712,-0.0010492692235857248,524.0
247057,1614.404371041,594.0,1.8285702466964722,1.2931084632873535,0.5939980149269104,-0.002624471439048648,528.0
247077,1614.424563931,594.0,1.8158807754516602,1.2638282775878906,0.5939218401908875,-0.004681277554482222,538.0
247097,1614.44386959,596.0,1.800192952156067,1.2617287635803223,0.5941241979598999,-0.0035739142913371325,536.0
247117,1614.463833346,596.0,1.8079789876937866,1.2806521654129028,0.5940709114074707,-0.001902767107822001,522.0
247137,1614.485292134,593.0,1.8269715309143066,1.3001539707183838,0.5937203764915466,-0.0033232644200325012,527.0
247157,1614.504356773,593.0,1.8184841871261597,1.281123161315918,0.5936338901519775,-0.0052122254855930805,518.0
247177,1614.524388841,595.0,1.805424451828003,1.2726514339447021,0.5937299728393555,-0.004956213291734457,517.0
247197,1614.544830758,595.0,1.8210476636886597,1.3108018636703491,0.5936525464057922,-0.0028292271308600903,513.0
247217,1614.564043719,594.0,1.8326482772827148,1.3299224376678467,0.593585729598999,-0.004697591532021761,509.0
247237,1614.583611366,594.0,1.8351402282714844,1.283251404762268,0.5934690237045288,-0.006829348858445883,518.0
247257,1614.605252285,597.0,1.8340591192245483,1.2396835088729858,0.5939339995384216,-0.005543695297092199,511.0
247277,1614.624374227,597.0,1.8126851320266724,1.223095178604126,0.5938459634780884,-0.003153842641040683,510.0
247297,1614.644538427,595.0,1.8131835460662842,1.239778995513916,0.5939188599586487,-0.002245156327262521,513.0
247317,1614.664818993,595.0,1.825985074043274,1.2720513343811035,0.5938431620597839,-0.005438094958662987,516.0
247337,1614.684400349,595.0,1.82210373878479,1.242318868637085,0.5937036871910095,-0.008305308409035206,516.0
247357,1614.704620312,595.0,1.80845046043396,1.186931848526001,0.5936866998672485,-0.007009850814938545,516.0
247377,1614.723995325,595.0,1.8144420385360718,1.171903371810913,0.59357750415802,-0.003845193888992071,513.0
247397,1614.744532519,596.0,1.8305858373641968,1.1967982053756714,0.5938829779624939,-0.0014616433763876557,517.0
247417,1614.765295088,596.0,1.8248330354690552,1.2292327880859375,0.5938419103622437,-0.0029465043917298317,515.0
247437,1614.785269021,595.0,1.8240159749984741,1.196018099784851,0.59388267993927,-0.0037994999438524246,513.0
247457,1614.804436637,595.0,1.8188095092773438,1.1698676347732544,0.5938123464584351,-0.0035204051528126,510.0
247477,1614.824852439,599.0,1.851290225982666,1.1569339036941528,0.5946613550186157,-0.0030654743313789368,509.0
247497,1614.844371748,599.0,1.8727686405181885,1.1440457105636597,0.5945987701416016,-0.002588612260296941,515.0
247517,1614.863969483,592.0,1.8921215534210205,1.1296603679656982,0.5940254330635071,-0.001188586582429707,523.0
247537,1614.884544568,592.0,1.9069836139678955,1.1648494005203247,0.5940192341804504,0.00025006005307659507,520.0
247557,1614.903643957,593.0,1.9263595342636108,1.135715126991272,0.5937578082084656,-0.0017125351587310433,515.0
247577,1614.924327302,593.0,1.9241318702697754,1.089982271194458,0.5937067866325378,-0.003244195133447647,513.0
247597,1614.943062605,596.0,1.9343799352645874,1.0927866697311401,0.5939732789993286,-0.0034769417252391577,519.0
247617,1614.962690142,596.0,1.9392485618591309,1.120229721069336,0.593888521194458,-0.004917536396533251,510.0
247637,1614.982976281,596.0,1.9328279495239258,1.1072686910629272,0.5937884449958801,-0.0049339234828948975,515.0
247657,1615.004525895,596.0,1.9540482759475708,1.1091015338897705,0.5940129160881042,-0.003993755206465721,509.0
247677,1615.023809341,596.0,1.9495998620986938,1.0997487306594849,0.5939238667488098,-0.004736544564366341,512.0
247697,1615.043606088,600.0,1.9341542720794678,1.0911256074905396,0.5948904752731323,-0.001526162144728005,509.0
247717,1615.063994285,600.0,1.927180290222168,1.122088074684143,0.5948675274848938,-0.0008460276294499636,509.0
247737,1615.083898241,593.0,1.9253787994384766,1.103393793106079,0.5943905115127563,-0.0019470113329589367,510.0
247757,1615.104347506,593.0,1.9398235082626343,1.0841946601867676,0.5943595170974731,-0.001006993232294917,509.0
247777,1615.122982205,596.0,1.9283524751663208,1.076411247253418,0.5945973992347717,0.00048412030446343124,512.0
247797,1615.143938937,596.0,1.9000319242477417,1.0964889526367188,0.5946163535118103,0.0012147666420787573,509.0
247817,1615.16311752,594.0,1.9003535509109497,1.0996843576431274,0.5944427847862244,-0.0011740055633708835,511.0
247837,1615.183647061,594.0,1.9429361820220947,1.1125632524490356,0.5943765640258789,-0.005359446629881859,510.0
247857,1615.203891845,595.0,1.9734268188476562,1.0751723051071167,0.5943172574043274,-0.005828444845974445,514.0
247877,1615.22543803,595.0,1.9655187129974365,1.051886796951294,0.5942286252975464,-0.0026038619689643383,509.0
247897,1615.243998759,591.0,1.9496530294418335,1.0823938846588135,0.5935105681419373,-0.0004072609590366483,514.0
247917,1615.264872681,591.0,1.9549787044525146,1.1268815994262695,0.5935009121894836,-0.0013360073789954185,509.0
247937,1615.283201316,591.0,1.9440702199935913,1.115975260734558,0.5934222936630249,-0.006566385738551617,522.0
247957,1615.303208008,596.0,1.9507653713226318,1.1030402183532715,0.5936421751976013,-0.009168452583253384,510.0
247977,1615.324439502,596.0,1.9471312761306763,1.0716160535812378,0.593473494052887,-0.006792946252971888,509.0
247997,1615.344128684,593.0,1.9346240758895874,1.089587688446045,0.5931872129440308,-0.003218035213649273,509.0
248017,1615.364483257,593.0,1.9388259649276733,1.174461007118225,0.5931137800216675,-0.004653530661016703,509.0
248037,1615.384212434,595.0,1.9352613687515259,1.151571273803711,0.5932907462120056,-0.00711485929787159,516.0
248057,1615.404645692,595.0,1.9379030466079712,1.132508635520935,0.5931291580200195,-0.008906850591301918,512.0
248077,1615.423228274,597.0,1.9340853691101074,1.1171326637268066,0.5936352014541626,-0.006818142719566822,513.0
248097,1615.443056041,597.0,1.9100443124771118,1.1311802864074707,0.5935205817222595,-0.004461703822016716,513.0
248117,1615.463427505,594.0,1.9193027019500732,1.1692641973495483,0.5934860110282898,-0.002274915110319853,526.0
248137,1615.484592172,594.0,1.929347276687622,1.214701771736145,0.5934309363365173,-0.0037923124618828297,520.0
248157,1615.503838573,596.0,1.9062327146530151,1.189568042755127,0.5937186479568481,-0.006046732421964407,522.0
248177,1615.523107571,596.0,1.8793176412582397,1.1667568683624268,0.5935949087142944,-0.0058304378762841225,535.0
248197,1615.54311041,592.0,1.8744986057281494,1.2003980875015259,0.5935032963752747,-0.003241433762013912,538.0
248217,1615.563450396,592.0,1.8775694370269775,1.2191352844238281,0.5930533409118652,-0.003100900910794735,526.0
248237,1615.58384466,592.0,1.8756675720214844,1.2217001914978027,0.5929744243621826,-0.0049448017962276936,525.0
248257,1615.604120477,596.0,1.8657653331756592,1.225753903388977,0.5933232307434082,-0.006469224579632282,522.0
248277,1615.62377311,596.0,1.8721575736999512,1.2031617164611816,0.5931764841079712,-0.007638048380613327,522.0
248297,1615.644135593,596.0,1.88260817527771,1.1980400085449219,0.5934711694717407,-0.004988385364413261,528.0
248317,1615.662529217,596.0,1.8936487436294556,1.2343270778656006,0.5933687090873718,-0.005300935823470354,527.0
248337,1615.684068062,594.0,1.8514289855957031,1.1849011182785034,0.59331876039505,-0.005921409465372562,528.0
248357,1615.703023218,594.0,1.8441791534423828,1.1457841396331787,0.5932073593139648,-0.004975459538400173,529.0
248377,1615.723434252,595.0,1.839036464691162,1.1588919162750244,0.5934011936187744,-0.003509389003738761,529.0
248397,1615.743918626,595.0,1.8479663133621216,1.1809848546981812,0.5933259129524231,-0.004178238566964865,524.0
248417,1615.763331139,596.0,1.8625751733779907,1.1901296377182007,0.5936689376831055,-0.004658391233533621,532.0
248437,1615.784082199,596.0,1.870164155960083,1.1907213926315308,0.5935795307159424,-0.004021092317998409,524.0
248457,1615.803025075,594.0,1.8645318746566772,1.2282315492630005,0.5934895873069763,-0.004047734197229147,528.0
248477,1615.824275133,594.0,1.8651299476623535,1.2038058042526245,0.5934027433395386,-0.004897354636341333,528.0
248497,1615.843784083,594.0,1.8717617988586426,1.1836308240890503,0.5932933688163757,-0.005738730542361736,528.0
248517,1615.86438162,595.0,1.8547736406326294,1.15225350856781,0.5934199094772339,-0.0032967396546155214,523.0
248537,1615.884400709,595.0,1.8530468940734863,1.1487854719161987,0.593366801738739,-0.0025007922668009996,524.0
248557,1615.904058458,592.0,1.843359112739563,1.1302491426467896,0.5929412245750427,-0.004647123161703348,525.0
248577,1615.923723455,592.0,1.8689426183700562,1.1036585569381714,0.5928371548652649,-0.005624519661068916,530.0
248597,1615.942909597,596.0,1.8661407232284546,1.1018414497375488,0.5932287573814392,-0.0037798138801008463,523.0
248617,1615.963617065,596.0,1.8565149307250977,1.0693496465682983,0.5931528806686401,-0.0037818553391844034,529.0
248637,1615.983896708,597.0,1.8589853048324585,1.0629626512527466,0.5937560796737671,-0.0024121031165122986,527.0
248657,1616.002785634,597.0,1.8607237339019775,1.0696194171905518,0.5937067270278931,-0.00249887234531343,527.0
248677,1616.023385107,596.0,1.8392122983932495,1.0566548109054565,0.5940447449684143,-0.00042722190846689045,527.0
248697,1616.044081646,596.0,1.83623206615448,1.0695525407791138,0.5940425992012024,-0.0002180090668844059,522.0
248717,1616.06402677,594.0,1.8488925695419312,1.0897175073623657,0.5939619541168213,-0.0012514458503574133,521.0
248737,1616.08403275,594.0,1.8508025407791138,1.0695973634719849,0.5939350128173828,-0.001227890606969595,521.0
248757,1616.103584389,595.0,1.8478556871414185,1.0875344276428223,0.5940200090408325,-0.0006572801503352821,529.0
248777,1616.124094969,595.0,1.8504821062088013,1.0878291130065918,0.5940068364143372,-0.0005845191772095859,522.0
248797,1616.143553976,595.0,1.8510693311691284,1.0633881092071533,0.594003438949585,0.0003421212313696742,529.0
248817,1616.164477035,597.0,1.8506550788879395,1.0736095905303955,0.5945007801055908,0.002384574618190527,521.0
248837,1616.184121789,597.0,1.8422590494155884,1.1022213697433472,0.5945470929145813,0.0021491614170372486,521.0
248857,1616.203390915,600.0,1.8315134048461914,1.117970585823059,0.595513105392456,0.002290711272507906,526.0
248877,1616.224100709,600.0,1.8207757472991943,1.1047959327697754,0.5955321192741394,-0.0002854643971659243,522.0
248897,1616.242876904,597.0,1.826967477798462,1.0667370557785034,0.5957422852516174,-7.468440162483603e-05,526.0
248917,1616.263331543,597.0,1.8358081579208374,1.056411623954773,0.5957656502723694,0.002606338355690241,521.0
248937,1616.283407897,596.0,1.826175570487976,1.0634516477584839,0.5958215594291687,0.004681608639657497,524.0
248957,1616.302904678,596.0,1.8117799758911133,1.0787780284881592,0.5959211587905884,0.0050986167043447495,522.0
248977,1616.32381255,592.0,1.8220230340957642,1.086010456085205,0.5952088832855225,0.0014016465283930302,521.0
248997,1616.344378727,592.0,1.8221485614776611,1.0662140846252441,0.5951957106590271,-0.0027283213566988707,521.0
249017,1616.363426558,593.0,1.8222625255584717,1.0363566875457764,0.5946564674377441,-0.0059221964329481125,526.0
249037,1616.384133837,593.0,1.8279014825820923,1.0310442447662354,0.5945580005645752,-0.0036980367731302977,521.0
249057,1616.403423567,595.0,1.8358330726623535,1.0505121946334839,0.5945091843605042,-0.0005616795970126987,529.0
249077,1616.423842059,595.0,1.8421049118041992,1.0891603231430054,0.5945108532905579,0.00025739442207850516,525.0
249097,1616.443365087,595.0,1.8584682941436768,1.1307791471481323,0.5944855809211731,-0.0032563942950218916,534.0
249117,1616.463764208,594.0,1.8803716897964478,1.0736958980560303,0.5941744446754456,-0.008242962881922722,535.0
249137,1616.483404456,594.0,1.8858522176742554,1.001908779144287,0.5940147042274475,-0.006950880400836468,530.0
249157,1616.503410614,597.0,1.8466057777404785,0.9652024507522583,0.5943849086761475,-0.0020880887750536203,524.0
249177,1616.523611321,597.0,1.8290178775787354,0.975709855556488,0.5943750739097595,0.0006885118200443685,544.0
249197,1616.543970022,594.0,1.858278751373291,1.0503630638122559,0.5942407846450806,-0.0017163815209642053,524.0
249217,1616.562907419,594.0,1.8691712617874146,1.0894606113433838,0.5941689610481262,-0.005689709912985563,514.0
249237,1616.584453105,595.0,1.8838716745376587,1.0913944244384766,0.5941243767738342,-0.00901991967111826,517.0
249257,1616.602615866,595.0,1.9127646684646606,1.0406380891799927,0.5939346551895142,-0.009147043339908123,514.0
249277,1616.623370849,595.0,2.076756477355957,1.0244848728179932,0.593948245048523,-0.003228227375075221,510.0
249297,1616.644175193,595.0,2.230664014816284,1.2192585468292236,0.5939483046531677,0.002783158328384161,510.0
249317,1616.663913039,593.0,2.3197104930877686,1.4367327690124512,0.593755304813385,0.0053279283456504345,517.0
249337,1616.684594321,593.0,2.368406057357788,1.6421478986740112,0.5938596129417419,0.003486198140308261,524.0
249357,1616.703356736,598.0,2.4724221229553223,1.930134892463684,0.593909502029419,0.0004052184522151947,521.0
249377,1616.722613048,598.0,2.427870750427246,2.1661219596862793,0.5944679975509644,-0.0029396938625723124,514.0
249397,1616.742641723,598.0,2.252584934234619,2.3885931968688965,0.5943997502326965,-0.0033223966602236032,514.0
249417,1616.763592314,595.0,2.260793685913086,2.53947114944458,0.5942763686180115,0.0003415648825466633,517.0
249437,1616.784161616,595.0,2.3315722942352295,2.716491222381592,0.5943253636360168,0.004489310551434755,511.0
249457,1616.803158722,597.0,2.440931797027588,2.823765993118286,0.5946824550628662,0.003508448600769043,516.0
249477,1616.823849234,597.0,2.533311367034912,2.8832204341888428,0.5946898460388184,-0.0020287137012928724,510.0
249497,1616.843498973,598.0,2.623213291168213,2.9255850315093994,0.5950231552124023,-0.002051745541393757,510.0
249517,1616.86256035,598.0,2.5771219730377197,2.909086227416992,0.5949645042419434,-0.00358554907143116,517.0
249537,1616.884842329,596.0,2.4638185501098633,2.821624517440796,0.5948526859283447,-0.0032737464644014835,513.0
249557,1616.90290989,596.0,2.46160888671875,2.6224992275238037,0.5948517918586731,0.003260216908529401,510.0
249577,1616.922776031,596.0,2.6896026134490967,2.7381021976470947,0.594956636428833,0.007364302407950163,511.0
249597,1616.942364046,596.0,3.0824790000915527,2.7866430282592773,0.5951272249221802,0.009640631265938282,513.0
249617,1616.963327126,598.0,3.5224945545196533,2.7551755905151367,0.5955381393432617,0.009124821051955223,511.0
249637,1616.984446661,598.0,3.839036464691162,2.7428057193756104,0.5956923365592957,0.006458835676312447,510.0
249657,1617.002596807,598.0,3.879563093185425,2.5474963188171387,0.595809817314148,0.004971890710294247,516.0
249677,1617.024056003,602.0,3.5902583599090576,2.214597463607788,0.5967140793800354,0.00777815468609333,511.0
249697,1617.042713905,602.0,3.420076370239258,1.8091434240341187,0.5969141721725464,0.012043645605444908,510.0
249717,1617.062891186,596.0,3.543734073638916,1.5373787879943848,0.596764326095581,0.017615538090467453,510.0
249737,1617.083869762,596.0,3.9005649089813232,1.0935451984405518,0.5972012281417847,0.02605495974421501,510.0
249757,1617.102572137,597.0,4.789764881134033,0.5973186492919922,0.5974589586257935,0.03250876069068909,515.0
249777,1617.123146737,597.0,5.622077941894531,0.3319164514541626,0.598060131072998,0.02654937468469143,510.0
249797,1617.143838467,604.0,5.574498176574707,0.5989506244659424,0.598967432975769,0.01084885373711586,511.0
249817,1617.162625394,604.0,4.8044538497924805,0.753192126750946,0.5990185141563416,-0.0028319896664470434,516.0
249837,1617.183926318,604.0,4.132830619812012,0.5186249613761902,0.59958416223526,2.4814398784656078e-05,510.0
249857,1617.203575664,604.0,3.949373483657837,0.265765905380249,0.5996264219284058,0.004470459185540676,509.0
249877,1617.22334701,604.0,3.930623769760132,0.059185199439525604,0.6003633737564087,0.014961477369070053,511.0
249897,1617.242742465,604.0,4.274475574493408,-0.4283904433250427,0.6007509231567383,0.023624751716852188,512.0
249917,1617.262571747,604.0,4.785667419433594,-0.5177745819091797,0.6012829542160034,0.017125096172094345,514.0
249937,1617.284689453,604.0,4.963783264160156,-0.21782584488391876,0.6015368700027466,0.008820906281471252,517.0
249957,1617.302606104,604.0,5.025382995605469,-0.13728293776512146,0.6016509532928467,0.0036374882329255342,519.0
249977,1617.323056373,605.0,5.16293478012085,-0.07024524360895157,0.6018768548965454,0.00223460141569376,514.0
249997,1617.343888258,605.0,5.7295732498168945,-0.1790487915277481,0.6020203232765198,0.01348143070936203,516.0
250017,1617.363536955,606.0,6.671260356903076,-0.2762686610221863,0.6026278734207153,0.031539734452962875,513.0
250037,1617.385686778,606.0,7.959387302398682,-0.45939353108406067,0.6034182906150818,0.04144752025604248,510.0
250057,1617.40352379,614.0,8.47639274597168,-0.3126266300678253,0.6049818992614746,0.02651558630168438,513.0
250077,1617.423828009,614.0,7.993849754333496,0.1339409351348877,0.6052559614181519,0.0022895687725394964,513.0
250097,1617.443548063,614.0,7.116485595703125,0.16251936554908752,0.6058475971221924,-0.006649864371865988,514.0
250117,1617.463838771,614.0,6.006986141204834,-0.12991484999656677,0.6056932806968689,-0.007579890079796314,514.0
250137,1617.483823769,610.0,4.817804336547852,-0.7373430728912354,0.6059615015983582,0.003988285548985004,511.0
250157,1617.501363528,610.0,3.8059191703796387,-1.8337575197219849,0.6061920523643494,0.01758919283747673,523.0
250177,1617.521253326,609.0,3.4611146450042725,-2.8287456035614014,0.6067704558372498,0.020997341722249985,525.0
250197,1617.541260946,609.0,3.488764762878418,-2.9571151733398438,0.6069675087928772,0.018413638696074486,555.0
250217,1617.562372477,607.0,3.4749341011047363,-2.627321720123291,0.6071823835372925,0.0026924058329313993,577.0
250237,1617.584813635,607.0,3.304154396057129,-2.410676956176758,0.6067478060722351,-0.009132648818194866,570.0
250257,1617.602491698,607.0,3.0632400512695312,-2.347980260848999,0.6065633893013,-0.007603504694998264,563.0
250277,1617.622707754,605.0,2.5231540203094482,-2.5547735691070557,0.6059606075286865,0.00045411899918690324,564.0
250297,1617.642746212,605.0,2.1057777404785156,-3.034508228302002,0.6060552000999451,0.008727445267140865,559.0
250317,1617.661907625,605.0,2.041093587875366,-3.3666374683380127,0.605832576751709,0.015514727681875229,557.0
250337,1617.683996897,605.0,1.7294377088546753,-3.384108781814575,0.6060615181922913,0.005231698043644428,564.0
250357,1617.70086764,610.0,1.1954681873321533,-3.1005146503448486,0.6065192222595215,-0.0059884702786803246,563.0
250377,1617.722408332,610.0,0.9873175621032715,-2.9817726612091064,0.6063573360443115,-0.009972290135920048,561.0
250397,1617.74112235,610.0,0.7042850255966187,-2.8851711750030518,0.6067150235176086,-0.01072566770017147,567.0
250417,1617.762277356,610.0,0.5808622241020203,-2.851935386657715,0.6065582036972046,-0.003912299405783415,556.0
250437,1617.782292401,609.0,0.8042985796928406,-2.809309244155884,0.6068722605705261,0.0026548036839812994,559.0
250457,1617.801391731,609.0,0.995811402797699,-2.5274746417999268,0.6068602204322815,-0.0059694284573197365,561.0
250477,1617.821519671,606.0,0.9577975869178772,-2.061434268951416,0.606411337852478,-0.02111600898206234,563.0
250497,1617.840852771,606.0,0.7121779918670654,-1.4790645837783813,0.6058704853057861,-0.03307823836803436,562.0
250517,1617.862824797,603.0,0.3581067621707916,-0.72481369972229,0.6051109433174133,-0.041351187974214554,563.0
250537,1617.881879781,603.0,-0.42495524883270264,0.004259080160409212,0.6039931774139404,-0.034180156886577606,570.0
250557,1617.902617695,603.0,-1.2044678926467896,0.12246555089950562,0.6034546494483948,-0.02031971514225006,558.0
250577,1617.92313958,604.0,-1.6866648197174072,0.09322302788496017,0.6031907796859741,-0.015868067741394043,558.0
250597,1617.942358102,604.0,-2.1542575359344482,0.46766936779022217,0.6027858853340149,-0.024840835481882095,557.0
250617,1617.962610636,602.0,-2.2966935634613037,1.0760927200317383,0.6020103693008423,-0.032208628952503204,559.0
250637,1617.981999257,602.0,-2.173483371734619,1.987074851989746,0.6013245582580566,-0.03574773669242859,567.0
250657,1618.002721768,603.0,-2.4187324047088623,2.662224769592285,0.6007745265960693,-0.03307842090725899,559.0
250677,1618.022176514,603.0,-2.326777458190918,2.616112232208252,0.6001747250556946,-0.027213865891098976,564.0
250697,1618.043085044,603.0,-2.298611879348755,2.7762680053710938,0.600114643573761,-0.01851196028292179,557.0
250717,1618.061046238,603.0,-2.0616300106048584,3.193816661834717,0.5998132228851318,-0.012257152236998081,557.0
250737,1618.080312274,603.0,-2.1671247482299805,3.5411369800567627,0.599927544593811,-0.012837079353630543,565.0
250757,1618.100479629,603.0,-2.490126848220825,3.4500436782836914,0.5996039509773254,-0.019245941191911697,558.0
250777,1618.121082918,607.0,-2.699791193008423,3.345172882080078,0.6003396511077881,-0.016988370567560196,560.0
250797,1618.140450693,607.0,-2.824704885482788,3.285738229751587,0.6000204682350159,-0.01455269381403923,559.0
250817,1618.160951173,607.0,-2.943250894546509,3.0795202255249023,0.5997952222824097,-0.007776303216814995,563.0
250837,1618.182121911,604.0,-2.95151948928833,2.909010171890259,0.6001864075660706,-0.0027694320306181908,553.0
250857,1618.201381601,604.0,-3.057976722717285,2.879718065261841,0.6000792980194092,-0.007626733742654324,552.0
250877,1618.222039335,602.0,-3.043754816055298,2.5987701416015625,0.5999851226806641,-0.007624881342053413,553.0
250897,1618.241557729,602.0,-2.9767508506774902,2.292638063430786,0.5998630523681641,-0.003923202399164438,560.0
250917,1618.262826402,606.0,-2.9647789001464844,2.11972975730896,0.600716769695282,0.0009694071486592293,553.0
250937,1618.281925929,606.0,-2.893482208251953,2.0439560413360596,0.6007494926452637,0.0008386523113586009,562.0
250957,1618.302812043,603.0,-2.955414295196533,1.8520159721374512,0.6009553670883179,-0.002980578923597932,553.0
250977,1618.322259031,603.0,-3.0016705989837646,1.5121934413909912,0.6008465886116028,-0.00932451244443655,556.0
250997,1618.341635604,604.0,-3.1564149856567383,1.2499573230743408,0.601046085357666,-0.01463999878615141,553.0
251017,1618.362552213,604.0,-3.4198083877563477,1.0206698179244995,0.6007609963417053,-0.013184408657252789,553.0
251037,1618.381660615,605.0,-3.460144519805908,0.620383620262146,0.601136326789856,-0.011208567768335342,558.0
251057,1618.401587792,605.0,-3.6302475929260254,0.45451268553733826,0.600949764251709,-0.0063070873729884624,555.0
251077,1618.421815554,602.0,-3.6616361141204834,0.3542504608631134,0.6008481383323669,-0.0046027833595871925,554.0
251097,1618.442086858,602.0,-3.638749837875366,0.2231670618057251,0.6007812023162842,-0.001759362523443997,556.0
251117,1618.461557669,602.0,-3.5218541622161865,0.02778460830450058,0.6007255911827087,-0.004764011595398188,563.0
251137,1618.482088078,602.0,-3.57491135597229,-0.09732761234045029,0.6006186008453369,-0.005524100735783577,556.0
251157,1618.502564329,602.0,-3.4102091789245605,-0.18069899082183838,0.6005580425262451,-0.0010847721714526415,556.0
251177,1618.521932655,600.0,-3.0266952514648438,-0.11157719045877457,0.6002427339553833,-0.0007724586175754666,560.0
251197,1618.542352583,600.0,-2.8271358013153076,-0.11052021384239197,0.6001988053321838,-0.003936448600143194,555.0
251217,1618.562388571,605.0,-2.8253321647644043,-0.1586424708366394,0.600835382938385,-0.005025199148803949,553.0
251237,1618.582521657,605.0,-2.9016191959381104,-0.21665669977664948,0.600779116153717,-0.0005114242085255682,576.0
251257,1618.602260826,603.0,-2.78975248336792,-0.0587235689163208,0.6010835766792297,0.0008284752257168293,571.0
251277,1618.621402187,603.0,-2.6329917907714844,0.08845457434654236,0.6010797619819641,-0.0007447117823176086,567.0
251297,1618.641853189,602.0,-2.5258700847625732,0.24110859632492065,0.6011682748794556,0.0016401944449171424,522.0
251317,1618.662413595,602.0,-2.5068881511688232,0.39485061168670654,0.6012037396430969,0.0020406078547239304,522.0
251337,1618.682373885,598.0,-2.4518797397613525,0.4259515702724457,0.6005685925483704,0.0003962542105000466,519.0
251357,1618.701745428,598.0,-2.403151035308838,0.5143386721611023,0.6005721092224121,-0.00026246343622915447,512.0
251377,1618.72207984,600.0,-2.3334646224975586,0.5679885745048523,0.6005386710166931,-0.003353439038619399,520.0
251397,1618.742609834,600.0,-2.2971243858337402,0.5013261437416077,0.6002517938613892,-0.007042219862341881,511.0
251417,1618.761542789,600.0,-2.3201143741607666,0.5234254002571106,0.6001436710357666,-0.0030138713773339987,515.0
251437,1618.782683732,602.0,-2.2718310356140137,0.6051863431930542,0.6003730893135071,0.0017324863001704216,513.0
251457,1618.802381811,602.0,-2.2140214443206787,0.6614903807640076,0.6004036068916321,0.00099559233058244,511.0
251477,1618.821653598,602.0,-2.1578211784362793,0.7491596937179565,0.6006031632423401,0.0005525294691324234,511.0
251497,1618.842388959,602.0,-2.0954582691192627,0.8520851731300354,0.6005927324295044,-0.0018474506214261055,512.0
251517,1618.862157206,602.0,-2.0821173191070557,0.8813526034355164,0.6007040739059448,-0.0019046367378905416,517.0
251537,1618.881102011,602.0,-2.0350236892700195,0.9499959349632263,0.6006961464881897,0.0008404009277001023,514.0
251557,1618.901948771,600.0,-1.9605425596237183,1.0482112169265747,0.6005122065544128,-0.0005284923245199025,510.0
251577,1618.921701867,600.0,-1.9538081884384155,1.05917227268219,0.6004610657691956,-0.004690817091614008,512.0
251597,1618.941118802,599.0,-1.9272410869598389,1.00120210647583,0.600033164024353,-0.007255937438458204,511.0
251617,1618.961954315,599.0,-1.8503549098968506,1.0159908533096313,0.5999243259429932,-0.0034900284372270107,510.0
251637,1618.981404686,600.0,-1.8473296165466309,1.0941392183303833,0.5998522639274597,0.00011125263699796051,515.0
251657,1619.001541378,600.0,-1.875996708869934,1.179181694984436,0.5998881459236145,0.0028570208232849836,514.0
251677,1619.022176638,602.0,-1.8141931295394897,1.3182179927825928,0.5999271869659424,0.0004737279377877712,515.0
251697,1619.041297752,602.0,-1.7395381927490234,1.3560189008712769,0.6002057194709778,-0.004481325391680002,516.0
251717,1619.061872027,602.0,-1.716302514076233,1.3424700498580933,0.6000702381134033,-0.008257772773504257,515.0
251737,1619.081339599,600.0,-1.6856906414031982,1.2960376739501953,0.5998300313949585,-0.005739268381148577,523.0
251757,1619.101861258,600.0,-1.6981810331344604,1.3202866315841675,0.5997439026832581,-0.002923659048974514,511.0
251777,1619.121658491,598.0,-1.7172008752822876,1.317374587059021,0.5992752909660339,-0.0029069508891552687,509.0
251797,1619.141897085,598.0,-1.6748844385147095,1.325381875038147,0.5992010235786438,-0.004471858963370323,514.0
251817,1619.161598753,597.0,-1.5723403692245483,1.3483120203018188,0.5986029505729675,-0.006838354282081127,513.0
251837,1619.180905129,597.0,-1.4892983436584473,1.4040675163269043,0.5984466671943665,-0.009104331955313683,509.0
251857,1619.201511384,601.0,-1.4522143602371216,1.385524868965149,0.5987163186073303,-0.00859071221202612,510.0
251877,1619.221124745,601.0,-1.486751914024353,1.327824592590332,0.598568856716156,-0.006482329685240984,514.0
251897,1619.242323927,597.0,-1.5592141151428223,1.3126485347747803,0.5981436371803284,-0.0047938101924955845,509.0
251917,1619.261617509,597.0,-1.5716936588287354,1.3651615381240845,0.598055899143219,-0.004037525970488787,510.0
251937,1619.281143981,600.0,-1.5415565967559814,1.4473997354507446,0.5982924103736877,-0.003055818611755967,513.0
251957,1619.300496879,600.0,-1.4969147443771362,1.4800783395767212,0.5982107520103455,-0.005589000415056944,512.0
251977,1619.320731226,600.0,-1.509558081626892,1.4560028314590454,0.5980631709098816,-0.008905555121600628,517.0
251997,1619.340539701,597.0,-1.4941202402114868,1.3691459894180298,0.5975921750068665,-0.010339142754673958,515.0
252017,1619.360930532,597.0,-1.481413722038269,1.3325207233428955,0.5974037051200867,-0.008377457968890667,509.0
252037,1619.380068561,601.0,-1.4937537908554077,1.3602614402770996,0.5978796482086182,-0.0032280227169394493,515.0
252057,1619.399859863,601.0,-1.5166308879852295,1.4386518001556396,0.5978425741195679,-0.0009750506142154336,512.0
252077,1619.420761485,600.0,-1.5289965867996216,1.4628804922103882,0.5981245040893555,-0.0012119527673348784,509.0
252097,1619.441586636,600.0,-1.4835329055786133,1.5042610168457031,0.5980684161186218,-0.004639531951397657,509.0
252117,1619.461643236,601.0,-1.4497605562210083,1.537288784980774,0.5984049439430237,-0.0064749205484986305,509.0
252137,1619.480757599,601.0,-1.45212721824646,1.5309760570526123,0.5982871055603027,-0.004391821101307869,513.0
252157,1619.50025928,600.0,-1.4470880031585693,1.5636998414993286,0.5985177755355835,0.0008941912674345076,509.0
252177,1619.519981464,600.0,-1.4356201887130737,1.61444091796875,0.5985454320907593,0.001274474197998643,511.0
252197,1619.541302173,603.0,-1.4470467567443848,1.6088364124298096,0.5992987155914307,-0.00046002541785128415,512.0
252217,1619.560727798,603.0,-1.4265135526657104,1.5334020853042603,0.5992686748504639,-0.002144851256161928,516.0
252237,1619.581523183,599.0,-1.4181735515594482,1.5513547658920288,0.5991476774215698,0.00012545329809654504,512.0
252257,1619.600953663,599.0,-1.433610439300537,1.6180692911148071,0.599188506603241,0.0038738464936614037,530.0
252277,1619.620922335,599.0,-1.4142587184906006,1.6711994409561157,0.5992648601531982,0.0028525490779429674,514.0
252297,1619.641978494,600.0,-1.3418759107589722,1.7130340337753296,0.5993050336837769,-0.0024180347099900246,555.0
252317,1619.660658354,600.0,-1.2720130681991577,1.6879513263702393,0.5992097854614258,-0.006959565449506044,532.0
252337,1619.681495579,603.0,-1.2598458528518677,1.6526024341583252,0.599697470664978,-0.005460314452648163,544.0
252357,1619.701543119,603.0,-1.2536660432815552,1.6683800220489502,0.5996509194374084,0.000692578440066427,537.0
252377,1619.721098255,599.0,-1.2645834684371948,1.7333534955978394,0.5994691252708435,0.0017329681431874633,535.0
252397,1619.741830406,599.0,-1.2587803602218628,1.7447127103805542,0.5994779467582703,-0.0012525517959147692,532.0
252417,1619.760995597,603.0,-1.2224546670913696,1.7353689670562744,0.5999614000320435,-0.004868021700531244,531.0
252437,1619.780267082,603.0,-1.206379771232605,1.6974972486495972,0.599851131439209,-0.005669489968568087,527.0
252457,1619.800416271,598.0,-1.2178893089294434,1.6589555740356445,0.5993750095367432,-0.004656726494431496,531.0
252477,1619.821192092,598.0,-1.2380216121673584,1.6629548072814941,0.5993106961250305,-0.001800262602046132,532.0
252497,1619.841344869,601.0,-1.206002116203308,1.705324649810791,0.5995548367500305,0.00041369698010385036,534.0
252517,1619.86084496,601.0,-1.1837693452835083,1.7106226682662964,0.5995168685913086,-0.004548683762550354,533.0
252537,1619.881580335,601.0,-1.2031618356704712,1.6598316431045532,0.5993989706039429,-0.006427835673093796,545.0
252557,1619.90080348,601.0,-1.1963133811950684,1.6861571073532104,0.5995398163795471,-0.0038623458240181208,536.0
252577,1619.921828648,601.0,-1.1778544187545776,1.7111117839813232,0.5994814038276672,-0.002116137184202671,539.0
252597,1619.940981007,601.0,-1.1818524599075317,1.7028491497039795,0.5996284484863281,-0.0032014171592891216,528.0
252617,1619.960048049,601.0,-1.1823246479034424,1.6956596374511719,0.5995385646820068,-0.005482989829033613,527.0
252637,1619.98132767,603.0,-1.1709519624710083,1.7027961015701294,0.6000112295150757,-0.0025681485421955585,525.0
252657,1620.000414976,603.0,-1.1625339984893799,1.7193506956100464,0.5999850034713745,7.90109988884069e-05,530.0
252677,1620.02109083,601.0,-1.1493909358978271,1.738134741783142,0.6000941395759583,0.0010916789760813117,530.0
252697,1620.040376396,601.0,-1.1199278831481934,1.7719297409057617,0.6000975966453552,-0.0012774415081366897,528.0
252717,1620.061312029,599.0,-1.1011449098587036,1.76676607131958,0.5997368693351746,-0.006300058215856552,540.0
252737,1620.081095519,599.0,-1.1122938394546509,1.7336325645446777,0.5995914340019226,-0.007341818418353796,525.0
252757,1620.101644936,601.0,-1.1300002336502075,1.7145943641662598,0.5997075438499451,-0.0033058482222259045,529.0
252777,1620.120545149,601.0,-1.1168116331100464,1.7597591876983643,0.5996778011322021,-0.0002995742252096534,530.0
252797,1620.140984119,599.0,-1.1039632558822632,1.8023837804794312,0.5994808673858643,-0.00260323123075068,523.0
252817,1620.16062764,599.0,-1.1153991222381592,1.7839446067810059,0.5993950366973877,-0.006074945908039808,524.0
252837,1620.180787888,601.0,-1.1479905843734741,1.729783296585083,0.5992467403411865,-0.008293913677334785,541.0
252857,1620.200812208,601.0,-1.158071756362915,1.6827681064605713,0.5993862748146057,-0.004254033789038658,523.0
252877,1620.220434669,601.0,-1.1220327615737915,1.7518166303634644,0.5993310213088989,-0.0020356473978608847,542.0
252897,1620.239890056,599.0,-1.1346604824066162,1.7890770435333252,0.5991126894950867,-0.004758619703352451,529.0
252917,1620.260350973,599.0,-1.1561211347579956,1.748873233795166,0.5989969372749329,-0.006687853019684553,522.0
252937,1620.280597668,600.0,-1.1660966873168945,1.7283341884613037,0.598954975605011,-0.007785619702190161,529.0
252957,1620.300622899,600.0,-1.1387388706207275,1.6891812086105347,0.598827064037323,-0.004413411021232605,527.0
252977,1620.319716098,604.0,-1.098612904548645,1.7410647869110107,0.5996500849723816,0.00024531703093089163,531.0
252997,1620.340828416,604.0,-1.0848716497421265,1.731571912765503,0.5996513962745667,-0.0006109487731009722,529.0
253017,1620.360657361,599.0,-1.0773125886917114,1.7010983228683472,0.599449872970581,-0.0031439263839274645,534.0
253037,1620.381111712,599.0,-1.0720024108886719,1.7137209177017212,0.5993731617927551,-0.004286644514650106,526.0
253057,1620.400858007,599.0,-1.061513900756836,1.7316961288452148,0.5991999506950378,-0.0021081522572785616,533.0
253077,1620.420610076,599.0,-1.0218839645385742,1.7936376333236694,0.599166214466095,-0.0021495718974620104,533.0
253097,1620.440529788,602.0,-1.0238778591156006,1.8001130819320679,0.599567174911499,-0.004648325499147177,532.0
253117,1620.460607031,602.0,-1.0519734621047974,1.7506649494171143,0.5994592905044556,-0.005567445419728756,533.0
253137,1620.480173002,597.0,-1.0544801950454712,1.7351875305175781,0.599355936050415,-0.004338876344263554,531.0
253157,1620.501146563,597.0,-1.0601115226745605,1.7558666467666626,0.5987873673439026,-0.0038384052459150553,523.0
253177,1620.519853316,597.0,-1.0317319631576538,1.7843756675720215,0.5987200140953064,-0.0028999103233218193,533.0
253197,1620.540176293,600.0,-1.0145564079284668,1.7854782342910767,0.5988096594810486,-0.004046100657433271,524.0
253217,1620.560613353,600.0,-1.0285959243774414,1.7433897256851196,0.5987058281898499,-0.006049116607755423,533.0
253237,1620.579979528,600.0,-1.0434317588806152,1.7439972162246704,0.5987441539764404,-0.00639398442581296,527.0
253257,1620.600567789,600.0,-1.0983458757400513,1.699273705482483,0.5986148715019226,-0.006305346265435219,532.0
253277,1620.620845994,600.0,-1.1248936653137207,1.6637650728225708,0.5986844897270203,-0.004258265253156424,526.0
253297,1620.640489051,600.0,-1.0954794883728027,1.7101656198501587,0.5986156463623047,-0.0028757601976394653,544.0
253317,1620.661063161,599.0,-1.0777243375778198,1.7226976156234741,0.5985880494117737,-0.0028238084632903337,540.0
253337,1620.680108068,599.0,-1.0391677618026733,1.7371349334716797,0.5985324382781982,-0.0032375005539506674,538.0
253357,1620.700855345,601.0,-1.0707554817199707,1.7320283651351929,0.5988537669181824,-0.005922994576394558,528.0
253377,1620.721109425,601.0,-1.1040195226669312,1.6668492555618286,0.5987287163734436,-0.005926593206822872,530.0
253397,1620.739770114,600.0,-1.0857998132705688,1.7066997289657593,0.5988293290138245,-0.0037433982361108065,514.0
253417,1620.759540672,600.0,-1.1203467845916748,1.663503646850586,0.5987790822982788,-0.0011596113909035921,521.0
253437,1620.779819389,600.0,-1.1411552429199219,1.6893510818481445,0.5987823009490967,0.0010304430034011602,515.0
253457,1620.800178356,601.0,-1.0946189165115356,1.7631970643997192,0.5991619229316711,0.0007434404687955976,511.0
253477,1620.821042117,601.0,-1.0646588802337646,1.7592320442199707,0.5991485118865967,-0.002117817522957921,517.0
253497,1620.839825255,601.0,-1.074501395225525,1.7456134557724,0.5993520021438599,-0.0035556808579713106,511.0
253517,1620.860266898,601.0,-1.1211745738983154,1.7323421239852905,0.5992501378059387,-0.0066617438569664955,511.0
253537,1620.880725346,600.0,-1.158300518989563,1.6415634155273438,0.5991770029067993,-0.006145983003079891,514.0
253557,1620.900322966,600.0,-1.1546224355697632,1.6220686435699463,0.5990799069404602,-0.003370864549651742,518.0
253577,1620.919907166,597.0,-1.1447101831436157,1.618773102760315,0.5985762476921082,-0.001568695530295372,521.0
253597,1620.939534833,597.0,-1.130590558052063,1.6281095743179321,0.5985472798347473,-0.0017034487100318074,528.0
253617,1620.957849258,599.0,-1.1307134628295898,1.64670729637146,0.5985384583473206,-0.0038397577591240406,513.0
253637,1620.979184851,599.0,-1.1521998643875122,1.603009819984436,0.5984381437301636,-0.006245659664273262,515.0
253657,1620.998902253,600.0,-1.1474981307983398,1.5526474714279175,0.5985657572746277,-0.007173915859311819,513.0
253677,1621.018940353,600.0,-1.1148980855941772,1.5388859510421753,0.5984205007553101,-0.007499869912862778,513.0
253697,1621.040729803,600.0,-1.086236596107483,1.506157636642456,0.5982937812805176,-0.004659219644963741,514.0
253717,1621.058959953,600.0,-1.0448074340820312,1.5414237976074219,0.5985243320465088,-0.0004863291687797755,516.0
253737,1621.079863886,600.0,-1.0297809839248657,1.6005204916000366,0.5985109806060791,-0.0015782624250277877,518.0
253757,1621.100633472,602.0,-1.052103877067566,1.5287230014801025,0.5990316867828369,-0.0041864849627017975,514.0
253777,1621.119582508,602.0,-1.0035244226455688,1.4728399515151978,0.598922073841095,-0.006933651864528656,514.0
253797,1621.140429256,600.0,-0.9806737303733826,1.41615629196167,0.5989086627960205,-0.007726456504315138,510.0
253817,1621.160753565,600.0,-1.0088406801223755,1.3978151082992554,0.5987855792045593,-0.0043291510082781315,521.0
253837,1621.18005157,600.0,-1.0033468008041382,1.4432072639465332,0.5988877415657043,-0.0018375713843852282,513.0
253857,1621.201105521,600.0,-1.0109429359436035,1.4010099172592163,0.5988474488258362,-0.0023066687863320112,510.0
253877,1621.22109732,600.0,-0.9792959094047546,1.3864867687225342,0.5989269018173218,-0.004694717936217785,513.0
253897,1621.240112577,600.0,-0.9696414470672607,1.343864917755127,0.5987927913665771,-0.008402657695114613,512.0
253917,1621.259732468,600.0,-0.997987687587738,1.2844284772872925,0.5988667011260986,-0.005830072797834873,510.0
253937,1621.280521657,600.0,-1.0153464078903198,1.3060437440872192,0.5987813472747803,-0.002964729443192482,516.0
253957,1621.300535503,598.0,-1.036032795906067,1.2886193990707397,0.5985673069953918,-0.002874677302315831,518.0
253977,1621.321033895,598.0,-1.0239388942718506,1.2777142524719238,0.598504900932312,-0.003511036280542612,518.0
253997,1621.340303678,599.0,-0.9992711544036865,1.2720654010772705,0.598416268825531,-0.005501000210642815,512.0
254017,1621.360588091,599.0,-0.9978622198104858,1.2325479984283447,0.598395586013794,-0.004415375646203756,510.0
254037,1621.38071132,599.0,-0.9804039001464844,1.2634460926055908,0.5983297228813171,-0.002401628764346242,517.0
254057,1621.400100348,596.0,-0.9803152084350586,1.2882425785064697,0.597782552242279,-0.0030577166471630335,512.0
254077,1621.420966547,596.0,-0.9823697209358215,1.2825324535369873,0.5977007150650024,-0.005442521534860134,510.0
254097,1621.439514924,598.0,-0.985264003276825,1.2405731678009033,0.597569465637207,-0.007814421318471432,515.0
254117,1621.459429137,598.0,-0.9696345329284668,1.2164371013641357,0.5974189639091492,-0.0068900990299880505,512.0
254137,1621.479635476,601.0,-0.9872620701789856,1.2056889533996582,0.5979182124137878,-0.003659236943349242,517.0
254157,1621.501241143,601.0,-1.0166805982589722,1.1920156478881836,0.5978662371635437,-0.0016121214721351862,512.0
254177,1621.519996189,599.0,-1.0297443866729736,1.2057487964630127,0.5979850888252258,-0.0014896312495693564,511.0
254197,1621.540235725,599.0,-1.0178914070129395,1.2105395793914795,0.5979384183883667,-0.0032984863501042128,509.0
254217,1621.560426488,598.0,-1.0129467248916626,1.2042135000228882,0.5978668928146362,-0.003741359105333686,514.0
254237,1621.578969731,598.0,-0.9961206912994385,1.208559274673462,0.597813606262207,-0.0012782696867361665,519.0
254257,1621.600736699,596.0,-0.937852144241333,1.2431319952011108,0.597452700138092,-0.0007974469335749745,513.0
254277,1621.61952202,596.0,-0.9291418790817261,1.2721397876739502,0.5974155068397522,-0.003340476891025901,519.0
254297,1621.639475096,597.0,-0.9440717697143555,1.249868631362915,0.5973241925239563,-0.005434105638414621,520.0
254317,1621.659859624,597.0,-0.9835764169692993,1.2404272556304932,0.5971169471740723,-0.006664524786174297,513.0
254337,1621.6788987,597.0,-1.019066572189331,1.1966534852981567,0.5970017910003662,-0.004349897615611553,518.0
254357,1621.698208774,597.0,-0.967717170715332,1.2399123907089233,0.596887469291687,-0.0019864935893565416,521.0
254377,1621.718833797,597.0,-0.928672730922699,1.284772276878357,0.5968366265296936,-0.0035743291955441236,511.0
254397,1621.738388519,601.0,-0.9363499283790588,1.2414470911026,0.5974735021591187,-0.00400462094694376,757.0
254417,1621.758280457,601.0,-0.9505030512809753,1.216489315032959,0.5973933339118958,-0.003965819254517555,754.0
254437,1621.778959171,599.0,-0.9523003697395325,1.1643458604812622,0.5975677371025085,-0.0026161903515458107,748.0
254457,1621.799460037,599.0,-0.9272963404655457,1.171746850013733,0.5975326895713806,-0.0011309852125123143,760.0
254477,1621.818961833,603.0,-0.9121325612068176,1.212591528892517,0.5984680652618408,0.0012299470836296678,749.0
254497,1621.839107298,603.0,-0.8720282316207886,1.2325853109359741,0.5984903573989868,0.0009434187086299062,755.0
254517,1621.859851053,600.0,-0.856784999370575,1.2298917770385742,0.5987593531608582,0.00019522165530361235,755.0
254537,1621.880078655,600.0,-0.8631220459938049,1.1720365285873413,0.5987449288368225,-0.001273943460546434,758.0
254557,1621.899792163,601.0,-0.8770535588264465,1.1539325714111328,0.5991361141204834,0.0016096753533929586,750.0
254577,1621.919099204,601.0,-0.8911038041114807,1.1940512657165527,0.5991812348365784,0.0024851271882653236,757.0
254597,1621.939940597,601.0,-0.8944398164749146,1.2067903280258179,0.5992201566696167,0.0012672063894569874,758.0
254617,1621.960282771,600.0,-0.8393422365188599,1.2075423002243042,0.5993718504905701,0.0014978557592257857,754.0
254637,1621.97961783,600.0,-0.8268898725509644,1.2373744249343872,0.5993854403495789,-0.000696013099513948,752.0
254657,1622.000403338,603.0,-0.8544740080833435,1.165728211402893,0.5999892950057983,-0.0005535454256460071,753.0
254677,1622.020056233,603.0,-0.8576350212097168,1.1640605926513672,0.6000044345855713,0.0022901713382452726,748.0
254697,1622.039632582,599.0,-0.8532342910766602,1.209946632385254,0.5998130440711975,0.00279701454564929,751.0
254717,1622.058899137,599.0,-0.8357252478599548,1.1659015417099,0.5998580455780029,0.001744489069096744,756.0
254737,1622.079377602,596.0,-0.8159095644950867,1.164244532585144,0.5991069078445435,-0.0006924453191459179,769.0
254757,1622.099356614,596.0,-0.8087280988693237,1.1673179864883423,0.5991048812866211,0.0008066098671406507,755.0
254777,1622.11927891,599.0,-0.8286886215209961,1.2025963068008423,0.5990570187568665,0.0013230412732809782,752.0
254797,1622.139613592,599.0,-0.8118550777435303,1.1978275775909424,0.5990657806396484,-0.0007030588458292186,753.0
254817,1622.158589065,601.0,-0.7686582803726196,1.190230131149292,0.5993778705596924,-0.002558028092607856,749.0
254837,1622.179569566,601.0,-0.7389744520187378,1.1373569965362549,0.5993037223815918,-0.0041557783260941505,754.0
254857,1622.199855185,599.0,-0.7675631642341614,1.1018189191818237,0.5991924405097961,-0.0010269004851579666,748.0
254877,1622.218679772,599.0,-0.7242956757545471,1.1487271785736084,0.5992154479026794,0.0030628193635493517,757.0
254897,1622.239717488,599.0,-0.6829145550727844,1.2082048654556274,0.5992777943611145,0.0024430849589407444,755.0
254917,1622.259705831,602.0,-0.6893635988235474,1.2003856897354126,0.5997924208641052,-0.0004960504011251032,748.0
254937,1622.278909772,602.0,-0.6838682293891907,1.1785621643066406,0.5997443795204163,-0.0039411927573382854,753.0
254957,1622.299549721,597.0,-0.6910574436187744,1.1541376113891602,0.5990882515907288,-0.00564150232821703,749.0
254977,1622.319523256,597.0,-0.6927706599235535,1.1424415111541748,0.5989828109741211,-0.004662086255848408,757.0
254997,1622.338857053,601.0,-0.6767721772193909,1.1380951404571533,0.5992620587348938,2.3570171833853237e-05,757.0
255017,1622.359538109,601.0,-0.6718650460243225,1.1908973455429077,0.5993024706840515,0.0032309507951140404,751.0
255037,1622.379383857,598.0,-0.672052800655365,1.2012791633605957,0.5990453958511353,1.7661248421063647e-05,753.0
255057,1622.399288338,598.0,-0.6829756498336792,1.1789041757583618,0.5990013480186462,-0.004114245530217886,751.0
255077,1622.419114222,598.0,-0.6816890239715576,1.1337909698486328,0.5987292528152466,-0.004705841187387705,764.0
255097,1622.439539229,598.0,-0.6542918682098389,1.1170480251312256,0.5986589789390564,-0.0021645892411470413,767.0
255117,1622.459479655,597.0,-0.6601775288581848,1.1347103118896484,0.5983327031135559,-1.2129370588809252e-05,514.0
255137,1622.479484203,597.0,-0.6658855676651001,1.1927971839904785,0.598332941532135,-0.0006559155299328268,509.0
255157,1622.500116434,599.0,-0.6619746685028076,1.1930557489395142,0.5982874631881714,-0.0039046492893248796,520.0
255177,1622.518609717,599.0,-0.630301833152771,1.194427728652954,0.5982990860939026,-0.006649264134466648,509.0
255197,1622.538823654,599.0,-0.6472480297088623,1.137368083000183,0.598162829875946,-0.006634929683059454,509.0
255217,1622.558782723,595.0,-0.683692991733551,1.123899221420288,0.5974342823028564,-0.005908354185521603,509.0
255237,1622.579130749,595.0,-0.6623116135597229,1.1654425859451294,0.5973430275917053,-0.0033320875372737646,509.0
255257,1622.599789141,599.0,-0.6623865962028503,1.1873083114624023,0.5975539088249207,-0.0024422325659543276,510.0
255277,1622.619081208,599.0,-0.6379210352897644,1.205283522605896,0.5974864363670349,-0.00434362655505538,515.0
255297,1622.639424391,599.0,-0.6177085041999817,1.2130851745605469,0.5976123213768005,-0.006700875237584114,518.0
255317,1622.659838302,599.0,-0.6328230500221252,1.1766915321350098,0.5974922180175781,-0.004813428036868572,514.0
255337,1622.680091549,601.0,-0.6311831474304199,1.1895626783370972,0.5980377197265625,-0.0006774106295779347,513.0
255357,1622.698977866,601.0,-0.6234668493270874,1.210720419883728,0.5980318188667297,-0.0004515610635280609,510.0
255377,1622.719066885,597.0,-0.6050447225570679,1.2207272052764893,0.5977904200553894,-0.004479662980884314,519.0
255397,1622.739904431,597.0,-0.6024755239486694,1.1848337650299072,0.5976738333702087,-0.006827808916568756,533.0
255417,1622.758697925,599.0,-0.5860482454299927,1.187287449836731,0.5977969765663147,-0.0058089569211006165,524.0
255437,1622.779534221,599.0,-0.5843861103057861,1.217156171798706,0.5977092385292053,-0.00300208549015224,519.0
255457,1622.799623343,599.0,-0.5977107882499695,1.2305010557174683,0.5976586937904358,-0.002644706517457962,523.0
255477,1622.819514332,600.0,-0.5919080376625061,1.2453974485397339,0.5980132818222046,-0.00439518503844738,520.0
255497,1622.839877034,600.0,-0.5880076885223389,1.2455048561096191,0.5979071855545044,-0.005978208500891924,509.0
255517,1622.859253008,602.0,-0.6032660603523254,1.2368441820144653,0.5985258221626282,-0.00518410187214613,516.0
255537,1622.879403619,602.0,-0.6171972155570984,1.1929807662963867,0.5984145998954773,-0.005385249853134155,510.0
255557,1622.898783483,599.0,-0.6291704773902893,1.1777458190917969,0.5984013676643372,-0.002495451597496867,511.0
255577,1622.919176817,599.0,-0.6198010444641113,1.2029519081115723,0.5983834862709045,0.0004125529376324266,513.0
255597,1622.938768454,598.0,-0.6180770397186279,1.214819312095642,0.5982509255409241,-0.002464352175593376,518.0
255617,1622.958399606,598.0,-0.6152450442314148,1.172924518585205,0.5981647968292236,-0.005328281316906214,510.0
255637,1622.978272254,597.0,-0.604293704032898,1.1626192331314087,0.5978183746337891,-0.003995564766228199,526.0
255657,1622.998082401,597.0,-0.608320951461792,1.1952887773513794,0.5977786779403687,4.496832480072044e-05,519.0
255677,1623.018749508,598.0,-0.6109481453895569,1.2520726919174194,0.5978143811225891,0.00013504257367458194,522.0
255697,1623.038388535,598.0,-0.6169864535331726,1.2563070058822632,0.5977672934532166,-0.004892871715128422,509.0
255717,1623.059376237,596.0,-0.6050796508789062,1.232757806777954,0.5976516604423523,-0.005975467152893543,511.0
255737,1623.078885283,596.0,-0.5921176671981812,1.2247954607009888,0.5972222685813904,-0.004539131186902523,510.0
255757,1623.098382488,596.0,-0.6328897476196289,1.2269740104675293,0.597143828868866,-0.0035277351271361113,524.0
255777,1623.117986747,599.0,-0.6581379175186157,1.235316276550293,0.5974050164222717,-0.003657260909676552,516.0
255797,1623.138449587,599.0,-0.675026535987854,1.2564514875411987,0.5973378419876099,-0.002949797548353672,516.0
255817,1623.158875986,599.0,-0.6576709747314453,1.3084508180618286,0.5975422859191895,-0.003178030252456665,516.0
255837,1623.178482476,599.0,-0.6576123237609863,1.3058586120605469,0.5974565148353577,-0.005419806111603975,511.0
255857,1623.199881867,601.0,-0.6738649606704712,1.273192286491394,0.597962498664856,-0.004489733371883631,515.0
255877,1623.217809771,601.0,-0.7142542600631714,1.2405705451965332,0.5978950262069702,-0.0018562964396551251,520.0
255897,1623.23841437,601.0,-0.7277441620826721,1.2556568384170532,0.5984285473823547,0.003491527633741498,518.0
255917,1623.259333354,601.0,-0.6861024498939514,1.3215669393539429,0.5984971523284912,0.002527680015191436,509.0
255937,1623.278981218,602.0,-0.665803074836731,1.2901387214660645,0.5991009473800659,0.0005138585693202913,509.0
255957,1623.297884944,602.0,-0.6449734568595886,1.2409812211990356,0.5991033315658569,0.00012185600644443184,516.0
255977,1623.318865214,602.0,-0.6503584384918213,1.2373257875442505,0.5996348261833191,0.0017512416234239936,509.0
255997,1623.338689977,602.0,-0.6683192849159241,1.2247925996780396,0.5996745824813843,0.0026859822683036327,515.0
256017,1623.359490508,598.0,-0.6552504301071167,1.205585241317749,0.5997553467750549,0.005153308622539043,512.0
256037,1623.378812258,598.0,-0.6397634148597717,1.2353625297546387,0.5995050072669983,0.0036313622258603573,509.0
256057,1623.397905284,598.0,-0.6926769614219666,1.2036381959915161,0.5995491743087769,0.0008046189323067665,514.0
256077,1623.419179311,598.0,-0.6702414751052856,1.224155068397522,0.5992391109466553,-0.0011981825809925795,509.0
256097,1623.438546783,598.0,-0.6193374991416931,1.2431674003601074,0.59922194480896,-0.0003401425201445818,510.0
256117,1623.458086081,599.0,-0.589608371257782,1.2454818487167358,0.5991217494010925,-0.0003972708072979003,511.0
256137,1623.478557616,599.0,-0.6000597476959229,1.212316632270813,0.5991265773773193,0.0013192689511924982,514.0
256157,1623.498863054,600.0,-0.597597062587738,1.2411353588104248,0.5992864370346069,0.00354171684011817,509.0
256177,1623.518173216,600.0,-0.6356949210166931,1.2751373052597046,0.5993382334709167,0.0013065652456134558,511.0
256197,1623.539075384,601.0,-0.6581419706344604,1.2437609434127808,0.5996100902557373,0.0012823563301935792,509.0
256217,1623.558824122,601.0,-0.6462439894676208,1.2516034841537476,0.5996167063713074,-0.0010616317158564925,509.0
256237,1623.578922142,598.0,-0.6628574728965759,1.2044246196746826,0.5992611050605774,-0.0036130112130194902,512.0
256257,1623.59940674,598.0,-0.6980692744255066,1.1823562383651733,0.5992192625999451,-0.00014027835277374834,509.0
256277,1623.618503462,603.0,-0.6753623485565186,1.242424726486206,0.5999283790588379,0.0038908650167286396,509.0
256297,1623.639773965,603.0,-0.6530285477638245,1.2734901905059814,0.5999742746353149,2.4509536160621792e-05,509.0
256317,1623.658485672,603.0,-0.6422728300094604,1.2269814014434814,0.5999271869659424,-0.004271132871508598,520.0
256337,1623.678873402,599.0,-0.6484564542770386,1.1594158411026,0.5996552109718323,-0.0034842761233448982,517.0
256357,1623.698331986,599.0,-0.6626736521720886,1.1355401277542114,0.5996322631835938,0.001453534932807088,512.0
256377,1623.717973661,597.0,-0.6538892388343811,1.1987255811691284,0.5991814136505127,0.002520887181162834,519.0
256397,1623.738462334,597.0,-0.6651564240455627,1.2101893424987793,0.5991972088813782,-0.0012928057694807649,529.0
256417,1623.757626243,601.0,-0.6886497735977173,1.1103246212005615,0.5994210839271545,-0.005100189242511988,519.0
256437,1623.778040613,601.0,-0.7123112678527832,1.0505776405334473,0.5993160009384155,-0.004692400339990854,530.0
256457,1623.798455897,600.0,-0.7239262461662292,1.05146062374115,0.599355161190033,2.4218436010414734e-05,541.0
256477,1623.817730383,600.0,-0.7275821566581726,1.083509087562561,0.5993778109550476,0.0016323351301252842,535.0
256497,1623.837331433,599.0,-0.7206214666366577,1.0924289226531982,0.5992791652679443,0.0002464572316966951,527.0
256517,1623.857537277,599.0,-0.7111769318580627,1.0660446882247925,0.5992558598518372,-0.002646335633471608,527.0
256537,1623.87753636,595.0,-0.7395805716514587,1.026018738746643,0.5983930826187134,-0.005861428566277027,523.0
256557,1623.897473334,595.0,-0.7462050914764404,1.0222846269607544,0.5982846021652222,-0.004906640388071537,523.0
256577,1623.916766926,601.0,-0.7483298182487488,1.0230768918991089,0.5981924533843994,-0.004187405109405518,529.0
256597,1623.937527939,601.0,-0.7274419665336609,0.993952751159668,0.5986482501029968,-0.002479899674654007,522.0
256617,1623.957547703,601.0,-0.7077237963676453,1.0175933837890625,0.5985995531082153,-0.0027155850548297167,530.0
256637,1623.976977649,599.0,-0.7488859295845032,1.039221167564392,0.5986076593399048,-0.0029535796493291855,529.0
256657,1623.996798134,599.0,-0.7853198647499084,1.0458928346633911,0.5985609889030457,-0.0016973204910755157,532.0
256677,1624.016812749,596.0,-0.7578915953636169,1.0625585317611694,0.597978413105011,-0.00431008730083704,533.0
256697,1624.038446126,596.0,-0.7718981504440308,1.0391619205474854,0.5978679060935974,-0.006436994299292564,531.0
256717,1624.05708134,597.0,-0.8092274069786072,1.026328682899475,0.5975510478019714,-0.005126197822391987,529.0
256737,1624.078345214,597.0,-0.831399142742157,1.0172032117843628,0.5974740386009216,-0.002856109058484435,527.0
256757,1624.097677979,598.0,-0.8300263285636902,1.0260157585144043,0.5974690318107605,-0.0032041193917393684,524.0
256777,1624.118811951,598.0,-0.7853932976722717,1.0474435091018677,0.5973907709121704,-0.0045556602999567986,524.0
256797,1624.138583666,600.0,-0.7442693710327148,1.055759072303772,0.5977410078048706,-0.0036734221503138542,523.0
256817,1624.158094174,600.0,-0.784179151058197,1.0369925498962402,0.5976722240447998,-0.003088061697781086,522.0
256837,1624.177609404,598.0,-0.8136827945709229,1.0572214126586914,0.5976763963699341,-0.0029600367415696383,530.0
256857,1624.198340079,598.0,-0.8007683157920837,1.0517109632492065,0.5975930094718933,-0.005135772749781609,522.0
256877,1624.217886426,600.0,-0.774449348449707,1.0612596273422241,0.5974894762039185,-0.004796726629137993,536.0
256897,1624.237537708,600.0,-0.7585311532020569,1.1177935600280762,0.5978706479072571,-0.003560939570888877,533.0
256917,1624.258318718,600.0,-0.7823053598403931,1.08141028881073,0.5977885127067566,-0.004994190763682127,528.0
256937,1624.278246458,600.0,-0.7998161315917969,1.0451364517211914,0.5980769991874695,-0.005732249468564987,530.0
256957,1624.298626985,600.0,-0.791623055934906,1.0421968698501587,0.5979721546173096,-0.004532748367637396,522.0
256977,1624.318409516,598.0,-0.7546756267547607,1.0881154537200928,0.5978671312332153,-0.0024765583220869303,527.0
256997,1624.338739919,598.0,-0.7200667858123779,1.1550633907318115,0.5978213548660278,-0.002419509692117572,522.0
257017,1624.357335982,599.0,-0.7016115188598633,1.171115517616272,0.5979406237602234,-0.0028785450849682093,524.0
257037,1624.377579239,599.0,-0.7251977920532227,1.1666713953018188,0.5978724956512451,-0.0038438448682427406,530.0
257057,1624.398093022,599.0,-0.701117992401123,1.1476554870605469,0.5979583859443665,-0.004172661807388067,521.0
257077,1624.418332945,599.0,-0.6806089878082275,1.1534395217895508,0.5978463292121887,-0.007110909558832645,522.0
257097,1624.437934075,600.0,-0.6938616633415222,1.1051552295684814,0.5980480313301086,-0.007481245324015617,522.0
257117,1624.458231003,600.0,-0.6691239476203918,1.0864278078079224,0.5979117155075073,-0.006428919266909361,522.0
257137,1624.478241095,596.0,-0.6536989212036133,1.0496571063995361,0.597440779209137,-0.007536991965025663,522.0
257157,1624.497270189,596.0,-0.6218496561050415,1.0209217071533203,0.5972856879234314,-0.007580322679132223,521.0
257177,1624.517275552,596.0,-0.6389962434768677,1.0543625354766846,0.5971378087997437,-0.007400842383503914,529.0
257197,1624.538101453,600.0,-0.6513805985450745,1.0216131210327148,0.5975305438041687,-0.006458705756813288,521.0
257217,1624.557813487,600.0,-0.6389143466949463,0.9982085227966309,0.5973991751670837,-0.006520977709442377,521.0
257237,1624.578377275,596.0,-0.6427860856056213,0.9358980655670166,0.5969893932342529,-0.008089213632047176,522.0
257257,1624.597140673,596.0,-0.6846534609794617,0.8770960569381714,0.5968292355537415,-0.0077949208207428455,524.0
257277,1624.618103308,599.0,-0.704360842704773,0.8814058899879456,0.5970748662948608,-0.004707635845988989,522.0
257297,1624.637485956,599.0,-0.7042328715324402,0.9133187532424927,0.5970303416252136,0.000219826222746633,522.0
257317,1624.656951387,598.0,-0.6869701743125916,0.9508242011070251,0.5971977710723877,0.002252648351714015,521.0
257337,1624.677263137,598.0,-0.6591222286224365,0.9543971419334412,0.5971991419792175,-0.0028126658871769905,528.0
257357,1624.697484077,601.0,-0.6715675592422485,0.8769848942756653,0.5977653861045837,-0.00613920483738184,525.0
257377,1624.717239762,601.0,-0.6809848546981812,0.7977436184883118,0.5976356267929077,-0.0065058497712016106,526.0
257397,1624.736756898,600.0,-0.6672136187553406,0.785280704498291,0.597983717918396,-0.0041838716715574265,527.0
257417,1624.757704221,600.0,-0.6575906276702881,0.8134141564369202,0.5979427099227905,0.00040072816773317754,524.0
257437,1624.777675396,597.0,-0.6536544561386108,0.8731341361999512,0.5978081226348877,0.003869514912366867,532.0
257457,1624.797430387,597.0,-0.6750885248184204,0.8771937489509583,0.5978938341140747,0.004064295906573534,543.0
257477,1624.817295687,597.0,-0.6608543992042542,0.9056395888328552,0.5979293584823608,-0.0008562284056097269,540.0
257497,1624.838824308,598.0,-0.6751415729522705,0.8939559459686279,0.5978782176971436,-0.0048919362016022205,521.0
257517,1624.856974743,598.0,-0.6818627119064331,0.83891761302948,0.5978015065193176,-0.0019860186148434877,510.0
257537,1624.877326391,600.0,-0.6507706642150879,0.8944920301437378,0.5982196927070618,0.0026491747703403234,515.0
257557,1624.897794282,600.0,-0.6441636681556702,0.9506579041481018,0.5982634425163269,0.001172915450297296,517.0
257577,1624.917891411,599.0,-0.6354520320892334,0.9540225267410278,0.5983550548553467,-0.0014151469804346561,510.0
257597,1624.93825928,599.0,-0.6307008862495422,0.9432326555252075,0.5982990264892578,-0.004267738666385412,510.0
257617,1624.95762263,598.0,-0.6226165294647217,0.9127714037895203,0.5981044769287109,-0.0062681082636117935,509.0
257637,1624.977101971,598.0,-0.6261563897132874,0.8698902130126953,0.5979931950569153,-0.004289746750146151,519.0
257657,1624.997732184,603.0,-0.6068617701530457,0.9147289991378784,0.598852276802063,0.0022175442427396774,523.0
257677,1625.018861926,603.0,-0.5854865312576294,0.9818137884140015,0.5988926887512207,0.0008685702923685312,511.0
257697,1625.038487334,599.0,-0.5895670652389526,0.964823842048645,0.5988950133323669,-0.0025438738521188498,514.0
257717,1625.056950752,599.0,-0.5667405724525452,0.9450356960296631,0.5988214015960693,-0.004389758687466383,516.0
257737,1625.077569695,598.0,-0.5360598564147949,0.9449382424354553,0.5987356901168823,-0.004266250878572464,516.0
257757,1625.098300016,598.0,-0.524329423904419,0.9397020936012268,0.5985157489776611,-0.00366652337834239,518.0
257777,1625.119592321,598.0,-0.52677983045578,0.9539538025856018,0.5984610319137573,-0.0017031161114573479,512.0
257797,1625.136862817,601.0,-0.5160861015319824,0.965478241443634,0.5989226698875427,0.0004400450852699578,517.0
257817,1625.157291715,601.0,-0.5149104595184326,0.9693001508712769,0.5989213585853577,-0.0009155900916084647,511.0
257837,1625.176951218,599.0,-0.5417944192886353,0.9498085975646973,0.5988537669181824,-0.003485593246296048,515.0
257857,1625.197592605,599.0,-0.5727179050445557,0.929803192615509,0.5987756252288818,-0.0039863595739007,510.0
257877,1625.219948333,597.0,-0.5919914245605469,0.9093432426452637,0.5983402132987976,-0.0031906827352941036,511.0
257897,1625.237642585,597.0,-0.5612704157829285,0.9162576794624329,0.5982929468154907,-0.001821627956815064,511.0
257917,1625.258119244,599.0,-0.534885823726654,0.9437620639801025,0.5983506441116333,-0.002130206674337387,510.0
257937,1625.277115192,599.0,-0.5407485961914062,0.9676658511161804,0.5982834696769714,-0.004453541245311499,515.0
257957,1625.297832511,597.0,-0.5726179480552673,0.9472836852073669,0.5979262590408325,-0.004793144762516022,515.0
257977,1625.319041441,597.0,-0.5682212710380554,0.9589592814445496,0.597837507724762,-0.004157037474215031,516.0
257997,1625.336997161,599.0,-0.5300655961036682,0.9807884097099304,0.5979784727096558,-0.004679095931351185,523.0
258017,1625.357385943,599.0,-0.5236096978187561,0.9793937802314758,0.5978727340698242,-0.005691419821232557,509.0
258037,1625.376608769,599.0,-0.5462950468063354,0.9653038382530212,0.5977602601051331,-0.00513576390221715,516.0
258057,1625.397323762,596.0,-0.5480332374572754,0.9847351312637329,0.5973387360572815,-0.003850882174447179,509.0
258077,1625.41704249,596.0,-0.5445159673690796,1.0183055400848389,0.597251296043396,-0.005161471664905548,509.0
258097,1625.436445398,600.0,-0.5141484141349792,0.997488260269165,0.5976480841636658,-0.006061304826289415,517.0
258117,1625.457776838,600.0,-0.464243084192276,0.9898729920387268,0.5975033044815063,-0.008346418850123882,509.0
258137,1625.476595622,600.0,-0.46708688139915466,0.9363113045692444,0.5978003740310669,-0.005674318410456181,509.0
258157,1625.497354756,600.0,-0.4763411581516266,0.9348410964012146,0.597729504108429,-0.0015099801821634173,509.0
258177,1625.517854959,600.0,-0.4585583209991455,0.9869046807289124,0.5981098413467407,0.0008022144320420921,510.0
258197,1625.537700155,600.0,-0.4248143434524536,1.0122630596160889,0.5981099605560303,-0.001328671583905816,509.0
258217,1625.557958624,599.0,-0.41786015033721924,0.9898581504821777,0.5981608033180237,-0.006485074758529663,509.0
258237,1625.576907682,599.0,-0.41547244787216187,0.929189145565033,0.5980040431022644,-0.00833570584654808,516.0
258257,1625.596619868,598.0,-0.41879212856292725,0.9104998111724854,0.5978434085845947,-0.005239058751612902,511.0
258277,1625.617626415,598.0,-0.42806127667427063,0.9098708033561707,0.5977749228477478,-0.0017155274981632829,509.0
258297,1625.63779379,598.0,-0.4150129556655884,0.9334016442298889,0.5978143811225891,0.0008993642986752093,509.0
258317,1625.656795667,598.0,-0.4018593430519104,0.9997943639755249,0.5978178977966309,-0.0010679390979930758,512.0
258337,1625.67742256,598.0,-0.40624868869781494,0.9762628674507141,0.5977708697319031,-0.0031848556827753782,515.0
258357,1625.696833041,598.0,-0.41232946515083313,0.9689569473266602,0.5977470278739929,-0.0037296549417078495,512.0
258377,1625.716369792,598.0,-0.4159567654132843,0.9626139402389526,0.5976596474647522,-0.004709499888122082,511.0
258397,1625.737453188,601.0,-0.4135246276855469,0.9286738634109497,0.5982075333595276,-0.0026229945942759514,512.0
258417,1625.757364167,601.0,-0.4304165244102478,0.9346161484718323,0.5981830954551697,7.053137960610911e-05,512.0
258437,1625.777601573,600.0,-0.4480777382850647,0.9401479363441467,0.5985063314437866,0.0017174172680824995,512.0
258457,1625.796291627,600.0,-0.44774332642555237,0.977980375289917,0.5985264778137207,5.1661372708622366e-05,511.0
258477,1625.817227937,598.0,-0.4303380846977234,0.9575003385543823,0.5983765721321106,-0.0012131711700931191,520.0
258497,1625.83659547,598.0,-0.42738717794418335,0.9178159832954407,0.5983442068099976,-0.0018572781700640917,523.0
258517,1625.856537372,598.0,-0.4156598448753357,0.9205984473228455,0.5982152223587036,-0.0014692923286929727,529.0
258537,1625.877364004,598.0,-0.4075244963169098,0.9186601638793945,0.5981802940368652,-0.0021083811298012733,536.0
258557,1625.89634009,597.0,-0.36856746673583984,0.8851845860481262,0.5979235768318176,-0.0032271731179207563,528.0
258577,1625.916938125,597.0,-0.3421393632888794,0.8738073110580444,0.597851574420929,-0.003775260876864195,527.0
258597,1625.937130599,597.0,-0.3091376721858978,0.8611358404159546,0.5977826118469238,-0.0031873078551143408,532.0
258617,1625.95656193,597.0,-0.30184537172317505,0.8787030577659607,0.5975755453109741,-0.0033022407442331314,523.0
258637,1625.976490989,597.0,-0.28188103437423706,0.8566725850105286,0.597503125667572,-0.0041772425174713135,531.0
258657,1625.996765288,597.0,-0.2561492919921875,0.8199320435523987,0.5973256230354309,-0.004299937281757593,523.0
258677,1626.016883006,597.0,-0.2408551126718521,0.8316941857337952,0.5972588658332825,-0.0025248320307582617,525.0
258697,1626.036895332,596.0,-0.24884237349033356,0.833317756652832,0.59698885679245,-0.0017945135477930307,526.0
258717,1626.055611435,596.0,-0.24634818732738495,0.859440803527832,0.5969586372375488,-0.0014457358047366142,529.0
258737,1626.076554193,599.0,-0.2392118126153946,0.8954808712005615,0.5972595810890198,-0.00400957278907299,528.0
258757,1626.096420045,599.0,-0.22710543870925903,0.8379045128822327,0.5971413254737854,-0.00750177726149559,527.0
258777,1626.116529447,600.0,-0.23429670929908752,0.8060163855552673,0.5975061058998108,-0.006579011678695679,530.0
258797,1626.136776118,600.0,-0.2438909113407135,0.805070161819458,0.5973988175392151,-0.0038187785539776087,526.0
258817,1626.156278242,597.0,-0.24542644619941711,0.8216067552566528,0.5972491502761841,-0.00176137441303581,523.0
258837,1626.17574112,597.0,-0.24269315600395203,0.8600887656211853,0.5972016453742981,-0.0034519582986831665,524.0
258857,1626.196158823,596.0,-0.2364266961812973,0.8582161068916321,0.5969051122665405,-0.00618166895583272,527.0
258877,1626.216928728,596.0,-0.24530914425849915,0.8466382026672363,0.5967867970466614,-0.005291808396577835,523.0
258897,1626.237453867,596.0,-0.2170393317937851,0.8709954619407654,0.5967022180557251,-0.0031622638925909996,530.0
258917,1626.257287115,596.0,-0.2064732015132904,0.885717511177063,0.5965133309364319,-0.0034007495269179344,532.0
258937,1626.276102596,596.0,-0.20096096396446228,0.8822776079177856,0.5964301228523254,-0.005196705460548401,528.0
258957,1626.297083056,601.0,-0.18394257128238678,0.868606448173523,0.597174882888794,-0.006021840963512659,526.0
258977,1626.316152205,601.0,-0.18475817143917084,0.8630104660987854,0.5970626473426819,-0.004747436847537756,539.0
258997,1626.336707798,596.0,-0.2026766538619995,0.9035943746566772,0.5967980027198792,-0.002805230673402548,522.0
259017,1626.35693765,596.0,-0.2033921480178833,0.9009058475494385,0.5967445373535156,-0.003071822691708803,523.0
259037,1626.377183837,602.0,-0.18577072024345398,0.8795973658561707,0.5976362824440002,-0.0029283601325005293,528.0
259057,1626.396696695,602.0,-0.1598813533782959,0.8861319422721863,0.597572922706604,-0.00307266041636467,521.0
259077,1626.4169459,600.0,-0.1666204035282135,0.9207959771156311,0.5979521870613098,-0.000833492842502892,521.0
259097,1626.436885896,600.0,-0.18532004952430725,0.9257403016090393,0.5979322195053101,-0.0016576095949858427,522.0
259117,1626.456675279,595.0,-0.1797875314950943,0.886245608329773,0.5973003506660461,-0.004955261945724487,521.0
259137,1626.477145707,595.0,-0.1436072140932083,0.8898249864578247,0.5972108244895935,-0.003628361038863659,522.0
259157,1626.496562439,599.0,-0.12726792693138123,0.9210246801376343,0.5975122451782227,-0.00023464130936190486,522.0
259177,1626.516548014,599.0,-0.13897840678691864,0.946303129196167,0.597528874874115,0.0013748783385381103,522.0
259197,1626.536477701,599.0,-0.12815751135349274,0.9879937171936035,0.5975293517112732,-0.0015760381938889623,532.0
259217,1626.55676097,597.0,-0.12826628983020782,0.9574748873710632,0.5973639488220215,-0.005081294570118189,521.0
259237,1626.576494876,597.0,-0.13228219747543335,0.9161746501922607,0.5972596406936646,-0.00460530910640955,521.0
259257,1626.596392237,597.0,-0.11038726568222046,0.9406543374061584,0.59716796875,-9.578740719007328e-05,521.0
259277,1626.616647968,597.0,-0.08078446984291077,1.0455554723739624,0.5971845984458923,0.0010468127438798547,521.0
259297,1626.636512311,596.0,-0.07142174988985062,1.0828484296798706,0.5969055891036987,-0.003084481693804264,525.0
259317,1626.655840339,596.0,-0.08759673684835434,1.0372580289840698,0.5967988967895508,-0.007235517259687185,524.0
259337,1626.676825878,595.0,-0.10984697192907333,0.9648823142051697,0.5962579250335693,-0.010211184620857239,522.0
259357,1626.696120055,595.0,-0.0932469442486763,0.9133708477020264,0.5960771441459656,-0.007351438049226999,524.0
259377,1626.716827309,602.0,-0.08752034604549408,0.9418365955352783,0.597052276134491,-0.0018874963279813528,521.0
259397,1626.736738835,602.0,-0.12408648431301117,0.9350696802139282,0.5970195531845093,-0.001752378768287599,524.0
259417,1626.756122384,596.0,-0.1464833915233612,0.9065465331077576,0.5967451333999634,-0.004246102645993233,525.0
259437,1626.776449786,596.0,-0.13084228336811066,0.9219125509262085,0.5966414213180542,-0.006213602609932423,529.0
259457,1626.796929607,597.0,-0.12881788611412048,0.9010661244392395,0.5966120958328247,-0.005302293226122856,524.0
259477,1626.81560768,597.0,-0.1105012521147728,0.907780110836029,0.5965454578399658,-0.0012663783272728324,525.0
259497,1626.83563063,597.0,-0.1145034208893776,0.985666036605835,0.5965383648872375,-7.910168642411008e-05,527.0
259517,1626.856297399,597.0,-0.13480256497859955,1.0111960172653198,0.5966066718101501,-0.002161462791264057,540.0
259537,1626.876140985,597.0,-0.1130133718252182,0.9953092932701111,0.5965368747711182,-0.004911419004201889,510.0
259557,1626.89633725,598.0,-0.0968211218714714,0.9657195210456848,0.596703827381134,-0.005282756872475147,515.0
259577,1626.915722946,598.0,-0.11811663210391998,0.9462259411811829,0.5966159105300903,-0.003499880200251937,513.0
259597,1626.93597604,595.0,-0.1360940933227539,0.9742728471755981,0.5962135791778564,-0.003673245431855321,511.0
259617,1626.956100279,595.0,-0.14018845558166504,0.9881455302238464,0.5961409211158752,-0.0036277768667787313,510.0
259637,1626.975656382,597.0,-0.13736848533153534,0.9841368198394775,0.5961978435516357,-0.0037531463894993067,510.0
259657,1626.995776863,597.0,-0.16844519972801208,0.9613921642303467,0.5960990786552429,-0.0062816874124109745,511.0
259677,1627.014793071,598.0,-0.1783130168914795,0.9184474945068359,0.5962901711463928,-0.006443798542022705,523.0
259697,1627.036075878,598.0,-0.18007004261016846,0.9102558493614197,0.5961841344833374,-0.003910887520760298,512.0
259717,1627.055360814,598.0,-0.17168506979942322,0.9523268342018127,0.5964487195014954,0.00015699141658842564,520.0
259737,1627.075243639,598.0,-0.13977418839931488,1.0325440168380737,0.5964599847793579,0.00031951762503013015,517.0
259757,1627.095130505,601.0,-0.13747312128543854,1.0532220602035522,0.5964345335960388,-0.002975868061184883,520.0
259777,1627.114892209,601.0,-0.123961441218853,1.035971760749817,0.5972287058830261,-0.004677226301282644,513.0
259797,1627.135943556,601.0,-0.10595915466547012,1.0243018865585327,0.5971117615699768,-0.006500064395368099,521.0
259817,1627.155977674,598.0,-0.11391322314739227,0.9750045537948608,0.5971734523773193,-0.0036356113851070404,510.0
259837,1627.175105836,598.0,-0.1362238973379135,0.9934873580932617,0.5971463918685913,0.0007313756505027413,516.0
259857,1627.194992929,597.0,-0.12914344668388367,1.053144097328186,0.5971353650093079,2.218640292994678e-05,511.0
259877,1627.215039282,597.0,-0.09554803371429443,1.0483866930007935,0.5971062779426575,-0.0028994434978812933,518.0
259897,1627.235305654,599.0,-0.08330383896827698,1.0032600164413452,0.5973473191261292,-0.005437254905700684,510.0
259917,1627.25513587,599.0,-0.06984982639551163,0.9505720138549805,0.5972244143486023,-0.006493076682090759,517.0
259937,1627.275063925,600.0,-0.0587400384247303,0.9292308688163757,0.5976095795631409,-0.0035921724047511816,516.0
259957,1627.295488324,600.0,-0.05787273496389389,0.9519755840301514,0.5975674986839294,-0.0007589242304675281,511.0
259977,1627.315976332,598.0,-0.057982247322797775,0.9679809808731079,0.597603440284729,-0.0003482935717329383,511.0
259997,1627.336357602,598.0,-0.05868905782699585,0.9727599620819092,0.5975805521011353,-0.002269068267196417,511.0
260017,1627.355733189,599.0,-0.05065758898854256,0.9663888812065125,0.5977165102958679,-0.007232945412397385,519.0
260037,1627.375953829,599.0,-0.05750914290547371,0.8886501789093018,0.5975481867790222,-0.008426383137702942,509.0
260057,1627.395962857,599.0,-0.06598714739084244,0.8812230825424194,0.5974258184432983,-0.0033793714828789234,515.0
260077,1627.416846012,600.0,-0.053797394037246704,0.9529988765716553,0.5979138612747192,0.0016587579157203436,512.0
260097,1627.43561343,600.0,-0.027701638638973236,0.992373526096344,0.5979495644569397,0.0017225267365574837,511.0
260117,1627.456334575,599.0,-0.0491054505109787,0.9887595772743225,0.5981635451316833,-0.0005358328926376998,510.0
260137,1627.476397263,599.0,-0.05181259661912918,0.9373235702514648,0.5981398820877075,-0.0013853547861799598,510.0
260157,1627.495621498,597.0,-0.0621115006506443,0.9410750269889832,0.5979009866714478,-0.0017969367327168584,516.0
260177,1627.516048695,597.0,-0.0667748972773552,0.9660131335258484,0.5978777408599854,-6.894251418998465e-05,510.0
260197,1627.535670435,599.0,-0.04245768114924431,1.0047154426574707,0.5980709791183472,0.001610045088455081,511.0
260217,1627.556507653,599.0,-0.024836363270878792,1.0481148958206177,0.5980897545814514,0.00012327305739745498,512.0
260237,1627.575813296,596.0,-0.03508573770523071,1.0350265502929688,0.5976532101631165,-0.0012025183532387018,510.0
260257,1627.59525537,596.0,-0.06989406049251556,1.038935661315918,0.5976231694221497,-0.0020530950278043747,512.0
260277,1627.615739525,601.0,-0.0678715705871582,0.993303656578064,0.5981789827346802,-0.0004240571870468557,511.0
260297,1627.636491839,601.0,-0.06280715018510818,1.0097159147262573,0.5981844663619995,0.0010215967195108533,510.0
260317,1627.656713769,599.0,-0.06637243926525116,1.0146028995513916,0.5983647704124451,0.001971201039850712,511.0
260337,1627.676493566,599.0,-0.036513593047857285,0.9711490869522095,0.5983728766441345,-0.001113848527893424,510.0
260357,1627.696577425,599.0,0.02263609692454338,0.9466047286987305,0.5983356833457947,-0.0021043920423835516,522.0
260377,1627.716607031,601.0,0.08549383282661438,0.9290400147438049,0.598825991153717,0.00034966436214745045,521.0
260397,1627.736032574,601.0,0.10697266459465027,0.9030909538269043,0.5988535284996033,0.0022809209767729044,516.0
260417,1627.756817071,596.0,0.10994253307580948,0.883689820766449,0.5983690619468689,0.0024908720515668392,513.0
260437,1627.775360134,596.0,0.11010754108428955,0.8746106028556824,0.598423182964325,0.002563021145761013,515.0
260457,1627.79591566,600.0,0.15022629499435425,0.8876797556877136,0.598755955696106,0.0004182379343546927,515.0
260477,1627.815903475,600.0,0.1832084357738495,0.8524006605148315,0.5987262725830078,-0.003039498580619693,525.0
260497,1627.836653073,599.0,0.19450508058071136,0.7998566627502441,0.5986951589584351,-0.0021779502276331186,530.0
260517,1627.856375605,599.0,0.19484318792819977,0.7926397919654846,0.5986683964729309,-0.0006696030031889677,526.0
260537,1627.875901706,599.0,0.18471470475196838,0.7816716432571411,0.5986867547035217,-0.0008226880454458296,531.0
260557,1627.895364271,599.0,0.19256967306137085,0.7699883580207825,0.5986756682395935,-0.0013013198040425777,570.0
260577,1627.915230666,601.0,0.218850240111351,0.7561418414115906,0.5990408658981323,-0.0011627930216491222,577.0
260597,1627.935836222,601.0,0.2006949484348297,0.7460396885871887,0.5990103483200073,-0.001895334105938673,563.0
260617,1627.954880318,600.0,0.17485429346561432,0.7395759224891663,0.5989771485328674,-0.0013096987968310714,576.0
260637,1627.974693818,600.0,0.19771336019039154,0.7523708939552307,0.5991539359092712,-0.0014282718766480684,562.0
260657,1627.995851275,600.0,0.2357650101184845,0.724014401435852,0.5991262793540955,-0.0012385303853079677,578.0
260677,1628.014990448,596.0,0.2549274265766144,0.7335972189903259,0.5985260605812073,-0.0017306050285696983,562.0
260697,1628.035383025,596.0,0.24837936460971832,0.7453349828720093,0.5984974503517151,-0.0012086507631465793,565.0
260717,1628.055545075,601.0,0.24982035160064697,0.7463521957397461,0.598957896232605,0.000700311386026442,558.0
260737,1628.074990889,601.0,0.2557469606399536,0.7527838945388794,0.5989747047424316,0.0011610413203015924,573.0
260757,1628.095487854,600.0,0.2683730125427246,0.7287113070487976,0.5991925597190857,0.0009274203912355006,554.0
260777,1628.114725137,600.0,0.2964189946651459,0.6963762044906616,0.5991852283477783,-0.0013839489547535777,566.0
260797,1628.134313819,599.0,0.3362377882003784,0.6643074154853821,0.5990936756134033,-0.0019481220515444875,562.0
260817,1628.154640628,599.0,0.34266313910484314,0.6448913812637329,0.5990599393844604,-0.001135903992690146,580.0
260837,1628.174045922,599.0,0.34900209307670593,0.6439416408538818,0.599026083946228,0.0017623649910092354,564.0
260857,1628.195375556,599.0,0.3381534814834595,0.6839563250541687,0.599073052406311,0.0023848270066082478,568.0
260877,1628.214944655,597.0,0.3565687835216522,0.6615352630615234,0.5986887216567993,-0.0007529869326390326,552.0
260897,1628.23436136,597.0,0.3887283504009247,0.6421638131141663,0.598645806312561,-0.0035774570424109697,566.0
260917,1628.254700731,600.0,0.38794755935668945,0.6130723357200623,0.5985643863677979,-0.0038191177882254124,566.0
260937,1628.274660058,600.0,0.38116857409477234,0.6083077788352966,0.5988215208053589,0.0009768077870830894,570.0
260957,1628.295377569,600.0,0.3662014901638031,0.6721166372299194,0.5988688468933105,0.003588366089388728,564.0
260977,1628.316074113,599.0,0.39014750719070435,0.7004520893096924,0.5989573001861572,0.001838461495935917,577.0
260997,1628.335745965,599.0,0.3976322114467621,0.7063363194465637,0.5989359617233276,-0.003950092010200024,559.0
261017,1628.354694878,600.0,0.3865669071674347,0.6305238008499146,0.5990456342697144,-0.00548842828720808,576.0
261037,1628.374872781,600.0,0.3562152683734894,0.5862764120101929,0.5989717245101929,-0.0009451270452700555,569.0
261057,1628.395244226,596.0,0.3501182794570923,0.6361636519432068,0.5984315276145935,0.004826316609978676,567.0
261077,1628.415405707,596.0,0.36827123165130615,0.7313572764396667,0.5985361933708191,0.004716210532933474,553.0
261097,1628.435426529,595.0,0.3494294583797455,0.7174553275108337,0.597870945930481,-0.004694477654993534,564.0
261117,1628.454536966,595.0,0.27574318647384644,0.6483185887336731,0.5977107882499695,-0.010350302793085575,556.0
261137,1628.474850969,601.0,0.2259206622838974,0.6578996181488037,0.5981263518333435,-0.006852148100733757,565.0
261157,1628.495457907,601.0,0.1821471005678177,0.6511451005935669,0.5980267524719238,-0.0026601520366966724,553.0
261177,1628.514612841,595.0,0.1667942851781845,0.700889527797699,0.5974425673484802,-0.0007195513462647796,574.0
261197,1628.535168847,595.0,0.15137608349323273,0.7959240078926086,0.5973963737487793,-0.0045099202543497086,562.0
261217,1628.555548256,595.0,0.11694011837244034,0.7362009882926941,0.597251832485199,-0.009608601219952106,571.0
261237,1628.574841461,601.0,0.13658440113067627,0.6897004842758179,0.5977906584739685,-0.008603300899267197,553.0
261257,1628.594842081,601.0,0.11475201696157455,0.6837369799613953,0.5976365208625793,-0.006744452752172947,570.0
261277,1628.615296308,596.0,0.10055526345968246,0.6700634956359863,0.5972403287887573,-0.004817203618586063,553.0
261297,1628.634543055,596.0,0.14494790136814117,0.7274981141090393,0.59715735912323,-0.0038094189949333668,567.0
261317,1628.654501701,600.0,0.17365428805351257,0.7642586827278137,0.597614049911499,-0.004114719573408365,556.0
261337,1628.674848598,600.0,0.16843904554843903,0.7173520922660828,0.597500205039978,-0.007232087664306164,568.0
261357,1628.694676108,598.0,0.14546972513198853,0.6360852122306824,0.5974302291870117,-0.008941544219851494,563.0
261377,1628.714356484,598.0,0.11532152444124222,0.6118342280387878,0.597263753414154,-0.006393175106495619,565.0
261397,1628.734863247,596.0,0.11055934429168701,0.6291890144348145,0.5969237089157104,-0.004102974198758602,557.0
261417,1628.754338886,596.0,0.1173853874206543,0.6373510956764221,0.5968445539474487,-0.004404183942824602,567.0
261437,1628.774489886,601.0,0.12764859199523926,0.6282522082328796,0.5974878072738647,-0.005029231309890747,556.0
261457,1628.795111577,601.0,0.12278934568166733,0.5979112386703491,0.5973606109619141,-0.007170047145336866,566.0
261477,1628.815628468,597.0,0.1253959685564041,0.5755128264427185,0.5971687436103821,-0.005057862494140863,556.0
261497,1628.835043775,597.0,0.13671252131462097,0.5899947285652161,0.5970889925956726,-0.0031449918169528246,572.0
261517,1628.855538451,598.0,0.16572684049606323,0.6179724931716919,0.5970227122306824,-0.003908782731741667,563.0
261537,1628.875456729,598.0,0.15254396200180054,0.608961284160614,0.5971215963363647,-0.00654466450214386,567.0
261557,1628.895472051,598.0,0.12489011138677597,0.5411388874053955,0.5969704985618591,-0.008042105473577976,559.0
261577,1628.914585203,599.0,0.1451977640390396,0.5385787487030029,0.5972328782081604,-0.005719522479921579,585.0
261597,1628.935515911,599.0,0.15023170411586761,0.5369303226470947,0.5971362590789795,-0.003883777419105172,524.0
261617,1628.954522547,598.0,0.16262701153755188,0.5562989115715027,0.5972513556480408,-0.002585891168564558,524.0
261637,1628.974347245,598.0,0.19915051758289337,0.589209258556366,0.5971880555152893,-0.003621019423007965,516.0
261657,1628.993778003,597.0,0.1899021565914154,0.5618679523468018,0.5970627069473267,-0.004708527121692896,515.0
261677,1629.014769054,597.0,0.19477562606334686,0.5510426759719849,0.5969516634941101,-0.006167999003082514,511.0
261697,1629.034932431,599.0,0.2111339420080185,0.5479471683502197,0.5972012281417847,-0.005389236845076084,510.0
261717,1629.054504269,599.0,0.22954551875591278,0.5335561037063599,0.5971066355705261,-0.0038499829825013876,510.0
261737,1629.074387846,599.0,0.2543005347251892,0.5458471179008484,0.5973754525184631,-0.0018913091626018286,510.0
261757,1629.095077096,599.0,0.2582753598690033,0.5426837205886841,0.5973261594772339,-0.0035639081615954638,510.0
261777,1629.114451661,597.0,0.2604525089263916,0.49867987632751465,0.5972315073013306,-0.005319895688444376,510.0
261797,1629.135891951,597.0,0.2723650336265564,0.4506514370441437,0.5970733761787415,-0.003480289364233613,515.0
261817,1629.153846088,597.0,0.2880064845085144,0.47888946533203125,0.5970277786254883,-0.00147570192348212,522.0
261837,1629.174572988,599.0,0.28117087483406067,0.4893310070037842,0.5973789691925049,-0.002180560724809766,517.0
261857,1629.195471491,599.0,0.2795168459415436,0.47712400555610657,0.5973078608512878,-0.004613065160810947,509.0
261877,1629.214539025,597.0,0.2692825496196747,0.46632254123687744,0.5971693396568298,-0.005692918319255114,511.0
261897,1629.235578036,597.0,0.2276858389377594,0.43522199988365173,0.5970533490180969,-0.005504434462636709,520.0
261917,1629.254308445,597.0,0.17411492764949799,0.4223974645137787,0.5969737768173218,-0.003883195109665394,512.0
261937,1629.2747909,597.0,0.14590369164943695,0.4467008411884308,0.5969237685203552,-0.0009806862799450755,510.0
261957,1629.294574943,597.0,0.1563243716955185,0.5241767168045044,0.5969013571739197,-0.001374744693748653,510.0
261977,1629.314369096,597.0,0.12948963046073914,0.5172393321990967,0.5968340039253235,-0.00499387364834547,510.0
261997,1629.335981876,599.0,0.13310816884040833,0.49479782581329346,0.597132682800293,-0.0030436732340604067,522.0
262017,1629.355107963,599.0,0.1689302921295166,0.5440174341201782,0.5970949530601501,-0.0006979629397392273,515.0
262037,1629.373831866,597.0,0.16228720545768738,0.5433922410011292,0.5970435738563538,-0.00090140535030514,510.0
262057,1629.393639236,597.0,0.13503721356391907,0.5610379576683044,0.5970034599304199,-0.0032370691187679768,513.0
262077,1629.414236796,596.0,0.14161762595176697,0.5607580542564392,0.5969159603118896,-0.00533103384077549,516.0
262097,1629.436481789,596.0,0.15236811339855194,0.5258716344833374,0.5966575145721436,-0.005283756647258997,518.0
262117,1629.454452165,596.0,0.17300383746623993,0.5102160573005676,0.5965760946273804,-0.0028711624909192324,521.0
262137,1629.474585604,595.0,0.178945854306221,0.5114853382110596,0.5962496995925903,-0.002849697833880782,513.0
262157,1629.494566036,595.0,0.18132373690605164,0.539716899394989,0.5961770415306091,-0.004413275048136711,509.0
262177,1629.51487957,595.0,0.19657644629478455,0.5158531665802002,0.5958784222602844,-0.006180317606776953,509.0
262197,1629.535796821,595.0,0.18063239753246307,0.4746963679790497,0.5957434177398682,-0.00694316765293479,510.0
262217,1629.554488475,601.0,0.16447792947292328,0.45257940888404846,0.596626877784729,-0.002143507357686758,509.0
262237,1629.574352531,601.0,0.1742980182170868,0.5053867697715759,0.5966132283210754,0.000557889579795301,509.0
262257,1629.593876802,596.0,0.1944519579410553,0.523007869720459,0.5964757800102234,-0.001145984511822462,510.0
262277,1629.614329532,596.0,0.19319100677967072,0.5059782266616821,0.5964194536209106,-0.00449342280626297,514.0
262297,1629.634515887,598.0,0.17442303895950317,0.48334258794784546,0.5965999364852905,-0.0047403075732290745,509.0
262317,1629.654641785,598.0,0.17924685776233673,0.48676803708076477,0.5965443253517151,-0.00038193046930246055,509.0
262337,1629.673649346,597.0,0.22637999057769775,0.567539393901825,0.5966310501098633,0.0035276995040476322,509.0
262357,1629.694134506,597.0,0.2885819971561432,0.6148058176040649,0.5966887474060059,0.0014399680076166987,511.0
262377,1629.714702121,597.0,0.3250071704387665,0.5796846747398376,0.5966659188270569,-0.003911567851901054,515.0
262397,1629.735497868,595.0,0.33461642265319824,0.5187681317329407,0.5962527990341187,-0.007663960102945566,509.0
262417,1629.754929863,595.0,0.3515050709247589,0.5072736144065857,0.5961218476295471,-0.004892341326922178,509.0
262437,1629.773296613,597.0,0.3605014383792877,0.5403720140457153,0.5962393879890442,-0.0016077306354418397,509.0
262457,1629.79361746,597.0,0.32391542196273804,0.5956687331199646,0.5962100625038147,-0.0019568963907659054,509.0
262477,1629.813961835,600.0,0.3137965202331543,0.5993993282318115,0.5968489646911621,-0.0054194387048482895,514.0
262497,1629.835509566,600.0,0.3432817757129669,0.5657546520233154,0.5967013835906982,-0.008734824135899544,516.0
262517,1629.853375853,598.0,0.3826945722103119,0.5499091148376465,0.5968084931373596,-0.0059594097547233105,513.0
262537,1629.874751195,598.0,0.39451107382774353,0.581031858921051,0.5967394709587097,-0.001075789681635797,512.0
262557,1629.893549856,599.0,0.36556679010391235,0.5732422471046448,0.5971249938011169,-2.8464106435421854e-05,515.0
262577,1629.913852926,599.0,0.36394229531288147,0.5197195410728455,0.5970810651779175,-0.004701975267380476,511.0
262597,1629.935592266,600.0,0.34815630316734314,0.4722785949707031,0.5974739789962769,-0.008093608543276787,519.0
262617,1629.954875823,600.0,0.34521523118019104,0.3946796953678131,0.5973227024078369,-0.006201330106705427,536.0
262637,1629.973648134,597.0,0.3676471412181854,0.38661497831344604,0.597180962562561,-0.0011181351728737354,528.0
262657,1629.994484558,597.0,0.39681047201156616,0.4607512354850769,0.5971918106079102,0.0016314787790179253,518.0
262677,1630.014474863,597.0,0.36594969034194946,0.4939306378364563,0.5972244739532471,0.001554290996864438,531.0
262697,1630.035045268,596.0,0.3700945973396301,0.5439233779907227,0.5970133543014526,-0.001058230991475284,530.0
262717,1630.054581194,596.0,0.39724066853523254,0.5582810640335083,0.5969458818435669,-0.005785965360701084,526.0
262737,1630.073731981,600.0,0.34314602613449097,0.4638511538505554,0.5974105000495911,-0.0057557797990739346,523.0
262757,1630.094836915,600.0,0.33177486062049866,0.4568753242492676,0.5973193049430847,-0.003276504809036851,525.0
262777,1630.113643238,598.0,0.36512866616249084,0.5125439763069153,0.5974187850952148,-0.0009594055009074509,522.0
262797,1630.135640496,598.0,0.4271935224533081,0.5606476664543152,0.5974241495132446,0.0016080895438790321,525.0
262817,1630.154566787,599.0,0.47121354937553406,0.6339482069015503,0.597753643989563,0.001720206462778151,531.0
262837,1630.174845948,599.0,0.45165956020355225,0.6278766989707947,0.597749650478363,-0.0022442471235990524,529.0
262857,1630.193868471,597.0,0.4491448998451233,0.5771642327308655,0.5975192785263062,-0.0052495189011096954,526.0
262877,1630.213833543,597.0,0.4479900598526001,0.5440533757209778,0.5974172353744507,-0.004417613614350557,527.0
262897,1630.233937767,598.0,0.4351016581058502,0.515393078327179,0.597440242767334,-0.002534703118726611,524.0
262917,1630.25296161,598.0,0.4193980395793915,0.5512433648109436,0.5974137783050537,0.00021250561985652894,524.0
262937,1630.27312217,600.0,0.44564250111579895,0.6318891644477844,0.5974453091621399,0.002306557260453701,527.0
262957,1630.293570192,600.0,0.45922383666038513,0.6662766933441162,0.5979211926460266,0.0007498910999856889,522.0
262977,1630.313098565,600.0,0.43596091866493225,0.6387527585029602,0.5979135036468506,-0.0012581272749230266,532.0
262997,1630.333647582,595.0,0.45249828696250916,0.6670296788215637,0.5973372459411621,-0.002630978124216199,523.0
263017,1630.353938654,595.0,0.4664005637168884,0.6806190013885498,0.5972919464111328,-0.0016157644568011165,524.0
263037,1630.37354084,599.0,0.44815975427627563,0.7035539150238037,0.5976150631904602,0.001498040626756847,535.0
263057,1630.393113884,599.0,0.4333541691303253,0.7495971322059631,0.5976523756980896,0.0018914040410891175,531.0
263077,1630.413031929,600.0,0.48008233308792114,0.7750853300094604,0.5981166362762451,0.0014752926072105765,532.0
263097,1630.434049947,600.0,0.5680516362190247,0.8846584558486938,0.5981348752975464,0.0005197454593144357,530.0
263117,1630.454537619,601.0,0.6244039535522461,0.8964000344276428,0.5986660122871399,0.001052057952620089,522.0
263137,1630.473742705,601.0,0.6316190361976624,0.9083986878395081,0.5986821055412292,0.0003007897757925093,524.0
263157,1630.494093768,594.0,0.6253347396850586,0.9134953618049622,0.5977578163146973,-0.00380482105538249,521.0
263177,1630.512928313,594.0,0.6197255849838257,0.8835984468460083,0.5976824164390564,-0.003400317160412669,530.0
263197,1630.53395316,597.0,0.6398889422416687,0.9053658843040466,0.5974637866020203,-0.0039428723976016045,521.0
263217,1630.553763442,597.0,0.6258801221847534,0.8801283240318298,0.5973718166351318,-0.004925889428704977,521.0
263237,1630.574173097,594.0,0.6470369100570679,0.8713049292564392,0.5972939729690552,-0.002741739619523287,536.0
263257,1630.593574004,594.0,0.7120965719223022,0.9178750514984131,0.5965839624404907,-0.002944944892078638,521.0
263277,1630.61387289,594.0,0.7647650837898254,0.9448963403701782,0.5965355634689331,-0.002152413362637162,528.0
263297,1630.632298505,599.0,0.7756854891777039,0.9793756604194641,0.5969370007514954,-0.003805451560765505,525.0
263317,1630.653426131,599.0,0.7652184367179871,0.939904510974884,0.5968442559242249,-0.005214584991335869,522.0
263337,1630.673288474,596.0,0.7677878737449646,0.9661041498184204,0.5965802669525146,-0.005807860754430294,522.0
263357,1630.692662938,596.0,0.7718359231948853,0.9715335369110107,0.596476137638092,-0.004414160270243883,525.0
263377,1630.713266817,596.0,0.8252243399620056,1.015820860862732,0.5963013172149658,-0.004810706712305546,521.0
263397,1630.733590016,596.0,0.8458089232444763,1.0090200901031494,0.5961709022521973,-0.008235170505940914,521.0
263417,1630.753264752,596.0,0.8172566294670105,0.9701077342033386,0.5959418416023254,-0.009902702644467354,531.0
263437,1630.773274047,596.0,0.7846871614456177,0.9648115634918213,0.5957518219947815,-0.008632389828562737,523.0
263457,1630.792774566,599.0,0.7892149090766907,0.9592388868331909,0.596184253692627,-0.004866067320108414,522.0
263477,1630.812918615,599.0,0.7983251214027405,0.9720081090927124,0.5960793495178223,-0.006207129452377558,522.0
263497,1630.833306249,598.0,0.7661043405532837,0.943700909614563,0.5962616205215454,-0.008287937380373478,521.0
263517,1630.853960039,598.0,0.7651287913322449,0.9083817005157471,0.5961056351661682,-0.006619609892368317,525.0
263537,1630.872802323,598.0,0.7902818918228149,0.9388427734375,0.5960100293159485,-0.002981307450681925,529.0
263557,1630.892805067,598.0,0.7902600765228271,0.9702212810516357,0.5962927341461182,-0.0018539277371019125,525.0
263577,1630.912774986,598.0,0.8081377148628235,0.9760503172874451,0.596218466758728,-0.005712361540645361,534.0
263597,1630.933887529,597.0,0.8433783650398254,0.930400550365448,0.5962268114089966,-0.007922104559838772,524.0
263617,1630.953870408,597.0,0.8545902967453003,0.9039063453674316,0.5960796475410461,-0.006194004323333502,522.0
263637,1630.973604472,599.0,0.8307411074638367,0.9161750674247742,0.5965448617935181,-0.0015258144121617079,542.0
263657,1630.993640563,599.0,0.8222782611846924,0.93276047706604,0.5965156555175781,-0.0019975081086158752,538.0
263677,1631.012885968,598.0,0.8551923632621765,0.9082176685333252,0.596721351146698,-0.004180006217211485,524.0
263697,1631.033118362,598.0,0.8890365958213806,0.8824940919876099,0.5966257452964783,-0.004964955151081085,516.0
263717,1631.053482675,596.0,0.8594176173210144,0.8480227589607239,0.5963937044143677,-0.003594497684389353,514.0
263737,1631.073436183,596.0,0.8354936242103577,0.84111487865448,0.5963553786277771,-0.0004960931837558746,510.0
263757,1631.093786577,599.0,0.8530687689781189,0.8966220617294312,0.5967934131622314,0.0005220049060881138,512.0
263777,1631.113247258,599.0,0.8801108598709106,0.9151362180709839,0.5967780351638794,-0.0022463735658675432,510.0
263797,1631.132853003,596.0,0.8928110599517822,0.9014307260513306,0.596533477306366,-0.004928205627948046,512.0
263817,1631.153926049,596.0,0.867392897605896,0.8883471488952637,0.5964282155036926,-0.005119670648127794,519.0
263837,1631.174096775,596.0,0.8535869717597961,0.8456181883811951,0.5963416695594788,-0.0033310658764094114,517.0
263857,1631.192924242,596.0,0.838763415813446,0.8521143794059753,0.5961794257164001,-0.0022511007264256477,512.0
263877,1631.213614382,596.0,0.8727769255638123,0.8153666853904724,0.5961549282073975,0.0001147557923104614,510.0
263897,1631.233916894,600.0,0.8908373713493347,0.8597538471221924,0.5969030857086182,0.003245176514610648,518.0
263917,1631.253633097,600.0,0.8945776224136353,0.9270810484886169,0.5969527363777161,0.0017729182727634907,515.0
263937,1631.273795467,596.0,0.8972143530845642,0.936540424823761,0.5967898368835449,0.0007594829075969756,512.0
263957,1631.293357631,596.0,0.9036185145378113,0.9859816431999207,0.5967994928359985,0.0001872637221822515,513.0
263977,1631.313938176,597.0,0.9121841192245483,0.9762303233146667,0.5968106985092163,-0.0015675043687224388,510.0
263997,1631.333036783,597.0,0.9223083257675171,0.987725555896759,0.5967711806297302,-0.0021521535236388445,510.0
264017,1631.353071243,600.0,0.9114978909492493,1.0172542333602905,0.5972850918769836,-0.0014188663335517049,510.0
264037,1631.373287375,600.0,0.9034600257873535,1.0152946710586548,0.5972591638565063,-0.0011094429064542055,511.0
264057,1631.392615862,598.0,0.9218683242797852,1.0318584442138672,0.5973259806632996,-0.0010829726234078407,510.0
264077,1631.412819922,598.0,0.9524109363555908,1.050602912902832,0.5972885489463806,-0.0027637449093163013,518.0
264097,1631.433550376,594.0,0.9509055018424988,1.0543426275253296,0.5965730547904968,-0.006076293997466564,510.0
264117,1631.453590847,594.0,0.9552158713340759,1.0442678928375244,0.5964702367782593,-0.003822878934442997,510.0
264137,1631.472914488,594.0,0.982785701751709,1.0676319599151611,0.5964127779006958,-0.00215510418638587,521.0
264157,1631.49360513,600.0,0.9775393009185791,1.0694903135299683,0.5970439910888672,-0.0010540392249822617,511.0
264177,1631.512992272,600.0,0.9833635091781616,1.0682637691497803,0.5970048904418945,-0.0027006766758859158,509.0
264197,1631.532089392,600.0,1.0014415979385376,1.0701651573181152,0.5975127816200256,-0.00041648655314929783,512.0
264217,1631.552107868,600.0,1.0031919479370117,1.1157186031341553,0.5975135564804077,0.0001492440642323345,511.0
264237,1631.573040056,597.0,0.9767770767211914,1.1036115884780884,0.5973904132843018,-0.0011461802059784532,509.0
264257,1631.592760209,597.0,0.9867091178894043,1.115004301071167,0.5973667502403259,-0.0010553911561146379,510.0
264277,1631.611539916,598.0,1.015324592590332,1.172379493713379,0.5974242687225342,-0.003214355558156967,511.0
264297,1631.63212084,598.0,0.9977304935455322,1.1282676458358765,0.5973287224769592,-0.0060603320598602295,511.0
264317,1631.652893551,598.0,0.9892639517784119,1.1205008029937744,0.5972957611083984,-0.005694971419870853,509.0
264337,1631.672813413,598.0,1.0121867656707764,1.1290947198867798,0.5972111225128174,-0.0025509975384920835,510.0
264357,1631.691652284,597.0,1.0200822353363037,1.1510529518127441,0.5970836877822876,-0.0019171818858012557,511.0
264377,1631.712223464,597.0,1.0077821016311646,1.1393463611602783,0.5970188975334167,-0.00465821661055088,514.0
264397,1631.731584108,599.0,0.9777292609214783,1.1115933656692505,0.5969029664993286,-0.006573430262506008,521.0
264417,1631.751841419,599.0,0.9981101155281067,1.1210720539093018,0.5971156358718872,-0.0052831838838756084,513.0
264437,1631.77355193,599.0,1.0032594203948975,1.1009573936462402,0.5970190763473511,-0.004257934633642435,515.0
264457,1631.793619328,600.0,1.0332456827163696,1.0964585542678833,0.5975130200386047,-0.000974508875515312,509.0
264477,1631.812838275,600.0,1.0571019649505615,1.1299229860305786,0.5975032448768616,-0.0002714980219025165,512.0
264497,1631.832443974,596.0,1.0600812435150146,1.1105197668075562,0.5971800088882446,-0.002571480581536889,508.0
264517,1631.852539766,596.0,1.067196249961853,1.0844497680664062,0.5971053242683411,-0.004189398605376482,509.0
264537,1631.872856394,599.0,1.0880247354507446,1.1016799211502075,0.5973747968673706,-0.0022787160705775023,509.0
264557,1631.893550854,599.0,1.0982091426849365,1.1194651126861572,0.5973257422447205,-0.002917154226452112,512.0
264577,1631.912588397,595.0,1.074144721031189,1.0979613065719604,0.5967989563941956,-0.006214968394488096,515.0
264597,1631.933053622,595.0,1.0202140808105469,1.0519285202026367,0.5966681241989136,-0.0060402946546673775,512.0
264617,1631.953348272,596.0,1.0149567127227783,1.050970196723938,0.5964109301567078,-0.003816166426986456,512.0
264637,1631.972442154,596.0,1.0462729930877686,1.0596678256988525,0.5963395833969116,-0.003635947359725833,516.0
264657,1631.992357976,593.0,1.0767970085144043,1.0460257530212402,0.5956010818481445,-0.0060339723713696,526.0
264677,1632.012320055,593.0,1.0797513723373413,1.082969069480896,0.5954735279083252,-0.0065885065123438835,531.0
264697,1632.03275622,598.0,1.0622526407241821,1.0664530992507935,0.595336377620697,-0.006880819331854582,528.0
264717,1632.05208323,598.0,1.0414831638336182,1.061853289604187,0.5956553220748901,-0.005052035208791494,518.0
264737,1632.071800029,598.0,1.0572301149368286,1.0519760847091675,0.595562756061554,-0.00417703203856945,529.0
264757,1632.092899145,597.0,1.0565292835235596,1.0569803714752197,0.5957452654838562,-0.003565280931070447,523.0
264777,1632.111860663,597.0,1.037406086921692,1.0699149370193481,0.5956657528877258,-0.004231256432831287,522.0
264797,1632.131884752,599.0,1.0563313961029053,1.0910327434539795,0.596204936504364,-0.002301171887665987,522.0
264817,1632.152339596,599.0,1.0652554035186768,1.1164923906326294,0.5961521863937378,-0.0032698269933462143,524.0
264837,1632.172232207,599.0,1.0900444984436035,1.0850101709365845,0.5965868830680847,-0.003577471012249589,524.0
264857,1632.191466117,599.0,1.0842339992523193,1.0632911920547485,0.5965117812156677,-0.003983892034739256,530.0
264877,1632.212359124,597.0,1.064245581626892,1.0547420978546143,0.5965059995651245,-0.003924081102013588,530.0
264897,1632.232577145,597.0,1.0490022897720337,1.054103970527649,0.5964378714561462,-0.0029722701292485,533.0
264917,1632.252040302,598.0,1.0570032596588135,1.0765619277954102,0.5966290831565857,-0.0016346941702067852,526.0
264937,1632.27271764,598.0,1.0822845697402954,1.1144061088562012,0.5965989828109741,-0.0013676928356289864,526.0
264957,1632.291793353,599.0,1.1466974020004272,1.1227824687957764,0.5969468355178833,-0.0015835068188607693,528.0
264977,1632.311803901,599.0,1.1293950080871582,1.0800983905792236,0.5968971848487854,-0.0031640517991036177,523.0
264997,1632.332716299,599.0,1.14511239528656,1.068300485610962,0.5968466401100159,-0.0015556965954601765,534.0
265017,1632.352461157,597.0,1.1999197006225586,1.0912481546401978,0.5967963337898254,-0.0004941929364576936,523.0
265037,1632.372395046,597.0,1.2097058296203613,1.0817914009094238,0.5967883467674255,-0.00024312062305398285,525.0
265057,1632.391874955,597.0,1.2211962938308716,1.082628846168518,0.596796989440918,-0.00041172077180817723,538.0
265077,1632.412292355,597.0,1.2090084552764893,1.0806173086166382,0.5967707633972168,-0.0025149486027657986,522.0
265097,1632.432828077,601.0,1.218012809753418,1.0441372394561768,0.5974714756011963,-0.0032659186981618404,524.0
265117,1632.452437989,601.0,1.211178183555603,1.0241258144378662,0.5974173545837402,-0.0016159864608198404,528.0
265137,1632.471535983,595.0,1.2048802375793457,1.0646494626998901,0.5969376564025879,-0.00043447420466691256,529.0
265157,1632.492346007,595.0,1.1789582967758179,1.0791103839874268,0.5969223976135254,-0.0013805445050820708,526.0
265177,1632.51207948,597.0,1.1828553676605225,1.0617650747299194,0.59687340259552,-0.0026431893929839134,526.0
265197,1632.532227514,597.0,1.224217414855957,1.0677648782730103,0.5968232750892639,-0.002184029668569565,521.0
265217,1632.551808644,597.0,1.2417677640914917,1.0655243396759033,0.5967613458633423,-0.0016870039980858564,521.0
265237,1632.572313279,597.0,1.2256691455841064,1.0430182218551636,0.5967294573783875,-0.0014063989510759711,521.0
265257,1632.592381661,601.0,1.1880614757537842,1.0335557460784912,0.5974372625350952,0.0010800764430314302,521.0
265277,1632.61138158,601.0,1.1904207468032837,1.0563178062438965,0.5974624156951904,0.001231721369549632,522.0
265297,1632.630820591,601.0,1.2361787557601929,1.0685555934906006,0.5974657535552979,-0.0008482005214318633,531.0
265317,1632.652077265,599.0,1.2753602266311646,1.0614821910858154,0.5976696014404297,-0.0008862240938469768,521.0
265337,1632.672372283,599.0,1.2616229057312012,1.08266019821167,0.597653329372406,-0.00017874169861897826,522.0
265357,1632.691619805,599.0,1.2042678594589233,1.0817129611968994,0.5979025959968567,0.0024764996487647295,523.0
265377,1632.711965655,599.0,1.2061164379119873,1.1122596263885498,0.5979506969451904,0.001822778140194714,522.0
265397,1632.731829234,597.0,1.2379473447799683,1.1008766889572144,0.5977567434310913,-0.00048634244012646377,522.0
265417,1632.751371201,597.0,1.265621304512024,1.0972728729248047,0.5977440476417542,-0.0004466470272745937,525.0
265437,1632.771437919,596.0,1.277458906173706,1.1046537160873413,0.5973919630050659,-9.64367063716054e-05,532.0
265457,1632.790786298,596.0,1.2625950574874878,1.097939372062683,0.5973955988883972,0.0003040281590074301,522.0
265477,1632.811026408,598.0,1.2596303224563599,1.1006444692611694,0.5974488854408264,0.0008566849865019321,521.0
265497,1632.83143357,598.0,1.2810029983520508,1.1318048238754272,0.5974763631820679,0.0018093617400154471,524.0
265517,1632.85143537,595.0,1.2996848821640015,1.1482996940612793,0.5969733595848083,0.00014629971701651812,524.0
265537,1632.87186957,595.0,1.2863528728485107,1.1654846668243408,0.5969697833061218,-0.00040455491398461163,529.0
265557,1632.89138215,599.0,1.282627820968628,1.181054949760437,0.5969547033309937,-0.001106600509956479,525.0
265577,1632.91109659,599.0,1.2765603065490723,1.1801152229309082,0.5972346663475037,-0.002202521311119199,525.0
265597,1632.931568379,599.0,1.3036885261535645,1.1709951162338257,0.5971809029579163,-0.0027780672535300255,531.0
265617,1632.95038141,598.0,1.3101948499679565,1.1920762062072754,0.5972161293029785,-0.0017106642480939627,522.0
265637,1632.970685018,598.0,1.3263700008392334,1.2198963165283203,0.5971910953521729,-0.0006642094231210649,525.0
265657,1632.990875394,597.0,1.3630322217941284,1.3184818029403687,0.5971031188964844,-0.0011742846108973026,542.0
265677,1633.011137495,597.0,1.394659399986267,1.2969633340835571,0.5970721244812012,-0.0017321378691121936,545.0
265697,1633.031706499,598.0,1.405792236328125,1.2888685464859009,0.5971750617027283,-0.0009308872395195067,518.0
265717,1633.051391138,598.0,1.4324573278427124,1.316528081893921,0.5971613526344299,-0.0008408635039813817,538.0
265737,1633.071648881,602.0,1.4528493881225586,1.34078848361969,0.5979822874069214,-0.0008698703022673726,530.0
265757,1633.092482467,602.0,1.4862382411956787,1.3298996686935425,0.5979417562484741,-0.0030260891653597355,527.0
265777,1633.111621409,597.0,1.4890059232711792,1.2627537250518799,0.5976364612579346,-0.0021907025948166847,519.0
265797,1633.132462788,597.0,1.5115036964416504,1.2755688428878784,0.5976331830024719,0.0016973018646240234,514.0
265817,1633.151275415,598.0,1.5393027067184448,1.3412363529205322,0.5976529121398926,0.002796742832288146,511.0
265837,1633.171870665,598.0,1.543043851852417,1.3531861305236816,0.5976922512054443,0.0012076235143467784,514.0
265857,1633.191382287,598.0,1.5515120029449463,1.3759806156158447,0.597697913646698,-0.0006260796799324453,525.0
265877,1633.212549452,598.0,1.5523979663848877,1.351528286933899,0.5976338386535645,-0.0017331534763798118,513.0
265897,1633.231625196,598.0,1.56886625289917,1.335057020187378,0.5976112484931946,-0.0004092632734682411,515.0
265917,1633.25185741,599.0,1.55984365940094,1.3531134128570557,0.5977829098701477,0.0006269898149184883,510.0
265937,1633.27214202,599.0,1.501299262046814,1.335239052772522,0.5977857112884521,-0.0001939752110047266,516.0
265957,1633.291084542,598.0,1.503135085105896,1.3631049394607544,0.5977737903594971,-0.00025439102319069207,520.0
265977,1633.311820902,598.0,1.5084987878799438,1.3922450542449951,0.597748339176178,-0.002461412688717246,511.0
265997,1633.331340903,601.0,1.4860994815826416,1.3377881050109863,0.5982515215873718,-0.001819617347791791,517.0
266017,1633.350868487,601.0,1.4940969944000244,1.3654476404190063,0.5982343554496765,-5.277206946630031e-05,514.0
266037,1633.371876141,597.0,1.4752084016799927,1.3704241514205933,0.5979629755020142,0.0006583658396266401,514.0
266057,1633.391743934,597.0,1.4733436107635498,1.380015254020691,0.597991943359375,0.002090724650770426,513.0
266077,1633.411034146,599.0,1.5027474164962769,1.4497950077056885,0.5981175899505615,0.0016660799738019705,514.0
266097,1633.430313505,599.0,1.5175817012786865,1.4573314189910889,0.5981268286705017,-0.0009939084993675351,514.0
266117,1633.451096275,595.0,1.5137560367584229,1.4368999004364014,0.5974290370941162,-0.003533106530085206,511.0
266137,1633.470395774,595.0,1.5274513959884644,1.4443362951278687,0.5973613262176514,-0.0032913628965616226,516.0
266157,1633.490723735,595.0,1.5398335456848145,1.4236286878585815,0.5973008275032043,-0.00229503121227026,525.0
266177,1633.510994684,597.0,1.5329771041870117,1.4351541996002197,0.5971264839172363,-0.00018225649546366185,510.0
266197,1633.530567074,597.0,1.5478066205978394,1.479299783706665,0.5971328616142273,0.0006274216575548053,511.0
266217,1633.551993003,598.0,1.5843242406845093,1.4949041604995728,0.5971963405609131,-0.0009164537768810987,518.0
266237,1633.571495738,598.0,1.6385029554367065,1.5132923126220703,0.5971470475196838,-0.003948506433516741,515.0
266257,1633.591890068,597.0,1.6474435329437256,1.472274661064148,0.5969696640968323,-0.005006998311728239,515.0
266277,1633.611106571,597.0,1.6255381107330322,1.454018473625183,0.5968806743621826,-0.0036415252834558487,513.0
266297,1633.631446986,597.0,1.623742699623108,1.441224217414856,0.5967983603477478,-0.0012558867456391454,511.0
266317,1633.651736848,597.0,1.6210113763809204,1.467320203781128,0.5967814922332764,-0.0007327099447138608,510.0
266337,1633.671544065,601.0,1.6409974098205566,1.4865959882736206,0.5974727869033813,-0.0010920927161350846,512.0
266357,1633.691824635,601.0,1.6792839765548706,1.489101529121399,0.5974209308624268,-0.0038935053162276745,510.0
266377,1633.711293529,596.0,1.6914355754852295,1.4979106187820435,0.5969844460487366,-0.004610475152730942,511.0
266397,1633.732088728,596.0,1.663068413734436,1.50315260887146,0.5968962907791138,-0.004179253242909908,514.0
266417,1633.75135339,600.0,1.6380847692489624,1.483340859413147,0.5973013043403625,-0.0031779706478118896,509.0
266437,1633.770061916,600.0,1.639766812324524,1.4761394262313843,0.5972204208374023,-0.0051018972881138325,511.0
266457,1633.79181576,600.0,1.5612272024154663,1.4272291660308838,0.5971081256866455,-0.005640874616801739,514.0
266477,1633.811735097,596.0,1.5428310632705688,1.4121004343032837,0.5967102646827698,-0.003607037477195263,509.0
266497,1633.831569433,596.0,1.58700692653656,1.5041779279708862,0.5966533422470093,-0.002587921917438507,509.0
266517,1633.852580695,596.0,1.5819642543792725,1.5008926391601562,0.5964057445526123,-0.003947013523429632,515.0
266537,1633.871399863,596.0,1.582045316696167,1.4698736667633057,0.5963311195373535,-0.003889590036123991,515.0
266557,1633.891557075,599.0,1.5943663120269775,1.4934359788894653,0.5966920256614685,-0.0038299488369375467,512.0
266577,1633.911870477,599.0,1.609649658203125,1.4459787607192993,0.596606969833374,-0.004619933199137449,509.0
266597,1633.930920726,597.0,1.6657142639160156,1.4362590312957764,0.5965375304222107,-0.003937779925763607,509.0
266617,1633.951509905,597.0,1.6740659475326538,1.4595896005630493,0.5964768528938293,-0.0021774391643702984,516.0
266637,1633.971754773,599.0,1.6717759370803833,1.447160005569458,0.5968528985977173,-9.491169475950301e-05,512.0
266657,1633.99108158,599.0,1.6472375392913818,1.4449509382247925,0.5968409180641174,-0.0013261230196803808,513.0
266677,1634.012125173,598.0,1.639214038848877,1.4341449737548828,0.5969105362892151,-0.004074954893440008,512.0
266697,1634.030922882,598.0,1.6412631273269653,1.4110239744186401,0.5968285202980042,-0.003326260717585683,519.0
266717,1634.052116102,596.0,1.6573612689971924,1.4397286176681519,0.5965489149093628,-0.0009676701738499105,519.0
266737,1634.071059092,596.0,1.6313055753707886,1.4815977811813354,0.5965312719345093,-0.0009574373252689838,518.0
266757,1634.091264307,596.0,1.5982521772384644,1.489888310432434,0.5965003967285156,-0.002377138240262866,536.0
266777,1634.111801296,601.0,1.5970220565795898,1.498880386352539,0.5971811413764954,-0.0034161044750362635,540.0
266797,1634.130687652,601.0,1.5882700681686401,1.4744586944580078,0.5970920920372009,-0.005152815952897072,530.0
266817,1634.151453672,598.0,1.583207368850708,1.4484953880310059,0.5971229076385498,-0.0033208986278623343,521.0
266837,1634.171625343,598.0,1.5611428022384644,1.4656659364700317,0.5970873236656189,-0.00014122523134574294,533.0
266857,1634.190905671,596.0,1.568061351776123,1.4932007789611816,0.5968212485313416,-0.000938600511290133,529.0
266877,1634.211569489,596.0,1.5342497825622559,1.4697421789169312,0.5967857837677002,-0.0022813614923506975,528.0
266897,1634.23087756,600.0,1.5286188125610352,1.4659548997879028,0.5972771048545837,-0.0021871740464121103,529.0
266917,1634.252550365,600.0,1.5157784223556519,1.474194884300232,0.5972126126289368,-0.004213930107653141,530.0
266937,1634.271565274,596.0,1.4995732307434082,1.4527294635772705,0.5968558192253113,-0.004481515847146511,535.0
266957,1634.290441523,596.0,1.5365864038467407,1.50692880153656,0.5967827439308167,-0.0029879454523324966,528.0
266977,1634.310680475,600.0,1.5473307371139526,1.530721664428711,0.5972357392311096,-0.0016285196179524064,534.0
266997,1634.331143941,600.0,1.5225963592529297,1.5141050815582275,0.5972016453742981,-0.0016631216276437044,533.0
267017,1634.352409313,596.0,1.510720133781433,1.5111877918243408,0.5971726775169373,-0.0012018122943118215,533.0
267037,1634.370615487,596.0,1.4982861280441284,1.4876010417938232,0.5968318581581116,-0.0009139265166595578,527.0
267057,1634.391451649,596.0,1.5153166055679321,1.4630229473114014,0.5968253016471863,0.00013055313320364803,531.0
267077,1634.410591225,595.0,1.5606868267059326,1.4977531433105469,0.5963855981826782,-0.0009225781541317701,530.0
267097,1634.430976352,595.0,1.567521095275879,1.500719428062439,0.5963467955589294,-0.0029422782827168703,529.0
267117,1634.450870194,596.0,1.5339711904525757,1.481594443321228,0.5961560010910034,-0.003958322573453188,531.0
267137,1634.471505954,596.0,1.5175626277923584,1.4894397258758545,0.5960783958435059,-0.0036185758654028177,534.0
267157,1634.491570514,596.0,1.5426098108291626,1.498137354850769,0.5959390997886658,-0.003771795192733407,537.0
267177,1634.510716489,596.0,1.5653679370880127,1.5181833505630493,0.5958679914474487,-0.0034789664205163717,523.0
267197,1634.530679296,594.0,1.5893012285232544,1.5553663969039917,0.5953858494758606,-0.005154768005013466,533.0
267217,1634.552080084,594.0,1.5684568881988525,1.5558838844299316,0.5952710509300232,-0.006235359236598015,548.0
267237,1634.571380493,598.0,1.5378323793411255,1.538489580154419,0.5955767035484314,-0.0057563805021345615,537.0
267257,1634.589986954,598.0,1.5124987363815308,1.5282949209213257,0.595469057559967,-0.004718606360256672,530.0
267277,1634.610560184,597.0,1.525813102722168,1.5510692596435547,0.5955841541290283,-0.0034672070760279894,532.0
267297,1634.630066524,597.0,1.5602012872695923,1.5716981887817383,0.5955140590667725,-0.0033976933918893337,531.0
267317,1634.65042893,597.0,1.573557734489441,1.5643330812454224,0.5954492688179016,-0.003050980856642127,538.0
267337,1634.669940604,597.0,1.581191062927246,1.5739173889160156,0.5955831408500671,-0.002322753891348839,525.0
267357,1634.691634794,597.0,1.599161982536316,1.5757603645324707,0.5955219268798828,-0.004009657073765993,528.0
267377,1634.710643221,599.0,1.621212124824524,1.5374271869659424,0.5959819555282593,-0.0037241862155497074,526.0
267397,1634.731560238,599.0,1.6077322959899902,1.528056025505066,0.595912516117096,-0.002965037478134036,531.0
267417,1634.753148021,599.0,1.5978426933288574,1.537151575088501,0.5964053273200989,0.0007048128172755241,532.0
267437,1634.770797049,599.0,1.6124966144561768,1.5785679817199707,0.5964313745498657,0.001692268531769514,531.0
267457,1634.789510722,598.0,1.6266504526138306,1.5952067375183105,0.5966709852218628,-2.8503143767011352e-05,526.0
267477,1634.809550377,598.0,1.6189638376235962,1.5738822221755981,0.596642017364502,-0.0026272309478372335,527.0
267497,1634.829875325,596.0,1.6199042797088623,1.57186758518219,0.5963875651359558,-0.005023921374231577,522.0
267517,1634.852101698,596.0,1.6218211650848389,1.582202434539795,0.5962975025177002,-0.003459871979430318,537.0
267537,1634.870663826,599.0,1.6132465600967407,1.6273813247680664,0.5966551899909973,-0.0005563584854826331,531.0
267557,1634.889453251,599.0,1.6140447854995728,1.6332844495773315,0.5966475605964661,-0.0004984937258996069,529.0
267577,1634.909351397,599.0,1.6352413892745972,1.6290017366409302,0.5966072082519531,-0.0036702302750200033,531.0
267597,1634.929905665,599.0,1.644873023033142,1.6155576705932617,0.5968665480613708,-0.0038688245695084333,521.0
267617,1634.950533618,599.0,1.6268590688705444,1.6177845001220703,0.5968199968338013,-0.0004993230104446411,540.0
267637,1634.970602311,595.0,1.6131787300109863,1.6487531661987305,0.5963684916496277,-0.00027437906828708947,538.0
267657,1634.990827047,595.0,1.603149652481079,1.6478837728500366,0.5963321924209595,-0.003845804836601019,534.0
267677,1635.010750031,599.0,1.6293511390686035,1.5973702669143677,0.5966654419898987,-0.006278551649302244,535.0
267697,1635.030709882,599.0,1.6550582647323608,1.5777498483657837,0.5965461730957031,-0.005268778186291456,534.0
267717,1635.050745716,597.0,1.636093020439148,1.5858091115951538,0.5964949131011963,-0.0020670900121331215,542.0
267737,1635.070353466,597.0,1.6200153827667236,1.577911376953125,0.5964667797088623,-0.001092843129299581,524.0
267757,1635.090440851,600.0,1.6338287591934204,1.5920073986053467,0.5970253944396973,-0.0014240207383409142,539.0
267777,1635.109983631,600.0,1.666958212852478,1.5698193311691284,0.5969712138175964,-0.003815751988440752,541.0
267797,1635.130355915,597.0,1.6998586654663086,1.5545198917388916,0.5968348383903503,-0.0037975390441715717,536.0
267817,1635.150699641,597.0,1.7204633951187134,1.5655224323272705,0.5967867374420166,-0.0007939631468616426,521.0
267837,1635.170301952,599.0,1.71381676197052,1.6155741214752197,0.597091019153595,0.001664190785959363,514.0
267857,1635.190387692,599.0,1.6938644647598267,1.6614187955856323,0.5971071720123291,-0.000399542972445488,510.0
267877,1635.209771008,599.0,1.7164887189865112,1.657430648803711,0.5970640182495117,-0.003783338936045766,515.0
267897,1635.230376739,599.0,1.7297700643539429,1.6574376821517944,0.5972185134887695,-0.005057121627032757,509.0
267917,1635.249829192,599.0,1.709730625152588,1.6423752307891846,0.5971308946609497,-0.0032969769090414047,510.0
267937,1635.270492445,596.0,1.6733472347259521,1.6699553728103638,0.5967720746994019,-0.00016097300976980478,513.0
267957,1635.290439234,596.0,1.6462266445159912,1.6793339252471924,0.5967714786529541,-0.0004103394749108702,521.0
267977,1635.310033233,597.0,1.6333125829696655,1.6616910696029663,0.5967040657997131,-0.003446855116635561,511.0
267997,1635.33033207,597.0,1.6533070802688599,1.67167067527771,0.596615195274353,-0.004697214812040329,513.0
268017,1635.350566053,597.0,1.6895478963851929,1.669624924659729,0.5965470671653748,-0.002342168241739273,515.0
268037,1635.369988159,597.0,1.7158814668655396,1.6869834661483765,0.5965192317962646,-0.0007721974398009479,516.0
268057,1635.390408475,595.0,1.7465574741363525,1.6635299921035767,0.5961289405822754,-0.0031272685155272484,509.0
268077,1635.410631211,595.0,1.7446796894073486,1.6350229978561401,0.5960509777069092,-0.0044628349132835865,512.0
268097,1635.430529107,598.0,1.705649733543396,1.615030288696289,0.5962321162223816,-0.0031789119821041822,510.0
268117,1635.450985917,598.0,1.7003940343856812,1.595511555671692,0.5961876511573792,-0.001373696024529636,510.0
268137,1635.470518293,594.0,1.7283786535263062,1.6095621585845947,0.596156656742096,-0.0017023266991600394,510.0
268157,1635.490495346,594.0,1.717970609664917,1.5913773775100708,0.5955862402915955,-0.002865393180400133,510.0
268177,1635.510720846,594.0,1.7264633178710938,1.614910364151001,0.5955303907394409,-0.0028126342222094536,517.0
268197,1635.530131762,600.0,1.719897747039795,1.6236366033554077,0.5962086915969849,-0.001336313784122467,514.0
268217,1635.550683127,600.0,1.7028989791870117,1.6147950887680054,0.5961828231811523,-0.0013475409941747785,510.0
268237,1635.570310065,596.0,1.7195262908935547,1.6234946250915527,0.5959991216659546,-0.0026293452829122543,518.0
268257,1635.590469525,596.0,1.7591060400009155,1.605392575263977,0.5959228873252869,-0.004853217396885157,509.0
268277,1635.610531528,596.0,1.7522186040878296,1.5732076168060303,0.5957586765289307,-0.006023757625371218,510.0
268297,1635.630099555,596.0,1.7130587100982666,1.5377057790756226,0.5956569314002991,-0.003938964102417231,514.0
268317,1635.650477938,598.0,1.694342017173767,1.5458364486694336,0.5959610939025879,-0.002863918896764517,509.0
268337,1635.669807888,598.0,1.7073113918304443,1.543583869934082,0.5959020853042603,-0.0029700796585530043,513.0
268357,1635.689650938,592.0,1.7323018312454224,1.5728317499160767,0.5950453281402588,-0.00536324642598629,514.0
268377,1635.710031678,592.0,1.7495453357696533,1.5455646514892578,0.5949220657348633,-0.007008226588368416,515.0
268397,1635.730330239,598.0,1.7410800457000732,1.4722697734832764,0.5952738523483276,-0.00577792152762413,509.0
268417,1635.750604379,598.0,1.7298277616500854,1.503808617591858,0.5951746106147766,-0.004393185954540968,509.0
268437,1635.769494324,597.0,1.7217040061950684,1.5305485725402832,0.5950899720191956,-0.004013907629996538,519.0
268457,1635.789643866,597.0,1.7553714513778687,1.5298023223876953,0.5952599048614502,-0.004052000120282173,512.0
268477,1635.810685433,597.0,1.7559043169021606,1.5467426776885986,0.595162570476532,-0.005884586367756128,515.0
268497,1635.830052266,599.0,1.7344812154769897,1.49358069896698,0.5956549048423767,-0.004727112129330635,513.0
268517,1635.850391788,599.0,1.7217804193496704,1.4913756847381592,0.5955734252929688,-0.0032650374341756105,510.0
268537,1635.870658198,598.0,1.689932107925415,1.4798736572265625,0.5958825349807739,-0.00026970237377099693,509.0
268557,1635.890132055,598.0,1.7227108478546143,1.5075479745864868,0.5958875417709351,0.0005784243112429976,515.0
268577,1635.910361663,600.0,1.7526248693466187,1.5607144832611084,0.596590518951416,-0.00012857939873356372,509.0
268597,1635.930354581,600.0,1.7489005327224731,1.5458904504776,0.5965678691864014,-0.001968293683603406,509.0
268617,1635.950864014,597.0,1.7388185262680054,1.5864911079406738,0.596540629863739,-0.0014270757092162967,509.0
268637,1635.96998233,597.0,1.7097258567810059,1.6080999374389648,0.5965127944946289,-0.0014824556419625878,514.0
268657,1635.990094661,599.0,1.6967970132827759,1.5990898609161377,0.5968752503395081,-0.0004041119245812297,514.0
268677,1636.009731989,599.0,1.6946568489074707,1.6084545850753784,0.5968631505966187,-0.0008728604880161583,522.0
268697,1636.029453467,594.0,1.661272406578064,1.5704567432403564,0.5961980819702148,-0.003062163945287466,513.0
268717,1636.049792854,594.0,1.641608715057373,1.5359067916870117,0.5961307287216187,-0.003557509044185281,512.0
268737,1636.069411218,594.0,1.6304876804351807,1.5452306270599365,0.5960683822631836,-0.00204067537561059,517.0
268757,1636.090091395,600.0,1.6749190092086792,1.5886844396591187,0.596714437007904,0.0026829203125089407,529.0
268777,1636.110628809,600.0,1.7017031908035278,1.6384072303771973,0.5967601537704468,0.0012094435514882207,510.0
268797,1636.129373267,596.0,1.7416571378707886,1.5907912254333496,0.5964788198471069,-0.003713076701387763,525.0
268817,1636.149364747,596.0,1.750685453414917,1.5430145263671875,0.5963801145553589,-0.005250259768217802,537.0
268837,1636.16957961,600.0,1.734885811805725,1.5121277570724487,0.5969487428665161,0.0010297816479578614,533.0
268857,1636.188832918,600.0,1.7494276762008667,1.582449197769165,0.5970098972320557,0.004380060359835625,537.0
268877,1636.209764941,591.0,1.7528407573699951,1.5813909769058228,0.5958545207977295,-0.0010140169179067016,525.0
268897,1636.229538546,591.0,1.760051965713501,1.5740089416503906,0.5957884788513184,-0.0054733180440962315,522.0
268917,1636.249936162,597.0,1.7553921937942505,1.560770869255066,0.5958097577095032,-0.007912936620414257,526.0
268937,1636.270526842,597.0,1.7136799097061157,1.489253282546997,0.5956544280052185,-0.006842305883765221,523.0
268957,1636.288832403,597.0,1.7081871032714844,1.5020368099212646,0.5957508683204651,-0.0024029656779021025,522.0
268977,1636.309348322,597.0,1.7593176364898682,1.540471076965332,0.5957193970680237,-0.0010839583119377494,523.0
268997,1636.330403418,595.0,1.804298996925354,1.546578288078308,0.5956782698631287,-0.003326625330373645,523.0
269017,1636.349974158,595.0,1.7797296047210693,1.5352247953414917,0.5953329801559448,-0.006318507716059685,525.0
269037,1636.370394908,595.0,1.7546249628067017,1.5184617042541504,0.5952082872390747,-0.005529908929020166,532.0
269057,1636.38912854,597.0,1.7475786209106445,1.5255541801452637,0.5953502655029297,-0.0029618951957672834,526.0
269077,1636.409867167,597.0,1.7740603685379028,1.5486690998077393,0.5952945351600647,-0.002767278579995036,521.0
269097,1636.429322285,596.0,1.7966777086257935,1.533431887626648,0.595246434211731,-0.0038927127607166767,532.0
269117,1636.449931453,596.0,1.7597026824951172,1.5141472816467285,0.5951647162437439,-0.004045615438371897,523.0
269137,1636.469131592,598.0,1.73030424118042,1.510068416595459,0.5955671668052673,-0.00235580513253808,522.0
269157,1636.4896353,598.0,1.7269214391708374,1.5324441194534302,0.59552401304245,-0.002104922430589795,523.0
269177,1636.510032767,599.0,1.7758711576461792,1.5433943271636963,0.596066951751709,-0.0009703050018288195,523.0
269197,1636.529874708,599.0,1.805129051208496,1.5532779693603516,0.596034049987793,-0.002461978467181325,523.0
269217,1636.549280042,599.0,1.7623451948165894,1.5442036390304565,0.5964632034301758,-0.0012867751065641642,528.0
269237,1636.569751212,599.0,1.721394658088684,1.537673830986023,0.5964653491973877,0.0017253686673939228,528.0
269257,1636.589059707,595.0,1.7185883522033691,1.5877840518951416,0.5961683988571167,0.0020787050016224384,524.0
269277,1636.608257467,595.0,1.7483924627304077,1.5842492580413818,0.5961930751800537,0.00016256106027867645,522.0
269297,1636.627892281,598.0,1.7592617273330688,1.5754175186157227,0.596159040927887,-0.003562639933079481,542.0
269317,1636.648554074,598.0,1.7358506917953491,1.5226866006851196,0.5963079333305359,-0.004288929980248213,533.0
269337,1636.667193872,598.0,1.6992605924606323,1.496174931526184,0.5962398052215576,-0.0024923612363636494,531.0
269357,1636.687153812,593.0,1.6965975761413574,1.5171236991882324,0.5954762101173401,-0.0021379939280450344,527.0
269377,1636.707799041,593.0,1.7214499711990356,1.5675077438354492,0.59543377161026,-0.0025136678013950586,524.0
269397,1636.727008967,599.0,1.7101155519485474,1.6004035472869873,0.5959303975105286,-0.003143680514767766,527.0
269417,1636.74741804,599.0,1.6720980405807495,1.558214783668518,0.5958505868911743,-0.004521639086306095,521.0
269437,1636.769683503,598.0,1.6508731842041016,1.5339279174804688,0.596117377281189,-0.003130868310108781,522.0
269457,1636.789051818,598.0,1.6493077278137207,1.5335012674331665,0.5960503220558167,-0.0035475450567901134,522.0
269477,1636.808750962,600.0,1.644720196723938,1.4934611320495605,0.5966669321060181,-0.0016537376213818789,522.0
269497,1636.828355651,600.0,1.6523830890655518,1.5162912607192993,0.5966557264328003,0.0006368383765220642,522.0
269517,1636.848028105,595.0,1.6657319068908691,1.5786423683166504,0.5962911248207092,-0.00032326977816410363,522.0
269537,1636.867365686,595.0,1.6634341478347778,1.5563161373138428,0.5962690711021423,-0.0019597038626670837,522.0
269557,1636.88716144,597.0,1.6568864583969116,1.5423181056976318,0.5962578058242798,-0.002911469666287303,524.0
269577,1636.908670831,597.0,1.6643633842468262,1.5282371044158936,0.5961936116218567,-0.0033374661579728127,523.0
269597,1636.929124642,597.0,1.6437098979949951,1.509818196296692,0.5961307287216187,-0.0025345643516629934,527.0
269617,1636.949023647,599.0,1.668463110923767,1.5200393199920654,0.5965403914451599,-0.0003946949727833271,522.0
269637,1636.968780626,599.0,1.6843518018722534,1.5384187698364258,0.5965349078178406,-0.00022865079517941922,522.0
269657,1636.988889223,599.0,1.7075517177581787,1.5585445165634155,0.5968864560127258,-0.00019613394397310913,523.0
269677,1637.009999908,599.0,1.6974221467971802,1.560672640800476,0.5968599915504456,-0.0023155591916292906,521.0
269697,1637.028784502,599.0,1.6845823526382446,1.5021085739135742,0.597095787525177,-0.00258334307000041,528.0
269717,1637.049094045,599.0,1.6987245082855225,1.4816714525222778,0.5970516800880432,-0.001663613598793745,528.0
269737,1637.068721072,599.0,1.72007155418396,1.4783700704574585,0.5973289012908936,-0.0005517914541997015,527.0
269757,1637.088725858,599.0,1.6966291666030884,1.484854817390442,0.5973191857337952,-0.00042682437924668193,524.0
269777,1637.108618899,599.0,1.6704630851745605,1.4807525873184204,0.5975652933120728,0.0008321166387759149,522.0
269797,1637.128780442,599.0,1.6991114616394043,1.5110678672790527,0.5975908041000366,0.0015293568139895797,541.0
269817,1637.148798859,593.0,1.7438584566116333,1.554477334022522,0.5966749787330627,-0.002459077863022685,539.0
269837,1637.168947447,593.0,1.736269474029541,1.52642822265625,0.5966066122055054,-0.0040672048926353455,534.0
269857,1637.188764624,596.0,1.7184600830078125,1.4794807434082031,0.5963193774223328,-0.004281490575522184,511.0
269877,1637.208957666,596.0,1.737687587738037,1.48524010181427,0.5962411761283875,-0.0035371261183172464,511.0
269897,1637.229268391,596.0,1.7296046018600464,1.4905160665512085,0.5961689949035645,-0.0037082727067172527,520.0
269917,1637.249486,599.0,1.7287203073501587,1.4549665451049805,0.5965368151664734,-0.0020291919354349375,511.0
269937,1637.268955072,599.0,1.7430145740509033,1.4902502298355103,0.5964910984039307,-0.002580094151198864,512.0
269957,1637.289482653,599.0,1.7379240989685059,1.4915962219238281,0.5967966318130493,-0.002861242974177003,512.0
269977,1637.308307867,599.0,1.7343581914901733,1.4713122844696045,0.5967326164245605,-0.0033022789284586906,516.0
269997,1637.328563426,600.0,1.7382571697235107,1.4715299606323242,0.597186803817749,-0.0007256601238623261,522.0
270017,1637.348749152,600.0,1.7382020950317383,1.4874218702316284,0.5971884727478027,0.0007767956121824682,517.0
270037,1637.368270354,598.0,1.7342995405197144,1.4843487739562988,0.5972890257835388,0.00110460608266294,510.0
270057,1637.388047465,598.0,1.7437894344329834,1.4894022941589355,0.5972959399223328,-0.0005723483045585454,516.0
270077,1637.408250688,598.0,1.7416081428527832,1.4662210941314697,0.5973332524299622,-0.0016643240815028548,523.0
270097,1637.428561484,598.0,1.7547134160995483,1.4339255094528198,0.5973019599914551,-0.0013425979996100068,518.0
270117,1637.448751176,597.0,1.7676599025726318,1.4426040649414062,0.5971621870994568,-0.0009196146274916828,509.0
270137,1637.468322002,597.0,1.7937155961990356,1.4809173345565796,0.5971353650093079,-0.0016596217174082994,509.0
270157,1637.488562475,596.0,1.787706971168518,1.4728728532791138,0.5971068739891052,-0.0007007225649431348,518.0
270177,1637.5085489,596.0,1.7950800657272339,1.489612102508545,0.5967864990234375,0.0010022874921560287,515.0
270197,1637.528779882,596.0,1.8037347793579102,1.5232831239700317,0.5967795252799988,-0.0020663540344685316,526.0
270217,1637.548680559,596.0,1.8029100894927979,1.483421802520752,0.5964564085006714,-0.0033931557554751635,515.0
270237,1637.568594827,596.0,1.8166983127593994,1.5553144216537476,0.5964000821113586,-0.002369341906160116,509.0
270257,1637.589116172,597.0,1.830177903175354,1.5457345247268677,0.5963457822799683,-0.0026227738708257675,510.0
270277,1637.608288477,597.0,1.8292371034622192,1.541853427886963,0.5962887406349182,-0.002928489353507757,520.0
270297,1637.628894672,597.0,1.8244768381118774,1.5874323844909668,0.5962532162666321,-0.0022918032482266426,515.0
270317,1637.649572055,597.0,1.8127191066741943,1.6009085178375244,0.596201479434967,-0.0027410765178501606,511.0
270337,1637.668859021,601.0,1.8066157102584839,1.5960694551467896,0.5969970226287842,0.0004480605130083859,511.0
270357,1637.68899957,601.0,1.826732873916626,1.638763666152954,0.5969971418380737,-0.0007414161809720099,510.0
270377,1637.708360273,601.0,1.8395462036132812,1.6118183135986328,0.5976241827011108,-0.0022098722402006388,520.0
270397,1637.728782556,601.0,1.8246328830718994,1.588325023651123,0.5975591540336609,-0.0037262679543346167,518.0
270417,1637.749595915,598.0,1.8005694150924683,1.600432276725769,0.5975052118301392,-0.0024790307506918907,511.0
270437,1637.769074047,598.0,1.779205322265625,1.5967957973480225,0.5974572896957397,-0.0024145767092704773,510.0
270457,1637.789527317,599.0,1.7977962493896484,1.6119873523712158,0.5974045395851135,-0.002921341685578227,517.0
270477,1637.808814372,599.0,1.8316913843154907,1.606894850730896,0.5975292921066284,-0.002853401703760028,513.0
270497,1637.829087779,599.0,1.8820401430130005,1.585525393486023,0.5974637269973755,-0.003657464636489749,520.0
270517,1637.849720908,600.0,1.847619652748108,1.5496279001235962,0.5977647304534912,-0.0013427265221253037,510.0
270537,1637.869881337,600.0,1.8297942876815796,1.596444845199585,0.5977564454078674,0.0002158659481210634,511.0
270557,1637.889080443,599.0,1.8216826915740967,1.6148724555969238,0.5978587865829468,-0.0014350907877087593,510.0
270577,1637.908643937,599.0,1.8330403566360474,1.5855494737625122,0.5978145599365234,-0.0027937174309045076,514.0
270597,1637.92964822,596.0,1.8536553382873535,1.615720510482788,0.597324013710022,-0.004379454534500837,511.0
270617,1637.94882309,596.0,1.837263584136963,1.578548789024353,0.5972403883934021,-0.003554783295840025,510.0
270637,1637.968097568,597.0,1.8306663036346436,1.5559643507003784,0.5970919728279114,-0.0023850793950259686,510.0
270657,1637.987547773,597.0,1.830979585647583,1.6019463539123535,0.5970616340637207,-0.0012257739435881376,513.0
270677,1638.007944162,597.0,1.8435275554656982,1.5929875373840332,0.5969290137290955,-0.003901807125657797,512.0
270697,1638.028361511,597.0,1.852752685546875,1.5620064735412598,0.5968468189239502,-0.004150204826146364,518.0
270717,1638.04804172,596.0,1.8520140647888184,1.5953404903411865,0.5965361595153809,-0.005656324792653322,512.0
270737,1638.068565126,596.0,1.8104702234268188,1.5395212173461914,0.5964245200157166,-0.005385156255215406,515.0
270757,1638.087791892,600.0,1.7938427925109863,1.5081740617752075,0.5963223576545715,-0.0048427945002913475,515.0
270777,1638.107941902,600.0,1.8255212306976318,1.5420840978622437,0.5968221426010132,-0.0033505212049931288,520.0
270797,1638.128268809,600.0,1.8700326681137085,1.5376137495040894,0.5967751145362854,-0.0010962801752611995,520.0
270817,1638.148421748,599.0,1.858453631401062,1.590036153793335,0.5970779657363892,0.0019996019545942545,530.0
270837,1638.168524708,599.0,1.8292003870010376,1.6282265186309814,0.5971145629882812,0.0011663342593237758,569.0
270857,1638.188782032,598.0,1.8417025804519653,1.622844934463501,0.5971449017524719,-0.002425601240247488,566.0
270877,1638.208808647,598.0,1.8488104343414307,1.604551911354065,0.5970712304115295,-0.004478190094232559,572.0
270897,1638.228784673,594.0,1.8562357425689697,1.6086905002593994,0.5963512659072876,-0.004199241288006306,561.0
270917,1638.247621498,594.0,1.8531676530838013,1.6541602611541748,0.5962952375411987,-0.0012157351011410356,558.0
270937,1638.26784665,599.0,1.8735440969467163,1.6873928308486938,0.5967013239860535,0.0006339995306916535,553.0
270957,1638.287625065,599.0,1.8560504913330078,1.6983332633972168,0.5966763496398926,-0.0032495344057679176,554.0
270977,1638.307423628,598.0,1.83211088180542,1.624709963798523,0.5967525243759155,-0.00639396533370018,554.0
270997,1638.328831677,598.0,1.8335906267166138,1.5794066190719604,0.5966255068778992,-0.0055929445661604404,555.0
271017,1638.34898864,598.0,1.8143237829208374,1.6111869812011719,0.5965505242347717,-0.0019349543144926429,559.0
271037,1638.368202786,598.0,1.788630723953247,1.6296107769012451,0.5967313647270203,0.0009503635228611529,566.0
271057,1638.388230273,598.0,1.8312009572982788,1.6982513666152954,0.5967481732368469,0.0002543269656598568,562.0
271077,1638.408247694,595.0,1.840692162513733,1.7235965728759766,0.5962575674057007,-0.004067746456712484,557.0
271097,1638.428591248,595.0,1.8316967487335205,1.6703969240188599,0.5961618423461914,-0.005180580075830221,553.0
271117,1638.448290422,601.0,1.8704943656921387,1.6921271085739136,0.5968515872955322,-0.003535860450938344,559.0
271137,1638.467557722,601.0,1.8772748708724976,1.6917799711227417,0.5967845320701599,-0.0029132114723324776,557.0
271157,1638.488572896,597.0,1.881482481956482,1.7011867761611938,0.5966612696647644,-0.0015089584048837423,563.0
271177,1638.508466919,597.0,1.8913506269454956,1.7484558820724487,0.5966171622276306,-0.00346931884996593,553.0
271197,1638.527764151,598.0,1.9029221534729004,1.7361594438552856,0.5966916084289551,-0.00714430958032608,558.0
271217,1638.548059726,598.0,1.9286839962005615,1.7110687494277954,0.5965325236320496,-0.008128591813147068,554.0
271237,1638.56853675,596.0,1.928701400756836,1.7233284711837769,0.5962286591529846,-0.005839402787387371,554.0
271257,1638.58755943,596.0,1.8952529430389404,1.749657392501831,0.5961446762084961,-0.002566794166341424,555.0
271277,1638.608505609,597.0,1.8694982528686523,1.7956440448760986,0.5961730480194092,-0.002090638969093561,558.0
271297,1638.628432258,597.0,1.872080683708191,1.8135713338851929,0.5961003303527832,-0.005332165397703648,558.0
271317,1638.647554944,601.0,1.8696305751800537,1.8085377216339111,0.5959637761116028,-0.007955441251397133,562.0
271337,1638.668812034,601.0,1.8953490257263184,1.770739197731018,0.5966542363166809,-0.005111119244247675,559.0
271357,1638.687830326,601.0,1.8728872537612915,1.7887141704559326,0.5965833067893982,-0.001781828817911446,573.0
271377,1638.708759376,596.0,1.8566092252731323,1.820902943611145,0.5963426232337952,0.0011015095515176654,557.0
271397,1638.72816673,596.0,1.881172776222229,1.8661057949066162,0.5963631868362427,0.0005366545519791543,560.0
271417,1638.748459757,597.0,1.8883484601974487,1.8661441802978516,0.5963267683982849,-0.0022481433115899563,553.0
271437,1638.769568586,597.0,1.892327904701233,1.8508381843566895,0.5962551832199097,-0.004609547555446625,553.0
271457,1638.788890453,596.0,1.9185891151428223,1.850951910018921,0.5959771275520325,-0.005783610045909882,553.0
271477,1638.808340642,596.0,1.9288655519485474,1.8054425716400146,0.5958629250526428,-0.005402817856520414,553.0
271497,1638.828272858,601.0,1.9140304327011108,1.7921171188354492,0.596636176109314,-0.0035157802049070597,553.0
271517,1638.848812357,601.0,1.893034815788269,1.7526086568832397,0.5965632200241089,-0.0035058199428021908,553.0
271537,1638.870236414,595.0,1.917016863822937,1.746612548828125,0.5961340665817261,-0.0030503752641379833,557.0
271557,1638.888129966,595.0,1.94808828830719,1.7762118577957153,0.5960925221443176,-0.001324712997302413,562.0
271577,1638.907409577,599.0,1.9641505479812622,1.8162360191345215,0.5964913964271545,-0.0016287332400679588,554.0
271597,1638.927313854,599.0,1.9454982280731201,1.8136954307556152,0.5964497327804565,-0.0023671796079725027,558.0
271617,1638.947940631,599.0,1.9521549940109253,1.791375756263733,0.5963926315307617,-0.0034369193017482758,561.0
271637,1638.967865988,599.0,1.9877375364303589,1.770001769065857,0.5966820120811462,-0.002863079309463501,562.0
271657,1638.986489176,599.0,1.9967252016067505,1.7584609985351562,0.5966351628303528,-0.0018608851823955774,552.0
271677,1639.007744289,601.0,1.9753303527832031,1.7703285217285156,0.5972950458526611,0.0007868733373470604,553.0
271697,1639.027568536,601.0,1.964756965637207,1.7958991527557373,0.5973102450370789,0.000504672119859606,559.0
271717,1639.047114235,599.0,1.963411569595337,1.8017487525939941,0.5974756479263306,-0.0014589116908609867,558.0
271737,1639.069506349,599.0,1.9800198078155518,1.7614080905914307,0.5974137187004089,-0.004539061803370714,560.0
271757,1639.087508582,598.0,2.0132052898406982,1.7172410488128662,0.5972939729690552,-0.005004423670470715,558.0
271777,1639.107826293,598.0,2.002880096435547,1.7305662631988525,0.5972265601158142,-0.0013256547972559929,556.0
271797,1639.128093652,595.0,1.9666017293930054,1.7927500009536743,0.5967254042625427,0.0015557665610685945,555.0
271817,1639.147939605,595.0,1.9313942193984985,1.8398773670196533,0.5967470407485962,-0.0003897244459949434,555.0
271837,1639.168804345,597.0,1.908767580986023,1.7670071125030518,0.5966509580612183,-0.0053783380426466465,572.0
271857,1639.187544323,597.0,1.940001368522644,1.7325042486190796,0.5965288281440735,-0.006280079483985901,572.0
271877,1639.208526688,598.0,1.9826507568359375,1.7402255535125732,0.5966184735298157,-0.00273174443282187,567.0
271897,1639.22799054,598.0,2.0076794624328613,1.7947999238967896,0.5966145396232605,0.0023026675917208195,527.0
271917,1639.248392987,598.0,2.0273170471191406,1.8739912509918213,0.596681535243988,0.0037389539647847414,514.0
271937,1639.269063348,603.0,2.0290465354919434,1.8864772319793701,0.5977723002433777,0.0019054075237363577,514.0
271957,1639.287716097,603.0,2.0252552032470703,1.8311759233474731,0.5977368950843811,-0.005214259494096041,511.0
271977,1639.307741313,599.0,2.0260610580444336,1.7402817010879517,0.5977072715759277,-0.007171174045652151,510.0
271997,1639.327935103,599.0,2.036452293395996,1.7399446964263916,0.5976030826568604,-0.0026502131950110197,511.0
272017,1639.347738102,598.0,2.0782508850097656,1.791143774986267,0.5975479483604431,0.003448999486863613,512.0
272037,1639.367703533,598.0,2.138044595718384,1.862774133682251,0.5976247191429138,0.003108214121311903,513.0
272057,1639.386699991,597.0,2.1063172817230225,1.8823323249816895,0.5973987579345703,-0.002401408739387989,511.0
272077,1639.407972828,597.0,2.0618882179260254,1.835904598236084,0.5973262190818787,-0.004371611401438713,511.0
272097,1639.426927556,599.0,2.0492725372314453,1.8326530456542969,0.597456693649292,-0.0036997937131673098,518.0
272117,1639.447795411,599.0,2.0698461532592773,1.8115769624710083,0.5973820090293884,-0.0038514817133545876,517.0
272137,1639.467805919,598.0,2.0776498317718506,1.8025609254837036,0.5973268747329712,-0.003505675122141838,516.0
272157,1639.486848938,598.0,2.074418067932129,1.7993218898773193,0.5972781181335449,-0.0009121563634835184,512.0
272177,1639.507308588,600.0,2.067061185836792,1.8370389938354492,0.5972815155982971,0.0006712267058901489,515.0
272197,1639.527428619,600.0,2.061021566390991,1.8753600120544434,0.5976694822311401,-0.001536483527161181,511.0
272217,1639.547566015,600.0,2.0625967979431152,1.8311249017715454,0.5975990295410156,-0.0053142374381423,515.0
272237,1639.566792927,600.0,2.0797908306121826,1.784934163093567,0.5977973937988281,-0.005703533999621868,512.0
272257,1639.587754321,600.0,2.0768067836761475,1.7753816843032837,0.5976886749267578,-0.004645242355763912,510.0
272277,1639.607111375,600.0,2.0557191371917725,1.7424654960632324,0.597918689250946,-0.0014757071621716022,517.0
272297,1639.627863824,600.0,2.052870750427246,1.7620007991790771,0.5979036688804626,-0.0003556105075404048,513.0
272317,1639.646863447,597.0,2.0898380279541016,1.777005910873413,0.5975620746612549,-0.003607174614444375,516.0
272337,1639.666997076,597.0,2.120997190475464,1.7516603469848633,0.5974611043930054,-0.006198451854288578,511.0
272357,1639.686831741,596.0,2.1103744506835938,1.7523877620697021,0.5969758629798889,-0.00669814832508564,514.0
272377,1639.707193474,596.0,2.0810511112213135,1.7439775466918945,0.5968661904335022,-0.004346729721873999,517.0
272397,1639.728106943,599.0,2.0583596229553223,1.7419298887252808,0.5970927476882935,-0.003118458203971386,515.0
272417,1639.747380163,599.0,2.0687813758850098,1.762265682220459,0.5970097780227661,-0.005415474530309439,514.0
272437,1639.767062327,600.0,2.087472438812256,1.7619194984436035,0.5973417162895203,-0.006497369147837162,512.0
272457,1639.786588307,600.0,2.093559980392456,1.7517164945602417,0.5972175002098083,-0.005489362869411707,512.0
272477,1639.807390296,600.0,2.0801351070404053,1.7618279457092285,0.5971295833587646,-0.003265566658228636,519.0
272497,1639.82808869,598.0,2.0692474842071533,1.778741717338562,0.5971333384513855,-0.0022232558112591505,509.0
272517,1639.847567145,598.0,2.086866617202759,1.81448233127594,0.5970785021781921,-0.0035450987052172422,516.0
272537,1639.86757877,598.0,2.1002368927001953,1.7834830284118652,0.5970175862312317,-0.0054406216368079185,509.0
272557,1639.887626315,598.0,2.0931777954101562,1.7850112915039062,0.5969049334526062,-0.005398629233241081,509.0
272577,1639.906653833,598.0,2.0738258361816406,1.7841999530792236,0.5968761444091797,-0.004273565486073494,509.0
272597,1639.926830989,598.0,2.07197904586792,1.778442144393921,0.596786379814148,-0.004852309823036194,511.0
272617,1639.94727408,602.0,2.1039135456085205,1.7646199464797974,0.5975138545036316,-0.003602456534281373,511.0
272637,1639.9679698,602.0,2.1283206939697266,1.755192518234253,0.5974593758583069,-0.0017991095082834363,509.0
272657,1639.987635772,597.0,2.162893056869507,1.787648320198059,0.5972364544868469,-0.0015187605749815702,509.0
272677,1640.006726004,597.0,2.131976842880249,1.7882753610610962,0.5972033143043518,-0.0019295423990115523,509.0
272697,1640.027601694,598.0,2.1106200218200684,1.7803348302841187,0.5972044467926025,-0.002362453145906329,509.0
272717,1640.047523082,598.0,2.1186904907226562,1.7926201820373535,0.5971437692642212,-0.003879715921357274,509.0
272737,1640.067907634,596.0,2.1427958011627197,1.7813959121704102,0.5967512130737305,-0.005679488182067871,509.0
272757,1640.086604268,596.0,2.17846417427063,1.7917934656143188,0.5966358780860901,-0.005601120181381702,512.0
272777,1640.10690916,596.0,2.164539337158203,1.7888500690460205,0.5965482592582703,-0.0031864792108535767,527.0
272797,1640.12691835,597.0,2.1599671840667725,1.8182811737060547,0.5964252948760986,-0.0027616810984909534,515.0
272817,1640.146741298,597.0,2.17220139503479,1.8272526264190674,0.5963582992553711,-0.004341280087828636,516.0
272837,1640.167415353,598.0,2.206366777420044,1.8385488986968994,0.5964020490646362,-0.0067443884909152985,519.0
272857,1640.186229191,598.0,2.204115152359009,1.810842752456665,0.5962597131729126,-0.007324103266000748,531.0
272877,1640.207397167,596.0,2.1948585510253906,1.8058524131774902,0.5959323048591614,-0.006346993148326874,519.0
272897,1640.22738029,596.0,2.1927435398101807,1.827829122543335,0.5958279967308044,-0.004248819779604673,536.0
272917,1640.246332907,597.0,2.2085695266723633,1.8503875732421875,0.5958542823791504,-0.0046665361151099205,522.0
272937,1640.266611844,597.0,2.224019765853882,1.8400319814682007,0.5957379937171936,-0.006806995254009962,529.0
272957,1640.286589082,600.0,2.2357401847839355,1.8039542436599731,0.5962802767753601,-0.006875228602439165,529.0
272977,1640.307394667,600.0,2.2244210243225098,1.786590814590454,0.5961435437202454,-0.006287946831434965,526.0
272997,1640.326413439,596.0,2.23178768157959,1.7895480394363403,0.5959180593490601,-0.00412246398627758,526.0
273017,1640.347562288,596.0,2.235386848449707,1.8306299448013306,0.5958473086357117,-0.0032269100192934275,525.0
273037,1640.367281458,600.0,2.2389063835144043,1.8349746465682983,0.5957630276679993,-0.005578131414949894,528.0
273057,1640.387144666,600.0,2.240157127380371,1.8019107580184937,0.5963016152381897,-0.006442411802709103,522.0
273077,1640.406473713,600.0,2.2542662620544434,1.7674862146377563,0.5961742401123047,-0.006095250137150288,532.0
273097,1640.427259967,597.0,2.25028395652771,1.756760835647583,0.5960764288902283,-0.004049254115670919,525.0
273117,1640.446621439,597.0,2.2639427185058594,1.7749183177947998,0.5960248708724976,-0.001454301062040031,527.0
273137,1640.466768049,595.0,2.272735595703125,1.8240286111831665,0.5956350564956665,-0.0034451524261385202,524.0
273157,1640.486982566,595.0,2.273850917816162,1.7871990203857422,0.595540463924408,-0.0059232693165540695,528.0
273177,1640.506391759,601.0,2.277935743331909,1.7796313762664795,0.5962783098220825,-0.004634808748960495,526.0
273197,1640.526597349,601.0,2.288205146789551,1.8194016218185425,0.5961984992027283,-0.003470933996140957,527.0
273217,1640.546554556,598.0,2.264662742614746,1.8438427448272705,0.5963552594184875,-0.0029271095991134644,524.0
273237,1640.567077714,598.0,2.260894775390625,1.8566632270812988,0.5962755084037781,-0.005366444122046232,522.0
273257,1640.586968194,597.0,2.26780366897583,1.8525559902191162,0.5961725115776062,-0.007912932895123959,522.0
273277,1640.607620317,597.0,2.2670528888702393,1.7937504053115845,0.5960129499435425,-0.0075337509624660015,523.0
273297,1640.626634412,598.0,2.2686688899993896,1.7893732786178589,0.5961673855781555,-0.002713877474889159,535.0
273317,1640.647236196,598.0,2.2479612827301025,1.8382012844085693,0.5961347222328186,-0.000981552409939468,528.0
273337,1640.666382661,598.0,2.237039089202881,1.8471646308898926,0.5961079001426697,-0.0021833532955497503,534.0
273357,1640.686490493,595.0,2.233104705810547,1.8608938455581665,0.5956926345825195,-0.006448372267186642,535.0
273377,1640.706586071,595.0,2.234131097793579,1.8500967025756836,0.595548689365387,-0.007649173028767109,524.0
273397,1640.726138729,600.0,2.2446436882019043,1.8190573453903198,0.5961110591888428,-0.003783315420150757,527.0
273417,1640.746588369,600.0,2.253005027770996,1.8489246368408203,0.5960717797279358,-0.00028626868152059615,522.0
273437,1640.767584215,595.0,2.2539193630218506,1.9199107885360718,0.5957168340682983,0.0007431898266077042,522.0
273457,1640.786491141,595.0,2.2317256927490234,1.9672367572784424,0.5957220792770386,-0.0009650902356952429,526.0
273477,1640.806255575,597.0,2.2181968688964844,1.9777454137802124,0.5957169532775879,-0.006801261566579342,522.0
273497,1640.826116616,597.0,2.223254919052124,1.9421463012695312,0.5955311059951782,-0.011171366088092327,523.0
273517,1640.846874143,595.0,2.213536500930786,1.9293596744537354,0.5951375365257263,-0.008838534355163574,522.0
273537,1640.86641759,595.0,2.196533203125,1.9754638671875,0.5950192213058472,-0.0032766491640359163,522.0
273557,1640.885869895,602.0,2.1846084594726562,2.0186767578125,0.5961422920227051,0.0007984056719578803,527.0
273577,1640.905967221,602.0,2.207873582839966,2.0027952194213867,0.5961260199546814,-0.0025518503971397877,526.0
273597,1640.92682371,602.0,2.2271952629089355,1.9964786767959595,0.5969954133033752,-0.0037255443166941404,522.0
273617,1640.946390627,602.0,2.2047197818756104,1.960960865020752,0.5969233512878418,-0.002851638710126281,525.0
273637,1640.966580205,602.0,2.2004127502441406,1.9856065511703491,0.5969040393829346,0.0009089880040846765,527.0
273657,1640.986224116,596.0,2.2292211055755615,2.0175223350524902,0.5965894460678101,0.0017088288441300392,525.0
273677,1641.006975796,596.0,2.246659278869629,2.0481579303741455,0.5966036319732666,-0.0007403353811241686,521.0
273697,1641.026435198,601.0,2.2588260173797607,2.038285255432129,0.597210705280304,-0.002670378889888525,533.0
273717,1641.046954222,601.0,2.2801296710968018,2.037074327468872,0.5971361398696899,-0.004369363654404879,522.0
273737,1641.066351101,594.0,2.2950801849365234,2.01566743850708,0.5962944626808167,-0.005243772175163031,526.0
273757,1641.086449524,594.0,2.2734298706054688,2.010854482650757,0.5962106585502625,-0.0033842548727989197,527.0
273777,1641.106562448,598.0,2.247546434402466,2.020571708679199,0.5963059663772583,-0.0033422571141272783,530.0
273797,1641.126893851,598.0,2.2377851009368896,2.0174190998077393,0.5962322950363159,-0.004018870182335377,524.0
273817,1641.145644584,601.0,2.26350998878479,2.035236120223999,0.5969064235687256,-0.003931066952645779,530.0
273837,1641.166107897,601.0,2.2447359561920166,2.0239765644073486,0.5968108773231506,-0.005357483867555857,529.0
273857,1641.185901898,600.0,2.2257635593414307,2.0060949325561523,0.5971826910972595,-0.003463031956925988,524.0
273877,1641.205792513,600.0,2.2392454147338867,2.026787281036377,0.5971291065216064,-0.002064072759822011,525.0
273897,1641.226152409,599.0,2.2292680740356445,2.0372893810272217,0.5973090529441833,-0.0010883279610425234,546.0
273917,1641.24631583,599.0,2.2237138748168945,2.038864850997925,0.5972814559936523,-0.0016194437630474567,539.0
273937,1641.266541964,599.0,2.2293388843536377,2.0393357276916504,0.5972360968589783,-0.0030590659007430077,515.0
273957,1641.286396089,594.0,2.219099998474121,2.0436160564422607,0.5963678359985352,-0.00593006843701005,521.0
273977,1641.305995065,594.0,2.2177107334136963,2.016037702560425,0.5962414741516113,-0.00669238343834877,515.0
273997,1641.326354021,597.0,2.257288932800293,1.977994441986084,0.5960873961448669,-0.00692273722961545,534.0
274017,1641.345903776,597.0,2.26200532913208,1.9901716709136963,0.5959576964378357,-0.005717102903872728,518.0
274037,1641.365333559,597.0,2.2071781158447266,1.964805006980896,0.5958996415138245,-0.003450471442192793,514.0
274057,1641.385544459,597.0,2.2109265327453613,1.9650508165359497,0.595836341381073,-0.003221365623176098,512.0
274077,1641.406088776,598.0,2.2425339221954346,1.9444987773895264,0.5959914326667786,-0.0047643911093473434,511.0
274097,1641.42641617,598.0,2.257214069366455,1.9561587572097778,0.595888078212738,-0.00528727425262332,515.0
274117,1641.446394989,600.0,2.238642930984497,1.951255202293396,0.5964456796646118,-0.0026701553724706173,519.0
274137,1641.466316277,600.0,2.2553555965423584,1.9295529127120972,0.5963960886001587,-0.002670332556590438,512.0
274157,1641.485711261,600.0,2.2886757850646973,1.9352701902389526,0.5968701243400574,-0.0028434942942112684,520.0
274177,1641.505928004,600.0,2.302356719970703,1.917348861694336,0.5968125462532043,-0.003033549292013049,516.0
274197,1641.526579424,598.0,2.2753050327301025,1.8969756364822388,0.5967584252357483,-0.002062311163172126,524.0
274217,1641.545485307,598.0,2.2666962146759033,1.89569091796875,0.5968307256698608,-0.0011166625190526247,515.0
274237,1641.566384052,598.0,2.2596025466918945,1.9075716733932495,0.5968052744865417,-0.0013754433020949364,515.0
274257,1641.585814923,595.0,2.2754452228546143,1.903812050819397,0.596256673336029,-0.0032265593763440847,517.0
274277,1641.606601246,595.0,2.3124125003814697,1.9127694368362427,0.5961753129959106,-0.004757492803037167,511.0
274297,1641.625321626,594.0,2.3342795372009277,1.9447906017303467,0.5954963564872742,-0.006591892335563898,511.0
274317,1641.646059132,594.0,2.3304662704467773,1.9375089406967163,0.5953734517097473,-0.005310466978698969,519.0
274337,1641.665469462,600.0,2.298733711242676,1.9492684602737427,0.5959762334823608,-0.0028202335815876722,526.0
274357,1641.686616824,600.0,2.2993156909942627,1.9519145488739014,0.595913290977478,-0.0036017228849232197,515.0
274377,1641.705930391,596.0,2.323533058166504,1.9547759294509888,0.595720112323761,-0.005403460469096899,512.0
274397,1641.726285412,596.0,2.3335940837860107,1.9402832984924316,0.5956175327301025,-0.004352013114839792,515.0
274417,1641.746799032,600.0,2.3085076808929443,1.9724040031433105,0.596241295337677,-0.0004119538643863052,510.0
274437,1641.76562691,600.0,2.302872657775879,2.0108158588409424,0.5962335467338562,-0.0008780702482908964,512.0
274457,1641.786145141,595.0,2.30780029296875,2.0356242656707764,0.5958279371261597,-0.0052618891932070255,510.0
274477,1641.806428478,595.0,2.3227410316467285,2.009901285171509,0.595693051815033,-0.008067846298217773,512.0
274497,1641.825369872,595.0,2.319882869720459,1.9774256944656372,0.5955176949501038,-0.009173491038382053,519.0
274517,1641.845856272,600.0,2.2955567836761475,1.9261035919189453,0.5960682034492493,-0.00461324118077755,510.0
274537,1641.866053833,600.0,2.262061595916748,1.9506827592849731,0.5960095524787903,-0.001305599114857614,514.0
274557,1641.88527818,594.0,2.27805495262146,1.9820091724395752,0.5954322814941406,-0.0028308944310992956,514.0
274577,1641.90503771,594.0,2.2981581687927246,1.977982521057129,0.5953420996665955,-0.005908964667469263,513.0
274597,1641.925991532,601.0,2.3125152587890625,1.9350385665893555,0.5961203575134277,-0.003935030195862055,510.0
274617,1641.946027489,601.0,2.333561420440674,1.9402503967285156,0.5960420966148376,-0.0039278361946344376,511.0
274637,1641.966060741,594.0,2.327195167541504,1.9236876964569092,0.5954342484474182,-0.003047245554625988,517.0
274657,1641.985549334,594.0,2.3256680965423584,1.9780912399291992,0.5953922867774963,-0.001565210404805839,510.0
274677,1642.005876911,598.0,2.3405959606170654,2.0048248767852783,0.5956999063491821,-0.0028499446343630552,509.0
274697,1642.025615021,598.0,2.339046001434326,1.9776941537857056,0.595608115196228,-0.006153232418000698,509.0
274717,1642.045513805,596.0,2.3478755950927734,1.967315673828125,0.5954257249832153,-0.007688899990171194,512.0
274737,1642.065034265,596.0,2.411142349243164,1.9773082733154297,0.5952821373939514,-0.006878667511045933,510.0
274757,1642.085522222,595.0,2.417637586593628,2.0253610610961914,0.5949838757514954,-0.00508014764636755,511.0
274777,1642.105238334,595.0,2.391341209411621,2.0241663455963135,0.5948960781097412,-0.0038336780853569508,514.0
274797,1642.125766134,595.0,2.3733980655670166,2.0428786277770996,0.594810962677002,-0.005170317366719246,522.0
274817,1642.145522531,596.0,2.355440378189087,2.0158321857452393,0.5947517156600952,-0.008065026253461838,511.0
274837,1642.164717334,596.0,2.3482377529144287,1.9895955324172974,0.5945746302604675,-0.00952652096748352,512.0
274857,1642.1855529,594.0,2.3540210723876953,1.9556909799575806,0.5941030979156494,-0.0104491226375103,518.0
274877,1642.205875296,594.0,2.344355821609497,1.939873456954956,0.5939087271690369,-0.008872213773429394,516.0
274897,1642.225979031,597.0,2.3775265216827393,1.970854640007019,0.5941691994667053,-0.006087791174650192,512.0
274917,1642.246247094,597.0,2.399059772491455,1.9980487823486328,0.5940476655960083,-0.006287803407758474,527.0
274937,1642.264668599,595.0,2.413905620574951,1.9736782312393188,0.5939220786094666,-0.006801160052418709,519.0
274957,1642.285755211,595.0,2.396580934524536,1.9609087705612183,0.5937719941139221,-0.008305576629936695,534.0
274977,1642.305881254,600.0,2.3858585357666016,1.9245712757110596,0.5946542024612427,-0.00665596779435873,753.0
274997,1642.325044977,600.0,2.3950319290161133,1.9253515005111694,0.5945320129394531,-0.005415020510554314,757.0
275017,1642.34511204,596.0,2.4166855812072754,1.958725929260254,0.5945813059806824,-0.003947424702346325,757.0
275037,1642.365741956,596.0,2.454845905303955,1.9629921913146973,0.5945030450820923,-0.004066877532750368,749.0
275057,1642.385785541,598.0,2.4618663787841797,1.9475785493850708,0.5943997502326965,-0.006485274527221918,749.0
275077,1642.405722503,598.0,2.438251495361328,1.9247885942459106,0.5947868227958679,-0.006866826675832272,752.0
275097,1642.426043736,598.0,2.4260330200195312,1.9478904008865356,0.5946707129478455,-0.004279279615730047,756.0
275117,1642.44487226,597.0,2.436549663543701,2.022444486618042,0.5949145555496216,-0.0004194648936390877,750.0
275137,1642.465883546,597.0,2.467625379562378,2.060560703277588,0.59489506483078,-0.002332126721739769,751.0
275157,1642.485935389,597.0,2.481415271759033,2.0268659591674805,0.5949866771697998,-0.009280749596655369,756.0
275177,1642.505728949,597.0,2.454496145248413,1.9124414920806885,0.5947722792625427,-0.010712234303355217,752.0
275197,1642.526045458,593.0,2.419121503829956,1.9202226400375366,0.594120442867279,-0.005478861276060343,753.0
275217,1642.544898095,593.0,2.4097177982330322,1.9921046495437622,0.594071090221405,0.00013837256119586527,755.0
275237,1642.565819401,598.0,2.376957654953003,2.066020965576172,0.5946418046951294,0.003052156651392579,748.0
275257,1642.586182034,598.0,2.374011516571045,2.1350338459014893,0.5946658253669739,-0.001383937313221395,749.0
275277,1642.605605708,600.0,2.3693387508392334,2.105098009109497,0.5954275131225586,-0.0068218884989619255,750.0
275297,1642.626146285,600.0,2.3774948120117188,2.0446689128875732,0.5952614545822144,-0.008954218588769436,753.0
275317,1642.645359142,599.0,2.381176471710205,2.0376718044281006,0.5956874489784241,-0.003618035465478897,750.0
275337,1642.666174221,599.0,2.365645170211792,2.0867843627929688,0.5956794619560242,0.0027076301630586386,751.0
275357,1642.685921,598.0,2.370410680770874,2.187119960784912,0.5957515239715576,0.0032921680249273777,751.0
275377,1642.704938009,598.0,2.3862826824188232,2.1895995140075684,0.5960220098495483,-0.002918514423072338,761.0
275397,1642.725352188,598.0,2.4084079265594482,2.090747594833374,0.5958991050720215,-0.008769150823354721,756.0
275417,1642.744829585,598.0,2.4235150814056396,2.036644697189331,0.595967710018158,-0.0069648572243750095,749.0
275437,1642.765780428,598.0,2.377399444580078,2.018475294113159,0.5958789587020874,-0.0017564664594829082,748.0
275457,1642.786541996,598.0,2.3388895988464355,2.069868564605713,0.5961135625839233,0.0035962366964668036,752.0
275477,1642.805610786,598.0,2.3571345806121826,2.1417555809020996,0.5961818099021912,0.002274386817589402,748.0
275497,1642.825960711,596.0,2.4019758701324463,2.177208662033081,0.595941424369812,-0.003524170722812414,748.0
275517,1642.845104815,596.0,2.433643341064453,2.123039722442627,0.5958245396614075,-0.007641919888556004,758.0
275537,1642.865795155,600.0,2.4363932609558105,2.077223777770996,0.5962802171707153,-0.004403779283165932,748.0
275557,1642.886848443,600.0,2.4099807739257812,2.0985488891601562,0.5962342023849487,-0.000389574037399143,754.0
275577,1642.904592129,598.0,2.3756072521209717,2.127474308013916,0.5964179039001465,0.0013536968035623431,755.0
275597,1642.924738245,598.0,2.3809046745300293,2.14400577545166,0.5964319109916687,-0.0002780888171400875,752.0
275617,1642.944503814,599.0,2.4120562076568604,2.1474289894104004,0.596720278263092,-0.002421540906652808,757.0
275637,1642.96398805,599.0,2.4138143062591553,2.1258254051208496,0.5966504812240601,-0.004327720031142235,749.0
275657,1642.985090179,599.0,2.3990566730499268,2.086186170578003,0.5965635776519775,-0.0039674341678619385,516.0
275677,1643.005144583,599.0,2.3893516063690186,2.0786492824554443,0.5968083143234253,-0.0018207685789093375,519.0
275697,1643.025512178,599.0,2.389235019683838,2.078477144241333,0.5967884659767151,-0.0002428246516501531,510.0
275717,1643.04532279,600.0,2.383061647415161,2.098602294921875,0.5972036123275757,0.00025458293384872377,515.0
275737,1643.064885344,600.0,2.3713016510009766,2.0721359252929688,0.5971883535385132,-0.001957962289452553,509.0
275757,1643.085875832,595.0,2.4016034603118896,2.0390632152557373,0.5965294241905212,-0.00496372114866972,510.0
275777,1643.104638845,595.0,2.432905673980713,2.025139093399048,0.5964440107345581,-0.003300558775663376,509.0
275797,1643.124983766,603.0,2.4462313652038574,2.067843437194824,0.5974581837654114,0.0028644693084061146,513.0
275817,1643.145396213,603.0,2.441206216812134,2.116570234298706,0.5975256562232971,0.0034340524580329657,510.0
275837,1643.165640686,599.0,2.452531576156616,2.109618902206421,0.5976346731185913,9.204546813634806e-08,511.0
275857,1643.186573466,599.0,2.4762022495269775,2.0636799335479736,0.5975950360298157,-0.003688581520691514,512.0
275877,1643.204861282,597.0,2.4721574783325195,2.023228406906128,0.5972602963447571,-0.004962760955095291,512.0
275897,1643.225292133,597.0,2.47043514251709,2.012003183364868,0.5971968770027161,-0.0008688130765222013,512.0
275917,1643.24534869,596.0,2.463453769683838,2.0542657375335693,0.5972159504890442,0.0022894074209034443,520.0
275937,1643.26512366,596.0,2.4560632705688477,2.073228359222412,0.5968493223190308,-0.001131135388277471,533.0
275957,1643.28620726,596.0,2.4444668292999268,2.026153564453125,0.5967736840248108,-0.006028593983501196,520.0
275977,1643.304856944,599.0,2.471494674682617,1.9748775959014893,0.5969024896621704,-0.007117250002920628,523.0
275997,1643.325229416,599.0,2.490959882736206,1.9349148273468018,0.5967808365821838,-0.00449561420828104,515.0
276017,1643.344081432,601.0,2.512021064758301,1.971610426902771,0.5973491668701172,0.00039136651321314275,521.0
276037,1643.364527048,601.0,2.5077192783355713,2.020559787750244,0.59736567735672,0.0007420145557262003,514.0
276057,1643.386783893,599.0,2.4704720973968506,1.9986152648925781,0.5974701642990112,-0.0015769677702337503,513.0
276077,1643.405459681,599.0,2.4707512855529785,1.9823871850967407,0.5973974466323853,-0.005795381497591734,515.0
276097,1643.42443397,596.0,2.449066400527954,1.9130516052246094,0.5968204140663147,-0.008476178161799908,510.0
276117,1643.444728679,596.0,2.4415500164031982,1.896573781967163,0.5966960787773132,-0.0035635109525173903,511.0
276137,1643.465204283,596.0,2.4645016193389893,1.95218026638031,0.5963951349258423,-0.00016754228272475302,512.0
276157,1643.48570408,596.0,2.4658777713775635,1.9900312423706055,0.5963923931121826,-0.0007343700272031128,513.0
276177,1643.504695994,592.0,2.456331491470337,2.0181331634521484,0.5953839421272278,-0.007296370342373848,511.0
276197,1643.52504892,592.0,2.4758787155151367,2.009370803833008,0.5951941609382629,-0.011367267929017544,513.0
276217,1643.545373973,596.0,2.4787309169769287,1.9620532989501953,0.5949621200561523,-0.01132779847830534,519.0
276237,1643.564357916,596.0,2.4538629055023193,1.9568232297897339,0.5948096513748169,-0.008242004550993443,512.0
276257,1643.586784504,596.0,2.472442150115967,1.9815515279769897,0.5946577787399292,-0.007000066805630922,515.0
276277,1643.60407824,597.0,2.470865249633789,2.004700183868408,0.5948072671890259,-0.0069053699262440205,513.0
276297,1643.624436758,597.0,2.478062152862549,1.990319848060608,0.59464430809021,-0.009176500141620636,510.0
276317,1643.644472565,598.0,2.477693796157837,1.9529943466186523,0.5949088335037231,-0.009904562495648861,513.0
276337,1643.663849637,598.0,2.5032050609588623,1.9111359119415283,0.5947075486183167,-0.009917672723531723,522.0
276357,1643.686225326,596.0,2.5216312408447266,1.9321398735046387,0.5945984721183777,-0.007654146291315556,510.0
276377,1643.705122075,596.0,2.5256967544555664,1.9766799211502075,0.5944716334342957,-0.005120390094816685,511.0
276397,1643.723973198,597.0,2.5306942462921143,2.015505790710449,0.5946580767631531,-0.004628561902791262,517.0
276417,1643.743850368,597.0,2.5293545722961426,2.000680923461914,0.5945366621017456,-0.00766360480338335,516.0
276437,1643.76390095,601.0,2.5283703804016113,1.9544821977615356,0.5954493880271912,-0.006860445253551006,514.0
276457,1643.783609586,601.0,2.5260043144226074,1.9372245073318481,0.5953294038772583,-0.004918213933706284,513.0
276477,1643.803867212,595.0,2.520080327987671,1.9651665687561035,0.5950490236282349,-0.0038654059171676636,512.0
276497,1643.823956681,595.0,2.5317516326904297,1.9895552396774292,0.5949830412864685,-0.002949412213638425,519.0
276517,1643.844189812,595.0,2.5413918495178223,2.020641803741455,0.5949101448059082,-0.004718083888292313,521.0
276537,1643.864705512,599.0,2.54107928276062,1.9910341501235962,0.5954004526138306,-0.00657332967966795,510.0
276557,1643.884844093,599.0,2.551953077316284,1.9201961755752563,0.5952402949333191,-0.009099629707634449,510.0
276577,1643.903975841,599.0,2.540254831314087,1.8716486692428589,0.5956254601478577,-0.006050252355635166,515.0
276597,1643.924437294,599.0,2.5261309146881104,1.9130619764328003,0.5955480933189392,-0.0017554268706589937,514.0
276617,1643.944757877,599.0,2.544844150543213,1.9941284656524658,0.5959840416908264,-0.0006628200644627213,509.0
276637,1643.966674663,599.0,2.5276105403900146,1.9676032066345215,0.595940113067627,-0.0037379690911620855,510.0
276657,1643.984650997,598.0,2.5230724811553955,1.9450349807739258,0.5960367321968079,-0.0064141289331018925,509.0
276677,1644.003845689,598.0,2.5103278160095215,1.9207308292388916,0.5959023833274841,-0.00648437300696969,511.0
276697,1644.024216559,598.0,2.4979751110076904,1.9077826738357544,0.5960161685943604,-0.0028660346288233995,513.0
276717,1644.044300251,598.0,2.507333755493164,1.9645490646362305,0.5959995985031128,0.0008074338547885418,509.0
276737,1644.064562553,597.0,2.528855800628662,2.0016515254974365,0.5960499048233032,0.001529824105091393,518.0
276757,1644.084442696,597.0,2.5295610427856445,2.015172004699707,0.5960577130317688,-0.001559202210046351,515.0
276777,1644.104373701,596.0,2.516810894012451,2.0135445594787598,0.5958205461502075,-0.00722334161400795,509.0
276797,1644.124637825,596.0,2.4896240234375,1.9763134717941284,0.5956580638885498,-0.007487630471587181,509.0
276817,1644.144854323,596.0,2.496243715286255,1.963598608970642,0.5955445170402527,-0.0035383887588977814,515.0
276837,1644.163628473,600.0,2.533992290496826,1.9870271682739258,0.5961942672729492,-0.0004927400732412934,509.0
276857,1644.183677753,600.0,2.5549144744873047,2.030280351638794,0.5961695313453674,-0.0020764325745403767,510.0
276877,1644.204629513,598.0,2.5419037342071533,2.0280039310455322,0.5962597131729126,-0.003478502854704857,512.0
276897,1644.223917418,598.0,2.519254446029663,2.0206472873687744,0.5962011814117432,-0.0016791359521448612,514.0
276917,1644.244370269,596.0,2.5149121284484863,2.0455358028411865,0.5959611535072327,0.00027559715090319514,518.0
276937,1644.264576419,596.0,2.5395829677581787,2.103687286376953,0.5959476232528687,-0.0022400636225938797,516.0
276957,1644.283908581,600.0,2.54935622215271,2.0830368995666504,0.5964235067367554,-0.004636675119400024,519.0
276977,1644.304135161,600.0,2.5456907749176025,2.0737178325653076,0.5963209867477417,-0.005170573480427265,520.0
276997,1644.325041991,600.0,2.552189588546753,2.0668323040008545,0.5967236757278442,-0.0021757313515990973,538.0
277017,1644.344402293,600.0,2.5791893005371094,2.107083320617676,0.5966991186141968,-0.00042885239236056805,534.0
277037,1644.363548532,594.0,2.5809743404388428,2.155809164047241,0.59602290391922,-0.0011653248220682144,534.0
277057,1644.383918793,594.0,2.5626683235168457,2.1783387660980225,0.5960081219673157,-0.00044010611600242555,527.0
277077,1644.403767527,599.0,2.56838059425354,2.241999387741089,0.5959949493408203,-0.0009694112231954932,529.0
277097,1644.423814888,599.0,2.5851008892059326,2.252901792526245,0.596366822719574,-0.0005692900158464909,523.0
277117,1644.443525144,599.0,2.5817012786865234,2.2725372314453125,0.5963340997695923,-0.0027938392013311386,533.0
277137,1644.463971651,601.0,2.554335117340088,2.2629101276397705,0.5969545841217041,-0.003845879342406988,523.0
277157,1644.483343334,601.0,2.5465638637542725,2.2538836002349854,0.5968749523162842,-0.0034622247330844402,531.0
277177,1644.503816746,598.0,2.5446856021881104,2.2909533977508545,0.5968270301818848,-0.0013317891862243414,523.0
277197,1644.524108147,598.0,2.5309925079345703,2.313751697540283,0.5968157649040222,6.323261004581582e-06,523.0
277217,1644.543831028,599.0,2.5548336505889893,2.3448173999786377,0.5969959497451782,-0.000773366482462734,532.0
277237,1644.563503239,599.0,2.594104528427124,2.385037899017334,0.5969464182853699,-0.0044917156919837,532.0
277257,1644.583297958,600.0,2.5766005516052246,2.3649117946624756,0.5971778631210327,-0.005870782770216465,527.0
277277,1644.604137474,600.0,2.5382251739501953,2.3384740352630615,0.5970887541770935,-0.002754329703748226,524.0
277297,1644.623066223,601.0,2.5386905670166016,2.4089813232421875,0.5976231694221497,0.002245744224637747,531.0
277317,1644.643718012,601.0,2.5609614849090576,2.466153383255005,0.597654402256012,0.0006443685269914567,523.0
277337,1644.663816002,602.0,2.6009902954101562,2.477293014526367,0.5982648134231567,0.0016243908321484923,522.0
277357,1644.683642745,602.0,2.6180336475372314,2.5113298892974854,0.5983015894889832,0.001735217752866447,523.0
277377,1644.703047506,602.0,2.595661163330078,2.5153088569641113,0.5983141660690308,-0.00047131560859270394,529.0
277397,1644.723942879,598.0,2.5960562229156494,2.5101637840270996,0.5980286002159119,-0.001483782078139484,525.0
277417,1644.743133395,598.0,2.618920087814331,2.5096237659454346,0.5980207324028015,0.0007804518099874258,523.0
277437,1644.763088576,598.0,2.6145641803741455,2.5470035076141357,0.5978313088417053,0.00048286799574270844,528.0
277457,1644.783155477,598.0,2.6099460124969482,2.572608470916748,0.5978277325630188,-0.000805700954515487,522.0
277477,1644.802820124,599.0,2.6295621395111084,2.5909535884857178,0.5977779626846313,-0.0011673388071358204,531.0
277497,1644.822465391,599.0,2.636906147003174,2.600510835647583,0.5977557897567749,-0.0013238247483968735,528.0
277517,1644.842629134,600.0,2.6205790042877197,2.591506242752075,0.5978886485099792,-0.0021102135069668293,530.0
277537,1644.8633314,600.0,2.5960168838500977,2.6023640632629395,0.5978325605392456,-0.0034069682005792856,530.0
277557,1644.883460435,594.0,2.594341516494751,2.5840511322021484,0.5968115329742432,-0.00505041191354394,522.0
277577,1644.903088508,594.0,2.5925204753875732,2.5899758338928223,0.5967317223548889,-0.0029709269292652607,527.0
277597,1644.923547559,598.0,2.6088974475860596,2.618154525756836,0.5967085361480713,-0.003003403777256608,522.0
277617,1644.943569266,598.0,2.6069393157958984,2.62208890914917,0.596630334854126,-0.004934844095259905,522.0
277637,1644.962809535,597.0,2.622182846069336,2.617863416671753,0.596394419670105,-0.006666179746389389,525.0
277657,1644.982999934,597.0,2.634716510772705,2.5980868339538574,0.5962448716163635,-0.00803529191762209,525.0
277677,1645.003528185,597.0,2.6481757164001465,2.5347867012023926,0.5960890054702759,-0.007483421824872494,528.0
277697,1645.023389982,597.0,2.661574363708496,2.536625862121582,0.5959038734436035,-0.00704386830329895,522.0
277717,1645.043654537,597.0,2.6463940143585205,2.522887706756592,0.595782995223999,-0.0048756226897239685,521.0
277737,1645.063233052,596.0,2.6460764408111572,2.5572640895843506,0.5955367684364319,-0.003513199742883444,527.0
277757,1645.083909515,596.0,2.670976161956787,2.5941596031188965,0.5954604744911194,-0.004741535987704992,522.0
277777,1645.102992796,597.0,2.7006218433380127,2.5742344856262207,0.5953618884086609,-0.009277124889194965,524.0
277797,1645.122974106,597.0,2.7023754119873047,2.519259452819824,0.5951494574546814,-0.011644436046481133,526.0
277817,1645.142810551,599.0,2.699918031692505,2.5059797763824463,0.5954146385192871,-0.009751693345606327,532.0
277837,1645.163867736,599.0,2.6924221515655518,2.509934425354004,0.5952332615852356,-0.007508602924644947,521.0
277857,1645.182969951,598.0,2.6952645778656006,2.5173494815826416,0.5953894853591919,-0.004353333730250597,527.0
277877,1645.202983392,598.0,2.705618381500244,2.556727647781372,0.5952964425086975,-0.0054918257519602776,528.0
277897,1645.222484664,596.0,2.740067958831787,2.548945903778076,0.5950983762741089,-0.008129725232720375,526.0
277917,1645.242642575,596.0,2.7537577152252197,2.5628602504730225,0.5949236750602722,-0.008983388543128967,526.0
277937,1645.263808084,601.0,2.7326083183288574,2.556438684463501,0.5947538614273071,-0.007959091104567051,529.0
277957,1645.282813476,601.0,2.706730365753174,2.5180211067199707,0.5955987572669983,-0.0034281995613127947,528.0
277977,1645.302721274,601.0,2.7190747261047363,2.5674712657928467,0.5955479741096497,-0.002181359101086855,530.0
277997,1645.323202107,600.0,2.7501492500305176,2.6061809062957764,0.5961126685142517,-0.0030340084340423346,545.0
278017,1645.343549102,600.0,2.734149694442749,2.5848004817962646,0.596035361289978,-0.004502442665398121,521.0
278037,1645.362989265,601.0,2.7446959018707275,2.5848405361175537,0.5966384410858154,-0.003242060076445341,523.0
278057,1645.38297173,601.0,2.754326820373535,2.580415964126587,0.596559464931488,-0.004810062702745199,521.0
278077,1645.402493897,598.0,2.731475830078125,2.547096014022827,0.5964757204055786,-0.005238275043666363,524.0
278097,1645.422478701,598.0,2.7401392459869385,2.5379867553710938,0.5963829159736633,-0.0038104611448943615,524.0
278117,1645.443322265,600.0,2.751718759536743,2.5356671810150146,0.5967549085617065,-0.0005117438267916441,523.0
278137,1645.463483629,600.0,2.712214469909668,2.5576295852661133,0.596768319606781,0.0017877629725262523,514.0
278157,1645.483437273,600.0,2.7133896350860596,2.595674991607666,0.5971428751945496,0.001916459295898676,513.0
278177,1645.503476399,600.0,2.7567951679229736,2.584810256958008,0.5971448421478271,-0.002046863781288266,510.0
278197,1645.523730742,598.0,2.790168523788452,2.5382676124572754,0.5970207452774048,-0.005139513872563839,517.0
278217,1645.54232535,598.0,2.782611131668091,2.5476016998291016,0.5969294309616089,-0.00352496188133955,518.0
278237,1645.563444699,598.0,2.751986265182495,2.5960891246795654,0.596885085105896,-0.0009528501541353762,520.0
278257,1645.58352213,601.0,2.7118349075317383,2.6186184883117676,0.5974528789520264,0.002931212307885289,522.0
278277,1645.602842365,601.0,2.684530258178711,2.6963412761688232,0.5975249409675598,0.003717344719916582,510.0
278297,1645.622810418,599.0,2.688108205795288,2.7110753059387207,0.5976173281669617,0.0004960605874657631,516.0
278317,1645.643069702,599.0,2.7003746032714844,2.676788091659546,0.5976006388664246,-0.0016931566642597318,514.0
278337,1645.663326425,594.0,2.717900276184082,2.675546646118164,0.5965930223464966,-0.005318632815033197,515.0
278357,1645.682451678,594.0,2.71427321434021,2.6744723320007324,0.5964810252189636,-0.005618341267108917,511.0
278377,1645.702609936,599.0,2.721304416656494,2.674548387527466,0.5966025590896606,-0.0033916993997991085,509.0
278397,1645.722961065,599.0,2.733086109161377,2.7066967487335205,0.5965513586997986,-0.0018350525060668588,510.0
278417,1645.742802286,598.0,2.7623000144958496,2.7461037635803223,0.5964991450309753,-0.004037594888359308,513.0
278437,1645.76279753,598.0,2.7998621463775635,2.7288291454315186,0.5963699817657471,-0.00854004081338644,516.0
278457,1645.782474161,597.0,2.7910454273223877,2.6593849658966064,0.5961131453514099,-0.008306048810482025,520.0
278477,1645.803458143,597.0,2.7649941444396973,2.641669750213623,0.5959871411323547,-0.004084746818989515,516.0
278497,1645.823621188,597.0,2.782789468765259,2.6933834552764893,0.5958932042121887,-0.0024130612146109343,515.0
278517,1645.842570354,597.0,2.7932958602905273,2.706076145172119,0.5958424806594849,-0.002772601554170251,513.0
278537,1645.862819022,597.0,2.803762912750244,2.705587148666382,0.5957707166671753,-0.004723867867141962,518.0
278557,1645.883092611,595.0,2.8215408325195312,2.6563925743103027,0.5952600836753845,-0.008030055090785027,509.0
278577,1645.903397364,595.0,2.8126449584960938,2.6123409271240234,0.5950899124145508,-0.008598295971751213,509.0
278597,1645.922337619,598.0,2.812039613723755,2.613694667816162,0.5952441692352295,-0.006706575397402048,509.0
278617,1645.943563888,598.0,2.8070995807647705,2.624786376953125,0.5951386094093323,-0.003900212002918124,509.0
278637,1645.962365369,604.0,2.7928640842437744,2.647019147872925,0.5964846611022949,-0.0007992343162186444,510.0
278657,1645.983574352,604.0,2.799448251724243,2.6066737174987793,0.5964282155036926,-0.004981058184057474,509.0
278677,1646.00286147,602.0,2.8254640102386475,2.545013427734375,0.5970907211303711,-0.005406846292316914,510.0
278697,1646.023073773,602.0,2.8239586353302,2.521472454071045,0.5970144271850586,-0.0016521008219569921,510.0
278717,1646.042651765,598.0,2.844129800796509,2.555617570877075,0.5969499945640564,0.002673268551006913,517.0
278737,1646.062906893,598.0,2.844179630279541,2.6004137992858887,0.5970003604888916,0.0014870443847030401,510.0
278757,1646.082821736,603.0,2.853170156478882,2.5652332305908203,0.5978752374649048,-0.001507413573563099,509.0
278777,1646.103115247,603.0,2.855743885040283,2.491203784942627,0.5978089570999146,-0.004615188576281071,510.0
278797,1646.123512697,600.0,2.8512930870056152,2.4343502521514893,0.5977181196212769,-0.004124872852116823,514.0
278817,1646.143128269,600.0,2.828165292739868,2.43389630317688,0.597872793674469,-0.0012068682117387652,509.0
278837,1646.163604542,600.0,2.8138797283172607,2.458831310272217,0.5978732109069824,0.0012459798017516732,514.0
278857,1646.182579936,602.0,2.845817804336548,2.4695398807525635,0.5984814763069153,0.003881667274981737,510.0
278877,1646.203482058,602.0,2.8531222343444824,2.4632222652435303,0.5985442996025085,0.002296844031661749,509.0
278897,1646.22333631,599.0,2.8074324131011963,2.4658071994781494,0.5984295606613159,-9.038638381753117e-05,509.0
278917,1646.24229102,599.0,2.7906291484832764,2.4672155380249023,0.5984229445457458,1.115869508794276e-06,512.0
278937,1646.262567602,597.0,2.789457082748413,2.4696154594421387,0.597897469997406,-0.0007391474791802466,513.0
278957,1646.282889633,597.0,2.814788579940796,2.458296298980713,0.5978806614875793,-0.0008953317301347852,524.0
278977,1646.303394507,600.0,2.82405686378479,2.481590986251831,0.597996711730957,-0.001276275608688593,512.0
278997,1646.323244403,600.0,2.8157570362091064,2.500164031982422,0.5979705452919006,-0.0009007258340716362,511.0
279017,1646.343120989,599.0,2.7901740074157715,2.527402639389038,0.5979098081588745,0.0015312546165660024,522.0
279037,1646.362308347,599.0,2.7788000106811523,2.5848517417907715,0.5979471802711487,0.0015019129496067762,524.0
279057,1646.382811744,596.0,2.7778711318969727,2.5867414474487305,0.5973493456840515,-0.0037560113705694675,528.0
279077,1646.402309123,596.0,2.7835965156555176,2.5364294052124023,0.597251832485199,-0.005504414904862642,532.0
279097,1646.42281666,596.0,2.7752015590667725,2.5403029918670654,0.5971618294715881,-0.002777672605589032,528.0
279117,1646.443544465,597.0,2.7800841331481934,2.5884299278259277,0.5968787670135498,-0.0006746858707629144,532.0
279137,1646.462815096,597.0,2.806691884994507,2.6254172325134277,0.5968649387359619,-0.0007759613799862564,525.0
279157,1646.48266681,598.0,2.829390287399292,2.6346282958984375,0.5968140363693237,-0.00252739735879004,523.0
279177,1646.501909108,598.0,2.8300364017486572,2.64066481590271,0.5967386364936829,-0.005140191875398159,527.0
279197,1646.523067127,598.0,2.850224018096924,2.603151559829712,0.5965798497200012,-0.007828769274055958,524.0
279217,1646.542033381,598.0,2.8617312908172607,2.5689022541046143,0.59642493724823,-0.007090705446898937,525.0
279237,1646.562684466,598.0,2.863142251968384,2.5820224285125732,0.5963594317436218,-0.0028399673756211996,529.0
279257,1646.583181575,598.0,2.8762805461883545,2.6415226459503174,0.5963279008865356,-0.0008762403740547597,523.0
279277,1646.603379981,601.0,2.8754916191101074,2.670748710632324,0.5968755483627319,-0.0029858555644750595,530.0
279297,1646.621807177,601.0,2.8361008167266846,2.628371000289917,0.5967825651168823,-0.006363667547702789,528.0
279317,1646.642318791,599.0,2.807429552078247,2.601050853729248,0.5967934131622314,-0.007263309322297573,530.0
279337,1646.662369077,599.0,2.836921453475952,2.5543787479400635,0.5966653227806091,-0.005332213826477528,526.0
279357,1646.682082855,597.0,2.8747687339782715,2.5627787113189697,0.5965907573699951,-0.00214115297421813,522.0
279377,1646.704352265,597.0,2.9097073078155518,2.60432767868042,0.5963889360427856,-0.002637529978528619,522.0
279397,1646.721603991,597.0,2.8950231075286865,2.6027848720550537,0.5963234901428223,-0.003933232743293047,535.0
279417,1646.741808599,600.0,2.8531494140625,2.6165237426757812,0.5966815948486328,-0.00533128809183836,526.0
279437,1646.761806084,600.0,2.8022475242614746,2.6109280586242676,0.596572995185852,-0.005091553553938866,530.0
279457,1646.782175463,599.0,2.824791431427002,2.621828556060791,0.5967264771461487,-0.0017358546610921621,539.0
279477,1646.804123209,599.0,2.8754525184631348,2.6764917373657227,0.5966972708702087,-0.0016036967281252146,526.0
279497,1646.822587495,601.0,2.8745510578155518,2.6805834770202637,0.5971789956092834,-0.0029829046688973904,524.0
279517,1646.842804063,601.0,2.8285582065582275,2.667306661605835,0.5970994234085083,-0.004700270481407642,527.0
279537,1646.861809115,600.0,2.7780351638793945,2.676680326461792,0.5972853302955627,-0.0039158412255346775,528.0
279557,1646.882304635,600.0,2.771942377090454,2.6858057975769043,0.5972163677215576,-0.0030190793331712484,523.0
279577,1646.903199228,598.0,2.808197021484375,2.6882731914520264,0.5970320105552673,-0.00409306725487113,526.0
279597,1646.922803458,598.0,2.8102223873138428,2.660980224609375,0.5969277024269104,-0.006113057490438223,522.0
279617,1646.942651652,599.0,2.7988736629486084,2.608506202697754,0.5969254970550537,-0.006129919085651636,521.0
279637,1646.962809911,599.0,2.8117754459381104,2.61299991607666,0.5968165993690491,-0.004695399664342403,521.0
279657,1646.982647819,602.0,2.8418564796447754,2.65464186668396,0.596733808517456,-0.003842683043330908,536.0
279677,1647.004374432,602.0,2.852165699005127,2.645664691925049,0.5974190831184387,-0.0038559921085834503,526.0
279697,1647.022373798,602.0,2.8359456062316895,2.568641424179077,0.5973217487335205,-0.005710142198950052,527.0
279717,1647.041535307,597.0,2.8427555561065674,2.4968273639678955,0.5969006419181824,-0.007181157357990742,522.0
279737,1647.061855771,597.0,2.8398096561431885,2.471691370010376,0.596750020980835,-0.007692623883485794,522.0
279757,1647.082638323,600.0,2.8384199142456055,2.4660801887512207,0.5970113277435303,-0.00398627994582057,522.0
279777,1647.103808087,600.0,2.880664110183716,2.5157337188720703,0.5969629287719727,-0.0011992250801995397,523.0
279797,1647.121343653,598.0,2.8860251903533936,2.5586013793945312,0.596846342086792,-0.0035202503204345703,523.0
279817,1647.142219892,598.0,2.84968638420105,2.508848190307617,0.5967470407485962,-0.006003952585160732,522.0
279837,1647.161345847,595.0,2.833390951156616,2.488189697265625,0.5960418581962585,-0.007417717017233372,522.0
279857,1647.181772568,595.0,2.8531441688537598,2.486006498336792,0.5958920121192932,-0.00760439271107316,526.0
279877,1647.202665852,597.0,2.873896598815918,2.4695651531219482,0.5956969261169434,-0.0072174351662397385,526.0
279897,1647.221695286,597.0,2.899888753890991,2.4828591346740723,0.5955365896224976,-0.008770564571022987,522.0
279917,1647.241434317,599.0,2.8853933811187744,2.4387097358703613,0.5958142876625061,-0.0083458311855793,521.0
279937,1647.26177781,599.0,2.848633289337158,2.436748504638672,0.5956583619117737,-0.007177574560046196,526.0
279957,1647.282119074,599.0,2.8338327407836914,2.4937925338745117,0.5955283045768738,-0.005975291132926941,530.0
279977,1647.303154193,603.0,2.8438544273376465,2.498115301132202,0.596621572971344,-0.003791938303038478,524.0
279997,1647.321775532,603.0,2.8768904209136963,2.4725875854492188,0.5965375304222107,-0.00463667418807745,530.0
280017,1647.342245408,596.0,2.8873379230499268,2.4944348335266113,0.5961006283760071,-0.006361837964504957,523.0
280037,1647.361254329,596.0,2.8512558937072754,2.482043504714966,0.5959819555282593,-0.005069878417998552,535.0
280057,1647.380682145,599.0,2.8146133422851562,2.5296976566314697,0.5962528586387634,-0.0016618159133940935,536.0
280077,1647.402907981,599.0,2.824159622192383,2.593839406967163,0.596228301525116,-0.0012006375472992659,535.0
280097,1647.42127219,597.0,2.848308801651001,2.6215968132019043,0.5960551500320435,-0.0038634275551885366,524.0
280117,1647.441447088,597.0,2.837456703186035,2.6093220710754395,0.5959458947181702,-0.006955099757760763,516.0
280137,1647.461070061,597.0,2.837864875793457,2.571071147918701,0.5957373380661011,-0.007440936751663685,514.0
280157,1647.480775026,597.0,2.828979730606079,2.5860226154327393,0.5956226587295532,-0.003869519103318453,515.0
280177,1647.501305137,598.0,2.8340089321136475,2.66068696975708,0.5957496762275696,-0.0011627576313912868,522.0
280197,1647.520903991,598.0,2.834108352661133,2.7109880447387695,0.5956988334655762,-0.00491106603294611,514.0
280217,1647.541365934,601.0,2.8097994327545166,2.6498310565948486,0.595531165599823,-0.011389221996068954,519.0
280237,1647.560340753,601.0,2.7818188667297363,2.5384910106658936,0.5961208939552307,-0.009529747068881989,517.0
280257,1647.582076145,601.0,2.7788870334625244,2.5461668968200684,0.5959674715995789,-0.0057739391922950745,519.0
280277,1647.600776317,598.0,2.7731199264526367,2.594327449798584,0.5960447788238525,-0.0025805183686316013,524.0
280297,1647.621149994,598.0,2.807805061340332,2.60623836517334,0.5959998369216919,-0.002446339465677738,516.0
280317,1647.640895891,599.0,2.815209150314331,2.6014862060546875,0.5962647795677185,-0.004424626473337412,516.0
280337,1647.661135825,599.0,2.8138418197631836,2.5553534030914307,0.5961307287216187,-0.008766653947532177,515.0
280357,1647.68176933,600.0,2.7900688648223877,2.4709537029266357,0.5964471101760864,-0.00716982688754797,512.0
280377,1647.700575038,600.0,2.7789580821990967,2.467974901199341,0.5963270664215088,-0.004849332384765148,517.0
280397,1647.720090054,597.0,2.779858112335205,2.4706029891967773,0.5961259603500366,-0.0034439724404364824,517.0
280417,1647.74089341,597.0,2.799633026123047,2.477879762649536,0.596071183681488,-0.002355345757678151,515.0
280437,1647.761364521,599.0,2.816645860671997,2.4935221672058105,0.5963082909584045,-0.002684452338144183,513.0
280457,1647.781702914,599.0,2.8041818141937256,2.468893051147461,0.596237301826477,-0.004368668422102928,511.0
280477,1647.802336963,603.0,2.796588182449341,2.4280807971954346,0.5971301794052124,-0.004950304981321096,514.0
280497,1647.821869641,603.0,2.8223907947540283,2.3625402450561523,0.5970162153244019,-0.005932738073170185,515.0
280517,1647.842271852,599.0,2.8098368644714355,2.3411967754364014,0.596910834312439,-0.00447795819491148,529.0
280537,1647.861287671,599.0,2.797534942626953,2.339373826980591,0.5970300436019897,-0.002061426406726241,529.0
280557,1647.88158674,599.0,2.7710158824920654,2.3642497062683105,0.5969992876052856,-0.0014573048101738095,518.0
280577,1647.901400665,592.0,2.7724685668945312,2.3589885234832764,0.5957786440849304,-0.0057549322955310345,515.0
280597,1647.921985905,592.0,2.8078346252441406,2.3423526287078857,0.5956456065177917,-0.00752397021278739,511.0
280617,1647.942339577,599.0,2.8234500885009766,2.317110300064087,0.5959125757217407,-0.0071479626931250095,512.0
280637,1647.961960225,599.0,2.832920789718628,2.29231858253479,0.5957774519920349,-0.00616838363930583,511.0
280657,1647.982176137,596.0,2.820918560028076,2.283705234527588,0.5954767465591431,-0.004640979692339897,516.0
280677,1648.001650797,596.0,2.8090407848358154,2.2934937477111816,0.5954102873802185,-0.0021299717482179403,510.0
280697,1648.021156321,597.0,2.827711343765259,2.326991558074951,0.5954216122627258,-0.002799778012558818,514.0
280717,1648.042131966,597.0,2.831372022628784,2.312539577484131,0.5953361392021179,-0.005865818355232477,511.0
280737,1648.062135134,600.0,2.827838659286499,2.2844090461730957,0.5958265066146851,-0.007042811252176762,510.0
280757,1648.081802604,600.0,2.8273401260375977,2.2591607570648193,0.5956856608390808,-0.00658856425434351,511.0
280777,1648.10167616,600.0,2.8149447441101074,2.267200231552124,0.5962018370628357,-0.003042834810912609,515.0
280797,1648.121324058,600.0,2.79838490486145,2.2770836353302,0.5961525440216064,-0.0020210386719554663,512.0
280817,1648.141361871,600.0,2.77032732963562,2.2554430961608887,0.5961135029792786,-0.0018486531917005777,519.0
280837,1648.160798243,601.0,2.7296388149261475,2.2549633979797363,0.596808671951294,-0.0011897423537448049,516.0
280857,1648.181153815,601.0,2.6929023265838623,2.246917247772217,0.5967784523963928,-0.0017267611110582948,515.0
280877,1648.201943543,599.0,2.720862627029419,2.2586517333984375,0.5969722270965576,-0.0014948213938623667,510.0
280897,1648.221351381,599.0,2.7437849044799805,2.2815730571746826,0.5969348549842834,-0.0019099443452432752,514.0
280917,1648.241357142,597.0,2.7437243461608887,2.2730185985565186,0.5967147350311279,-0.0016875512665137649,523.0
280937,1648.261859555,597.0,2.773733377456665,2.2876265048980713,0.5966805219650269,-0.002000620122998953,513.0
280957,1648.281834904,595.0,2.812455415725708,2.283217668533325,0.5960572361946106,-0.0050504133105278015,513.0
280977,1648.301857443,595.0,2.831688165664673,2.237732410430908,0.595954418182373,-0.004928849637508392,513.0
280997,1648.321666529,601.0,2.8521535396575928,2.2141003608703613,0.5965986251831055,-0.0005837241187691689,510.0
281017,1648.341552482,601.0,2.8499114513397217,2.2680091857910156,0.5966058969497681,0.0008311805431731045,530.0
281037,1648.361475331,598.0,2.842778205871582,2.3257339000701904,0.5966231822967529,-0.0005696830921806395,525.0
281057,1648.381836735,598.0,2.8462095260620117,2.3287625312805176,0.5966094136238098,-0.002125754486769438,574.0
281077,1648.400934974,596.0,2.840857982635498,2.294459104537964,0.5961910486221313,-0.005548128392547369,527.0
281097,1648.421695925,596.0,2.8321242332458496,2.271296262741089,0.5961370468139648,-0.005194446071982384,566.0
281117,1648.442129186,596.0,2.8316636085510254,2.2930707931518555,0.5960611701011658,-0.0022884162608534098,570.0
281137,1648.460627371,598.0,2.8629074096679688,2.3686063289642334,0.5961927175521851,-9.247125854017213e-05,561.0
281157,1648.481556445,598.0,2.895655632019043,2.4134280681610107,0.596190333366394,-0.0005304124788381159,564.0
281177,1648.500885587,597.0,2.9415085315704346,2.4478707313537598,0.5960822105407715,-0.003180058440193534,554.0
281197,1648.521808131,597.0,2.9316341876983643,2.4112164974212646,0.5959739089012146,-0.007767088245600462,566.0
281217,1648.541085134,599.0,2.8953099250793457,2.320770025253296,0.5961463451385498,-0.007774392142891884,554.0
281237,1648.561524156,599.0,2.882106304168701,2.323070526123047,0.5960277318954468,-0.003746114671230316,565.0
281257,1648.581546229,596.0,2.884758949279785,2.382936716079712,0.5957344174385071,-0.001359808025881648,557.0
281277,1648.601810222,596.0,2.873722791671753,2.429103136062622,0.5957068800926208,-0.0015772286569699645,578.0
281297,1648.621406002,600.0,2.8774948120117188,2.4308786392211914,0.5961916446685791,-0.003016076050698757,555.0
281317,1648.641380514,600.0,2.863372564315796,2.4034817218780518,0.5960836410522461,-0.007648310624063015,567.0
281337,1648.660554637,597.0,2.861237049102783,2.3349859714508057,0.595858633518219,-0.010016925632953644,563.0
281357,1648.680780667,597.0,2.875741481781006,2.3280558586120605,0.5956777334213257,-0.007462759502232075,579.0
281377,1648.700956972,597.0,2.904801845550537,2.3589982986450195,0.5955685377120972,-0.0035937370266765356,564.0
281397,1648.720566209,596.0,2.882594347000122,2.375021457672119,0.5953880548477173,-0.0015003406442701817,570.0
281417,1648.740775181,596.0,2.8551623821258545,2.415879726409912,0.5953446626663208,-0.00339691829867661,565.0
281437,1648.761314265,600.0,2.876896858215332,2.429356098175049,0.595890462398529,-0.006745367776602507,565.0
281457,1648.780382758,600.0,2.888294219970703,2.374436378479004,0.5957183837890625,-0.00994189828634262,557.0
281477,1648.801653606,599.0,2.8822484016418457,2.335526466369629,0.5959516763687134,-0.006546856369823217,568.0
281497,1648.821616104,599.0,2.8787879943847656,2.34616756439209,0.5958672165870667,-0.00194462388753891,567.0
281517,1648.840917371,600.0,2.867650032043457,2.378227472305298,0.5963661670684814,0.0002545270835980773,567.0
281537,1648.861110394,600.0,2.867111921310425,2.3950066566467285,0.5963437557220459,-0.002832625759765506,557.0
281557,1648.881628902,595.0,2.8986926078796387,2.3752565383911133,0.595766007900238,-0.007160013075917959,574.0
281577,1648.900914635,595.0,2.921022415161133,2.339099884033203,0.5956105589866638,-0.008029520511627197,559.0
281597,1648.920614649,599.0,2.888979911804199,2.313884735107422,0.5958582758903503,-0.005684024654328823,569.0
281617,1648.941626973,599.0,2.849219560623169,2.316409111022949,0.5957836508750916,-0.001860591466538608,557.0
281637,1648.960628879,595.0,2.8578474521636963,2.397576093673706,0.5953738689422607,-0.002219534246250987,564.0
281657,1648.981624956,595.0,2.8879141807556152,2.424758195877075,0.5953004360198975,-0.005577749107033014,556.0
281677,1649.000520027,595.0,2.8861215114593506,2.38836932182312,0.5951317548751831,-0.010866339318454266,578.0
281697,1649.020550341,599.0,2.8622806072235107,2.3097076416015625,0.5954386591911316,-0.010397292673587799,558.0
281717,1649.041510997,599.0,2.8736748695373535,2.2838056087493896,0.5952633619308472,-0.006872032303363085,571.0
281737,1649.060387795,596.0,2.8759472370147705,2.2908554077148438,0.5950984358787537,-0.0037572134751826525,553.0
281757,1649.081112843,596.0,2.867023229598999,2.2978603839874268,0.5950283408164978,-0.003649707417935133,569.0
281777,1649.101547164,601.0,2.8917484283447266,2.3052265644073486,0.5958424806594849,-0.003939945716410875,558.0
281797,1649.121258214,601.0,2.8939459323883057,2.2923152446746826,0.5957320928573608,-0.006853260099887848,567.0
281817,1649.141075674,599.0,2.902714729309082,2.273080825805664,0.5959689617156982,-0.007157930638641119,561.0
281837,1649.161447989,599.0,2.926807165145874,2.2617814540863037,0.5958300232887268,-0.006633330136537552,572.0
281857,1649.179886199,598.0,2.942141056060791,2.229705572128296,0.5958863496780396,-0.004576246254146099,561.0
281877,1649.200631284,598.0,2.9406349658966064,2.2119529247283936,0.5958124995231628,-0.0030114050023257732,568.0
281897,1649.220634389,595.0,2.9449496269226074,2.1905133724212646,0.5953710079193115,-0.004231600556522608,553.0
281917,1649.241364704,595.0,2.917966842651367,2.153676748275757,0.5952751040458679,-0.004926647059619427,577.0
281937,1649.261151094,600.0,2.904024124145508,2.1449122428894043,0.5951818823814392,-0.004000294022262096,575.0
281957,1649.280184731,600.0,2.930408239364624,2.1857850551605225,0.5958403944969177,-0.00107702543027699,568.0
281977,1649.299894249,600.0,2.9561684131622314,2.2008020877838135,0.5958037376403809,-0.0029864804819226265,562.0
281997,1649.320332394,596.0,2.950071334838867,2.1727206707000732,0.5955477952957153,-0.005650628823786974,573.0
282017,1649.341131478,596.0,2.943373918533325,2.1513798236846924,0.5954275727272034,-0.006056782323867083,565.0
282037,1649.359714871,601.0,2.9138505458831787,2.157806873321533,0.5961682796478271,-0.0028155427426099777,569.0
282057,1649.379986767,601.0,2.903275966644287,2.164198398590088,0.5961217284202576,-0.0017641267040744424,556.0
282077,1649.400613329,599.0,2.9204394817352295,2.182633399963379,0.5964211225509644,-0.0012057010317221284,591.0
282097,1649.419970516,599.0,2.9186718463897705,2.185441255569458,0.5963727235794067,-0.0037458795122802258,582.0
282117,1649.440236728,602.0,2.9042091369628906,2.1466715335845947,0.5971084833145142,-0.002853273879736662,582.0
282137,1649.460188213,602.0,2.912107229232788,2.173619508743286,0.5970680117607117,-0.0010119321523234248,521.0
282157,1649.479574465,597.0,2.8754193782806396,2.195791006088257,0.596812903881073,-4.329351941123605e-05,516.0
282177,1649.500883552,597.0,2.8817763328552246,2.218935489654541,0.5968151688575745,0.00010490190470591187,521.0
282197,1649.520434172,602.0,2.9351389408111572,2.218597412109375,0.5974991917610168,-0.0006054596742615104,511.0
282217,1649.540928476,602.0,2.968489170074463,2.191394329071045,0.5974562764167786,-0.0035593619104474783,516.0
282237,1649.559912358,602.0,2.9611687660217285,2.1721272468566895,0.5973777174949646,-0.003971966449171305,518.0
282257,1649.579813005,597.0,2.940030097961426,2.169351816177368,0.597032904624939,-0.002875988371670246,511.0
282277,1649.600210276,597.0,2.9406726360321045,2.198183536529541,0.5969929695129395,-0.0011984487064182758,512.0
282297,1649.619879505,600.0,2.9538164138793945,2.2278571128845215,0.5973278284072876,-0.0002767883997876197,532.0
282317,1649.640544483,600.0,2.9452993869781494,2.218055009841919,0.5973013639450073,-0.002457996131852269,512.0
282337,1649.660787566,596.0,2.9264049530029297,2.2171895503997803,0.5967845320701599,-0.005027468781918287,511.0
282357,1649.680960328,596.0,2.9290502071380615,2.208824396133423,0.5966927409172058,-0.004075891338288784,516.0
282377,1649.699784239,598.0,2.9643380641937256,2.2098400592803955,0.5966205596923828,-0.003852088702842593,515.0
282397,1649.720967442,598.0,2.944157123565674,2.1794662475585938,0.5965436697006226,-0.0036123371683061123,510.0
282417,1649.739808532,601.0,2.966547727584839,2.224337339401245,0.5970568060874939,-0.0021986309438943863,513.0
282437,1649.759787174,601.0,2.952684164047241,2.2429072856903076,0.5970028042793274,-0.0033990442752838135,515.0
282457,1649.7803798,594.0,2.9475648403167725,2.2370123863220215,0.5961530804634094,-0.00473122950643301,511.0
282477,1649.801342042,594.0,2.942431926727295,2.2671420574188232,0.5960752964019775,-0.003194809425622225,511.0
282497,1649.821136445,596.0,2.963575839996338,2.285693645477295,0.5957533121109009,-0.00497790053486824,510.0
282517,1649.840388672,596.0,2.9557254314422607,2.2713804244995117,0.5956286191940308,-0.007411678787320852,511.0
282537,1649.861101657,596.0,2.9495227336883545,2.246936321258545,0.5954598188400269,-0.009249339811503887,521.0
282557,1649.880074732,597.0,2.9440994262695312,2.2205142974853516,0.5953762531280518,-0.007838600315153599,523.0
282577,1649.900379123,597.0,2.9232213497161865,2.2377097606658936,0.5952491164207458,-0.004656264558434486,509.0
282597,1649.92090092,599.0,2.926262140274048,2.286147117614746,0.5956678986549377,-0.0028213849291205406,510.0
282617,1649.939878071,599.0,2.9445736408233643,2.3004324436187744,0.5955813527107239,-0.005983524955809116,511.0
282637,1649.960396078,599.0,2.9226436614990234,2.2743959426879883,0.595862090587616,-0.008057177998125553,515.0
282657,1649.980765702,599.0,2.888364315032959,2.2435250282287598,0.5956920385360718,-0.0084724435582757,509.0
282677,1649.999841957,596.0,2.864574670791626,2.216646671295166,0.5953865051269531,-0.006604173220694065,510.0
282697,1650.020524999,596.0,2.8760483264923096,2.227525234222412,0.5952643752098083,-0.00573203107342124,509.0
282717,1650.039668421,594.0,2.887192964553833,2.2486393451690674,0.594687283039093,-0.007991626858711243,514.0
282737,1650.060321937,594.0,2.8859951496124268,2.2166411876678467,0.5945109128952026,-0.009296482428908348,509.0
282757,1650.083356661,600.0,2.907245397567749,2.1954309940338135,0.5951215624809265,-0.007182316854596138,516.0
282777,1650.099623496,600.0,2.9321823120117188,2.2240796089172363,0.5949835181236267,-0.006702055223286152,511.0
282797,1650.119578211,598.0,2.924147129058838,2.2229933738708496,0.5948535799980164,-0.006125670857727528,511.0
282817,1650.140321327,598.0,2.9381277561187744,2.2277774810791016,0.5950725078582764,-0.005786593537777662,519.0
282837,1650.159823924,598.0,2.9670066833496094,2.176997661590576,0.5949321985244751,-0.008265725336968899,519.0
282857,1650.18044181,598.0,2.9459915161132812,2.1306779384613037,0.5951444506645203,-0.008106558583676815,509.0
282877,1650.199230173,598.0,2.9253594875335693,2.1448187828063965,0.5949998497962952,-0.006048939656466246,509.0
282897,1650.220088357,595.0,2.924145221710205,2.1867387294769287,0.5947064757347107,-0.003985046874731779,511.0
282917,1650.23905879,595.0,2.9433798789978027,2.220130205154419,0.5946270227432251,-0.004241089802235365,511.0
282937,1650.260249435,598.0,2.954284191131592,2.2244646549224854,0.59493488073349,-0.006964202504605055,509.0
282957,1650.279656561,598.0,2.948880672454834,2.168578863143921,0.594754159450531,-0.010732362978160381,509.0
282977,1650.30059331,599.0,2.9433841705322266,2.126917600631714,0.5951293706893921,-0.009189588949084282,509.0
282997,1650.319252331,599.0,2.921339750289917,2.127210855484009,0.5949780941009521,-0.005644968710839748,517.0
283017,1650.34048728,594.0,2.915954828262329,2.158569097518921,0.5944904088973999,-0.0041015660390257835,512.0
283037,1650.359691436,594.0,2.938678026199341,2.1835455894470215,0.594397246837616,-0.005813325755298138,512.0
283057,1650.380028144,597.0,2.9314568042755127,2.1509475708007812,0.5945120453834534,-0.008210728876292706,512.0
283077,1650.399263956,597.0,2.9149580001831055,2.1229074001312256,0.5943431258201599,-0.008169004693627357,511.0
283097,1650.419420834,597.0,2.922868251800537,2.1283674240112305,0.5941993594169617,-0.006084725260734558,527.0
283117,1650.439954346,597.0,2.9505462646484375,2.1490530967712402,0.5944307446479797,-0.00414803484454751,518.0
283137,1650.460465578,597.0,2.9916491508483887,2.163985013961792,0.5943326354026794,-0.006056583486497402,528.0
283157,1650.479355995,596.0,2.9880359172821045,2.1588196754455566,0.5942888855934143,-0.009189827367663383,534.0
283177,1650.498811104,596.0,2.9497530460357666,2.1177217960357666,0.5940912365913391,-0.010072787292301655,529.0
283197,1650.519249126,598.0,2.9331164360046387,2.107656717300415,0.5944667458534241,-0.005266423802822828,526.0
283217,1650.539366194,598.0,2.9674034118652344,2.154513120651245,0.5943863987922668,-0.0034560500644147396,522.0
283237,1650.559304731,596.0,3.001072883605957,2.167114019393921,0.5943945050239563,-0.005041596945375204,524.0
283257,1650.578296922,596.0,2.9898648262023926,2.1707515716552734,0.5942734479904175,-0.006992905400693417,527.0
283277,1650.599980948,599.0,2.9762964248657227,2.168915033340454,0.5947819352149963,-0.006434214301407337,527.0
283297,1650.619646291,599.0,2.974158763885498,2.1461753845214844,0.5946481823921204,-0.006620057392865419,526.0
283317,1650.638656246,600.0,2.9768757820129395,2.149657726287842,0.5952897071838379,-0.003733379300683737,540.0
283337,1650.659458654,600.0,2.9708924293518066,2.1427884101867676,0.5952086448669434,-0.00456195417791605,524.0
283357,1650.678986989,597.0,2.9623169898986816,2.118727922439575,0.5950953960418701,-0.006536779925227165,538.0
283377,1650.700095613,597.0,2.9664130210876465,2.1299824714660645,0.5950849652290344,-0.005246052518486977,530.0
283397,1650.719297555,597.0,2.9559485912323,2.189753770828247,0.594997227191925,-0.0036055827513337135,527.0
283417,1650.739625699,599.0,2.969909191131592,2.190781831741333,0.5955005884170532,-0.00045568347559310496,522.0
283437,1650.759838404,599.0,2.970571517944336,2.231807231903076,0.5954821109771729,-0.001854836824350059,522.0
283457,1650.7800341,601.0,2.928523063659668,2.2007389068603516,0.5962433815002441,-0.0030602773185819387,522.0
283477,1650.800496269,601.0,2.916320562362671,2.1673789024353027,0.5961624979972839,-0.004660554695874453,528.0
283497,1650.81982041,599.0,2.9545302391052246,2.149226427078247,0.5964091420173645,-0.0027404893189668655,523.0
283517,1650.840290002,599.0,2.981560230255127,2.1711678504943848,0.5963771939277649,-0.0006073038675822318,524.0
283537,1650.859105666,598.0,2.967780113220215,2.183695077896118,0.5964182615280151,-0.0009397047106176615,528.0
283557,1650.879557316,598.0,2.940882682800293,2.1675751209259033,0.5963811278343201,-0.0028361596632748842,527.0
283577,1650.899791913,600.0,2.9313132762908936,2.168487071990967,0.5967513918876648,-0.002593382727354765,526.0
283597,1650.920770534,600.0,2.925192356109619,2.1500978469848633,0.5967103242874146,-0.0013543575769290328,531.0
283617,1650.939147276,594.0,2.9305267333984375,2.1535964012145996,0.5959630608558655,-0.0023267935030162334,533.0
283637,1650.959650398,594.0,2.9379866123199463,2.145352363586426,0.5959085822105408,-0.0032190599013119936,522.0
283657,1650.979147771,598.0,2.9298129081726074,2.1267921924591064,0.595832884311676,-0.004183780401945114,536.0
283677,1650.998746473,598.0,2.9016165733337402,2.119774103164673,0.5959172248840332,-0.0032708102371543646,529.0
283697,1651.020433043,598.0,2.893402338027954,2.1440043449401855,0.5958574414253235,-0.0028050090186297894,529.0
283717,1651.039336008,598.0,2.9174087047576904,2.1428520679473877,0.5960050821304321,-0.002533538732677698,527.0
283737,1651.059350086,598.0,2.9307117462158203,2.1328046321868896,0.5959746241569519,-0.00018898247799370438,527.0
283757,1651.079123727,598.0,2.945821523666382,2.172154664993286,0.5961543917655945,0.000667727435939014,532.0
283777,1651.099776825,598.0,2.9545648097991943,2.161233901977539,0.5961287021636963,-0.003453726414591074,522.0
283797,1651.120530191,599.0,2.9499003887176514,2.0956530570983887,0.5963718295097351,-0.004654306452721357,521.0
283817,1651.139266617,599.0,2.9463326930999756,2.0798499584198,0.596298098564148,-0.0024068811908364296,525.0
283837,1651.159527541,597.0,2.960249185562134,2.0839827060699463,0.596173882484436,0.0007938147755339742,532.0
283857,1651.179752165,597.0,2.9476635456085205,2.160547971725464,0.5962215662002563,0.0036478808615356684,522.0
283877,1651.199778882,597.0,2.94206166267395,2.210421085357666,0.5961695909500122,0.0017148536862805486,522.0
283897,1651.220422592,597.0,2.970085859298706,2.206481695175171,0.5961490869522095,-0.00402663741260767,522.0
283917,1651.239502839,599.0,2.964989185333252,2.150554656982422,0.5963188409805298,-0.007847797125577927,529.0
283937,1651.259496751,599.0,2.9457285404205322,2.064063310623169,0.5961761474609375,-0.00560055673122406,528.0
283957,1651.278793275,599.0,2.9450974464416504,2.1093738079071045,0.596114456653595,-0.00034924873034469783,529.0
283977,1651.298506358,600.0,2.946687936782837,2.179072618484497,0.5966189503669739,0.0020388513803482056,522.0
283997,1651.319856652,600.0,2.9660298824310303,2.203667163848877,0.5966218113899231,-0.0021225460804998875,526.0
284017,1651.338903536,597.0,2.959780216217041,2.1641392707824707,0.5963952541351318,-0.006685242988169193,524.0
284037,1651.359047376,597.0,2.9490246772766113,2.1237704753875732,0.5962491035461426,-0.007481689099222422,524.0
284057,1651.379285419,599.0,2.910918712615967,2.1178128719329834,0.5964471697807312,-0.00427796458825469,524.0
284077,1651.399437816,599.0,2.9015538692474365,2.148082733154297,0.5963939428329468,-0.0011041772086173296,525.0
284097,1651.420431979,596.0,2.937831163406372,2.2051773071289062,0.5961007475852966,-0.0015542018227279186,524.0
284117,1651.439553903,596.0,2.979785680770874,2.207292318344116,0.5960472822189331,-0.003926180303096771,532.0
284137,1651.459461192,599.0,2.9753973484039307,2.208402156829834,0.5962591767311096,-0.005838917568325996,536.0
284157,1651.477845936,599.0,2.929344654083252,2.1793534755706787,0.5961409211158752,-0.005296747665852308,540.0
284177,1651.498229177,599.0,2.9046852588653564,2.176192283630371,0.5963639616966248,-0.0019305587047711015,523.0
284197,1651.520558293,599.0,2.92912220954895,2.190831184387207,0.5963289737701416,-0.002022692933678627,516.0
284217,1651.538315109,600.0,2.9626190662384033,2.1892080307006836,0.5962628126144409,-0.004646386951208115,519.0
284237,1651.558826677,600.0,2.9903767108917236,2.158350944519043,0.5966013669967651,-0.006031599827110767,510.0
284257,1651.578433249,600.0,2.951876640319824,2.1154909133911133,0.5964905619621277,-0.004404992796480656,519.0
284277,1651.598675562,601.0,2.934724807739258,2.1516330242156982,0.59710693359375,0.001187934190966189,510.0
284297,1651.618757066,601.0,2.937295436859131,2.2190864086151123,0.5971405506134033,0.0014307262608781457,510.0
284317,1651.638447552,595.0,2.931389093399048,2.2208714485168457,0.5965073108673096,-0.004197694361209869,515.0
284337,1651.657931864,595.0,2.916121244430542,2.1892380714416504,0.5963892936706543,-0.007219130173325539,514.0
284357,1651.678443995,598.0,2.9207847118377686,2.1795496940612793,0.5963500142097473,-0.006907662842422724,511.0
284377,1651.69846204,598.0,2.9269938468933105,2.1726367473602295,0.5962343215942383,-0.004438788164407015,514.0
284397,1651.719071804,600.0,2.9534008502960205,2.1902198791503906,0.5966652631759644,-0.0014155468670651317,515.0
284417,1651.7394477,600.0,2.9578254222869873,2.201495885848999,0.5966224074363708,-0.003299318952485919,515.0
284437,1651.758260841,597.0,2.933310031890869,2.170607328414917,0.596362292766571,-0.007366937585175037,509.0
284457,1651.778335841,597.0,2.9403913021087646,2.150729179382324,0.596199095249176,-0.008636453188955784,512.0
284477,1651.798391531,600.0,2.9545297622680664,2.131514072418213,0.5965201258659363,-0.006599499378353357,510.0
284497,1651.819338962,600.0,2.9585230350494385,2.084573984146118,0.5964088439941406,-0.004500864073634148,513.0
284517,1651.838680619,595.0,2.969992160797119,2.0912461280822754,0.5963324308395386,-0.0032086025457829237,516.0
284537,1651.858929647,595.0,2.9378914833068848,2.099348545074463,0.5957663059234619,-0.004576459527015686,511.0
284557,1651.879081018,595.0,2.9200236797332764,2.1092450618743896,0.5956690311431885,-0.0051229349337518215,517.0
284577,1651.898903391,600.0,2.9197399616241455,2.115647554397583,0.5961881875991821,-0.004945520311594009,514.0
284597,1651.918293974,600.0,2.9411814212799072,2.059460401535034,0.5960736274719238,-0.006423640064895153,513.0
284617,1651.938075175,596.0,2.9503605365753174,2.0248031616210938,0.5957393646240234,-0.006918173748999834,523.0
284637,1651.958462181,596.0,2.9640915393829346,2.023193597793579,0.595623791217804,-0.004259007982909679,516.0
284657,1651.97844393,600.0,2.9707436561584473,2.080509901046753,0.5961953401565552,0.0006845686584711075,517.0
284677,1651.998113703,600.0,2.956740379333496,2.1042449474334717,0.5962258577346802,0.001845517777837813,517.0
284697,1652.017675578,598.0,2.956165075302124,2.103271961212158,0.5963160395622253,-0.001967719290405512,513.0
284717,1652.038720264,598.0,2.96054744720459,2.0489273071289062,0.5962199568748474,-0.007285180501639843,519.0
284737,1652.058940621,599.0,2.951312303543091,1.958491325378418,0.596375048160553,-0.006858263164758682,509.0
284757,1652.078823493,599.0,2.9689972400665283,1.970037579536438,0.5962759852409363,-0.0027931241784244776,510.0
284777,1652.099274059,598.0,2.9894721508026123,2.0271570682525635,0.5963435769081116,0.0013700970448553562,509.0
284797,1652.117880638,598.0,3.0067431926727295,2.0764102935791016,0.596380352973938,0.0018219542689621449,511.0
284817,1652.139368142,598.0,3.002225637435913,2.1087844371795654,0.5963891744613647,-0.0011724423384293914,515.0
284837,1652.159534297,595.0,2.984044075012207,2.079341173171997,0.5958117842674255,-0.0062674423679709435,509.0
284857,1652.179363941,595.0,2.9557809829711914,2.0525591373443604,0.5956740975379944,-0.006870220880955458,509.0
284877,1652.19877841,595.0,2.967501163482666,2.0847861766815186,0.5952299237251282,-0.00591702526435256,509.0
284897,1652.219296975,595.0,2.9730265140533447,2.0917091369628906,0.595122754573822,-0.005033925175666809,509.0
284917,1652.239374231,595.0,2.9495089054107666,2.1004412174224854,0.5947895646095276,-0.0069832755252718925,509.0
284937,1652.258399459,595.0,2.9061756134033203,2.085115432739258,0.5946453809738159,-0.00681036664173007,510.0
284957,1652.278316367,594.0,2.9204931259155273,2.1252543926239014,0.5942168831825256,-0.006388418842107058,513.0
284977,1652.298798816,594.0,2.9038760662078857,2.127617359161377,0.5940783023834229,-0.007068173494189978,513.0
284997,1652.318894028,601.0,2.8553097248077393,2.1062395572662354,0.5950213670730591,-0.005355117842555046,509.0
285017,1652.338782971,601.0,2.8762497901916504,2.1277639865875244,0.5949084758758545,-0.006056922487914562,510.0
285037,1652.359377653,598.0,2.909595251083374,2.1258909702301025,0.5951359868049622,-0.0060106427408754826,509.0
285057,1652.378094065,598.0,2.880178451538086,2.127957820892334,0.595024824142456,-0.004733238834887743,512.0
285077,1652.398342053,596.0,2.846569538116455,2.173959732055664,0.5949060916900635,-0.003612561384215951,521.0
285097,1652.418051011,596.0,2.8498098850250244,2.1931958198547363,0.5948193073272705,-0.005493809003382921,512.0
285117,1652.438791957,596.0,2.886416435241699,2.1680216789245605,0.594673752784729,-0.009071857668459415,516.0
285137,1652.458906951,596.0,2.8687782287597656,2.116824150085449,0.5944772958755493,-0.010576315224170685,522.0
285157,1652.479090674,596.0,2.86245059967041,2.0792148113250732,0.5942960381507874,-0.007136054337024689,525.0
285177,1652.4978185,596.0,2.8920209407806396,2.112548351287842,0.5943222641944885,-0.004213671665638685,529.0
285197,1652.517786203,596.0,2.9177494049072266,2.141195774078369,0.594222903251648,-0.006061351392418146,526.0
285217,1652.538727312,599.0,2.9021668434143066,2.1223058700561523,0.5947758555412292,-0.007906896062195301,523.0
285237,1652.558572779,599.0,2.889112710952759,2.0779473781585693,0.5945969223976135,-0.00952219869941473,522.0
285257,1652.578560343,600.0,2.8544867038726807,2.0656673908233643,0.5952470898628235,-0.006328132003545761,523.0
285277,1652.598790905,600.0,2.841437816619873,2.067652940750122,0.5951426029205322,-0.003944233991205692,524.0
285297,1652.617863088,601.0,2.8725779056549072,2.0798749923706055,0.5959601998329163,0.00011304626241326332,530.0
285317,1652.638838718,601.0,2.9004483222961426,2.1056618690490723,0.5959517359733582,-0.0014491550391539931,527.0
285337,1652.659089512,600.0,2.8874106407165527,2.0669186115264893,0.596412181854248,-0.004040268249809742,523.0
285357,1652.677843367,600.0,2.8706536293029785,1.9977141618728638,0.5963128805160522,-0.005258772987872362,532.0
285377,1652.698108643,597.0,2.8810181617736816,1.9921163320541382,0.596225917339325,-0.0030904330778867006,534.0
285397,1652.718070402,597.0,2.8868443965911865,1.9978716373443604,0.5961064100265503,-0.0008734298753552139,529.0
285417,1652.738815379,597.0,2.898629665374756,1.9966176748275757,0.5960897207260132,-0.0009596880991011858,532.0
285437,1652.758771592,597.0,2.914051055908203,1.997475028038025,0.5960299968719482,-0.0032846054527908564,531.0
285457,1652.777885614,597.0,2.9136760234832764,1.974215030670166,0.595943808555603,-0.0048239571042358875,522.0
285477,1652.798843097,598.0,2.889413595199585,1.983026385307312,0.5960654616355896,-0.0026980391703546047,522.0
285497,1652.818380289,598.0,2.884037971496582,1.9871642589569092,0.5960353016853333,-0.0004559163353405893,523.0
285517,1652.838829545,598.0,2.8982386589050293,1.989030122756958,0.5961990356445312,-0.0009340374381281435,526.0
285537,1652.857617864,598.0,2.899240493774414,1.9808605909347534,0.5961596369743347,-0.0029427004046738148,525.0
285557,1652.877806442,594.0,2.909855604171753,1.9657012224197388,0.5955085754394531,-0.005021386314183474,532.0
285577,1652.897849409,594.0,2.899726152420044,1.945125699043274,0.5954190492630005,-0.0036721222568303347,523.0
285597,1652.917882356,595.0,2.898660659790039,1.935986042022705,0.5950667262077332,-0.0030926496256142855,527.0
285617,1652.937710722,595.0,2.900883197784424,1.9445923566818237,0.5950127840042114,-0.0025391585659235716,525.0
285637,1652.958032526,594.0,2.905984878540039,1.9501943588256836,0.5945554971694946,-0.0042989118956029415,534.0
285657,1652.977045435,594.0,2.924638509750366,1.9502824544906616,0.5944617986679077,-0.004963245242834091,523.0
285677,1652.997117875,594.0,2.9174656867980957,1.9616814851760864,0.5943509340286255,-0.0062973652966320515,535.0
285697,1653.01788364,600.0,2.8904526233673096,1.9558860063552856,0.5950533747673035,-0.005441168788820505,522.0
285717,1653.03705608,600.0,2.904310703277588,1.9622923135757446,0.5949533581733704,-0.004536368418484926,526.0
285737,1653.057933042,597.0,2.8891727924346924,1.983518362045288,0.5950677990913391,-0.004292037338018417,521.0
285757,1653.07820775,597.0,2.8542871475219727,1.997969150543213,0.5949791073799133,-0.004294578917324543,521.0
285777,1653.098334989,598.0,2.849529266357422,2.0140626430511475,0.5952837467193604,-0.00334976171143353,521.0
285797,1653.118568937,598.0,2.8364503383636475,2.0294559001922607,0.5952102541923523,-0.004006161820143461,521.0
285817,1653.137845903,598.0,2.8209807872772217,2.026329755783081,0.5954626202583313,-0.0041358754970133305,527.0
285837,1653.157812657,598.0,2.8309688568115234,2.02683687210083,0.5953757762908936,-0.004494819324463606,524.0
285857,1653.17870921,596.0,2.846513032913208,2.023498058319092,0.5952216386795044,-0.004835320170968771,522.0
285877,1653.198485074,596.0,2.858609676361084,2.0214450359344482,0.595124363899231,-0.004852909594774246,522.0
285897,1653.218750994,596.0,2.8437745571136475,2.0203840732574463,0.5949839353561401,-0.004702889826148748,522.0
285917,1653.238029703,596.0,2.8502893447875977,2.0291748046875,0.5949011445045471,-0.0034569986164569855,522.0
285937,1653.258368776,595.0,2.853898525238037,2.0671238899230957,0.594643771648407,-0.0032256378326565027,521.0
285957,1653.277944179,595.0,2.8437139987945557,2.0787601470947266,0.5945693254470825,-0.004337875172495842,521.0
285977,1653.296405722,595.0,2.845458745956421,2.0645527839660645,0.5944593548774719,-0.0066039045341312885,528.0
285997,1653.316364316,600.0,2.8492894172668457,2.0440099239349365,0.5951347351074219,-0.005372292827814817,523.0
286017,1653.33613257,600.0,2.847500801086426,2.0507869720458984,0.5950329303741455,-0.004477458540350199,530.0
286037,1653.357448376,595.0,2.8464746475219727,2.0901377201080322,0.5947619676589966,-0.0037337657995522022,535.0
286057,1653.377385894,595.0,2.852311849594116,2.111894369125366,0.5946736335754395,-0.005496618803590536,525.0
286077,1653.39793298,597.0,2.844961643218994,2.0589170455932617,0.5948050618171692,-0.006013679783791304,526.0
286097,1653.418550289,597.0,2.849475145339966,2.052847146987915,0.594683051109314,-0.006169828120619059,523.0
286117,1653.438375516,598.0,2.8447105884552,2.043248414993286,0.5950021147727966,-0.004965031519532204,532.0
286137,1653.457618718,598.0,2.837735652923584,2.053417921066284,0.5949221849441528,-0.00258726067841053,540.0
286157,1653.478373873,597.0,2.8322525024414062,2.1170475482940674,0.5950586795806885,-3.6905083106830716e-05,523.0
286177,1653.497822394,597.0,2.7979531288146973,2.1489028930664062,0.595047652721405,-0.0014350806595757604,519.0
286197,1653.518663709,598.0,2.7505788803100586,2.159189224243164,0.5953205227851868,-0.003791197668761015,527.0
286217,1653.538388605,598.0,2.7451345920562744,2.1351823806762695,0.5952250957489014,-0.005400203634053469,524.0
286237,1653.557378224,596.0,2.769256830215454,2.128030300140381,0.5951099395751953,-0.005989417899399996,515.0
286257,1653.57678037,596.0,2.7585391998291016,2.122231960296631,0.5949401259422302,-0.004788125399500132,514.0
286277,1653.597148118,596.0,2.7496888637542725,2.1431570053100586,0.5948538780212402,-0.003972677979618311,509.0
286297,1653.616330163,598.0,2.7631676197052,2.167184591293335,0.5951419472694397,-0.0033798175863921642,518.0
286317,1653.636987605,598.0,2.785435199737549,2.1903035640716553,0.5950521230697632,-0.005719630513340235,510.0
286337,1653.657274603,598.0,2.797264337539673,2.1592507362365723,0.5952937602996826,-0.006592240184545517,510.0
286357,1653.677695744,598.0,2.8180370330810547,2.1447534561157227,0.595167338848114,-0.0057082399725914,514.0
286377,1653.69805437,599.0,2.843942642211914,2.169605255126953,0.5956068634986877,-0.0025989841669797897,513.0
286397,1653.717820156,599.0,2.863485336303711,2.1850907802581787,0.5955604910850525,-0.002131232526153326,511.0
286417,1653.737302626,598.0,2.8676042556762695,2.182340621948242,0.5957729816436768,-0.0018741416279226542,514.0
286437,1653.757366852,598.0,2.8763928413391113,2.1816296577453613,0.5957177877426147,-0.0037382780574262142,521.0
286457,1653.777362888,600.0,2.858022689819336,2.1296353340148926,0.5962014198303223,-0.00486794114112854,509.0
286477,1653.797251852,600.0,2.874248743057251,2.0946507453918457,0.5961107611656189,-0.003492925316095352,509.0
286497,1653.817047456,600.0,2.884688377380371,2.117520332336426,0.596563458442688,0.0008139044512063265,512.0
286517,1653.836791819,600.0,2.861515760421753,2.159419536590576,0.5965924859046936,0.001655627740547061,511.0
286537,1653.85706171,600.0,2.875737190246582,2.193681478500366,0.5966051816940308,-0.000815143168438226,525.0
286557,1653.877430581,596.0,2.9119863510131836,2.1550142765045166,0.5961722731590271,-0.006976153701543808,511.0
286577,1653.89766896,596.0,2.890059232711792,2.0454635620117188,0.5960186123847961,-0.00749343354254961,512.0
286597,1653.916716683,596.0,2.8879244327545166,2.030482530593872,0.5956760048866272,-0.0030571864917874336,511.0
286617,1653.936792686,596.0,2.9067468643188477,2.098886489868164,0.5956595540046692,0.000916740158572793,518.0
286637,1653.957579625,596.0,2.9027976989746094,2.1384475231170654,0.5955332517623901,-0.0003478081780485809,512.0
286657,1653.978091169,596.0,2.9261903762817383,2.1529440879821777,0.5954805612564087,-0.005112593062222004,517.0
286677,1653.997086065,598.0,2.9373059272766113,2.105821371078491,0.595604658126831,-0.009589227847754955,517.0
286697,1654.017859305,598.0,2.9182045459747314,2.048070192337036,0.5953981280326843,-0.010014529339969158,510.0
286717,1654.037650774,599.0,2.894420862197876,2.060048818588257,0.5957516431808472,-0.002200249582529068,510.0
286737,1654.056822189,599.0,2.886338233947754,2.1413323879241943,0.595755398273468,0.0017210374353453517,510.0
286757,1654.077507576,598.0,2.8950719833374023,2.163081407546997,0.5959355235099792,-0.0019190943567082286,512.0
286777,1654.097140311,598.0,2.8907113075256348,2.1346042156219482,0.5958340764045715,-0.007899186573922634,513.0
286797,1654.117659531,595.0,2.871657609939575,2.082753896713257,0.5953038334846497,-0.010168754495680332,510.0
286817,1654.137747268,595.0,2.865222692489624,2.0581278800964355,0.5951248407363892,-0.007295616902410984,509.0
286837,1654.156770922,595.0,2.8976738452911377,2.1017768383026123,0.595016360282898,-0.003785748267546296,520.0
286857,1654.17763765,600.0,2.9281513690948486,2.16150164604187,0.5956503748893738,-0.002768354257568717,509.0
286877,1654.197387966,600.0,2.924835681915283,2.1679625511169434,0.5955623388290405,-0.006080844905227423,515.0
286897,1654.216802957,595.0,2.9075944423675537,2.136167049407959,0.5951021909713745,-0.00995861366391182,512.0
286917,1654.23763238,595.0,2.8758082389831543,2.0954508781433105,0.5949034094810486,-0.00922186579555273,509.0
286937,1654.256618181,600.0,2.8823883533477783,2.1140575408935547,0.5955350399017334,-0.003974967636168003,511.0
286957,1654.277122491,600.0,2.9003398418426514,2.1437060832977295,0.595475971698761,-0.0023969595786184072,512.0
286977,1654.297848427,594.0,2.8948724269866943,2.150053024291992,0.5949279069900513,-0.006814123131334782,509.0
286997,1654.317831159,594.0,2.8738107681274414,2.1278114318847656,0.5947595834732056,-0.009385871700942516,509.0
287017,1654.337464998,596.0,2.8778810501098633,2.1403868198394775,0.5946217179298401,-0.008382326923310757,518.0
287037,1654.357126007,596.0,2.891831159591675,2.159695625305176,0.5944664478302002,-0.007178358267992735,510.0
287057,1654.377841979,599.0,2.917058229446411,2.1741840839385986,0.5949545502662659,-0.005685258656740189,509.0
287077,1654.396824306,599.0,2.925778865814209,2.1966164112091064,0.59482741355896,-0.007321673445403576,510.0
287097,1654.417329001,598.0,2.9121832847595215,2.1811633110046387,0.5946545600891113,-0.00963758397847414,522.0
287117,1654.438619403,598.0,2.905550003051758,2.1505377292633057,0.5948551893234253,-0.008542058989405632,512.0
287137,1654.457426566,598.0,2.906810760498047,2.1580817699432373,0.5946890711784363,-0.008153476752340794,521.0
287157,1654.478107694,600.0,2.894007921218872,2.145620107650757,0.59530109167099,-0.005360077600926161,511.0
287177,1654.497614995,600.0,2.906223773956299,2.162825584411621,0.5952000617980957,-0.004617047030478716,522.0
287197,1654.517857012,601.0,2.9201855659484863,2.1807563304901123,0.5960208773612976,-0.002412522444501519,518.0
287217,1654.53733331,601.0,2.9134907722473145,2.1876883506774902,0.5959590077400208,-0.003801241284236312,533.0
287237,1654.556904365,598.0,2.911078691482544,2.169351100921631,0.5960503220558167,-0.005239318590611219,534.0
287257,1654.577365034,598.0,2.925140857696533,2.141733169555664,0.595938503742218,-0.005516800098121166,536.0
287277,1654.596612727,597.0,2.925114631652832,2.1536617279052734,0.5958430171012878,-0.004425667226314545,527.0
287297,1654.617075734,597.0,2.9254310131073,2.1800568103790283,0.5957546830177307,-0.0045831091701984406,524.0
287317,1654.638204379,596.0,2.9238739013671875,2.1878747940063477,0.5954681038856506,-0.006288775708526373,533.0
287337,1654.657745021,596.0,2.921875476837158,2.188298463821411,0.5953246355056763,-0.008197146467864513,527.0
287357,1654.676863359,598.0,2.9107401371002197,2.139408588409424,0.5954286456108093,-0.009495526552200317,523.0
287377,1654.696992501,598.0,2.916395425796509,2.08412766456604,0.5952437520027161,-0.008593888953328133,525.0
287397,1654.716740487,598.0,2.926234722137451,2.1095359325408936,0.5950890779495239,-0.006945112720131874,531.0
287417,1654.737367345,597.0,2.8898653984069824,2.120107412338257,0.5950785279273987,-0.0056128595024347305,527.0
287437,1654.756261208,597.0,2.91489577293396,2.1310882568359375,0.5949825048446655,-0.004107440356165171,531.0
287457,1654.776127914,597.0,2.9767489433288574,2.182276964187622,0.5950274467468262,-0.005516938865184784,535.0
287477,1654.796034455,597.0,2.989051580429077,2.1463119983673096,0.5948764681816101,-0.009217520244419575,528.0
287497,1654.816106073,600.0,2.97585129737854,2.0988259315490723,0.5954654812812805,-0.008023384027183056,523.0
287517,1654.838475136,600.0,2.9592790603637695,2.069847822189331,0.5953319072723389,-0.004991601686924696,523.0
287537,1654.857147072,598.0,2.964975357055664,2.090221881866455,0.5955730676651001,-0.0008214856497943401,527.0
287557,1654.876229594,598.0,2.967763900756836,2.158790349960327,0.5955623984336853,-0.0006321485270746052,533.0
287577,1654.896050691,598.0,2.9804816246032715,2.1777069568634033,0.5957685112953186,-0.003229229710996151,534.0
287597,1654.916437112,598.0,2.9823992252349854,2.1669199466705322,0.5956568121910095,-0.0076254429295659065,523.0
287617,1654.937278636,595.0,2.977652072906494,2.098097801208496,0.5951599478721619,-0.00830093678086996,523.0
287637,1654.956719651,595.0,2.971611976623535,2.1066830158233643,0.5950230360031128,-0.005226985085755587,524.0
287657,1654.977049353,595.0,2.978196144104004,2.1584975719451904,0.5949442386627197,-0.0030215384904295206,525.0
287677,1654.996077335,595.0,2.968048572540283,2.193437099456787,0.5946248769760132,-0.005064778495579958,535.0
287697,1655.016108821,595.0,2.947962760925293,2.1778972148895264,0.594507098197937,-0.006443674676120281,528.0
287717,1655.036930176,599.0,2.959702730178833,2.18876314163208,0.5949743390083313,-0.0060594393871724606,528.0
287737,1655.056039746,599.0,2.968860149383545,2.1914334297180176,0.5948379635810852,-0.00744213443249464,522.0
287757,1655.075311094,599.0,2.97812819480896,2.179330825805664,0.595228910446167,-0.005123652517795563,522.0
287777,1655.096567763,599.0,3.0100743770599365,2.209408760070801,0.5951517820358276,-0.0027416509110480547,522.0
287797,1655.116452094,596.0,3.026517629623413,2.243675708770752,0.5950368642807007,-0.0035890641156584024,522.0
287817,1655.13731327,596.0,3.0004069805145264,2.2110815048217773,0.5949230790138245,-0.007751703727990389,522.0
287837,1655.156485789,597.0,2.987236499786377,2.1584811210632324,0.5949444770812988,-0.008108464069664478,522.0
287857,1655.176584059,597.0,2.983771562576294,2.1691341400146484,0.5948042869567871,-0.005609236657619476,521.0
287877,1655.196816874,595.0,2.9807374477386475,2.1845366954803467,0.5945580005645752,-0.0029795218724757433,521.0
287897,1655.216057915,595.0,2.970073699951172,2.222174644470215,0.5945121049880981,-0.0019074943847954273,521.0
287917,1655.238588663,601.0,2.967315673828125,2.2482786178588867,0.5954235196113586,-0.002061777748167515,522.0
287937,1655.256569519,601.0,2.963437080383301,2.224968194961548,0.595335841178894,-0.006787231657654047,526.0
287957,1655.276547837,596.0,2.9682960510253906,2.1677348613739014,0.5951747298240662,-0.008584829047322273,537.0
287977,1655.297321212,596.0,2.9818787574768066,2.148050546646118,0.5949288606643677,-0.006114520598202944,522.0
287997,1655.316114993,596.0,3.0088226795196533,2.1823275089263916,0.5948337316513062,-0.003891359083354473,528.0
288017,1655.338789193,599.0,3.0069899559020996,2.18678617477417,0.5952738523483276,-0.004436735529452562,535.0
288037,1655.356598019,599.0,2.97788667678833,2.134488344192505,0.5951704382896423,-0.0048582544550299644,522.0
288057,1655.377148925,596.0,2.964780330657959,2.137482166290283,0.5950427651405334,-0.003713239450007677,522.0
288077,1655.396154773,596.0,2.964212656021118,2.1646037101745605,0.5949708223342896,-0.0033623790368437767,521.0
288097,1655.416632481,599.0,2.9783754348754883,2.1745550632476807,0.5954702496528625,-0.0010051088174805045,528.0
288117,1655.438708048,599.0,3.000758171081543,2.207530975341797,0.5954535007476807,-0.0009008724591694772,525.0
288137,1655.456615073,596.0,3.0054028034210205,2.2056119441986084,0.595294713973999,-0.004208453930914402,527.0
288157,1655.476813709,596.0,2.973583698272705,2.196164608001709,0.5951777100563049,-0.007181866094470024,528.0
288177,1655.496324705,601.0,2.9616546630859375,2.1566548347473145,0.5959181189537048,-0.0045616477727890015,526.0
288197,1655.516702452,601.0,2.992462635040283,2.1694161891937256,0.5958502888679504,-0.0022812006063759327,534.0
288217,1655.538808538,598.0,3.0091326236724854,2.1938388347625732,0.5959697365760803,-0.0008861754322424531,535.0
288237,1655.556374354,598.0,3.0043985843658447,2.200697183609009,0.5959439873695374,-0.0018195079173892736,539.0
288257,1655.576326523,598.0,2.986243963241577,2.2035105228424072,0.5958954691886902,-0.002731255255639553,521.0
288277,1655.597368445,597.0,2.9799728393554688,2.17990779876709,0.5957788228988647,-0.004433867987245321,519.0
288297,1655.615725452,597.0,2.9968149662017822,2.1254982948303223,0.5956615209579468,-0.007190733216702938,514.0
288317,1655.636783687,599.0,3.009864091873169,2.0911448001861572,0.5958992838859558,-0.005826192907989025,510.0
288337,1655.656877009,599.0,3.033390522003174,2.11736798286438,0.5958069562911987,-0.003241628874093294,510.0
288357,1655.676148118,600.0,3.0182037353515625,2.14467191696167,0.5963566303253174,0.0007255279924720526,509.0
288377,1655.696837808,600.0,3.0148518085479736,2.180670976638794,0.5963758826255798,0.00043207063572481275,511.0
288397,1655.715960729,596.0,3.0308899879455566,2.1875813007354736,0.5960540175437927,-0.004338787868618965,513.0
288417,1655.736680844,596.0,3.057115316390991,2.1562774181365967,0.5959368348121643,-0.006663189269602299,521.0
288437,1655.755867962,596.0,3.072023630142212,2.1747138500213623,0.5956178903579712,-0.005686967168003321,511.0
288457,1655.775711101,596.0,3.0505034923553467,2.1634602546691895,0.5955304503440857,-0.0029434380121529102,513.0
288477,1655.795320996,597.0,3.02378249168396,2.179624557495117,0.5955405831336975,-0.0027606564108282328,518.0
288497,1655.815892882,597.0,3.00262713432312,2.1677334308624268,0.5954475998878479,-0.0065369089134037495,514.0
288517,1655.835387624,595.0,2.974423408508301,2.139024496078491,0.5952906012535095,-0.008596077561378479,510.0
288537,1655.855601478,595.0,2.9828500747680664,2.1543197631835938,0.5948086977005005,-0.008671658113598824,519.0
288557,1655.875440973,595.0,2.9761407375335693,2.179126739501953,0.594640851020813,-0.00795624777674675,524.0
288577,1655.896052998,596.0,2.9555606842041016,2.1839427947998047,0.5945096015930176,-0.005573932081460953,510.0
288597,1655.916344843,596.0,2.955467462539673,2.234567403793335,0.5943945050239563,-0.0065422942861914635,513.0
288617,1655.935069502,597.0,2.9413902759552,2.211779832839966,0.5944732427597046,-0.008919176645576954,516.0
288637,1655.95544044,597.0,2.925062417984009,2.181631565093994,0.5942786335945129,-0.010011252015829086,523.0
288657,1655.975336909,602.0,2.942706346511841,2.175765037536621,0.5953863263130188,-0.00473059993237257,521.0
288677,1655.995893174,602.0,2.9735519886016846,2.2118406295776367,0.5953090786933899,-0.003085613716393709,522.0
288697,1656.015327127,603.0,2.97998309135437,2.2314987182617188,0.596489429473877,-0.0001358137233182788,519.0
288717,1656.035122629,603.0,2.9508817195892334,2.2343947887420654,0.5964828729629517,-0.0003910368250217289,517.0
288737,1656.055308409,598.0,2.9461491107940674,2.2276270389556885,0.5965353846549988,-0.0016844926867634058,513.0
288757,1656.075684472,598.0,2.9581384658813477,2.2105228900909424,0.5964725017547607,-0.004381407517939806,515.0
288777,1656.096144355,597.0,2.982205390930176,2.1854629516601562,0.5962446928024292,-0.004613951314240694,509.0
288797,1656.115525865,597.0,2.9975404739379883,2.186899185180664,0.5961766839027405,-0.0019362716702744365,510.0
288817,1656.135993793,597.0,2.9729983806610107,2.210496187210083,0.5961616635322571,0.00035824437509290874,514.0
288837,1656.155583027,597.0,2.9821317195892334,2.2340049743652344,0.5960646867752075,-0.0007818594458512962,512.0
288857,1656.176063446,597.0,2.9706599712371826,2.2482495307922363,0.5960204601287842,-0.0035011623986065388,514.0
288877,1656.194982464,600.0,2.9564547538757324,2.22706937789917,0.5964410901069641,-0.002864501904696226,514.0
288897,1656.216509297,600.0,2.9676618576049805,2.2254505157470703,0.5963937044143677,-0.0016626047436147928,509.0
288917,1656.235533008,597.0,2.9839062690734863,2.2301671504974365,0.5962286591529846,-0.0011352343717589974,509.0
288937,1656.256464893,597.0,2.976785182952881,2.2481868267059326,0.5962042212486267,-0.0012060726294294,509.0
288957,1656.275827307,599.0,2.962092638015747,2.2528040409088135,0.5964836478233337,-0.0017544261645525694,513.0
288977,1656.296567234,599.0,2.944303274154663,2.2399954795837402,0.5964386463165283,-0.0024358644150197506,509.0
288997,1656.315550368,597.0,2.9439754486083984,2.240354061126709,0.5962897539138794,-0.0021849493496119976,512.0
289017,1656.336572434,597.0,2.9572479724884033,2.234449863433838,0.5962457656860352,-0.0021250899881124496,509.0
289037,1656.355783174,598.0,2.9388344287872314,2.236682653427124,0.5963308811187744,-0.0005078712129034102,514.0
289057,1656.376612505,598.0,2.922041893005371,2.276362657546997,0.5963312387466431,0.0003745662688743323,509.0
289077,1656.395901464,597.0,2.9249165058135986,2.3095269203186035,0.5961968302726746,-0.0014642872847616673,514.0
289097,1656.416565236,597.0,2.9488651752471924,2.2881336212158203,0.5961325764656067,-0.005004396662116051,509.0
289117,1656.436324081,597.0,2.932241916656494,2.2534732818603516,0.59600830078125,-0.006834640167653561,517.0
289137,1656.45625948,597.0,2.9268808364868164,2.2278199195861816,0.5958165526390076,-0.005184941925108433,513.0
289157,1656.475516508,597.0,2.9202120304107666,2.249112129211426,0.5957414507865906,-0.0024221816565841436,511.0
289177,1656.496138237,595.0,2.9081454277038574,2.266118288040161,0.5953031182289124,-0.0026781358756124973,518.0
289197,1656.515534452,595.0,2.901305913925171,2.2649195194244385,0.5952491760253906,-0.0027922834269702435,511.0
289217,1656.536045862,598.0,2.940619468688965,2.3036866188049316,0.5954931378364563,-0.0035595945082604885,519.0
289237,1656.555710355,598.0,2.9494543075561523,2.29951548576355,0.5954076647758484,-0.004930777475237846,522.0
289257,1656.576571497,597.0,2.925111770629883,2.2810044288635254,0.5953994989395142,-0.0045575350522994995,535.0
289277,1656.595590271,597.0,2.9085819721221924,2.2841618061065674,0.5953202843666077,-0.0033489505294710398,535.0
289297,1656.616163841,598.0,2.916255474090576,2.303612232208252,0.5955442786216736,-0.0031505965162068605,529.0
289317,1656.634770953,598.0,2.9372856616973877,2.2925221920013428,0.5954712629318237,-0.00389614119194448,531.0
289337,1656.656335716,596.0,2.955897569656372,2.289337396621704,0.5952939987182617,-0.0027632201090455055,528.0
289357,1656.675135745,596.0,2.955976724624634,2.3053629398345947,0.595257043838501,-0.0010965161491185427,527.0
289377,1656.695999347,597.0,2.944037437438965,2.3149807453155518,0.595221221446991,-0.00303523987531662,523.0
289397,1656.715533629,597.0,2.92748761177063,2.274782657623291,0.5952147841453552,-0.00465922337025404,522.0
289417,1656.736361525,597.0,2.9489288330078125,2.2811877727508545,0.595130980014801,-0.0035615151282399893,535.0
289437,1656.756172344,598.0,2.975484848022461,2.3345232009887695,0.5953649282455444,-0.0014986632158979774,531.0
289457,1656.775143064,598.0,2.982666015625,2.3594725131988525,0.5953318476676941,-0.0018565177451819181,532.0
289477,1656.795698187,597.0,2.984671115875244,2.3480982780456543,0.5953260064125061,-0.0036377704236656427,526.0
289497,1656.816359686,597.0,2.954835891723633,2.3179314136505127,0.5952337980270386,-0.005405924282968044,528.0
289517,1656.835833511,598.0,2.93192458152771,2.293104887008667,0.5954423546791077,-0.004488672595471144,525.0
289537,1656.856091128,598.0,2.9276933670043945,2.3138866424560547,0.5953584909439087,-0.003974813502281904,521.0
289557,1656.875249089,597.0,2.899055242538452,2.3216986656188965,0.5953840613365173,-0.002761635696515441,522.0
289577,1656.896152109,597.0,2.8808867931365967,2.3488311767578125,0.5953410267829895,-0.0017507091397419572,527.0
289597,1656.915093364,596.0,2.8941545486450195,2.3636090755462646,0.5952118039131165,-0.002717909635975957,528.0
289617,1656.935860715,596.0,2.911614179611206,2.365413188934326,0.5951337814331055,-0.005018273834139109,522.0
289637,1656.955916624,599.0,2.9149019718170166,2.3596770763397217,0.595536470413208,-0.003946223296225071,524.0
289657,1656.975992608,599.0,2.9200496673583984,2.3726022243499756,0.5954659581184387,-0.0030650333501398563,534.0
289677,1656.995399324,599.0,2.8979833126068115,2.368157148361206,0.5954115390777588,-0.0022930768318474293,536.0
289697,1657.015818298,599.0,2.887502670288086,2.4100544452667236,0.5957982540130615,-0.0015521330060437322,525.0
289717,1657.035105841,599.0,2.878540277481079,2.3963427543640137,0.5957424640655518,-0.004069260787218809,536.0
289737,1657.054806964,599.0,2.9052751064300537,2.3345630168914795,0.5960018634796143,-0.004839592147618532,523.0
289757,1657.074799275,599.0,2.9426090717315674,2.3581647872924805,0.5959218144416809,-0.0030170618556439877,525.0
289777,1657.095364329,599.0,2.948909044265747,2.384364366531372,0.5962035059928894,-1.2044702089042403e-06,531.0
289797,1657.115802054,599.0,2.914381265640259,2.417203903198242,0.5962218642234802,0.0013579066144302487,522.0
289817,1657.134970714,597.0,2.876260280609131,2.4482102394104004,0.5961396098136902,-0.0018963769543915987,530.0
289837,1657.154982932,597.0,2.8836421966552734,2.403563976287842,0.5960522890090942,-0.00647062947973609,521.0
289857,1657.175476346,596.0,2.9005632400512695,2.3551251888275146,0.5956873893737793,-0.00829086173325777,521.0
289877,1657.193985619,596.0,2.8925678730010986,2.3560194969177246,0.5955460071563721,-0.005205458961427212,522.0
289897,1657.21407921,598.0,2.866302490234375,2.3959856033325195,0.5957369804382324,-0.00014308140089269727,522.0
289917,1657.234093839,598.0,2.878920078277588,2.465986967086792,0.5957545042037964,0.0014620356960222125,529.0
289937,1657.254828189,596.0,2.885779857635498,2.4995956420898438,0.5955425500869751,-0.0011849834118038416,522.0
289957,1657.274385138,596.0,2.887010335922241,2.4638259410858154,0.5954822897911072,-0.004606334026902914,521.0
289977,1657.29499546,596.0,2.8796746730804443,2.427962303161621,0.5953683853149414,-0.006427710875868797,529.0
289997,1657.314312458,601.0,2.8868143558502197,2.4094178676605225,0.5960807800292969,-0.002048840746283531,531.0
290017,1657.334140187,601.0,2.8965983390808105,2.427603006362915,0.5960639119148254,9.834707270783838e-06,523.0
290037,1657.354461393,598.0,2.915626287460327,2.451730728149414,0.596161425113678,-0.0005897076334804296,522.0
290057,1657.37423295,598.0,2.9290077686309814,2.4520459175109863,0.5961113572120667,-0.004475174937397242,524.0
290077,1657.394417695,597.0,2.897214889526367,2.3671045303344727,0.5958952307701111,-0.006033316720277071,522.0
290097,1657.414810288,597.0,2.8498687744140625,2.3203225135803223,0.5957783460617065,-0.005401786882430315,524.0
290117,1657.434690401,599.0,2.848222017288208,2.315890312194824,0.5960996150970459,-0.0023537033703178167,534.0
290137,1657.454206638,599.0,2.8533084392547607,2.363793134689331,0.5960837006568909,0.0005314702284522355,525.0
290157,1657.474421517,594.0,2.8610100746154785,2.3898544311523438,0.5954920649528503,4.9860940634971485e-05,532.0
290177,1657.494937535,594.0,2.864030361175537,2.4193105697631836,0.5954805016517639,-0.00166118994820863,526.0
290197,1657.514892801,593.0,2.8698885440826416,2.415492534637451,0.5947331786155701,-0.006824084557592869,535.0
290217,1657.534111817,593.0,2.871900796890259,2.37882661819458,0.5945813655853271,-0.007760386914014816,524.0
290237,1657.554389764,599.0,2.8760225772857666,2.3668129444122314,0.5950456857681274,-0.003996111452579498,532.0
290257,1657.574441228,599.0,2.8846874237060547,2.4048855304718018,0.5949773788452148,-0.0032333191484212875,537.0
290277,1657.593674213,599.0,2.8951189517974854,2.397517442703247,0.5948967933654785,-0.004803287796676159,526.0
290297,1657.615336651,596.0,2.902963161468506,2.3783414363861084,0.5947217345237732,-0.007626841310411692,514.0
290317,1657.634742352,596.0,2.8797719478607178,2.316589593887329,0.5945419073104858,-0.009812968783080578,511.0
290337,1657.654455021,601.0,2.869220733642578,2.2816648483276367,0.5953459143638611,-0.004771234467625618,511.0
290357,1657.674617128,601.0,2.8964731693267822,2.3596749305725098,0.5952861309051514,-0.0013368885265663266,512.0
290377,1657.694975137,595.0,2.9011223316192627,2.402729034423828,0.5949966311454773,-0.0005264471401460469,510.0
290397,1657.714117815,595.0,2.9203288555145264,2.4531960487365723,0.5949800610542297,-0.001512529095634818,513.0
290417,1657.734944718,598.0,2.9376678466796875,2.4926915168762207,0.5952575206756592,-0.004103067331016064,515.0
290437,1657.754311567,598.0,2.934877395629883,2.46811842918396,0.5951483845710754,-0.006772893015295267,517.0
290457,1657.77408196,598.0,2.9004604816436768,2.44051194190979,0.5953145623207092,-0.007176396902650595,519.0
290477,1657.794787141,598.0,2.877509832382202,2.42964506149292,0.5951929688453674,-0.004647358786314726,516.0
290497,1657.814749056,597.0,2.896296501159668,2.4820499420166016,0.5952444672584534,-0.00217906991019845,514.0
290517,1657.835116952,597.0,2.918025255203247,2.498485803604126,0.5951938033103943,-0.003196520498022437,514.0
290537,1657.855063039,598.0,2.9263193607330322,2.4827640056610107,0.5951070189476013,-0.005479029379785061,517.0
290557,1657.874076779,598.0,2.934661388397217,2.4574432373046875,0.5952551960945129,-0.007194830570369959,510.0
290577,1657.893797086,598.0,2.9110894203186035,2.414254903793335,0.5951151251792908,-0.006238014902919531,515.0
290597,1657.914226994,595.0,2.928654432296753,2.4169981479644775,0.5947285890579224,-0.003829512745141983,514.0
290617,1657.934224114,595.0,2.9611222743988037,2.4704949855804443,0.5946712493896484,-0.0022311697248369455,515.0
290637,1657.954628253,599.0,2.9732866287231445,2.5087976455688477,0.5951637029647827,-0.002104551997035742,515.0
290657,1657.974779812,599.0,2.958104133605957,2.5319128036499023,0.595106303691864,-0.0037251270841807127,513.0
290677,1657.994751046,595.0,2.9351940155029297,2.520113945007324,0.5947524309158325,-0.0067114136181771755,510.0
290697,1658.015070671,595.0,2.916740655899048,2.4761884212493896,0.5946057438850403,-0.007465341128408909,519.0
290717,1658.034076775,598.0,2.9307358264923096,2.448849678039551,0.5948874950408936,-0.0056265778839588165,519.0
290737,1658.054828346,598.0,2.942154884338379,2.473931074142456,0.5948066115379333,-0.0023017842322587967,516.0
290757,1658.075994925,601.0,2.9478464126586914,2.5495519638061523,0.5957019329071045,0.0010655770311132073,514.0
290777,1658.093961818,601.0,2.92374324798584,2.5563175678253174,0.5957030057907104,-0.0012822295539081097,516.0
290797,1658.114706026,597.0,2.9158055782318115,2.5288376808166504,0.5956544280052185,-0.004696851596236229,510.0
290817,1658.135120212,597.0,2.9323313236236572,2.5051565170288086,0.5955381989479065,-0.0063111563213169575,511.0
290837,1658.154757176,597.0,2.9269042015075684,2.492805242538452,0.5954417586326599,-0.002661747159436345,522.0
290857,1658.173984312,595.0,2.9355275630950928,2.5621509552001953,0.5950717329978943,0.001252343994565308,510.0
290877,1658.195257433,595.0,2.933414936065674,2.63482666015625,0.5950939655303955,0.0004005461814813316,516.0
290897,1658.214173383,600.0,2.9267122745513916,2.6288702487945557,0.5957080125808716,-0.002897651167586446,510.0
290917,1658.234752937,600.0,2.94400691986084,2.5983877182006836,0.5956067442893982,-0.00679562846198678,512.0
290937,1658.254381577,598.0,2.938265800476074,2.5665652751922607,0.5956336259841919,-0.006387780420482159,510.0
290957,1658.274754494,598.0,2.928891181945801,2.56012225151062,0.5955482721328735,-0.0017683332553133368,511.0
290977,1658.294077713,597.0,2.9395031929016113,2.6025125980377197,0.5955849289894104,0.0016899659531190991,513.0
290997,1658.314909938,597.0,2.9639391899108887,2.627530813217163,0.595607340335846,-0.00024336071510333568,510.0
291017,1658.334043863,597.0,2.9731333255767822,2.6140596866607666,0.5955595970153809,-0.006173254456371069,510.0
291037,1658.353783032,597.0,2.9420833587646484,2.5219829082489014,0.5953773856163025,-0.011278800666332245,512.0
291057,1658.374602033,601.0,2.9360764026641846,2.4154441356658936,0.5960102677345276,-0.006355778779834509,509.0
291077,1658.395074187,601.0,2.9476206302642822,2.435812473297119,0.5959540009498596,0.0006649368442595005,510.0
291097,1658.413959233,599.0,2.9503533840179443,2.5012669563293457,0.5963448286056519,0.005671693477779627,510.0
291117,1658.43508044,599.0,2.9568278789520264,2.570415496826172,0.5964668393135071,0.0057247113436460495,513.0
291137,1658.454461088,606.0,2.9866132736206055,2.6090190410614014,0.5965297222137451,0.00030151961254887283,513.0
291157,1658.47405281,606.0,2.9978139400482178,2.548502206802368,0.5980246067047119,-0.002281149150803685,512.0
291177,1658.494092717,606.0,2.97353196144104,2.462872266769409,0.5979652404785156,-0.0028667065780609846,526.0
291197,1658.514795662,596.0,2.9588446617126465,2.4573237895965576,0.5972796678543091,-0.0006125586805865169,527.0
291217,1658.535304427,596.0,2.958148717880249,2.4782402515411377,0.5973182320594788,0.004513883963227272,516.0
291237,1658.554650786,599.0,2.9515910148620605,2.617565631866455,0.5974787473678589,0.006833611521869898,525.0
291257,1658.573037422,599.0,2.9509332180023193,2.6575841903686523,0.5975364446640015,0.004754883702844381,569.0
291277,1658.593193162,596.0,2.9209985733032227,2.6169519424438477,0.5970243811607361,-0.006610467564314604,524.0
291297,1658.61286804,596.0,2.9006500244140625,2.518282890319824,0.5968990325927734,-0.00794818252325058,567.0
291317,1658.632430691,597.0,2.902348518371582,2.5224664211273193,0.5965741872787476,-0.005857439711689949,564.0
291337,1658.652552732,597.0,2.8803536891937256,2.5487220287323,0.5965023636817932,-0.0013760841684415936,571.0
291357,1658.672703428,597.0,2.8807201385498047,2.583449125289917,0.596365213394165,0.0007491118158213794,559.0
291377,1658.693984996,597.0,2.922025203704834,2.6263153553009033,0.5963547229766846,-0.0024376935325562954,558.0
291397,1658.713288349,595.0,2.9062674045562744,2.6074159145355225,0.5957991480827332,-0.007858769968152046,554.0
291417,1658.733909496,595.0,2.887087345123291,2.5785255432128906,0.5956398844718933,-0.007600872777402401,555.0
291437,1658.753263289,595.0,2.896979808807373,2.5846216678619385,0.5954949259757996,-0.006991593167185783,574.0
291457,1658.773920306,598.0,2.8903744220733643,2.5681405067443848,0.5955779552459717,-0.0050348276272416115,559.0
291477,1658.793614673,598.0,2.8976638317108154,2.570683002471924,0.5954888463020325,-0.003962897229939699,553.0
291497,1658.813039048,600.0,2.9204330444335938,2.5858194828033447,0.5959839820861816,-0.003357784589752555,555.0
291517,1658.833186998,600.0,2.946467161178589,2.5754644870758057,0.5958811044692993,-0.006888159550726414,556.0
291537,1658.853359791,597.0,2.920501708984375,2.529085636138916,0.5956771969795227,-0.00766788050532341,568.0
291557,1658.873290677,597.0,2.8997061252593994,2.4970204830169678,0.5955529808998108,-0.004490158054977655,556.0
291577,1658.893063613,599.0,2.9363768100738525,2.5566351413726807,0.5959038734436035,-0.001816889620386064,560.0
291597,1658.914058695,599.0,2.9550068378448486,2.5946574211120605,0.5958654880523682,-0.0022927713580429554,559.0
291617,1658.933583289,594.0,2.9355461597442627,2.61639142036438,0.5952315926551819,-0.005234618205577135,557.0
291637,1658.954664557,594.0,2.910918712615967,2.6136248111724854,0.59511399269104,-0.006367284804582596,553.0
291657,1658.974799887,601.0,2.8983445167541504,2.613633632659912,0.5958489179611206,-0.004309552721679211,555.0
291677,1658.994098651,601.0,2.9073822498321533,2.6018357276916504,0.5957585573196411,-0.004754448309540749,556.0
291697,1659.012930072,597.0,2.913301706314087,2.566075563430786,0.5956752300262451,-0.004712353460490704,566.0
291717,1659.033866289,597.0,2.911691427230835,2.54773211479187,0.5955974459648132,-0.002806543605402112,553.0
291737,1659.054053357,597.0,2.9240546226501465,2.5615200996398926,0.5955633521080017,-0.0006780150579288602,568.0
291757,1659.073476429,600.0,2.9417479038238525,2.596480131149292,0.5961155891418457,0.0003874900285154581,562.0
291777,1659.093157278,600.0,2.943995952606201,2.6217968463897705,0.5960912704467773,-0.0030262155923992395,553.0
291797,1659.113641625,599.0,2.9082019329071045,2.587947130203247,0.5962629914283752,-0.005882170516997576,553.0
291817,1659.133376717,599.0,2.8897883892059326,2.5536305904388428,0.5961484313011169,-0.005006859079003334,553.0
291837,1659.154366369,596.0,2.8773155212402344,2.5809836387634277,0.5957788825035095,-0.003538173856213689,552.0
291857,1659.174041611,596.0,2.881951332092285,2.6034297943115234,0.5957326292991638,-0.0012844180455431342,553.0
291877,1659.194545836,599.0,2.9166102409362793,2.6286699771881104,0.5960716009140015,-0.0020309712272137403,552.0
291897,1659.213643172,599.0,2.9089064598083496,2.616149425506592,0.5960007309913635,-0.005049063358455896,558.0
291917,1659.234497685,599.0,2.8628525733947754,2.579047441482544,0.596227765083313,-0.005500630475580692,553.0
291937,1659.255357552,599.0,2.843670606613159,2.5703656673431396,0.5961306691169739,-0.0037933255080133677,553.0
291957,1659.274497848,599.0,2.855790853500366,2.601984739303589,0.5963819622993469,-0.0009173572761937976,553.0
291977,1659.292982087,599.0,2.891950845718384,2.6244561672210693,0.5963712334632874,-0.000323718209983781,552.0
291997,1659.313527551,600.0,2.9565236568450928,2.645928382873535,0.5963506102561951,-0.0019230833277106285,569.0
292017,1659.333127167,600.0,2.9650332927703857,2.6434671878814697,0.5966992378234863,-0.0028668460436165333,554.0
292037,1659.355636557,600.0,2.933995008468628,2.624755620956421,0.5966435670852661,-0.0023670068476349115,561.0
292057,1659.373341467,598.0,2.921454429626465,2.6027493476867676,0.5965807437896729,-0.0017931362381204963,553.0
292077,1659.393903053,598.0,2.9377994537353516,2.570713758468628,0.5965369939804077,-0.002599947154521942,556.0
292097,1659.414098062,595.0,2.9358716011047363,2.5633013248443604,0.5959072113037109,-0.005188388284295797,553.0
292117,1659.433095702,595.0,2.955134630203247,2.5664455890655518,0.595794141292572,-0.005187011789530516,556.0
292137,1659.455814447,598.0,2.948082208633423,2.6016883850097656,0.5958420038223267,-0.0038193699438124895,558.0
292157,1659.473663647,598.0,2.921041488647461,2.6097588539123535,0.5957638621330261,-0.004276050254702568,566.0
292177,1659.494569324,598.0,2.913543462753296,2.575338840484619,0.59586101770401,-0.005352559965103865,556.0
292197,1659.513586113,598.0,2.931519031524658,2.5720348358154297,0.5957406759262085,-0.006643808912485838,562.0
292217,1659.533784758,598.0,2.9282214641571045,2.552725315093994,0.5958153605461121,-0.005868004634976387,556.0
292237,1659.55516853,598.0,2.898862838745117,2.5478665828704834,0.5957174897193909,-0.003994734492152929,556.0
292257,1659.574649045,597.0,2.9157001972198486,2.5618672370910645,0.5956593751907349,-0.0037199552170932293,553.0
292277,1659.593838633,597.0,2.9747636318206787,2.5740950107574463,0.5955735445022583,-0.0050238496623933315,569.0
292297,1659.613183124,597.0,2.9765050411224365,2.5777833461761475,0.5954539775848389,-0.006839873734861612,563.0
292317,1659.633804224,598.0,2.9202349185943604,2.5633180141448975,0.5955356359481812,-0.005635564215481281,567.0
292337,1659.655384519,598.0,2.905830144882202,2.5650486946105957,0.5954530239105225,-0.0024631835985928774,519.0
292357,1659.673323478,599.0,2.9336791038513184,2.610581398010254,0.5958094000816345,-0.0010218288516625762,516.0
292377,1659.693794956,599.0,2.9443342685699463,2.618391752243042,0.5957650542259216,-0.0035734425764530897,518.0
292397,1659.712946359,595.0,2.9498133659362793,2.61053204536438,0.5952532887458801,-0.006669287569820881,515.0
292417,1659.733802811,595.0,2.9349637031555176,2.5943198204040527,0.5951127409934998,-0.007101740222424269,516.0
292437,1659.754415539,596.0,2.898390769958496,2.561275005340576,0.5948938727378845,-0.005097700282931328,511.0
292457,1659.77355415,596.0,2.9284048080444336,2.589979887008667,0.5948050618171692,-0.004420408979058266,516.0
292477,1659.793725272,598.0,2.9553065299987793,2.608173370361328,0.5950658917427063,-0.005793682765215635,515.0
292497,1659.812619015,598.0,2.979534149169922,2.618279218673706,0.5949294567108154,-0.007784590125083923,518.0
292517,1659.833827581,591.0,2.976853132247925,2.605717658996582,0.5938306450843811,-0.010453352704644203,511.0
292537,1659.854791875,591.0,2.9581644535064697,2.5873539447784424,0.593633770942688,-0.009221142157912254,520.0
292557,1659.872151703,598.0,2.9499292373657227,2.565873861312866,0.593456506729126,-0.008543401956558228,515.0
292577,1659.891508451,598.0,2.953303337097168,2.5629806518554688,0.5939091444015503,-0.006886035669595003,512.0
292597,1659.911269883,598.0,2.9648854732513428,2.578321695327759,0.5937747955322266,-0.006548660341650248,514.0
292617,1659.932733225,598.0,2.967862844467163,2.5956451892852783,0.5941765308380127,-0.005604819394648075,511.0
292637,1659.953972264,598.0,2.9602861404418945,2.6050612926483154,0.5940513610839844,-0.006908644922077656,510.0
292657,1659.972995298,598.0,2.964967966079712,2.594050645828247,0.5943763256072998,-0.006796264089643955,516.0
292677,1659.993075812,598.0,2.9655678272247314,2.571331739425659,0.5942431092262268,-0.006330947391688824,510.0
292697,1660.012616203,599.0,2.970348834991455,2.576416254043579,0.5947532057762146,-0.0030169968958944082,513.0
292717,1660.032369774,599.0,2.9757320880889893,2.631618022918701,0.5946946144104004,-0.0030993614345788956,523.0
292737,1660.053251969,598.0,2.9708006381988525,2.648850202560425,0.5949499011039734,-0.003992556128650904,510.0
292757,1660.072099452,598.0,2.965595006942749,2.644430160522461,0.5948451161384583,-0.006431573536247015,521.0
292777,1660.093264644,594.0,2.952467679977417,2.6165664196014404,0.5943313837051392,-0.008003879338502884,517.0
292797,1660.112127609,594.0,2.9641637802124023,2.602931499481201,0.594167172908783,-0.008278999477624893,518.0
292817,1660.132388797,599.0,2.943486452102661,2.610595703125,0.5946984887123108,-0.0042393384501338005,523.0
292837,1660.15306045,599.0,2.9305851459503174,2.6698756217956543,0.5946395993232727,-0.001605518045835197,509.0
292857,1660.172953464,593.0,2.9517054557800293,2.7318897247314453,0.594612717628479,-0.0018517697462812066,521.0
292877,1660.19303243,593.0,2.9670989513397217,2.7351508140563965,0.5939663648605347,-0.007530209608376026,509.0
292897,1660.212362211,593.0,2.9674417972564697,2.6978368759155273,0.5937789678573608,-0.010911745019257069,527.0
292917,1660.232104507,597.0,2.9751369953155518,2.6594936847686768,0.5938972234725952,-0.0098812784999609,510.0
292937,1660.252433846,597.0,2.9757699966430664,2.641188383102417,0.5937344431877136,-0.0062097362242639065,511.0
292957,1660.272690006,598.0,2.9903829097747803,2.6528427600860596,0.5941658616065979,-0.002067387104034424,514.0
292977,1660.292809716,598.0,3.00858211517334,2.6951162815093994,0.594132661819458,-0.0016117464983835816,515.0
292997,1660.312927265,598.0,3.015153169631958,2.746922254562378,0.5945094227790833,-0.002528019016608596,510.0
293017,1660.33287748,598.0,3.0298306941986084,2.754307270050049,0.594434916973114,-0.005120544228702784,511.0
293037,1660.353129685,600.0,3.0396292209625244,2.721172332763672,0.5950914621353149,-0.00798998586833477,509.0
293057,1660.37261323,600.0,3.0108633041381836,2.649900436401367,0.5949274301528931,-0.007594926282763481,509.0
293077,1660.392508823,599.0,3.0109965801239014,2.6852521896362305,0.5953390598297119,-0.0016635461943224072,512.0
293097,1660.412376577,599.0,3.0273184776306152,2.7524285316467285,0.5953381061553955,0.0009105053613893688,509.0
293117,1660.43274832,598.0,3.048182249069214,2.782862663269043,0.5955572724342346,-0.0010647343005985022,514.0
293137,1660.453186189,598.0,3.0638232231140137,2.7760708332061768,0.595483660697937,-0.006138043012470007,514.0
293157,1660.472524396,598.0,3.0890002250671387,2.7203352451324463,0.5953317880630493,-0.007929976098239422,515.0
293177,1660.492432897,596.0,3.0594944953918457,2.6717281341552734,0.5950499176979065,-0.005776646081358194,512.0
293197,1660.510644882,596.0,3.052806854248047,2.707690477371216,0.5949690341949463,-0.0022820481099188328,511.0
293217,1660.532992889,599.0,3.043776273727417,2.7881011962890625,0.595414936542511,0.0015144257340580225,513.0
293237,1660.552065254,599.0,3.029912233352661,2.8859941959381104,0.5954450964927673,0.0006009297794662416,514.0
293257,1660.572321672,600.0,3.0094947814941406,2.8308205604553223,0.5959416627883911,-0.003935969900339842,517.0
293277,1660.59188075,600.0,2.985679864883423,2.8055882453918457,0.5958347916603088,-0.006524818949401379,517.0
293297,1660.612927816,598.0,2.9930360317230225,2.7782034873962402,0.5958312749862671,-0.004437154624611139,520.0
293317,1660.633449195,598.0,3.013028860092163,2.754196882247925,0.5957772135734558,-0.0008962178835645318,538.0
293337,1660.65338444,602.0,3.0370616912841797,2.801996946334839,0.5966830253601074,0.004021038766950369,540.0
293357,1660.672911893,602.0,3.0284876823425293,2.856980085372925,0.5967557430267334,0.0028841723687946796,529.0
293377,1660.693847896,594.0,3.0214426517486572,2.8292088508605957,0.5959984660148621,-0.00230703828856349,527.0
293397,1660.713108757,594.0,3.011291742324829,2.803013324737549,0.595923900604248,-0.004977928474545479,525.0
293417,1660.732620427,598.0,2.9945785999298096,2.809513568878174,0.5958151817321777,-0.005437458399683237,523.0
293437,1660.753238974,598.0,2.973576784133911,2.7767105102539062,0.5958722829818726,-0.0026629033964127302,523.0
293457,1660.772667974,598.0,3.0085911750793457,2.7790207862854004,0.5958442091941833,-0.0005821305094286799,528.0
293477,1660.792477003,597.0,3.0541582107543945,2.7908575534820557,0.5957199335098267,-0.0031624403782188892,524.0
293497,1660.812628398,597.0,3.0408332347869873,2.749418258666992,0.5956339836120605,-0.004897839855402708,524.0
293517,1660.833480567,599.0,3.0092389583587646,2.7522339820861816,0.5958920121192932,-0.0022199342492967844,524.0
293537,1660.85310201,599.0,2.9843807220458984,2.7512035369873047,0.5958724021911621,0.0002095930540235713,532.0
293557,1660.873407351,595.0,3.005596160888672,2.7881553173065186,0.5954183340072632,-0.00034706160658970475,533.0
293577,1660.892525398,595.0,3.021317958831787,2.825517416000366,0.5954000353813171,-0.0015964375343173742,528.0
293597,1660.911903357,598.0,3.027536630630493,2.8214004039764404,0.5955328941345215,-0.0023172758519649506,525.0
293617,1660.932942186,598.0,3.028475046157837,2.8232531547546387,0.5954769253730774,-0.003517824923619628,526.0
293637,1660.952593873,600.0,3.0110747814178467,2.81166672706604,0.5959835052490234,-0.003024844452738762,525.0
293657,1660.97297028,600.0,2.9971745014190674,2.7834360599517822,0.5959323644638062,-0.0021711832378059626,522.0
293677,1660.992659825,601.0,3.0116264820098877,2.7866475582122803,0.5965707898139954,-6.8124518293188885e-06,523.0
293697,1661.012652076,601.0,3.008615255355835,2.772172689437866,0.5965656638145447,-0.0005932962521910667,522.0
293717,1661.033392666,601.0,3.003911018371582,2.7611160278320312,0.5965520739555359,-0.0005356556503102183,530.0
293737,1661.052503822,601.0,3.0214719772338867,2.7846620082855225,0.5971247553825378,0.0013760296860709786,528.0
293757,1661.071990269,601.0,3.025331735610962,2.7793025970458984,0.5971647500991821,0.0026610062923282385,536.0
293777,1661.092656919,597.0,3.0268547534942627,2.7912745475769043,0.5968664288520813,0.001560285920277238,531.0
293797,1661.112136698,597.0,3.041078567504883,2.775956392288208,0.5968804955482483,0.0001361109607387334,531.0
293817,1661.132915029,597.0,3.057068347930908,2.7762367725372314,0.5966035723686218,0.0006194029119797051,525.0
293837,1661.152616671,597.0,3.088426351547241,2.8084912300109863,0.5966260433197021,0.0015030665090307593,527.0
293857,1661.17163831,600.0,3.0996899604797363,2.7932395935058594,0.5969708561897278,0.0024540445301681757,533.0
293877,1661.192338703,600.0,3.0995991230010986,2.7975552082061768,0.59700608253479,0.00092725531430915,522.0
293897,1661.212438362,598.0,3.0908398628234863,2.801395893096924,0.5968771576881409,-0.001146975439041853,532.0
293917,1661.232535443,598.0,3.0952892303466797,2.7902684211730957,0.5968482494354248,-0.0013622490223497152,521.0
293937,1661.252505232,595.0,3.0914318561553955,2.8018481731414795,0.5962100625038147,-0.0024072735104709864,522.0
293957,1661.272622373,595.0,3.0742149353027344,2.803115129470825,0.596161425113678,-0.002491495106369257,521.0
293977,1661.293133451,597.0,3.0821971893310547,2.819974660873413,0.5959979891777039,-0.0032504412811249495,521.0
293997,1661.312221426,597.0,3.103058338165283,2.8296144008636475,0.5959267020225525,-0.004044795408844948,527.0
294017,1661.333032364,597.0,3.1024694442749023,2.8305535316467285,0.5958269238471985,-0.005732203368097544,527.0
294037,1661.352373297,601.0,3.091752052307129,2.8091490268707275,0.596409022808075,-0.004079846199601889,524.0
294057,1661.37291799,601.0,3.109038829803467,2.8089940547943115,0.5963371396064758,-0.0031770786736160517,522.0
294077,1661.393128912,598.0,3.09476900100708,2.816408395767212,0.5962743759155273,-0.002868516370654106,522.0
294097,1661.412534866,598.0,3.086477041244507,2.824829578399658,0.5962194204330444,-0.0026632691733539104,523.0
294117,1661.432929439,597.0,3.140514850616455,2.8509180545806885,0.5959873795509338,-0.004050480201840401,521.0
294137,1661.453077203,597.0,3.1673409938812256,2.8526344299316406,0.5958828926086426,-0.006267069838941097,521.0
294157,1661.472655127,597.0,3.1158835887908936,2.8237991333007812,0.5956436991691589,-0.007365329656749964,522.0
294177,1661.492103926,597.0,3.091115951538086,2.825016975402832,0.5955107808113098,-0.005692386068403721,522.0
294197,1661.513020479,597.0,3.085724353790283,2.8598029613494873,0.5954256057739258,-0.0046235257759690285,525.0
294217,1661.532618594,597.0,3.1023054122924805,2.8859081268310547,0.5953240394592285,-0.0057859900407493114,531.0
294237,1661.552537392,601.0,3.104933738708496,2.875330924987793,0.5959775447845459,-0.00607124250382185,526.0
294257,1661.572853597,601.0,3.0943095684051514,2.862604856491089,0.5958538055419922,-0.006137874908745289,524.0
294277,1661.591918172,596.0,3.083312511444092,2.858060836791992,0.5955119729042053,-0.005462676752358675,525.0
294297,1661.612299897,596.0,3.0530765056610107,2.896827459335327,0.5954335927963257,-0.002480964409187436,543.0
294317,1661.632976984,596.0,3.0556280612945557,2.9338343143463135,0.5953901410102844,-0.002336225938051939,531.0
294337,1661.65234235,597.0,3.086824655532837,2.9472310543060303,0.5952892899513245,-0.006163656245917082,546.0
294357,1661.6720471,597.0,3.0848443508148193,2.9325461387634277,0.5951266288757324,-0.009612749330699444,520.0
294377,1661.69143265,602.0,3.0578110218048096,2.88964581489563,0.5959295034408569,-0.006400425452739,524.0
294397,1661.71285014,602.0,3.0520339012145996,2.892845630645752,0.5958383083343506,-0.002755171852186322,518.0
294417,1661.732609044,597.0,3.0486559867858887,2.8988265991210938,0.5957022309303284,-0.001480334671214223,513.0
294437,1661.752625495,597.0,3.0380640029907227,2.925903558731079,0.5956786274909973,-0.000988669111393392,521.0
294457,1661.772316021,599.0,3.0633974075317383,2.9750354290008545,0.5959250926971436,-0.003592295804992318,520.0
294477,1661.791770346,599.0,3.080235242843628,2.9366190433502197,0.5958144068717957,-0.007273577153682709,520.0
294497,1661.81233691,598.0,3.066114902496338,2.9015045166015625,0.5958125591278076,-0.007369197439402342,519.0
294517,1661.829919963,598.0,3.0663533210754395,2.9085443019866943,0.5956864953041077,-0.004864403512328863,523.0
294537,1661.849968189,600.0,3.0772628784179688,2.9440224170684814,0.5961438417434692,-0.0003065805649384856,520.0
294557,1661.870341606,600.0,3.1098825931549072,2.994462013244629,0.5961509346961975,0.0006185968522913754,530.0
294577,1661.890154126,599.0,3.1102726459503174,3.0084235668182373,0.5961372256278992,-0.0024774938356131315,527.0
294597,1661.911847474,599.0,3.065007209777832,2.987034559249878,0.5962902903556824,-0.005239407066255808,529.0
294617,1661.930534843,599.0,3.044151544570923,2.97991943359375,0.5961723923683167,-0.006225177552551031,525.0
294637,1661.951295773,598.0,3.066866874694824,2.9430763721466064,0.5960894823074341,-0.00428185798227787,527.0
294657,1661.971357053,598.0,3.101696014404297,2.9406211376190186,0.5960294008255005,-0.0019668098539114,526.0
294677,1661.991059979,598.0,3.12334942817688,2.9724068641662598,0.5960420370101929,-0.0005026160506531596,521.0
294697,1662.010920731,598.0,3.1275689601898193,3.013939380645752,0.5960360169410706,-0.0005619135918095708,517.0
294717,1662.032100905,597.0,3.097386121749878,3.0081627368927,0.5958411693572998,-0.0036473034415394068,516.0
294737,1662.052320232,597.0,3.1116461753845215,2.968653678894043,0.5957500338554382,-0.005194966681301594,514.0
294757,1662.072187939,599.0,3.172024726867676,2.9554314613342285,0.595973551273346,-0.004387375898659229,516.0
294777,1662.092757496,599.0,3.2086870670318604,2.9420974254608154,0.5958846211433411,-0.004498268477618694,520.0
294797,1662.11217838,598.0,3.2153496742248535,2.9160189628601074,0.5959068536758423,-0.0034227417781949043,514.0
294817,1662.131413829,598.0,3.2073278427124023,2.934953212738037,0.5958609580993652,-0.0015654969029128551,513.0
294837,1662.152089252,601.0,3.2088563442230225,2.941746950149536,0.5964703559875488,-0.001121117384172976,516.0
294857,1662.172158229,601.0,3.2150256633758545,2.9481983184814453,0.5964216589927673,-0.003838077187538147,516.0
294877,1662.192459594,601.0,3.2291998863220215,2.9260380268096924,0.5963292717933655,-0.004939378704875708,528.0
294897,1662.212037538,597.0,3.268441915512085,2.914038896560669,0.5960565805435181,-0.004865818656980991,517.0
294917,1662.231382039,597.0,3.2610702514648438,2.919179677963257,0.5959734320640564,-0.0034040885511785746,517.0
294937,1662.252163107,601.0,3.238610029220581,2.928424119949341,0.5965126156806946,-0.0028230841271579266,513.0
294957,1662.271469181,601.0,3.2498011589050293,2.912034511566162,0.5964550971984863,-0.002845329698175192,521.0
294977,1662.292265019,602.0,3.278122901916504,2.9179575443267822,0.5970887541770935,-0.002323688240721822,515.0
294997,1662.311318888,602.0,3.2547287940979004,2.8790411949157715,0.5970401167869568,-0.002069481648504734,512.0
295017,1662.332173216,598.0,3.2200517654418945,2.8698079586029053,0.5968689918518066,4.33880886703264e-05,511.0
295037,1662.352634646,598.0,3.2247226238250732,2.893444776535034,0.5968728065490723,-0.00014259952877182513,517.0
295057,1662.372521596,598.0,3.2521450519561768,2.8867955207824707,0.5967527627944946,-0.0035460239741951227,511.0
295077,1662.391781032,598.0,3.238220691680908,2.8403217792510986,0.5966633558273315,-0.004920565988868475,521.0
295097,1662.411413494,600.0,3.2342207431793213,2.82169771194458,0.5969190001487732,-0.0024297113995999098,511.0
295117,1662.431890299,600.0,3.243931770324707,2.862163543701172,0.596893846988678,-0.00024296973424497992,511.0
295137,1662.451386082,601.0,3.2475318908691406,2.893270254135132,0.5973492860794067,0.0013601520331576467,512.0
295157,1662.471869074,601.0,3.2219479084014893,2.912193536758423,0.5973585247993469,-0.0008462817058898509,514.0
295177,1662.491507447,601.0,3.222811222076416,2.898007392883301,0.5973103642463684,-0.0037050722166895866,526.0
295197,1662.511050313,597.0,3.217311382293701,2.8861358165740967,0.5968636870384216,-0.005050381179898977,523.0
295217,1662.53196316,597.0,3.2095868587493896,2.877835988998413,0.5967807769775391,-0.0029687625356018543,525.0
295237,1662.552139903,598.0,3.186044692993164,2.906977891921997,0.5966331362724304,-0.0017768068937584758,518.0
295257,1662.571636893,598.0,3.174082040786743,2.897311210632324,0.5965954065322876,-0.0019905713852494955,515.0
295277,1662.591840324,598.0,3.186441659927368,2.8943185806274414,0.5964838862419128,-0.0026956056244671345,514.0
295297,1662.611052105,598.0,3.1865808963775635,2.899876832962036,0.596405029296875,-0.005234285723417997,526.0
295317,1662.631624468,600.0,3.1678054332733154,2.8686654567718506,0.5966456532478333,-0.004209837876260281,526.0
295337,1662.651068562,600.0,3.167654275894165,2.9129409790039062,0.5965896844863892,-0.001353012747131288,532.0
295357,1662.671840991,602.0,3.173701763153076,2.9576492309570312,0.5972915887832642,0.0014799407217651606,755.0
295377,1662.690964339,602.0,3.2035818099975586,2.983405828475952,0.5973081588745117,-1.734119541652035e-05,533.0
295397,1662.711668931,599.0,3.207749605178833,2.9545938968658447,0.5972955226898193,-0.002972581423819065,753.0
295417,1662.731099714,599.0,3.2061290740966797,2.893310308456421,0.5972160696983337,-0.004639893304556608,748.0
295437,1662.751623839,598.0,3.2030317783355713,2.8847365379333496,0.597128689289093,-0.0035994655918329954,749.0
295457,1662.771114667,598.0,3.201979160308838,2.907794237136841,0.5969396829605103,-0.002000280888751149,749.0
295477,1662.791708029,598.0,3.190678119659424,2.936246871948242,0.5969086289405823,-0.0012828184990212321,764.0
295497,1662.811836026,601.0,3.170159101486206,2.9278054237365723,0.5973411798477173,-0.0017403947422280908,760.0
295517,1662.830945072,601.0,3.182600498199463,2.914154291152954,0.5972840785980225,-0.003713425016030669,756.0
295537,1662.851473338,598.0,3.1977667808532715,2.9143333435058594,0.5970064997673035,-0.004191147163510323,764.0
295557,1662.872375531,598.0,3.193912982940674,2.9199025630950928,0.5969387292861938,-0.0025512967258691788,763.0
295577,1662.891350056,600.0,3.178328275680542,2.9519598484039307,0.5971423983573914,-0.000545291870366782,762.0
295597,1662.911817552,600.0,3.197293758392334,2.954322576522827,0.5971266627311707,-0.0013536767801269889,759.0
295617,1662.931062537,599.0,3.220306634902954,2.9465432167053223,0.5970872640609741,-0.003574295435100794,752.0
295637,1662.952055556,599.0,3.23291277885437,2.939406156539917,0.597005307674408,-0.004400657489895821,753.0
295657,1662.970265052,597.0,3.221343517303467,2.9544837474823,0.5966269969940186,-0.004954564850777388,755.0
295677,1662.98992596,597.0,3.220876932144165,2.9460694789886475,0.5965269804000854,-0.005004375707358122,756.0
295697,1663.009857138,601.0,3.218602418899536,2.9410572052001953,0.5969711542129517,-0.0035194489173591137,761.0
295717,1663.031083997,601.0,3.213554620742798,2.942375421524048,0.5968876481056213,-0.004979764577001333,763.0
295737,1663.05072842,599.0,3.207197427749634,2.9319965839385986,0.5967758893966675,-0.005910438019782305,754.0
295757,1663.072788212,599.0,3.2102456092834473,2.958244562149048,0.5967725515365601,-0.005593451205641031,761.0
295777,1663.09172816,599.0,3.203969717025757,2.970383405685425,0.5966647267341614,-0.005229736212641001,761.0
295797,1663.111045032,597.0,3.1947696208953857,2.954780340194702,0.5962755680084229,-0.006641894578933716,753.0
295817,1663.131625915,597.0,3.1886813640594482,2.9420366287231445,0.5961370468139648,-0.007203802932053804,757.0
295837,1663.151089383,599.0,3.1944055557250977,2.946962833404541,0.5961959958076477,-0.007617191411554813,750.0
295857,1663.172797625,599.0,3.1715774536132812,2.9447929859161377,0.5960506796836853,-0.006332116667181253,755.0
295877,1663.191918161,597.0,3.1716930866241455,2.954463481903076,0.5957956314086914,-0.0050344644114375114,754.0
295897,1663.210824275,597.0,3.191991090774536,2.9744856357574463,0.5956863760948181,-0.006172257475554943,749.0
295917,1663.231822004,599.0,3.184187412261963,2.9726569652557373,0.5958293676376343,-0.007321813143789768,754.0
295937,1663.250862038,599.0,3.159590005874634,2.9785099029541016,0.5956730842590332,-0.008186694234609604,755.0
295957,1663.271599123,600.0,3.1305625438690186,2.9790425300598145,0.5960543751716614,-0.006045078858733177,758.0
295977,1663.29074731,600.0,3.1662981510162354,2.9760851860046387,0.5959352850914001,-0.0059978533536195755,758.0
295997,1663.311596894,601.0,3.1845619678497314,2.9765992164611816,0.5964629650115967,-0.005199918989092112,761.0
296017,1663.330818386,601.0,3.1565802097320557,2.9595930576324463,0.5963560938835144,-0.0051870327442884445,753.0
296037,1663.351475743,601.0,3.1563751697540283,2.981788158416748,0.5962628722190857,-0.004071308299899101,771.0
296057,1663.371777697,596.0,3.1817445755004883,2.985232353210449,0.5958250761032104,-0.005101068411022425,767.0
296077,1663.391037738,596.0,3.199441909790039,2.9779458045959473,0.5957136750221252,-0.005934888031333685,759.0
296097,1663.41118646,598.0,3.183276891708374,2.9895379543304443,0.5956798791885376,-0.00693539809435606,769.0
296117,1663.430639475,598.0,3.1678295135498047,2.973712205886841,0.5955342054367065,-0.007358861155807972,509.0
296137,1663.451246714,601.0,3.135685920715332,2.9703269004821777,0.596102237701416,-0.00464268634095788,511.0
296157,1663.471808075,601.0,3.1372742652893066,2.978132963180542,0.5960102081298828,-0.004886537790298462,512.0
296177,1663.491085913,599.0,3.1536128520965576,2.952300548553467,0.5961239337921143,-0.005912342108786106,508.0
296197,1663.510054328,599.0,3.164060354232788,2.9482421875,0.5960041880607605,-0.005676941014826298,509.0
296217,1663.530913563,602.0,3.1569344997406006,2.9636847972869873,0.5967546701431274,-0.0018337707733735442,509.0
296237,1663.550615758,602.0,3.144331216812134,2.9855947494506836,0.5967265367507935,-0.0012613049475476146,509.0
296257,1663.572381196,597.0,3.137848377227783,2.9816486835479736,0.5964486002922058,-0.0034452108666300774,512.0
296277,1663.591597757,597.0,3.170607566833496,2.9590485095977783,0.5963640213012695,-0.004945223685353994,516.0
296297,1663.610823801,602.0,3.194377899169922,2.970999002456665,0.596254289150238,-0.0058006285689771175,514.0
296317,1663.630960442,602.0,3.169172525405884,2.946531057357788,0.5969401001930237,-0.0022624752018600702,511.0
296337,1663.651785196,602.0,3.138979434967041,2.9554617404937744,0.5969230532646179,0.0003701087844092399,520.0
296357,1663.672838391,597.0,3.1419641971588135,2.981027126312256,0.5966403484344482,-0.0011462286347523332,530.0
296377,1663.690368286,597.0,3.1442883014678955,2.943312406539917,0.5965929627418518,-0.003318019909784198,510.0
296397,1663.710735829,599.0,3.147515058517456,2.947323799133301,0.5966457724571228,-0.0034641704987734556,523.0
296417,1663.731587301,599.0,3.161041498184204,2.962127685546875,0.5965659022331238,-0.004554480314254761,518.0
296437,1663.750782831,595.0,3.150151491165161,2.9275565147399902,0.5958513617515564,-0.0052177561447024345,514.0
296457,1663.772986422,595.0,3.1392478942871094,2.9342167377471924,0.5957685112953186,-0.0034171785227954388,517.0
296477,1663.790610757,599.0,3.1394243240356445,2.931755542755127,0.5959684252738953,-0.0037546257954090834,510.0
296497,1663.81051028,599.0,3.1365766525268555,2.8930087089538574,0.5958823561668396,-0.004645788110792637,510.0
296517,1663.830425183,598.0,3.1595237255096436,2.891688823699951,0.5959115028381348,-0.004333243705332279,511.0
296537,1663.851506378,598.0,3.139042854309082,2.895545482635498,0.5958232879638672,-0.004441765137016773,514.0
296557,1663.873559712,597.0,3.1318845748901367,2.896833896636963,0.5956928730010986,-0.002812565304338932,520.0
296577,1663.890799893,597.0,3.152801036834717,2.947396993637085,0.5956478714942932,-0.0023869327269494534,511.0
296597,1663.910585871,597.0,3.148716926574707,2.969492197036743,0.5955669283866882,-0.005951565224677324,515.0
296617,1663.930077645,597.0,3.1542298793792725,2.9146580696105957,0.5953772664070129,-0.009458726271986961,521.0
296637,1663.950444624,597.0,3.152109384536743,2.897351026535034,0.5951918959617615,-0.00852624885737896,515.0
296657,1663.97066509,602.0,3.1226584911346436,2.8876664638519287,0.596038281917572,-0.003468106035143137,509.0
296677,1663.989891891,602.0,3.105623722076416,2.9175965785980225,0.5960046648979187,7.069015555316582e-05,509.0
296697,1664.010754981,599.0,3.1283864974975586,2.976963996887207,0.5962520837783813,0.0014975740341469646,510.0
296717,1664.029624665,599.0,3.142805576324463,3.017260789871216,0.5962455868721008,-0.0025372630916535854,511.0
296737,1664.050334623,597.0,3.139340877532959,2.9781649112701416,0.5959569215774536,-0.006986048072576523,515.0
296757,1664.071141106,597.0,3.120574712753296,2.939504384994507,0.5958082675933838,-0.007459570188075304,514.0
296777,1664.090797516,599.0,3.114591121673584,2.924579381942749,0.5959506630897522,-0.005327846854925156,521.0
296797,1664.110079065,599.0,3.1169633865356445,2.9443068504333496,0.5958661437034607,-0.0029676356352865696,512.0
296817,1664.130366117,601.0,3.09896183013916,2.9945130348205566,0.596502959728241,0.0010612718760967255,521.0
296837,1664.150607901,601.0,3.097188711166382,3.0242257118225098,0.596508264541626,-0.0013845722423866391,516.0
296857,1664.170175097,602.0,3.121777057647705,2.9906539916992188,0.5971676707267761,-0.003736780257895589,512.0
296877,1664.191119183,602.0,3.141904592514038,2.956838846206665,0.5970799922943115,-0.004684677813202143,510.0
296897,1664.210366673,602.0,3.1324408054351807,2.936450242996216,0.5969972610473633,-0.0033584872726351023,517.0
296917,1664.231119387,600.0,3.0995800495147705,2.9122817516326904,0.5972319841384888,0.0003266882267780602,509.0
296937,1664.250075201,600.0,3.1058032512664795,2.960540294647217,0.5972589254379272,0.0018547765212133527,513.0
296957,1664.271261137,597.0,3.1205432415008545,3.0031042098999023,0.5969313383102417,-0.0008212470565922558,509.0
296977,1664.291138789,597.0,3.133305549621582,2.9950969219207764,0.5968924760818481,-0.003047248348593712,510.0
296997,1664.310331087,601.0,3.125629425048828,2.997191905975342,0.5972654819488525,-0.002665155567228794,520.0
297017,1664.330593842,601.0,3.109905958175659,2.979677438735962,0.5972177982330322,-0.0019018310122191906,509.0
297037,1664.350186881,602.0,3.0983190536499023,2.971986770629883,0.5977540612220764,3.520684185787104e-05,515.0
297057,1664.37113868,602.0,3.095798969268799,2.954289436340332,0.5977525115013123,-0.00014435130287893116,509.0
297077,1664.390880452,599.0,3.0952558517456055,2.973598003387451,0.5976548790931702,-7.454559818143025e-05,509.0
297097,1664.41014988,599.0,3.1056594848632812,2.986830711364746,0.5976500511169434,-0.0005478555103763938,515.0
297117,1664.430410825,599.0,3.1103475093841553,2.96726655960083,0.5975914001464844,-0.0013771719532087445,509.0
297137,1664.451231314,599.0,3.1113619804382324,2.964892864227295,0.5975693464279175,-0.0006114206626079977,509.0
297157,1664.470618612,600.0,3.119844436645508,2.997718095779419,0.5975653529167175,-5.427661017165519e-05,509.0
297177,1664.490586569,600.0,3.1162543296813965,3.012381076812744,0.5977158546447754,-0.0007025633240118623,510.0
297197,1664.509852034,600.0,3.104004144668579,3.0071778297424316,0.597687840461731,-0.0019248963799327612,518.0
297217,1664.53062238,601.0,3.1016697883605957,3.0128982067108154,0.5979686975479126,-0.001966713462024927,512.0
297237,1664.550089144,601.0,3.097853660583496,3.0002853870391846,0.5979267358779907,-0.001985221402719617,509.0
297257,1664.570724968,600.0,3.1001176834106445,3.0058987140655518,0.5979490876197815,-0.0013800505548715591,512.0
297277,1664.589689053,600.0,3.112272262573242,3.004291534423828,0.5979177355766296,-0.0016322210431098938,519.0
297297,1664.610088871,599.0,3.120152235031128,2.9999547004699707,0.5977558493614197,-0.0013889844994992018,513.0
297317,1664.629640594,599.0,3.1216368675231934,3.014185905456543,0.5977247953414917,-0.0019675418734550476,515.0
297337,1664.650096251,597.0,3.101795196533203,2.9875972270965576,0.5972002148628235,-0.004457445349544287,513.0
297357,1664.670570991,597.0,3.1197755336761475,2.9576148986816406,0.5971089005470276,-0.0045280358754098415,519.0
297377,1664.690200156,598.0,3.1532254219055176,2.9558913707733154,0.5968697667121887,-0.0036177688743919134,536.0
297397,1664.710436368,598.0,3.1382689476013184,2.9659056663513184,0.5968173742294312,-0.001618918962776661,538.0
297417,1664.729505004,600.0,3.137716054916382,2.9916157722473145,0.5970888137817383,-0.0007591209723614156,534.0
297437,1664.749281234,600.0,3.1574642658233643,3.0123634338378906,0.5970452427864075,-0.00383359775878489,538.0
297457,1664.769502784,599.0,3.1477038860321045,2.9971985816955566,0.5969388484954834,-0.006495973095297813,528.0
297477,1664.790431234,599.0,3.13588547706604,2.9737436771392822,0.5968970656394958,-0.005913126282393932,533.0
297497,1664.810344073,599.0,3.129960775375366,2.9721248149871826,0.5967878699302673,-0.005075444933027029,527.0
297517,1664.8290686,601.0,3.1179773807525635,2.9975225925445557,0.5971906185150146,-0.0032679892610758543,523.0
297537,1664.849647618,601.0,3.088311195373535,3.033233165740967,0.5971291065216064,-0.0032012599986046553,523.0
297557,1664.869949966,599.0,3.102360963821411,3.039823293685913,0.5970697999000549,-0.004379850812256336,525.0
297577,1664.889082131,599.0,3.1228420734405518,3.03114652633667,0.5969610214233398,-0.0063682314939796925,538.0
297597,1664.909798446,603.0,3.1218228340148926,3.0414927005767822,0.597638726234436,-0.0043749092146754265,523.0
297617,1664.929998812,603.0,3.0792388916015625,3.05560302734375,0.5975539088249207,-0.0039018604438751936,525.0
297637,1664.949090053,599.0,3.0670502185821533,3.0457255840301514,0.5974186658859253,-0.003998368512839079,527.0
297657,1664.969064793,599.0,3.116588830947876,3.023953676223755,0.5973258018493652,-0.00548327574506402,531.0
297677,1664.988907886,599.0,3.1358590126037598,3.0087053775787354,0.5972404479980469,-0.006006367038935423,527.0
297697,1665.008962697,599.0,3.1379401683807373,3.0142769813537598,0.5971294045448303,-0.005116409156471491,523.0
297717,1665.028815445,599.0,3.1378021240234375,3.006999969482422,0.597101092338562,-0.003894189838320017,531.0
297737,1665.049783874,599.0,3.127314567565918,2.9983770847320557,0.5970156788825989,-0.005015389993786812,522.0
297757,1665.069112356,599.0,3.1153743267059326,2.984994649887085,0.5968912243843079,-0.007489784620702267,530.0
297777,1665.089398952,599.0,3.1009345054626465,2.9564104080200195,0.5968331694602966,-0.007516704499721527,524.0
297797,1665.109816151,599.0,3.1028754711151123,2.9717535972595215,0.5967164635658264,-0.003910230007022619,522.0
297817,1665.129025852,598.0,3.1164350509643555,3.0462992191314697,0.5966020822525024,-0.0028177546337246895,527.0
297837,1665.148804356,598.0,3.0918428897857666,3.039447546005249,0.5965222120285034,-0.005225698463618755,529.0
297857,1665.170404922,599.0,3.096677303314209,3.009894609451294,0.5965355634689331,-0.006932772696018219,532.0
297877,1665.189559173,599.0,3.1080808639526367,2.9886221885681152,0.5963808298110962,-0.00847296416759491,525.0
297897,1665.20905604,599.0,3.0920403003692627,2.927847385406494,0.5963906049728394,-0.007088163401931524,521.0
297917,1665.230237173,599.0,3.088244676589966,2.92212176322937,0.5962820649147034,-0.0038919453509151936,522.0
297937,1665.248924545,600.0,3.094475746154785,2.9606330394744873,0.5965806841850281,-0.0031226074788719416,522.0
297957,1665.2684486,600.0,3.122960090637207,2.933668375015259,0.5964909195899963,-0.005951761733740568,525.0
297977,1665.289919541,601.0,3.136791229248047,2.9163906574249268,0.5969225764274597,-0.007190617732703686,522.0
297997,1665.30914703,601.0,3.160736322402954,2.867025852203369,0.5967698097229004,-0.007712365128099918,528.0
298017,1665.329429321,600.0,3.1508922576904297,2.8518459796905518,0.5969688892364502,-0.004901978187263012,521.0
298037,1665.350136497,600.0,3.1339309215545654,2.8624627590179443,0.5968955755233765,-0.0026479552034288645,522.0
298057,1665.368543135,600.0,3.1269242763519287,2.895371198654175,0.5968412160873413,-0.0032626139000058174,532.0
298077,1665.389510218,601.0,3.13096284866333,2.8903064727783203,0.597236692905426,-0.006028760690242052,522.0
298097,1665.409843368,601.0,3.117478847503662,2.8550286293029785,0.5970844030380249,-0.008856899105012417,522.0
298117,1665.42982183,597.0,3.109546422958374,2.817129611968994,0.5966041088104248,-0.009078833274543285,521.0
298137,1665.448549202,597.0,3.1192352771759033,2.807828187942505,0.5964465141296387,-0.006417479831725359,524.0
298157,1665.469061572,601.0,3.1211671829223633,2.836228132247925,0.5969008207321167,-0.0023674035910516977,531.0
298177,1665.489989647,601.0,3.1328179836273193,2.86185359954834,0.5968496799468994,-0.0030616996809840202,522.0
298197,1665.508603095,599.0,3.1509242057800293,2.863283634185791,0.596848726272583,-0.004837107378989458,523.0
298217,1665.528750876,599.0,3.1659202575683594,2.8495075702667236,0.5967299342155457,-0.006843962706625462,521.0
298237,1665.549286578,596.0,3.1610565185546875,2.8056063652038574,0.5961377024650574,-0.008467722684144974,523.0
298257,1665.569496737,596.0,3.1366727352142334,2.7757554054260254,0.5959656238555908,-0.00883055105805397,521.0
298277,1665.5892966,598.0,3.1370956897735596,2.7441179752349854,0.5959310531616211,-0.007950439117848873,533.0
298297,1665.609242066,598.0,3.1581099033355713,2.746330499649048,0.5957698822021484,-0.008304210379719734,530.0
298317,1665.629543756,601.0,3.160869598388672,2.7526683807373047,0.5956041216850281,-0.008156878873705864,539.0
298337,1665.649665335,601.0,3.149057388305664,2.7667062282562256,0.5962027311325073,-0.005742804147303104,524.0
298357,1665.668834506,601.0,3.152052402496338,2.7951529026031494,0.5960928797721863,-0.005406154785305262,527.0
298377,1665.688716183,603.0,3.160789728164673,2.8123292922973633,0.5970044136047363,-0.0045374296605587006,532.0
298397,1665.709331587,603.0,3.135267972946167,2.8007118701934814,0.5968946218490601,-0.006110475864261389,525.0
298417,1665.728746772,599.0,3.1247940063476562,2.7883141040802,0.596871018409729,-0.0047666109167039394,522.0
298437,1665.748642227,599.0,3.142106771469116,2.809316873550415,0.5967861413955688,-0.004007389768958092,519.0
298457,1665.769140484,598.0,3.124448776245117,2.8141772747039795,0.5966107845306396,-0.004875946789979935,516.0
298477,1665.7886801,598.0,3.1146891117095947,2.809060573577881,0.5965047478675842,-0.005736295133829117,513.0
298497,1665.808533013,598.0,3.115821599960327,2.7871036529541016,0.5963547229766846,-0.006625236477702856,510.0
298517,1665.828762832,598.0,3.1194136142730713,2.7591891288757324,0.5962168574333191,-0.006990604568272829,513.0
298537,1665.84850748,601.0,3.1215314865112305,2.7620654106140137,0.5966598987579346,-0.005916903726756573,519.0
298557,1665.868615468,601.0,3.1112303733825684,2.7330055236816406,0.5965578556060791,-0.003893517190590501,517.0
298577,1665.889231874,597.0,3.0992162227630615,2.742831230163574,0.5963229537010193,-0.0025058386381715536,512.0
298597,1665.908739165,597.0,3.105634927749634,2.758146286010742,0.5962528586387634,-0.004988962784409523,519.0
298617,1665.928653671,597.0,3.12007474899292,2.7443902492523193,0.5961190462112427,-0.007907041348516941,530.0
298637,1665.948969225,598.0,3.1339216232299805,2.74967360496521,0.5960521101951599,-0.00597547460347414,511.0
298657,1665.968391883,598.0,3.1375958919525146,2.7876479625701904,0.595955491065979,-0.0040700179524719715,519.0
298677,1665.988515173,594.0,3.1090614795684814,2.7959277629852295,0.5952136516571045,-0.006187794730067253,513.0
298697,1666.008564641,594.0,3.078253984451294,2.7719967365264893,0.5950635075569153,-0.008725435473024845,514.0
298717,1666.028774213,598.0,3.0809648036956787,2.7558975219726562,0.5951482057571411,-0.008229479193687439,511.0
298737,1666.048030229,598.0,3.095756769180298,2.7473652362823486,0.5949843525886536,-0.008264042437076569,515.0
298757,1666.069366472,599.0,3.1059329509735107,2.7521183490753174,0.5952762365341187,-0.007518465630710125,516.0
298777,1666.088896489,599.0,3.1033949851989746,2.7508225440979004,0.5951250791549683,-0.007347621023654938,509.0
298797,1666.108061993,597.0,3.098562002182007,2.7331836223602295,0.5950497388839722,-0.005326252896338701,521.0
298817,1666.12884815,597.0,3.1019325256347656,2.740126848220825,0.5949495434761047,-0.005007907748222351,515.0
298837,1666.148556522,600.0,3.1104001998901367,2.750105142593384,0.5954697132110596,-0.00528523325920105,510.0
298857,1666.169080389,600.0,3.0978195667266846,2.738300323486328,0.5953472256660461,-0.006714770570397377,510.0
298877,1666.188479229,600.0,3.091538190841675,2.700873374938965,0.5958444476127625,-0.004089010413736105,510.0
298897,1666.208320871,600.0,3.1251888275146484,2.716850519180298,0.595782458782196,-0.0022252113558351994,513.0
298917,1666.228636444,600.0,3.1419057846069336,2.730196237564087,0.5957276225090027,-0.0035843143705278635,521.0
298937,1666.248924066,596.0,3.1413111686706543,2.7098071575164795,0.5954113602638245,-0.005315970163792372,512.0
298957,1666.268510691,596.0,3.1317620277404785,2.713609457015991,0.5952987670898438,-0.005868121515959501,514.0
298977,1666.289319152,597.0,3.11704683303833,2.673922538757324,0.5952299237251282,-0.005383315496146679,510.0
298997,1666.308482721,597.0,3.1183712482452393,2.665987253189087,0.5951281785964966,-0.004853728227317333,510.0
299017,1666.329062128,599.0,3.13496732711792,2.6855905055999756,0.5954627394676208,-0.004435451701283455,509.0
299037,1666.348980353,599.0,3.118882417678833,2.672901153564453,0.595375120639801,-0.004226445220410824,509.0
299057,1666.36865203,599.0,3.10212779045105,2.6770992279052734,0.5956832766532898,-0.002488558879122138,513.0
299077,1666.38926405,599.0,3.1238319873809814,2.7058024406433105,0.5956276059150696,-0.0035467296838760376,509.0
299097,1666.409264404,602.0,3.140432834625244,2.6928036212921143,0.596419095993042,-0.003643524833023548,510.0
299117,1666.428960067,602.0,3.13362455368042,2.662552833557129,0.5963424444198608,-0.0037978074979037046,509.0
299137,1666.448321451,599.0,3.131969451904297,2.6383285522460938,0.5965176820755005,-0.002334125339984894,514.0
299157,1666.468629105,599.0,3.1048171520233154,2.624077320098877,0.5964930653572083,-0.00012445173342712224,510.0
299177,1666.48761672,600.0,3.097407579421997,2.6351399421691895,0.5964975953102112,0.000143091005156748,511.0
299197,1666.507978854,600.0,3.109635353088379,2.624840497970581,0.5968775749206543,-0.002419855911284685,511.0
299217,1666.528323477,600.0,3.114809513092041,2.5999948978424072,0.5968000888824463,-0.004608475137501955,517.0
299237,1666.548851384,598.0,3.101860761642456,2.5975918769836426,0.5966842770576477,-0.0030549552757292986,509.0
299257,1666.56819658,598.0,3.0866286754608154,2.6316611766815186,0.5966529250144958,-7.415229629259557e-05,509.0
299277,1666.589344051,599.0,3.0714409351348877,2.6757400035858154,0.5968376994132996,0.00025136966723948717,510.0
299297,1666.609584892,599.0,3.1000890731811523,2.676924228668213,0.5968075394630432,-0.00349845876917243,511.0
299317,1666.628827868,598.0,3.1387252807617188,2.648872137069702,0.5966256856918335,-0.006992323789745569,518.0
299337,1666.649550444,598.0,3.1376559734344482,2.591464042663574,0.5964781045913696,-0.0073297652415931225,512.0
299357,1666.66873299,596.0,3.1129064559936523,2.5635979175567627,0.595979630947113,-0.005394011735916138,515.0
299377,1666.688766778,596.0,3.1037659645080566,2.586118698120117,0.5958929657936096,-0.003683714661747217,529.0
299397,1666.709619145,596.0,3.0980770587921143,2.600188732147217,0.5955454707145691,-0.00473148375749588,519.0
299417,1666.728560503,596.0,3.1105523109436035,2.6012518405914307,0.5954594612121582,-0.0037990782875567675,529.0
299437,1666.749059148,600.0,3.1223385334014893,2.6471710205078125,0.5959739685058594,-0.0038229217752814293,540.0
299457,1666.768366696,600.0,3.1204965114593506,2.616382360458374,0.5958763957023621,-0.00581153342500329,529.0
299477,1666.787782233,597.0,3.108368158340454,2.5862178802490234,0.5957496166229248,-0.006502802483737469,535.0
299497,1666.809170509,597.0,3.10030198097229,2.560706615447998,0.5956099033355713,-0.0046763033606112,526.0
299517,1666.828366962,597.0,3.1018505096435547,2.5770533084869385,0.5955340266227722,-0.00306002888828516,534.0
299537,1666.848608045,594.0,3.109407901763916,2.606997013092041,0.5949109196662903,-0.005401672329753637,522.0
299557,1666.869206503,594.0,3.1278274059295654,2.5963263511657715,0.5947805047035217,-0.007600659038871527,522.0
299577,1666.888575095,598.0,3.1322829723358154,2.5583982467651367,0.5949613451957703,-0.007720663212239742,522.0
299597,1666.908453657,598.0,3.134774684906006,2.5166919231414795,0.5948122143745422,-0.007092698011547327,528.0
299617,1666.928628403,602.0,3.1267738342285156,2.5195577144622803,0.595768928527832,-0.003022255841642618,524.0
299637,1666.949357821,602.0,3.1458606719970703,2.5476012229919434,0.5957325100898743,-0.0007389038801193237,525.0
299657,1666.968684363,601.0,3.160341262817383,2.6169865131378174,0.5964127779006958,0.00112080667167902,529.0
299677,1666.988612388,601.0,3.148078441619873,2.640312910079956,0.5964071750640869,-0.0020104499999433756,522.0
299697,1667.008867499,596.0,3.132730484008789,2.6083061695098877,0.5959566831588745,-0.006271473132073879,524.0
299717,1667.02786885,596.0,3.1222832202911377,2.5588700771331787,0.5958261489868164,-0.0064751701429486275,534.0
299737,1667.048585714,598.0,3.109069347381592,2.5547127723693848,0.5958861112594604,-0.004132132511585951,522.0
299757,1667.068378547,598.0,3.115044593811035,2.549879789352417,0.5958145260810852,-0.0032694947440177202,535.0
299777,1667.089068047,598.0,3.125192165374756,2.5462114810943604,0.5957493782043457,-0.0033422012347728014,529.0
299797,1667.107838358,600.0,3.139070510864258,2.5497827529907227,0.5962323546409607,-0.0028524596709758043,527.0
299817,1667.128812398,600.0,3.1507716178894043,2.530644178390503,0.5961651802062988,-0.0038341206964105368,522.0
299837,1667.148383459,594.0,3.1375231742858887,2.502807378768921,0.5953958630561829,-0.00680671539157629,533.0
299857,1667.168109139,594.0,3.124711275100708,2.4900894165039062,0.5952627062797546,-0.006121385842561722,527.0
299877,1667.188876939,594.0,3.1550238132476807,2.4756574630737305,0.5946577787399292,-0.006481430493295193,538.0
299897,1667.209087531,594.0,3.140079975128174,2.467703342437744,0.5945199131965637,-0.007324052043259144,525.0
299917,1667.228597505,597.0,3.1129634380340576,2.4531469345092773,0.59455806016922,-0.007837498560547829,522.0
299937,1667.247943859,597.0,3.1308224201202393,2.467012882232666,0.5943995714187622,-0.0075244116596877575,532.0
299957,1667.268148545,595.0,3.1537911891937256,2.491607427597046,0.594098687171936,-0.006721819750964642,530.0
299977,1667.288783406,595.0,3.1733999252319336,2.5228822231292725,0.5939515829086304,-0.008328072726726532,522.0
299997,1667.308405561,596.0,3.1549034118652344,2.4866859912872314,0.5938662886619568,-0.01014529075473547,527.0
300017,1667.328797232,596.0,3.1336801052093506,2.4483063220977783,0.593662679195404,-0.00973010528832674,521.0
300037,1667.348172627,598.0,3.1399221420288086,2.467391014099121,0.5940841436386108,-0.006052455864846706,527.0
300057,1667.368774915,598.0,3.1465327739715576,2.4645700454711914,0.593972384929657,-0.005317191127687693,521.0
300077,1667.387979373,598.0,3.1707143783569336,2.4676566123962402,0.5938683152198792,-0.005148416385054588,532.0
300097,1667.407055237,600.0,3.194007396697998,2.482416868209839,0.5946875214576721,-0.003136014798656106,523.0
300117,1667.427813239,600.0,3.199911594390869,2.466472864151001,0.5946044325828552,-0.005344890058040619,528.0
300137,1667.448316591,595.0,3.2041850090026855,2.4529290199279785,0.5942979454994202,-0.006606168579310179,521.0
300157,1667.468538901,595.0,3.205845355987549,2.44887375831604,0.5941761136054993,-0.005424137692898512,521.0
300177,1667.488054521,597.0,3.203291893005371,2.461845636367798,0.5943347811698914,-0.0030521568842232227,527.0
300197,1667.508466466,597.0,3.2127153873443604,2.4897446632385254,0.5942710638046265,-0.0038027758710086346,522.0
300217,1667.527438577,600.0,3.220607042312622,2.4977169036865234,0.5949549674987793,-0.005027842707931995,523.0
300237,1667.547877119,600.0,3.2205467224121094,2.44789719581604,0.594814658164978,-0.008017844520509243,521.0
300257,1667.567883274,595.0,3.2316696643829346,2.4291300773620605,0.5944145917892456,-0.0074122026562690735,526.0
300277,1667.58759938,595.0,3.213754892349243,2.429584503173828,0.5942903161048889,-0.004766339901834726,521.0
300297,1667.607440749,594.0,3.207047939300537,2.4611618518829346,0.5938804745674133,-0.003720571519806981,531.0
300317,1667.627814971,594.0,3.2162768840789795,2.473562717437744,0.5937891602516174,-0.005653166677802801,534.0
300337,1667.648027999,598.0,3.2149269580841064,2.440812826156616,0.594205915927887,-0.006815848406404257,530.0
300357,1667.668353362,598.0,3.1956748962402344,2.418210983276367,0.5940472483634949,-0.008792685344815254,525.0
300377,1667.689064028,598.0,3.199881076812744,2.366398572921753,0.5938857197761536,-0.006780582945793867,529.0
300397,1667.707906535,596.0,3.225588083267212,2.3961281776428223,0.5939444899559021,-0.002170803025364876,536.0
300417,1667.728148484,596.0,3.246875762939453,2.459390878677368,0.5939142107963562,-0.0016235237708315253,510.0
300437,1667.746708403,597.0,3.243069648742676,2.4565346240997314,0.5941711664199829,-0.004212806932628155,540.0
300457,1667.766944691,597.0,3.2100703716278076,2.429513454437256,0.5940505862236023,-0.007542276289314032,519.0
300477,1667.78838998,600.0,3.200185537338257,2.380150318145752,0.5947538614273071,-0.005435335915535688,519.0
300497,1667.807751231,600.0,3.226583242416382,2.368159532546997,0.5946767926216125,-0.0021666279062628746,511.0
300517,1667.827256204,598.0,3.2461745738983154,2.4153759479522705,0.5949816107749939,-0.0005008716252632439,514.0
300537,1667.847360676,598.0,3.2535271644592285,2.4110028743743896,0.5949540138244629,-0.002355728065595031,512.0
300557,1667.867271944,596.0,3.234342336654663,2.4020726680755615,0.5947949886322021,-0.0041383253410458565,517.0
300577,1667.887321534,596.0,3.207562208175659,2.4044601917266846,0.5947125554084778,-0.003941014874726534,516.0
300597,1667.907448639,601.0,3.221445322036743,2.3893611431121826,0.5955143570899963,-0.002209400525316596,510.0
300617,1667.926724833,601.0,3.2396044731140137,2.3966996669769287,0.5954588055610657,-0.003094971179962158,516.0
300637,1667.947607796,597.0,3.2337286472320557,2.400407075881958,0.5954021215438843,-0.0025188825093209743,521.0
300657,1667.968274301,597.0,3.199558734893799,2.3995821475982666,0.5954023599624634,-0.0018951260717585683,514.0
300677,1667.989356456,597.0,3.153360366821289,2.401977300643921,0.5953646898269653,-0.00183602306060493,524.0
300697,1668.008341361,600.0,3.1426384449005127,2.3975093364715576,0.5959632396697998,-0.0006192770088091493,515.0
300717,1668.027413803,600.0,3.134744167327881,2.3882620334625244,0.5959343910217285,-0.002390956971794367,515.0
300737,1668.047807039,600.0,3.1122288703918457,2.3657071590423584,0.5964027047157288,-0.0017750367987900972,515.0
300757,1668.067654377,600.0,3.125300884246826,2.3715362548828125,0.5963878035545349,0.0006298187654465437,512.0
300777,1668.089983447,597.0,3.1235294342041016,2.4123594760894775,0.5962514281272888,0.0025343699380755424,513.0
300797,1668.10762407,597.0,3.131200075149536,2.4292376041412354,0.5962984561920166,0.0016405113274231553,515.0
300817,1668.127992873,598.0,3.1399245262145996,2.435210704803467,0.5963228940963745,-0.002218743320554495,510.0
300837,1668.147555966,598.0,3.130911350250244,2.388416290283203,0.5962438583374023,-0.005477021913975477,512.0
300857,1668.16729018,597.0,3.1208608150482178,2.3622231483459473,0.5960044264793396,-0.0051772259175777435,510.0
300877,1668.189636922,597.0,3.130991220474243,2.3632917404174805,0.5959275960922241,-0.0026736294385045767,513.0
300897,1668.207344895,600.0,3.168666362762451,2.3878133296966553,0.5963546633720398,-0.001320793409831822,521.0
300917,1668.227922833,600.0,3.177112579345703,2.3874893188476562,0.596322774887085,-0.001770810573361814,510.0
300937,1668.248573164,600.0,3.156609535217285,2.3936543464660645,0.5962833166122437,-0.002471736166626215,515.0
300957,1668.268038534,596.0,3.1514596939086914,2.378519296646118,0.5958952307701111,-0.00575146684423089,510.0
300977,1668.290540506,596.0,3.174312114715576,2.3420417308807373,0.5957643389701843,-0.0068878065794706345,511.0
300997,1668.307966616,596.0,3.2170250415802,2.337733030319214,0.5954415798187256,-0.00475893821567297,510.0
301017,1668.328294633,596.0,3.2326529026031494,2.374892473220825,0.5953853130340576,-0.0013103553792461753,510.0
301037,1668.347587894,600.0,3.2295022010803223,2.4045183658599854,0.5959802865982056,1.080538822861854e-05,510.0
301057,1668.367784572,600.0,3.2285544872283936,2.415412187576294,0.5959542989730835,-0.002815687796100974,510.0
301077,1668.390640468,596.0,3.235697031021118,2.3931381702423096,0.5955896377563477,-0.005312946625053883,513.0
301097,1668.408250613,596.0,3.2474265098571777,2.3849096298217773,0.5954877138137817,-0.00464209821075201,510.0
301117,1668.42735373,596.0,3.236258029937744,2.3880093097686768,0.5952059030532837,-0.004644276574254036,514.0
301137,1668.447674277,596.0,3.226797103881836,2.39699649810791,0.5951183438301086,-0.004156576003879309,518.0
301157,1668.467955452,596.0,3.2331502437591553,2.4638240337371826,0.5949220657348633,-0.0036576061975210905,510.0
301177,1668.487410574,596.0,3.213395357131958,2.494776487350464,0.5948270559310913,-0.006044805981218815,517.0
301197,1668.508618876,598.0,3.198178291320801,2.4678874015808105,0.5950489044189453,-0.006942924112081528,511.0
301217,1668.528485008,598.0,3.207409381866455,2.4709901809692383,0.5948932766914368,-0.007849802263081074,523.0
301237,1668.547034581,598.0,3.208200693130493,2.478583574295044,0.5948120951652527,-0.008332697674632072,517.0
301257,1668.567780289,598.0,3.199321746826172,2.432971239089966,0.5949999094009399,-0.006968996953219175,510.0
301277,1668.586968272,598.0,3.1971840858459473,2.438754081726074,0.5948897004127502,-0.004015170503407717,512.0
301297,1668.606869556,597.0,3.192101001739502,2.485839605331421,0.5949622392654419,-0.0033676503226161003,512.0
301317,1668.627340731,597.0,3.1873323917388916,2.471226692199707,0.5948662757873535,-0.00636531226336956,518.0
301337,1668.647601806,597.0,3.1734752655029297,2.446979522705078,0.5948761701583862,-0.007597638759762049,517.0
301357,1668.667107878,597.0,3.1836864948272705,2.445105791091919,0.5947222113609314,-0.00751656387001276,510.0
301377,1668.687840212,599.0,3.1787657737731934,2.437777042388916,0.5951210856437683,-0.004523651674389839,524.0
301397,1668.70810472,599.0,3.187622547149658,2.463683605194092,0.5950442552566528,-0.0033103988971561193,556.0
301417,1668.727576904,597.0,3.193915843963623,2.477692127227783,0.5950583815574646,-0.0032530496828258038,582.0
301437,1668.747794956,597.0,3.1981089115142822,2.4826154708862305,0.5949780344963074,-0.005158577114343643,568.0
301457,1668.767293247,600.0,3.192704916000366,2.4428634643554688,0.5954983830451965,-0.006158274598419666,578.0
301477,1668.787907977,600.0,3.1913912296295166,2.420074939727783,0.5953723788261414,-0.006074722856283188,522.0
301497,1668.807088953,597.0,3.1858816146850586,2.408700942993164,0.5952764749526978,-0.0033003969583660364,571.0
301517,1668.827776465,597.0,3.1733334064483643,2.4379384517669678,0.5953114628791809,-0.0009302265243604779,561.0
301537,1668.846630844,597.0,3.1694700717926025,2.4904487133026123,0.5952885150909424,-0.0016418012091889977,574.0
301557,1668.867347907,599.0,3.1662817001342773,2.5287489891052246,0.5956661701202393,-0.004103819839656353,553.0
301577,1668.886979692,599.0,3.1651031970977783,2.507741689682007,0.595553994178772,-0.006575342267751694,564.0
301597,1668.906808834,599.0,3.1844584941864014,2.4919369220733643,0.5958150625228882,-0.006081465631723404,554.0
301617,1668.927656911,599.0,3.194849967956543,2.478551149368286,0.5957034230232239,-0.004778868984431028,568.0
301637,1668.946874829,596.0,3.189391613006592,2.4995923042297363,0.5954409837722778,-0.0024359968956559896,559.0
301657,1668.966868065,596.0,3.1870498657226562,2.530935525894165,0.5954058170318604,-0.0016890550032258034,564.0
301677,1668.9858541,598.0,3.172008514404297,2.5232224464416504,0.59553462266922,-0.004891213495284319,561.0
301697,1669.005361382,598.0,3.150641441345215,2.5146350860595703,0.5954112410545349,-0.007073762360960245,571.0
301717,1669.026067827,596.0,3.1501431465148926,2.5109951496124268,0.5951150059700012,-0.006943236105144024,565.0
301737,1669.04638125,596.0,3.1532275676727295,2.4965932369232178,0.5949988961219788,-0.004613478668034077,568.0
301757,1669.066109286,595.0,3.1622629165649414,2.503910541534424,0.5946418046951294,-0.004907247144728899,558.0
301777,1669.087190743,595.0,3.182097911834717,2.552063465118408,0.5945197343826294,-0.007622347678989172,564.0
301797,1669.106834879,595.0,3.1717727184295654,2.5147576332092285,0.5943394303321838,-0.010069809854030609,561.0
301817,1669.12761564,601.0,3.1589410305023193,2.466205596923828,0.5951680541038513,-0.007724746596068144,566.0
301837,1669.146686716,601.0,3.168379068374634,2.46260666847229,0.5950318574905396,-0.005739274900406599,556.0
301857,1669.165943596,598.0,3.167205572128296,2.436220407485962,0.5952467918395996,-0.0034489850513637066,583.0
301877,1669.18654045,598.0,3.17938494682312,2.4598779678344727,0.5952056646347046,-0.0006217812187969685,558.0
301897,1669.207781452,598.0,3.1913235187530518,2.512881278991699,0.595458447933197,-0.0003225702384952456,566.0
301917,1669.226907316,598.0,3.1903233528137207,2.5363409519195557,0.5954222679138184,-0.003715325379744172,570.0
301937,1669.247174053,597.0,3.2014026641845703,2.5051987171173096,0.5953391790390015,-0.008203690871596336,564.0
301957,1669.266414735,597.0,3.198439836502075,2.4409947395324707,0.5951667428016663,-0.008424629457294941,554.0
301977,1669.286530088,597.0,3.182027816772461,2.430995464324951,0.595102846622467,-0.0050898147746920586,569.0
301997,1669.305837321,597.0,3.2014429569244385,2.4640958309173584,0.5950289368629456,-0.002484845230355859,558.0
302017,1669.327517705,598.0,3.200960874557495,2.505563974380493,0.5952425003051758,-0.001894388347864151,563.0
302037,1669.346697937,598.0,3.185868263244629,2.5007429122924805,0.5951760411262512,-0.00485963886603713,553.0
302057,1669.366703857,593.0,3.1868982315063477,2.468928098678589,0.5943920016288757,-0.009077640250325203,569.0
302077,1669.386501282,593.0,3.188418388366699,2.4352834224700928,0.5941978096961975,-0.00982243288308382,559.0
302097,1669.407440006,593.0,3.1979005336761475,2.4337005615234375,0.5940254330635071,-0.0070259589701890945,573.0
302117,1669.425789715,597.0,3.2210264205932617,2.446977376937866,0.5942276120185852,-0.004473015666007996,552.0
302137,1669.4475025,597.0,3.223479747772217,2.4303152561187744,0.5941230058670044,-0.00639263866469264,563.0
302157,1669.467369231,597.0,3.195279598236084,2.385138511657715,0.5942752361297607,-0.007186888717114925,553.0
302177,1669.486677598,597.0,3.1708474159240723,2.3923418521881104,0.5941513776779175,-0.0049666715785861015,570.0
302197,1669.505847999,595.0,3.175168752670288,2.4562950134277344,0.5939877033233643,-0.003457623301073909,553.0
302217,1669.526186816,595.0,3.165260076522827,2.4873180389404297,0.5939087867736816,-0.004837201442569494,563.0
302237,1669.546555581,598.0,3.1608476638793945,2.463918447494507,0.5942811369895935,-0.006621118634939194,556.0
302257,1669.566964241,598.0,3.1537961959838867,2.433706521987915,0.5941193699836731,-0.00948463473469019,564.0
302277,1669.587481055,595.0,3.109370231628418,2.3899834156036377,0.593845784664154,-0.009796742349863052,553.0
302297,1669.607261531,595.0,3.0911827087402344,2.382434844970703,0.5936740040779114,-0.007104683667421341,566.0
302317,1669.626056285,595.0,3.1340150833129883,2.4237656593322754,0.5935479402542114,-0.004050827585160732,555.0
302337,1669.646370227,595.0,3.174100637435913,2.4873504638671875,0.5934698581695557,-0.004269805271178484,567.0
302357,1669.666477252,598.0,3.1789355278015137,2.471003770828247,0.5933371186256409,-0.009602189064025879,564.0
302377,1669.687563867,598.0,3.155388832092285,2.3561367988586426,0.593737781047821,-0.01426845695823431,567.0
302397,1669.706042498,598.0,3.131279468536377,2.2661635875701904,0.593460738658905,-0.012267040088772774,563.0
302417,1669.727128969,597.0,3.1455321311950684,2.277219533920288,0.5937460064888,-0.003163215471431613,565.0
302437,1669.747345501,597.0,3.1594409942626953,2.3695714473724365,0.5937439799308777,0.002191702602431178,559.0
302457,1669.766104742,599.0,3.174057960510254,2.4397499561309814,0.5945002436637878,0.001192377065308392,577.0
302477,1669.787243226,599.0,3.1881072521209717,2.4131076335906982,0.5944440960884094,-0.006831231527030468,532.0
302497,1669.806094376,596.0,3.201956272125244,2.3249552249908447,0.5943108201026917,-0.011199493892490864,516.0
302517,1669.826408232,596.0,3.1878581047058105,2.2500431537628174,0.5941035747528076,-0.008644183166325092,515.0
302537,1669.846629294,599.0,3.1864893436431885,2.249410629272461,0.5946571826934814,0.0002089452464133501,513.0
302557,1669.865892061,599.0,3.214109182357788,2.346029281616211,0.5947027802467346,0.0033040856942534447,514.0
302577,1669.885615853,599.0,3.2396650314331055,2.3791987895965576,0.5952289700508118,0.0003445445909164846,517.0
302597,1669.906576434,599.0,3.2354896068573,2.3360183238983154,0.5951741337776184,-0.00571603374555707,517.0
302617,1669.926471299,598.0,3.2314932346343994,2.2878434658050537,0.5952755212783813,-0.009512298740446568,511.0
302637,1669.946070342,598.0,3.2733371257781982,2.219451904296875,0.5950984954833984,-0.007244396023452282,515.0
302657,1669.967492226,598.0,3.2671022415161133,2.21024751663208,0.5950164198875427,-0.0007557710632681847,517.0
302677,1669.986425004,598.0,3.253286361694336,2.2654261589050293,0.5953781008720398,0.005249411333352327,515.0
302697,1670.006863877,598.0,3.25016713142395,2.339459180831909,0.5954728126525879,0.0032538201194256544,511.0
302717,1670.026253866,599.0,3.258244037628174,2.319694757461548,0.5958855152130127,-0.0016885861987248063,515.0
302737,1670.047025957,599.0,3.28908634185791,2.2985763549804688,0.5958014726638794,-0.006353352684527636,511.0
302757,1670.066372182,596.0,3.285348892211914,2.2767932415008545,0.5954546332359314,-0.0077912877313792706,514.0
302777,1670.08668652,596.0,3.2766032218933105,2.238804578781128,0.5953269600868225,-0.004590077791363001,510.0
302797,1670.107093955,603.0,3.28006649017334,2.2409780025482178,0.5964299440383911,0.0011882419930770993,510.0
302817,1670.1261918,603.0,3.2863574028015137,2.2464213371276855,0.5964537858963013,0.0008258773013949394,514.0
302837,1670.146845991,598.0,3.2910773754119873,2.238147258758545,0.5964500904083252,-0.0012987011577934027,510.0
302857,1670.165965638,598.0,3.2879209518432617,2.2392194271087646,0.5963969230651855,-0.0037926689255982637,512.0
302877,1670.186077321,595.0,3.255535364151001,2.2098519802093506,0.5957974195480347,-0.005458317697048187,514.0
302897,1670.206587802,595.0,3.236325979232788,2.1977853775024414,0.5957083106040955,-0.0032542531844228506,510.0
302917,1670.226420907,599.0,3.2622880935668945,2.224025249481201,0.5959852337837219,-0.0017120693810284138,511.0
302937,1670.247191468,599.0,3.2933530807495117,2.228839635848999,0.5959358811378479,-0.0033239859621971846,510.0
302957,1670.266131797,599.0,3.293527603149414,2.213935375213623,0.5958560705184937,-0.004185283090919256,516.0
302977,1670.286341795,596.0,3.2876110076904297,2.180811882019043,0.5955678820610046,-0.003472975455224514,515.0
302997,1670.307033326,596.0,3.296154499053955,2.174008369445801,0.595505952835083,-0.002912068972364068,509.0
303017,1670.325914668,594.0,3.2949137687683105,2.162902355194092,0.5949179530143738,-0.004619465209543705,510.0
303037,1670.346179482,594.0,3.299593210220337,2.1590311527252197,0.5948271155357361,-0.004267111420631409,519.0
303057,1670.366556314,598.0,3.3110430240631104,2.190544605255127,0.5950934290885925,-0.00375577574595809,510.0
303077,1670.38564048,598.0,3.3078389167785645,2.179270029067993,0.5950024724006653,-0.005409932229667902,509.0
303097,1670.406632655,598.0,3.315992832183838,2.1680235862731934,0.5951804518699646,-0.005455804523080587,509.0
303117,1670.425660916,598.0,3.3096399307250977,2.161949872970581,0.5950781106948853,-0.004783093463629484,511.0
303137,1670.446408644,596.0,3.297126531600952,2.176333427429199,0.5949004292488098,-0.003414071863517165,509.0
303157,1670.466597433,596.0,3.2900187969207764,2.207991600036621,0.5948454141616821,-0.002306689042598009,510.0
303177,1670.485597646,597.0,3.293159008026123,2.2274720668792725,0.5949079990386963,-0.003945225849747658,508.0
303197,1670.505381149,597.0,3.294081687927246,2.217573642730713,0.5947937369346619,-0.007417432963848114,509.0
303217,1670.526174606,597.0,3.297421932220459,2.1830923557281494,0.5946225523948669,-0.00926635880023241,524.0
303237,1670.544925341,597.0,3.3029022216796875,2.161609649658203,0.5946172475814819,-0.006564895622432232,518.0
303257,1670.563897236,597.0,3.2963509559631348,2.1829519271850586,0.594527542591095,-0.0026048363652080297,517.0
303277,1670.58392189,598.0,3.282341241836548,2.2016568183898926,0.5948882699012756,-0.002806881908327341,510.0
303297,1670.604607236,598.0,3.297163486480713,2.1861605644226074,0.5947930216789246,-0.006634973920881748,516.0
303317,1670.625076206,598.0,3.3096816539764404,2.165438175201416,0.595000147819519,-0.008157134056091309,512.0
303337,1670.645668341,598.0,3.3143863677978516,2.1393232345581055,0.5948578715324402,-0.005533894058316946,509.0
303357,1670.665344396,596.0,3.3384695053100586,2.1843695640563965,0.5947620868682861,-0.0017020072555169463,512.0
303377,1670.685824783,596.0,3.30704927444458,2.2176296710968018,0.5947275161743164,-0.0024054155219346285,512.0
303397,1670.705377142,597.0,3.2881088256835938,2.194608211517334,0.5948032140731812,-0.005199975799769163,520.0
303417,1670.724986662,597.0,3.3198482990264893,2.181352138519287,0.5946868062019348,-0.005989386234432459,514.0
303437,1670.745322859,598.0,3.3133668899536133,2.175328254699707,0.5949268341064453,-0.0038949218578636646,534.0
303457,1670.765908005,598.0,3.30446457862854,2.1975526809692383,0.5948671698570251,-0.0020166239701211452,519.0
303477,1670.78559903,594.0,3.288555860519409,2.2329695224761963,0.5944089889526367,-0.0016724864253774285,523.0
303497,1670.805644924,594.0,3.2870187759399414,2.2484827041625977,0.5943549275398254,-0.0041795759461820126,536.0
303517,1670.82643895,594.0,3.297795057296753,2.2103099822998047,0.5942405462265015,-0.00697294482961297,533.0
303537,1670.846627423,601.0,3.301867723464966,2.1851444244384766,0.5951529145240784,-0.004619169048964977,531.0
303557,1670.865123881,601.0,3.3033902645111084,2.1985161304473877,0.5950880646705627,-0.0016549561405554414,529.0
303577,1670.886467434,598.0,3.299574136734009,2.240084171295166,0.5953788161277771,0.0010598493972793221,523.0
303597,1670.905582093,598.0,3.2932472229003906,2.2808258533477783,0.5953865647315979,-0.0006168264080770314,523.0
303617,1670.925739955,597.0,3.2672176361083984,2.2700579166412354,0.5953992009162903,-0.0030836325604468584,524.0
303637,1670.945928587,597.0,3.2618041038513184,2.253838300704956,0.5953195691108704,-0.004803655203431845,525.0
303657,1670.965691553,596.0,3.259065866470337,2.248105764389038,0.5951096415519714,-0.005016132723540068,522.0
303677,1670.986531936,596.0,3.2658185958862305,2.278972625732422,0.5950204133987427,-0.003982123453170061,527.0
303697,1671.00563889,597.0,3.264955759048462,2.2942159175872803,0.5950364470481873,-0.003746295813471079,527.0
303717,1671.025971559,597.0,3.257855176925659,2.286691188812256,0.5949496626853943,-0.005109025631099939,528.0
303737,1671.046140839,597.0,3.2239487171173096,2.2491209506988525,0.5949692726135254,-0.00415386538952589,530.0
303757,1671.064843944,597.0,3.2150826454162598,2.2558281421661377,0.5948959589004517,-0.0032459332142025232,525.0
303777,1671.085359058,597.0,3.226296901702881,2.2561686038970947,0.5948235988616943,-0.004149122629314661,527.0
303797,1671.106066591,597.0,3.216972827911377,2.2437050342559814,0.5948566794395447,-0.004733679350465536,523.0
303817,1671.125516254,597.0,3.2097976207733154,2.2649099826812744,0.59476238489151,-0.004610189236700535,539.0
303837,1671.146554432,593.0,3.207001209259033,2.2647440433502197,0.5940879583358765,-0.006337844766676426,524.0
303857,1671.165772863,593.0,3.215820550918579,2.256049394607544,0.5939651131629944,-0.005784234032034874,523.0
303877,1671.1866226,598.0,3.2365026473999023,2.2587361335754395,0.5943773984909058,-0.004376961383968592,526.0
303897,1671.206161877,598.0,3.2327001094818115,2.250077247619629,0.5942966341972351,-0.003400844521820545,532.0
303917,1671.225379895,597.0,3.226712942123413,2.269545793533325,0.5945047736167908,-0.002010555937886238,527.0
303937,1671.245498936,597.0,3.2297213077545166,2.2695810794830322,0.5944607257843018,-0.0026143668219447136,530.0
303957,1671.266051745,598.0,3.2373321056365967,2.252296209335327,0.5948064923286438,-0.0035523497499525547,521.0
303977,1671.285388714,598.0,3.239957571029663,2.247046709060669,0.5947182774543762,-0.005286945030093193,530.0
303997,1671.306350906,598.0,3.222153902053833,2.2283923625946045,0.594955563545227,-0.004953064024448395,527.0
304017,1671.325618053,598.0,3.1953797340393066,2.2470290660858154,0.5948817729949951,-0.002276773564517498,521.0
304037,1671.346095474,596.0,3.2132182121276855,2.3013362884521484,0.5947824716567993,-0.0014377073384821415,521.0
304057,1671.365360939,596.0,3.2077860832214355,2.2971794605255127,0.5947349071502686,-0.0034108562394976616,526.0
304077,1671.38589986,598.0,3.2173149585723877,2.293914318084717,0.5946514010429382,-0.0049226838164031506,524.0
304097,1671.405047245,598.0,3.2193048000335693,2.286090612411499,0.5948789715766907,-0.006012561731040478,522.0
304117,1671.425619099,598.0,3.1996257305145264,2.2624223232269287,0.594761073589325,-0.005244934465736151,529.0
304137,1671.446061481,596.0,3.1897876262664795,2.2878007888793945,0.5946769714355469,-0.003178926883265376,522.0
304157,1671.465391132,596.0,3.2044546604156494,2.2985939979553223,0.5946099758148193,-0.003901070449501276,525.0
304177,1671.485609267,601.0,3.2070095539093018,2.284916400909424,0.5954804420471191,-0.00361046870239079,523.0
304197,1671.505384031,601.0,3.196462869644165,2.2694649696350098,0.5953897833824158,-0.0052640861831605434,522.0
304217,1671.52562194,596.0,3.184527635574341,2.2554142475128174,0.5951708555221558,-0.004820560105144978,521.0
304237,1671.545069781,596.0,3.1994802951812744,2.260154962539673,0.5950864553451538,-0.003950296901166439,523.0
304257,1671.565945071,595.0,3.1915814876556396,2.2642197608947754,0.5947180390357971,-0.005427854601293802,521.0
304277,1671.585354937,595.0,3.2085132598876953,2.2917776107788086,0.5945977568626404,-0.0060777305625379086,525.0
304297,1671.605690374,597.0,3.2138612270355225,2.280421733856201,0.5946552753448486,-0.0065642413683235645,522.0
304317,1671.625884739,597.0,3.1916093826293945,2.2635419368743896,0.5945307016372681,-0.005647295620292425,522.0
304337,1671.645498414,595.0,3.1851422786712646,2.283170700073242,0.5942587852478027,-0.005028330720961094,523.0
304357,1671.664188333,595.0,3.217886209487915,2.295192241668701,0.5941608548164368,-0.004928805399686098,524.0
304377,1671.684578143,600.0,3.2385544776916504,2.3218584060668945,0.5940433740615845,-0.0068802740424871445,526.0
304397,1671.706559833,600.0,3.213155746459961,2.2989697456359863,0.594733715057373,-0.005719468463212252,524.0
304417,1671.725396807,600.0,3.190988063812256,2.2839932441711426,0.5946171283721924,-0.005996638908982277,536.0
304437,1671.746135469,601.0,3.1901652812957764,2.2533175945281982,0.5954713821411133,-0.004576416686177254,524.0
304457,1671.765453148,601.0,3.2029879093170166,2.2300667762756348,0.5953915119171143,-0.0028984304517507553,528.0
304477,1671.785814931,599.0,3.2209994792938232,2.2731471061706543,0.5958007574081421,0.0006390772759914398,535.0
304497,1671.806842418,599.0,3.2157347202301025,2.292344093322754,0.5958143472671509,0.00041646536556072533,538.0
304517,1671.825536159,597.0,3.214776039123535,2.295732259750366,0.5957740545272827,-0.002394498325884342,529.0
304537,1671.844606422,597.0,3.2043917179107666,2.2686972618103027,0.5957018733024597,-0.004335329402238131,522.0
304557,1671.865765952,599.0,3.1987781524658203,2.2422993183135986,0.5959737300872803,-0.002880366751924157,514.0
304577,1671.884669629,599.0,3.199674606323242,2.254199504852295,0.5959245562553406,-0.001990115735679865,512.0
304597,1671.906374035,597.0,3.2108418941497803,2.273960590362549,0.5958278179168701,-2.1826112060807645e-05,521.0
304617,1671.92395139,597.0,3.226513624191284,2.3238866329193115,0.5958295464515686,-0.00031624335679225624,517.0
304637,1671.94451617,597.0,3.254770517349243,2.34363055229187,0.5957174897193909,-0.005032874643802643,510.0
304657,1671.965085875,597.0,3.2315104007720947,2.2693960666656494,0.595574676990509,-0.008803345263004303,517.0
304677,1671.984861666,597.0,3.208122491836548,2.236351490020752,0.5954069495201111,-0.007077558431774378,517.0
304697,1672.006118395,597.0,3.2054038047790527,2.242340326309204,0.5953329801559448,-0.002200130606070161,514.0
304717,1672.025251213,597.0,3.2007246017456055,2.2803843021392822,0.5953155755996704,-0.00022972116130404174,520.0
304737,1672.044191793,597.0,3.222749948501587,2.3145225048065186,0.5953571200370789,-0.0029707003850489855,514.0
304757,1672.064612014,597.0,3.259068489074707,2.3052687644958496,0.5952498316764832,-0.007803622167557478,512.0
304777,1672.084108164,601.0,3.2334957122802734,2.24790096282959,0.5959076285362244,-0.008546476252377033,516.0
304797,1672.10620993,601.0,3.203273057937622,2.211818218231201,0.5957657694816589,-0.005088855978101492,523.0
304817,1672.125017539,593.0,3.2373461723327637,2.2371485233306885,0.594963788986206,-0.002505688928067684,513.0
304837,1672.14439936,593.0,3.27046799659729,2.267183780670166,0.5949187874794006,-0.002390094567090273,510.0
304857,1672.164975156,597.0,3.2875094413757324,2.2623376846313477,0.5949641466140747,-0.004249460995197296,510.0
304877,1672.183670431,597.0,3.2722294330596924,2.2462000846862793,0.5948401689529419,-0.008176703937351704,519.0
304897,1672.204661757,599.0,3.229210376739502,2.18703293800354,0.5951780080795288,-0.009190402925014496,522.0
304917,1672.224404275,599.0,3.227505922317505,2.1671111583709717,0.5950100421905518,-0.006992919370532036,510.0
304937,1672.244096578,597.0,3.258723258972168,2.1937201023101807,0.595012366771698,-0.0035431066062301397,513.0
304957,1672.264671673,597.0,3.2732882499694824,2.225982666015625,0.5949407815933228,-0.0040536741726100445,515.0
304977,1672.285125535,597.0,3.2484664916992188,2.24383282661438,0.5948361754417419,-0.00637076236307621,515.0
304997,1672.305815256,596.0,3.2403557300567627,2.2554585933685303,0.5946822166442871,-0.007325655315071344,515.0
305017,1672.324814339,596.0,3.2381420135498047,2.2315640449523926,0.5945242643356323,-0.008493296802043915,509.0
305037,1672.344669491,594.0,3.226001262664795,2.190035343170166,0.5940293073654175,-0.008854352869093418,509.0
305057,1672.364365927,594.0,3.231951951980591,2.1939549446105957,0.5938597917556763,-0.007965654134750366,509.0
305077,1672.383935655,596.0,3.219801664352417,2.2011311054229736,0.5939036011695862,-0.0045977430418133736,513.0
305097,1672.40606377,596.0,3.2269139289855957,2.268075704574585,0.5938347578048706,-0.0026957120280712843,509.0
305117,1672.424968465,595.0,3.2370781898498535,2.293570041656494,0.5937332510948181,-0.005605011712759733,509.0
305137,1672.444079344,595.0,3.2182857990264893,2.2456722259521484,0.5935788154602051,-0.009492078796029091,512.0
305157,1672.464738511,594.0,3.217231273651123,2.2195539474487305,0.5932056307792664,-0.012130278162658215,509.0
305177,1672.483525316,594.0,3.2219111919403076,2.184934377670288,0.5929694175720215,-0.010761718265712261,509.0
305197,1672.505942024,596.0,3.2089037895202637,2.1863279342651367,0.5931214094161987,-0.004973316565155983,511.0
305217,1672.52502794,596.0,3.224691152572632,2.2584187984466553,0.5930525064468384,-0.0025374048855155706,509.0
305237,1672.544082067,597.0,3.2333638668060303,2.3067264556884766,0.5929744243621826,-0.006035170052200556,514.0
305257,1672.564762264,597.0,3.213923692703247,2.2701921463012695,0.593259871006012,-0.011759769171476364,510.0
305277,1672.584651066,597.0,3.198490858078003,2.1930036544799805,0.592992901802063,-0.013977549970149994,514.0
305297,1672.605995276,598.0,3.194509267807007,2.1731009483337402,0.593488335609436,-0.008860819041728973,512.0
305317,1672.624737106,598.0,3.1941895484924316,2.192911386489868,0.5933501124382019,-0.00467333709821105,515.0
305337,1672.645030654,596.0,3.2074742317199707,2.2194247245788574,0.593530535697937,-0.004504535812884569,509.0
305357,1672.664058202,596.0,3.2284724712371826,2.2419235706329346,0.5934058427810669,-0.008105929009616375,509.0
305377,1672.684229462,596.0,3.2137763500213623,2.2315821647644043,0.5934704542160034,-0.010341932065784931,517.0
305397,1672.704496113,596.0,3.1850674152374268,2.1908042430877686,0.5932671427726746,-0.00972005259245634,512.0
305417,1672.72431852,595.0,3.197725296020508,2.1683926582336426,0.5931984782218933,-0.007404606323689222,515.0
305437,1672.744811692,595.0,3.194929838180542,2.1838266849517822,0.5930688977241516,-0.0055829850025475025,520.0
305457,1672.764522184,600.0,3.2030012607574463,2.222565174102783,0.5939982533454895,-0.002988026011735201,513.0
305477,1672.783917678,600.0,3.200752019882202,2.2374939918518066,0.5939138531684875,-0.005689910147339106,520.0
305497,1672.804097117,595.0,3.190248966217041,2.2118821144104004,0.5937308073043823,-0.007853158749639988,524.0
305517,1672.824546965,595.0,3.1934049129486084,2.2101902961730957,0.593573272228241,-0.00765003077685833,525.0
305537,1672.843623905,598.0,3.1854562759399414,2.220860719680786,0.5934379696846008,-0.005706936586648226,533.0
305557,1672.863770145,598.0,3.2077436447143555,2.2593443393707275,0.593927264213562,-0.003059057518839836,527.0
305577,1672.883983576,598.0,3.216956377029419,2.286349296569824,0.5938518047332764,-0.004813347943127155,528.0
305597,1672.904419533,598.0,3.1790270805358887,2.2566535472869873,0.5942791700363159,-0.006797763053327799,522.0
305617,1672.924978904,598.0,3.1780009269714355,2.2222211360931396,0.5941266417503357,-0.008065182715654373,530.0
305637,1672.944970311,600.0,3.1820638179779053,2.2313010692596436,0.5948708653450012,-0.003564229467883706,524.0
305657,1672.963876705,600.0,3.1973230838775635,2.2758893966674805,0.59483402967453,-0.0005054178182035685,532.0
305677,1672.983936648,595.0,3.2039222717285156,2.307856559753418,0.5946033000946045,-0.002631585579365492,523.0
305697,1673.003540603,595.0,3.2059004306793213,2.2862257957458496,0.5945073366165161,-0.006794572342187166,527.0
305717,1673.023186379,596.0,3.2003531455993652,2.245218515396118,0.5944058299064636,-0.00748992757871747,523.0
305737,1673.043949472,596.0,3.181309461593628,2.235295057296753,0.5942849516868591,-0.004357591271400452,521.0
305757,1673.063707057,596.0,3.1774039268493652,2.2740561962127686,0.5942824482917786,-0.0011775677558034658,525.0
305777,1673.08357262,596.0,3.1856346130371094,2.3193161487579346,0.5942543745040894,-0.0024157031439244747,527.0
305797,1673.103652112,597.0,3.2035789489746094,2.3252532482147217,0.5944085121154785,-0.005508190020918846,524.0
305817,1673.124403442,597.0,3.2158875465393066,2.300985813140869,0.5942723751068115,-0.007935521192848682,523.0
305837,1673.14423324,597.0,3.1993024349212646,2.2778477668762207,0.594107985496521,-0.007871865294873714,527.0
305857,1673.164509181,595.0,3.1683695316314697,2.2819743156433105,0.5938652157783508,-0.005125332158058882,522.0
305877,1673.184724101,595.0,3.178008794784546,2.3120243549346924,0.5937760472297668,-0.003966162446886301,526.0
305897,1673.204868596,597.0,3.1882176399230957,2.33028507232666,0.594063401222229,-0.004163344856351614,525.0
305917,1673.224217622,597.0,3.1779823303222656,2.3311781883239746,0.5939619541168213,-0.005819884594529867,530.0
305937,1673.244799582,598.0,3.1652517318725586,2.332427978515625,0.594363272190094,-0.005623531527817249,523.0
305957,1673.264444674,598.0,3.169851303100586,2.3341267108917236,0.5942509174346924,-0.005502656567841768,522.0
305977,1673.283748596,601.0,3.171910524368286,2.3425846099853516,0.5951805710792542,-0.0013303698506206274,526.0
305997,1673.304820557,601.0,3.1926169395446777,2.3638391494750977,0.5951668620109558,-0.00046276202192530036,522.0
306017,1673.324454619,596.0,3.1896049976348877,2.3665151596069336,0.5950480103492737,-0.0028163776732981205,521.0
306037,1673.343792296,596.0,3.1685917377471924,2.344825267791748,0.5949600338935852,-0.005764026194810867,526.0
306057,1673.364591724,594.0,3.1475346088409424,2.3234992027282715,0.594411313533783,-0.006077493075281382,522.0
306077,1673.38358073,594.0,3.151021957397461,2.3119986057281494,0.5943178534507751,-0.0032052902970463037,525.0
306097,1673.404243556,597.0,3.1840872764587402,2.3398916721343994,0.5944910049438477,-0.0016683738213032484,522.0
306117,1673.424192439,597.0,3.184028148651123,2.3644766807556152,0.5944404006004333,-0.003466081339865923,524.0
306137,1673.443527186,597.0,3.1714589595794678,2.359935760498047,0.5943542122840881,-0.004774692002683878,533.0
306157,1673.463736275,597.0,3.1620376110076904,2.3659515380859375,0.5944862961769104,-0.0028346164617687464,527.0
306177,1673.483950084,597.0,3.1641063690185547,2.378875732421875,0.5944297313690186,-0.0030405528377741575,523.0
306197,1673.50379226,599.0,3.1517553329467773,2.3857438564300537,0.5949806571006775,-0.0034126602113246918,529.0
306217,1673.523670424,599.0,3.157378673553467,2.3658413887023926,0.5948978662490845,-0.004555270541459322,523.0
306237,1673.543996038,595.0,3.171072244644165,2.373195171356201,0.5945891737937927,-0.004536737222224474,522.0
306257,1673.563335287,595.0,3.1525795459747314,2.365680456161499,0.5945070385932922,-0.003646171186119318,521.0
306277,1673.583390851,595.0,3.1495537757873535,2.3867740631103516,0.5942997336387634,-0.002833110513165593,526.0
306297,1673.603958704,595.0,3.1781673431396484,2.4083266258239746,0.5942317843437195,-0.003756382269784808,522.0
306317,1673.623616191,599.0,3.205317497253418,2.3915843963623047,0.594768226146698,-0.0031762674916535616,527.0
306337,1673.644452364,599.0,3.187504291534424,2.3761279582977295,0.5946958065032959,-0.00401009526103735,524.0
306357,1673.663630448,599.0,3.169973850250244,2.367642641067505,0.595137357711792,-0.0038062683306634426,524.0
306377,1673.684617882,599.0,3.163008689880371,2.3691985607147217,0.595053493976593,-0.004444760270416737,524.0
306397,1673.703604474,599.0,3.1826884746551514,2.3739938735961914,0.5949611067771912,-0.0046650925651192665,530.0
306417,1673.72360097,599.0,3.188462018966675,2.3574085235595703,0.5953488945960999,-0.0033951972145587206,524.0
306437,1673.744525939,599.0,3.1760144233703613,2.357408285140991,0.5952809453010559,-0.003253624541684985,528.0
306457,1673.763627152,599.0,3.158433675765991,2.361828088760376,0.5956441164016724,-0.0009236942860297859,538.0
306477,1673.783811158,599.0,3.163296699523926,2.3743574619293213,0.5956270694732666,-0.0010995360789820552,527.0
306497,1673.804507962,597.0,3.1731746196746826,2.3825032711029053,0.5955888628959656,-0.004086534027010202,525.0
306517,1673.823961146,597.0,3.168618679046631,2.351250648498535,0.595483124256134,-0.006060929968953133,524.0
306537,1673.843843001,599.0,3.169132947921753,2.3494932651519775,0.5958007574081421,-0.0035429876297712326,524.0
306557,1673.864527367,599.0,3.1385445594787598,2.366030693054199,0.5957503318786621,-0.001612381893210113,518.0
306577,1673.883752679,601.0,3.12430739402771,2.3763394355773926,0.5964593887329102,0.00020177358237560838,514.0
306597,1673.904372167,601.0,3.140690326690674,2.3768372535705566,0.5964556932449341,-0.0005388312274590135,522.0
306617,1673.923989882,597.0,3.17148494720459,2.375042676925659,0.5962594747543335,-0.0010449187830090523,510.0
306637,1673.942948589,597.0,3.171457052230835,2.3689780235290527,0.5962437391281128,-0.0005313241854310036,516.0
306657,1673.96352704,596.0,3.1487624645233154,2.3821229934692383,0.5959125757217407,-0.0009373279754072428,518.0
306677,1673.98332565,596.0,3.150148868560791,2.382091522216797,0.5958852171897888,-0.0016575661720708013,513.0
306697,1674.00364223,596.0,3.174473762512207,2.4028913974761963,0.5958492755889893,-0.002086504828184843,515.0
306717,1674.023919698,598.0,3.197873592376709,2.415633201599121,0.5959110856056213,-0.003038208233192563,511.0
306737,1674.042811125,598.0,3.180393934249878,2.4263131618499756,0.5958474278450012,-0.0030873166397213936,511.0
306757,1674.063482337,598.0,3.1531753540039062,2.400578498840332,0.5959483981132507,-0.0026196353137493134,516.0
306777,1674.083731657,598.0,3.1534841060638428,2.4046738147735596,0.5958974361419678,-0.002526639262214303,518.0
306797,1674.103607234,597.0,3.1661317348480225,2.421584129333496,0.5958049297332764,-0.0028406898491084576,509.0
306817,1674.123748741,597.0,3.168893814086914,2.4212777614593506,0.5957401394844055,-0.003639844013378024,513.0
306837,1674.1437635,595.0,3.1732137203216553,2.425848960876465,0.5952821969985962,-0.004857158288359642,509.0
306857,1674.163181855,595.0,3.1604831218719482,2.415729522705078,0.595176100730896,-0.005661352071911097,518.0
306877,1674.183393437,602.0,3.1498374938964844,2.385251522064209,0.5960956811904907,-0.0023867166601121426,511.0
306897,1674.203057912,602.0,3.146003007888794,2.4017739295959473,0.5960621237754822,-0.001162445405498147,517.0
306917,1674.223776886,600.0,3.1541056632995605,2.4310758113861084,0.5964912176132202,-2.548214979469776e-06,510.0
306937,1674.2437909,600.0,3.1636857986450195,2.4352784156799316,0.5964807868003845,-0.0011429492151364684,511.0
306957,1674.264137797,599.0,3.1558480262756348,2.4416773319244385,0.5966237187385559,-0.0025108172558248043,517.0
306977,1674.282913541,599.0,3.1458394527435303,2.4137983322143555,0.5965718626976013,-0.0023540491238236427,519.0
306997,1674.303439821,599.0,3.149567127227783,2.4016902446746826,0.5965421795845032,-0.0004245772724971175,515.0
307017,1674.323600278,599.0,3.162388801574707,2.4273593425750732,0.5967245697975159,0.0011265272041782737,510.0
307037,1674.343536932,599.0,3.176281213760376,2.4641916751861572,0.5967324376106262,-0.0008383085369132459,509.0
307057,1674.363311075,601.0,3.181154727935791,2.458772659301758,0.5972448587417603,-0.001763029838912189,509.0
307077,1674.383396046,601.0,3.157170534133911,2.4247491359710693,0.5972186326980591,-0.0006814119988121092,509.0
307097,1674.402792807,599.0,3.1558709144592285,2.436403512954712,0.597301721572876,0.0005115584353916347,514.0
307117,1674.423546204,599.0,3.1732943058013916,2.4402401447296143,0.5973066091537476,-0.00011408735736040398,509.0
307137,1674.443787803,597.0,3.1710424423217773,2.457943916320801,0.5969785451889038,-0.0021048462949693203,509.0
307157,1674.463759407,597.0,3.158355474472046,2.4426045417785645,0.5969281792640686,-0.0029236790724098682,509.0
307177,1674.483780648,594.0,3.1688523292541504,2.430530071258545,0.5960819721221924,-0.0047814990393817425,509.0
307197,1674.503742538,594.0,3.1567840576171875,2.42946720123291,0.5959903001785278,-0.004477901384234428,509.0
307217,1674.522937082,596.0,3.1657347679138184,2.435007095336914,0.5956341028213501,-0.004447689279913902,515.0
307237,1674.544022628,596.0,3.158569812774658,2.4568045139312744,0.595538854598999,-0.005242525599896908,510.0
307257,1674.562913581,597.0,3.1652414798736572,2.4511561393737793,0.5954212546348572,-0.006410746835172176,517.0
307277,1674.58287787,597.0,3.1662709712982178,2.4523699283599854,0.5952901244163513,-0.007002995349466801,511.0
307297,1674.602634571,597.0,3.1525466442108154,2.4363760948181152,0.5951395630836487,-0.008106667548418045,518.0
307317,1674.622604534,601.0,3.132869243621826,2.405388832092285,0.5957897305488586,-0.006920847110450268,509.0
307337,1674.643799553,601.0,3.153964042663574,2.4011363983154297,0.5956552028656006,-0.005420685280114412,509.0
307357,1674.662614077,600.0,3.154897451400757,2.4227330684661865,0.5961644053459167,-0.0013588109286502004,509.0
307377,1674.682542319,600.0,3.1677439212799072,2.430429458618164,0.5961328744888306,-0.0022913150023669004,509.0
307397,1674.702802782,598.0,3.1635708808898926,2.426936626434326,0.5961504578590393,-0.006209313869476318,517.0
307417,1674.723474552,598.0,3.167518138885498,2.3954288959503174,0.5959912538528442,-0.00924863014370203,518.0
307437,1674.74291652,597.0,3.169076442718506,2.363954782485962,0.5957735776901245,-0.007857154123485088,516.0
307457,1674.763703376,597.0,3.1851367950439453,2.3769750595092773,0.5956501960754395,-0.0045725624077022076,512.0
307477,1674.782826052,599.0,3.1890852451324463,2.3927524089813232,0.5959247946739197,-0.0029059560038149357,513.0
307497,1674.803697012,599.0,3.1996896266937256,2.3827245235443115,0.5958538055419922,-0.0042357128113508224,519.0
307517,1674.823049713,597.0,3.2095141410827637,2.3786067962646484,0.5956999659538269,-0.005458595231175423,528.0
307537,1674.843306153,597.0,3.2223060131073,2.3543691635131836,0.5955833792686462,-0.006077445577830076,527.0
307557,1674.863384718,597.0,3.2090985774993896,2.3375349044799805,0.5954616069793701,-0.0058312625624239445,529.0
307577,1674.88255034,596.0,3.1901538372039795,2.342325448989868,0.5951647758483887,-0.0052117169834673405,529.0
307597,1674.902777332,596.0,3.1569814682006836,2.3645124435424805,0.5950655341148376,-0.004775229375809431,522.0
307617,1674.923516238,599.0,3.160860300064087,2.38862943649292,0.5954248309135437,-0.004042477812618017,523.0
307637,1674.942391601,599.0,3.1604394912719727,2.4171369075775146,0.5953331589698792,-0.0052807750180363655,527.0
307657,1674.962385704,599.0,3.149390459060669,2.410743474960327,0.5956542491912842,-0.00731588015332818,524.0
307677,1674.983461927,599.0,3.1423566341400146,2.379240036010742,0.5954893827438354,-0.008631404489278793,522.0
307697,1675.003522835,597.0,3.138012170791626,2.3822944164276123,0.595381498336792,-0.007126318756490946,525.0
307717,1675.023636484,597.0,3.1527812480926514,2.375730037689209,0.5952621698379517,-0.005025610327720642,523.0
307737,1675.042465527,595.0,3.1801300048828125,2.4154412746429443,0.5948737263679504,-0.005833617877215147,525.0
307757,1675.06323466,595.0,3.167510509490967,2.414982795715332,0.5947370529174805,-0.008017673157155514,528.0
307777,1675.082133033,600.0,3.17435359954834,2.38417649269104,0.5952910780906677,-0.007740671746432781,533.0
307797,1675.103755555,600.0,3.1619069576263428,2.3721799850463867,0.5951341986656189,-0.0076399450190365314,527.0
307817,1675.12302152,597.0,3.1482338905334473,2.3691823482513428,0.5950007438659668,-0.005382360424846411,526.0
307837,1675.143103958,597.0,3.1526219844818115,2.415752410888672,0.5950075387954712,-0.0033779614605009556,522.0
307857,1675.163376992,597.0,3.178072452545166,2.4712889194488525,0.5949304699897766,-0.004720499273389578,534.0
307877,1675.182780164,597.0,3.177642345428467,2.452913999557495,0.5948918461799622,-0.008348088711500168,522.0
307897,1675.202101818,597.0,3.1779651641845703,2.429020643234253,0.5947014093399048,-0.010213210247457027,529.0
307917,1675.222573117,597.0,3.1510536670684814,2.410555124282837,0.5946998000144958,-0.009645397774875164,530.0
307937,1675.242850127,597.0,3.1526803970336914,2.3953700065612793,0.5945231318473816,-0.007789310533553362,531.0
307957,1675.262772366,596.0,3.176436185836792,2.4092044830322266,0.5944251418113708,-0.006324597634375095,523.0
307977,1675.282556464,596.0,3.1696579456329346,2.427821636199951,0.5942996144294739,-0.006349894683808088,536.0
307997,1675.302840686,599.0,3.1359152793884277,2.4143383502960205,0.5948159694671631,-0.004424706567078829,528.0
308017,1675.322174113,599.0,3.136848211288452,2.442908525466919,0.5947328209877014,-0.004191230982542038,531.0
308037,1675.3428603,600.0,3.1139769554138184,2.446747303009033,0.5953619480133057,-0.004800599068403244,523.0
308057,1675.362913826,600.0,3.1216824054718018,2.420259714126587,0.59525066614151,-0.005965083837509155,522.0
308077,1675.382873177,598.0,3.1608896255493164,2.421584129333496,0.5953823924064636,-0.00475278589874506,522.0
308097,1675.402819275,598.0,3.1708338260650635,2.41556453704834,0.5953060388565063,-0.002647978253662586,521.0
308117,1675.422448744,598.0,3.170478343963623,2.4629905223846436,0.5952723622322083,-0.0010442876955494285,524.0
308137,1675.442883524,598.0,3.168659210205078,2.490877389907837,0.5954676270484924,-0.001505887252278626,522.0
308157,1675.462719363,598.0,3.1604666709899902,2.4920167922973633,0.595412015914917,-0.004099616780877113,530.0
308177,1675.481391193,597.0,3.1570186614990234,2.4765682220458984,0.5953026413917542,-0.0067700715735554695,521.0
308197,1675.503243641,597.0,3.1555962562561035,2.4536197185516357,0.5951648354530334,-0.006497133057564497,521.0
308217,1675.522824557,597.0,3.151371955871582,2.4602746963500977,0.5951643586158752,-0.0035730141680687666,526.0
308237,1675.543387387,597.0,3.1497957706451416,2.4783992767333984,0.5951148867607117,-0.0017910648602992296,522.0
308257,1675.563135547,595.0,3.1463778018951416,2.4979288578033447,0.5947896242141724,-0.0041412366554141045,521.0
308277,1675.581945186,595.0,3.1427154541015625,2.469609022140503,0.594678521156311,-0.006907532922923565,521.0
308297,1675.602148901,598.0,3.1397995948791504,2.4448001384735107,0.5949109196662903,-0.00693915830925107,527.0
308317,1675.62253414,598.0,3.1516313552856445,2.4478235244750977,0.5947748422622681,-0.0066689676605165005,525.0
308337,1675.642955533,598.0,3.152174711227417,2.4442977905273438,0.5950096249580383,-0.0049207499250769615,521.0
308357,1675.661591204,598.0,3.1617469787597656,2.4600512981414795,0.5949269533157349,-0.0029113299679011106,521.0
308377,1675.682667454,595.0,3.1914665699005127,2.4878146648406982,0.5945937037467957,-0.00414498383179307,529.0
308397,1675.702919833,595.0,3.189678192138672,2.4614505767822266,0.5944855809211731,-0.006438433192670345,522.0
308417,1675.723715208,595.0,3.18929386138916,2.437208890914917,0.5943559408187866,-0.006403851322829723,530.0
308437,1675.742718548,597.0,3.1912827491760254,2.454664945602417,0.5944446921348572,-0.005056208930909634,534.0
308457,1675.761743377,597.0,3.160635471343994,2.456059217453003,0.5943524241447449,-0.003999453037977219,524.0
308477,1675.78196982,599.0,3.161670446395874,2.485395669937134,0.5948713421821594,-0.0019586312118917704,524.0
308497,1675.802383783,599.0,3.1963305473327637,2.511133909225464,0.5948190689086914,-0.0034006743226200342,524.0
308517,1675.824453581,597.0,3.2033803462982178,2.511488676071167,0.5948886275291443,-0.004913450684398413,540.0
308537,1675.842372271,597.0,3.171887159347534,2.5119998455047607,0.5947846174240112,-0.0053015705198049545,540.0
308557,1675.862503834,597.0,3.1427571773529053,2.5209455490112305,0.5948500633239746,-0.004548134282231331,540.0
308577,1675.882026651,597.0,3.164982557296753,2.535231113433838,0.5947574377059937,-0.004979749210178852,530.0
308597,1675.902381253,599.0,3.1528735160827637,2.507172107696533,0.5951837301254272,-0.005228608381003141,520.0
308617,1675.923700692,599.0,3.145944118499756,2.4920966625213623,0.5950896739959717,-0.003898515133187175,521.0
308637,1675.942697128,597.0,3.1260018348693848,2.5324292182922363,0.5950970649719238,-0.003060403745621443,524.0
308657,1675.961847118,597.0,3.12493896484375,2.555974006652832,0.5950260758399963,-0.0039812433533370495,510.0
308677,1675.983027786,597.0,3.144989490509033,2.566249132156372,0.5949315428733826,-0.005782796535640955,524.0
308697,1676.001852696,597.0,3.145624876022339,2.5207455158233643,0.5948807597160339,-0.007960737682878971,511.0
308717,1676.023502953,597.0,3.1239826679229736,2.495288372039795,0.5947256088256836,-0.006955074146389961,523.0
308737,1676.042442249,596.0,3.1192567348480225,2.536591053009033,0.5945609211921692,-0.004471750929951668,518.0
308757,1676.062368706,596.0,3.118560791015625,2.5538225173950195,0.5944621562957764,-0.006086967885494232,511.0
308777,1676.082705267,595.0,3.1035423278808594,2.5128471851348877,0.5941060185432434,-0.010017095133662224,520.0
308797,1676.101730223,595.0,3.1142208576202393,2.460954189300537,0.5939041972160339,-0.009721381589770317,519.0
308817,1676.124098008,602.0,3.1165759563446045,2.461782455444336,0.5950325727462769,-0.005165101028978825,518.0
308837,1676.141668875,602.0,3.1038169860839844,2.496424913406372,0.5949520468711853,-0.0029311957769095898,516.0
308857,1676.162032963,600.0,3.097490072250366,2.537447214126587,0.5956032872200012,-0.0007849942776374519,516.0
308877,1676.182144344,600.0,3.1155757904052734,2.550175666809082,0.5955682992935181,-0.0027480293065309525,516.0
308897,1676.202380322,599.0,3.121511459350586,2.5458550453186035,0.5958737730979919,-0.0046149371191859245,521.0
308917,1676.223284553,599.0,3.1044762134552,2.5249879360198975,0.595765233039856,-0.005645533092319965,519.0
308937,1676.242369448,599.0,3.091383457183838,2.5313310623168945,0.5960095524787903,-0.001947993878275156,512.0
308957,1676.262387386,599.0,3.0904717445373535,2.5784823894500732,0.595991849899292,-0.0002557558473199606,515.0
308977,1676.281505017,595.0,3.0856401920318604,2.5729475021362305,0.5959683656692505,-0.00222362345084548,533.0
308997,1676.302607072,595.0,3.0717203617095947,2.5607645511627197,0.5954128503799438,-0.005307122599333525,511.0
309017,1676.32354748,595.0,3.066486358642578,2.570147752761841,0.5952948927879333,-0.0060662864707410336,525.0
309037,1676.342716606,600.0,3.0642054080963135,2.564450979232788,0.5957909226417542,-0.0028346606995910406,514.0
309057,1676.361502498,600.0,3.0853633880615234,2.5678458213806152,0.5957568287849426,-0.0005405007395893335,518.0
309077,1676.381582406,597.0,3.1216022968292236,2.5656838417053223,0.5956856608390808,-0.0011452460894361138,523.0
309097,1676.402118077,597.0,3.1305553913116455,2.558567523956299,0.5956305265426636,-0.004217833746224642,512.0
309117,1676.421625685,599.0,3.1145455837249756,2.550241470336914,0.5959196090698242,-0.004513517487794161,514.0
309137,1676.442031053,599.0,3.1091856956481934,2.548304796218872,0.5958350300788879,-0.0036542515736073256,512.0
309157,1676.462114968,596.0,3.108715057373047,2.543745279312134,0.5955579876899719,-0.0026268507353961468,510.0
309177,1676.482048923,596.0,3.1026103496551514,2.5649635791778564,0.5955204963684082,-0.001206047716550529,515.0
309197,1676.501679321,599.0,3.1050074100494385,2.603037118911743,0.5958824753761292,-0.001269603380933404,520.0
309217,1676.521783157,599.0,3.114544630050659,2.593925714492798,0.5958401560783386,-0.0029597159009426832,511.0
309237,1676.541647047,596.0,3.112949848175049,2.5791707038879395,0.5955072641372681,-0.005739725194871426,520.0
309257,1676.562043375,596.0,3.0884530544281006,2.517263412475586,0.5953812003135681,-0.0062752594240009785,510.0
309277,1676.58224835,596.0,3.079716444015503,2.478623390197754,0.595272421836853,-0.004572679288685322,519.0
309297,1676.602407062,599.0,3.1021766662597656,2.486391544342041,0.5956273078918457,-0.0015704930992797017,516.0
309317,1676.622542942,599.0,3.1177334785461426,2.4992411136627197,0.5956052541732788,-0.0008503315621055663,512.0
309337,1676.641919995,602.0,3.121613025665283,2.512857437133789,0.5965049862861633,0.00046092490083537996,522.0
309357,1676.661472226,602.0,3.1395456790924072,2.5175089836120605,0.5964926481246948,-0.0017022613901644945,518.0
309377,1676.681848333,598.0,3.124375104904175,2.4903595447540283,0.5964823961257935,-0.0021071757655590773,515.0
309397,1676.701519932,598.0,3.0989112854003906,2.480877637863159,0.5964514017105103,-0.0006690562004223466,514.0
309417,1676.722017658,599.0,3.105865716934204,2.5049219131469727,0.5966814756393433,0.000893165182787925,512.0
309437,1676.741270088,599.0,3.114946126937866,2.5062477588653564,0.5966899394989014,-0.0001872882421594113,518.0
309457,1676.761748856,596.0,3.130296468734741,2.5012197494506836,0.5962929129600525,-0.002070116810500622,519.0
309477,1676.781392004,596.0,3.1293437480926514,2.513383388519287,0.5962377190589905,-0.003422863781452179,514.0
309497,1676.801817864,596.0,3.1062910556793213,2.4901235103607178,0.5958753228187561,-0.004290655255317688,515.0
309517,1676.821627399,596.0,3.0937085151672363,2.4989917278289795,0.5958080291748047,-0.002262077061459422,522.0
309537,1676.841585195,597.0,3.0963423252105713,2.5210583209991455,0.5957109928131104,-0.0018650955753400922,529.0
309557,1676.861138182,597.0,3.1003501415252686,2.517096996307373,0.595652163028717,-0.004219112917780876,533.0
309577,1676.881045298,597.0,3.0855345726013184,2.4878439903259277,0.5955418348312378,-0.006500988733023405,527.0
309597,1676.90136201,594.0,3.0794456005096436,2.471453905105591,0.5948188900947571,-0.007492413744330406,529.0
309617,1676.921387101,594.0,3.067891836166382,2.4995028972625732,0.5946887731552124,-0.0055298577062785625,522.0
309637,1676.941563248,597.0,3.064387559890747,2.5159616470336914,0.5947351455688477,-0.0046822428703308105,523.0
309657,1676.96183304,597.0,3.0734801292419434,2.5234696865081787,0.5946322679519653,-0.005652622319757938,522.0
309677,1676.981558123,599.0,3.0778756141662598,2.526937246322632,0.5951004028320312,-0.005304224323481321,523.0
309697,1677.001646115,599.0,3.0760185718536377,2.5493242740631104,0.5949910879135132,-0.0055209011770784855,522.0
309717,1677.021776763,599.0,3.0596561431884766,2.5346527099609375,0.5954062938690186,-0.0028374814428389072,528.0
309737,1677.041807336,599.0,3.0627689361572266,2.5574586391448975,0.595366358757019,-0.0014478571247309446,536.0
309757,1677.061588877,599.0,3.07334303855896,2.5811145305633545,0.5957536101341248,-0.0017623458988964558,523.0
309777,1677.081555664,599.0,3.060525417327881,2.547405481338501,0.5957005620002747,-0.003122044261544943,527.0
309797,1677.101394045,599.0,3.0525176525115967,2.539093255996704,0.5959863066673279,-0.0014804693637415767,528.0
309817,1677.121526481,599.0,3.048417568206787,2.541048049926758,0.5959598422050476,-0.0013362204190343618,527.0
309837,1677.140849207,598.0,3.0392026901245117,2.5208592414855957,0.5959235429763794,-0.002351492876186967,530.0
309857,1677.162106655,598.0,3.0506951808929443,2.517291307449341,0.5959842801094055,-0.0018856736132875085,524.0
309877,1677.180944185,598.0,3.0769364833831787,2.5279793739318848,0.5959555506706238,-0.00101896480191499,539.0
309897,1677.201367906,598.0,3.075181722640991,2.549187183380127,0.5960201025009155,-0.0020752018317580223,522.0
309917,1677.221613701,598.0,3.0565414428710938,2.5449764728546143,0.5959607362747192,-0.0036933431401848793,524.0
309937,1677.240866815,599.0,3.036247730255127,2.526470422744751,0.5961624383926392,-0.003545088227838278,529.0
309957,1677.261361403,599.0,3.0290563106536865,2.507828950881958,0.5960991382598877,-0.00262592569924891,535.0
309977,1677.281106856,597.0,3.0439651012420654,2.506477117538452,0.5959882140159607,-0.001367886201478541,529.0
309997,1677.301565357,597.0,3.044419288635254,2.5110180377960205,0.5959637761116028,-0.0010501345386728644,524.0
310017,1677.322065741,597.0,3.0185961723327637,2.510897397994995,0.595895528793335,-0.0010644876165315509,528.0
310037,1677.341559703,597.0,3.0219974517822266,2.517289400100708,0.5958693623542786,-0.0015615485608577728,521.0
310057,1677.361597514,599.0,3.0034985542297363,2.5033695697784424,0.5961642265319824,-0.0026090925093740225,522.0
310077,1677.381542022,599.0,2.9960732460021973,2.478480577468872,0.5961094498634338,-0.0022919056937098503,521.0
310097,1677.401945551,597.0,3.014735221862793,2.5001654624938965,0.5959761738777161,-0.00044065399561077356,521.0
310117,1677.421355674,597.0,3.0243139266967773,2.5446879863739014,0.595977783203125,0.0003572222776710987,521.0
310137,1677.440192059,597.0,3.0057320594787598,2.5577197074890137,0.5959692001342773,-0.0013641453115269542,531.0
310157,1677.461296328,597.0,3.003340721130371,2.56050181388855,0.595822274684906,-0.004092246759682894,522.0
310177,1677.481954171,597.0,3.013723373413086,2.5502805709838867,0.5957232117652893,-0.005430969875305891,522.0
310197,1677.501112871,599.0,3.000828266143799,2.523491859436035,0.5959647297859192,-0.0027987188659608364,529.0
310217,1677.52131956,599.0,2.9852848052978516,2.5299477577209473,0.5959274172782898,-0.0012968832161277533,526.0
310237,1677.541718356,597.0,2.969104290008545,2.5432069301605225,0.595813512802124,-0.0024166989605873823,522.0
310257,1677.560449826,597.0,2.9926342964172363,2.537353515625,0.595750629901886,-0.0037621441297233105,528.0
310277,1677.581484159,594.0,3.0085744857788086,2.517097234725952,0.5950937271118164,-0.0057074022479355335,521.0
310297,1677.601219914,594.0,2.9847803115844727,2.5049471855163574,0.5949899554252625,-0.004310618154704571,529.0
310317,1677.621527752,596.0,2.9760727882385254,2.514136552810669,0.5948835015296936,-0.0022641895338892937,522.0
310337,1677.640736607,596.0,3.0072412490844727,2.553011178970337,0.5948442816734314,-0.0020265979692339897,521.0
310357,1677.66110835,596.0,3.019814968109131,2.559610366821289,0.5947559475898743,-0.0044225952588021755,528.0
310377,1677.681476323,596.0,3.0160162448883057,2.527665376663208,0.5946377515792847,-0.006612636148929596,523.0
310397,1677.701810788,600.0,3.0087411403656006,2.5230164527893066,0.595249354839325,-0.005408015102148056,522.0
310417,1677.72057554,600.0,2.997710704803467,2.5226173400878906,0.5951571464538574,-0.0035045435652136803,531.0
310437,1677.740816206,600.0,3.005009412765503,2.548584461212158,0.5951099395751953,-0.001310843275859952,532.0
310457,1677.761042524,600.0,3.026061534881592,2.582099199295044,0.5957325100898743,-0.0010036579333245754,530.0
310477,1677.781509184,600.0,3.021702527999878,2.58737850189209,0.595673143863678,-0.004747445695102215,527.0
310497,1677.801883299,596.0,2.9970409870147705,2.586448907852173,0.5953329205513,-0.006234842352569103,524.0
310517,1677.820804384,596.0,2.9854073524475098,2.601151943206787,0.5952138304710388,-0.005402400624006987,524.0
310537,1677.840593751,599.0,2.9798572063446045,2.602994441986084,0.5956065058708191,-0.002667078049853444,531.0
310557,1677.86086473,599.0,2.9928483963012695,2.6333553791046143,0.5955549478530884,-0.002741982927545905,539.0
310577,1677.880596704,595.0,3.0053322315216064,2.660386562347412,0.5951287150382996,-0.0052236588671803474,534.0
310597,1677.900378227,595.0,3.0109639167785645,2.6361587047576904,0.5950117707252502,-0.006207405123859644,513.0
310617,1677.920468803,598.0,2.9950833320617676,2.6385529041290283,0.5952164530754089,-0.004122421611100435,512.0
310637,1677.94080827,598.0,2.9509284496307373,2.65317964553833,0.5951462388038635,-0.003180009312927723,512.0
310657,1677.960808626,595.0,2.9280223846435547,2.6582226753234863,0.5948084592819214,-0.004819581285119057,517.0
310677,1677.981406634,595.0,2.9418118000030518,2.6714348793029785,0.5946891903877258,-0.0070433844812214375,516.0
310697,1678.000640141,600.0,2.9498953819274902,2.6560416221618652,0.5945435166358948,-0.0071897488087415695,516.0
310717,1678.020740084,600.0,2.943605422973633,2.641359806060791,0.5951812267303467,-0.0037510483525693417,516.0
310737,1678.040961978,600.0,2.9250378608703613,2.6574947834014893,0.5951215624809265,-0.002421821001917124,525.0
310757,1678.061053875,596.0,2.9153692722320557,2.6591720581054688,0.5949546098709106,-0.002232019091024995,517.0
310777,1678.081201287,596.0,2.918513059616089,2.667654037475586,0.5948946475982666,-0.0040644328109920025,514.0
310797,1678.100855847,600.0,2.915870428085327,2.655221939086914,0.5954684615135193,-0.004882670007646084,516.0
310817,1678.120883013,600.0,2.9007132053375244,2.62943959236145,0.5953693389892578,-0.004778116941452026,513.0
310837,1678.14154212,599.0,2.902822494506836,2.6311874389648438,0.5957470536231995,-0.0021035729441791773,516.0
310857,1678.16011805,599.0,2.9251949787139893,2.6500186920166016,0.5957105159759521,-0.0017997855320572853,516.0
310877,1678.180350163,595.0,2.9328835010528564,2.6426467895507812,0.5952807664871216,-0.004177164286375046,512.0
310897,1678.200556846,595.0,2.9237754344940186,2.6308369636535645,0.5951798558235168,-0.005903465673327446,513.0
310917,1678.220852991,600.0,2.9015355110168457,2.607715368270874,0.5957274436950684,-0.004332374781370163,510.0
310937,1678.2409544,600.0,2.901904344558716,2.6350955963134766,0.5956702828407288,-0.0011985155288130045,516.0
310957,1678.261190219,596.0,2.9370460510253906,2.68424129486084,0.5954336524009705,-0.0008983021252788603,511.0
310977,1678.281351159,596.0,2.9377834796905518,2.68673038482666,0.5953985452651978,-0.002773806219920516,512.0
310997,1678.300185146,596.0,2.919795513153076,2.6919093132019043,0.5953144431114197,-0.005458698607981205,518.0
311017,1678.319879133,598.0,2.9182140827178955,2.676213502883911,0.5954138040542603,-0.005972737912088633,511.0
311037,1678.341386639,598.0,2.9334447383880615,2.667952299118042,0.5953078866004944,-0.0044572073966264725,511.0
311057,1678.360259825,597.0,2.9444832801818848,2.669412851333618,0.5952633619308472,-0.0028860163874924183,514.0
311077,1678.380635652,597.0,2.947654962539673,2.7027230262756348,0.5952195525169373,-0.0016007981030270457,513.0
311097,1678.4008754,598.0,2.948847770690918,2.7418456077575684,0.5954276323318481,-0.00010327080963179469,510.0
311117,1678.421142663,598.0,2.96052622795105,2.77728271484375,0.5954189300537109,-0.001291218213737011,510.0
311137,1678.441199952,600.0,2.9415171146392822,2.7559781074523926,0.5959582328796387,-0.004426915198564529,511.0
311157,1678.461178508,600.0,2.917295455932617,2.681074380874634,0.5958534479141235,-0.005629507824778557,510.0
311177,1678.480617596,601.0,2.896843433380127,2.6613667011260986,0.5964820384979248,-0.002506724325940013,509.0
311197,1678.500875856,601.0,2.8935632705688477,2.6581954956054688,0.5964651107788086,0.0008050951873883605,510.0
311217,1678.521148517,596.0,2.9060251712799072,2.7011559009552,0.5961651802062988,0.0013389362720772624,510.0
311237,1678.541457624,596.0,2.9194257259368896,2.7003867626190186,0.596166729927063,-0.00143936718814075,510.0
311257,1678.560499199,599.0,2.9354162216186523,2.6668832302093506,0.5961152911186218,-0.0033548593055456877,525.0
311277,1678.581229616,599.0,2.938751459121704,2.6629085540771484,0.5963084697723389,-0.003112728474661708,510.0
311297,1678.600975843,599.0,2.9100871086120605,2.638108015060425,0.5962459444999695,-0.003089932492002845,515.0
311317,1678.620773984,594.0,2.887359142303467,2.631169557571411,0.5954626202583313,-0.004119296558201313,509.0
311337,1678.641513394,594.0,2.920292615890503,2.655327796936035,0.5953841805458069,-0.003896204987540841,510.0
311357,1678.660344512,596.0,2.9529974460601807,2.6629271507263184,0.595125675201416,-0.005077901296317577,512.0
311377,1678.681519495,596.0,2.95572566986084,2.6623318195343018,0.5950081944465637,-0.006792723201215267,510.0
311397,1678.700220292,597.0,2.943873167037964,2.648951768875122,0.594987154006958,-0.008288616314530373,519.0
311417,1678.720618048,597.0,2.931736946105957,2.6090521812438965,0.5948196053504944,-0.008003870956599712,523.0
311437,1678.741340223,598.0,2.921015501022339,2.6040337085723877,0.5950497388839722,-0.005612231325358152,513.0
311457,1678.761087264,598.0,2.92118239402771,2.610915422439575,0.5949466824531555,-0.0044624400325119495,513.0
311477,1678.781338591,598.0,2.916372060775757,2.6263339519500732,0.5952037572860718,-0.0029995248187333345,513.0
311497,1678.800346347,598.0,2.889141798019409,2.6402108669281006,0.5951393842697144,-0.0033483561128377914,522.0
311517,1678.820588082,600.0,2.872223138809204,2.637054681777954,0.5957356095314026,-0.0025524129159748554,529.0
311537,1678.841089342,600.0,2.884509325027466,2.6419975757598877,0.5957046151161194,-0.003583029145374894,574.0
311557,1678.859820964,600.0,2.9219205379486084,2.632052421569824,0.5956065654754639,-0.006278319284319878,562.0
311577,1678.881725338,599.0,2.927500009536743,2.591855049133301,0.5958399176597595,-0.006274891551584005,566.0
311597,1678.900114378,599.0,2.9082298278808594,2.566200017929077,0.5957439541816711,-0.0031041756737977266,554.0
311617,1678.92058739,599.0,2.89670991897583,2.5941929817199707,0.5960544347763062,0.0007534219184890389,560.0
311637,1678.939637347,599.0,2.898421049118042,2.6441256999969482,0.5960808992385864,0.001365312491543591,564.0
311657,1678.959471805,599.0,2.9116370677948,2.658891201019287,0.5963343381881714,-0.0015921577578410506,558.0
311677,1678.979388521,599.0,2.9203548431396484,2.6299307346343994,0.5962691903114319,-0.004490968771278858,563.0
311697,1678.999717356,598.0,2.9033455848693848,2.5911624431610107,0.5962924957275391,-0.00232801609672606,554.0
311717,1679.019487548,598.0,2.905301809310913,2.6176891326904297,0.596283495426178,0.0014712965348735452,563.0
311737,1679.039796957,600.0,2.909276008605957,2.6664681434631348,0.5967695116996765,0.004303382709622383,555.0
311757,1679.060617059,600.0,2.939300775527954,2.6987192630767822,0.5968356728553772,0.0018285723635926843,554.0
311777,1679.08089854,598.0,2.968461275100708,2.7013840675354004,0.5967878103256226,-0.0035064895637333393,558.0
311797,1679.099796794,598.0,2.967214822769165,2.6325266361236572,0.5966809391975403,-0.006485853809863329,558.0
311817,1679.120439971,599.0,2.962880849838257,2.607940196990967,0.5965747833251953,-0.0033847405575215816,559.0
311837,1679.139655728,599.0,2.9611527919769287,2.6290693283081055,0.5967332720756531,0.0017773554427549243,558.0
311857,1679.160105542,599.0,2.984511375427246,2.662393808364868,0.5967941880226135,0.003671367419883609,562.0
311877,1679.180553386,599.0,2.9738848209381104,2.690511465072632,0.5969585180282593,0.0014835515758022666,558.0
311897,1679.199596024,599.0,2.9529616832733154,2.665313243865967,0.5969579219818115,-0.0014916996005922556,557.0
311917,1679.220319251,598.0,2.9521644115448,2.662261486053467,0.5968245267868042,-0.0026645187754184008,555.0
311937,1679.23980214,598.0,2.9614899158477783,2.642639398574829,0.5967805981636047,-0.0016309840139001608,557.0
311957,1679.259995673,599.0,2.9803857803344727,2.6484720706939697,0.5968878269195557,-0.00027052327641285956,554.0
311977,1679.280123526,599.0,2.9732189178466797,2.6673529148101807,0.59688401222229,-0.00029105404973961413,555.0
311997,1679.299318982,597.0,2.946737051010132,2.676790714263916,0.5966513156890869,-0.0007762950845062733,560.0
312017,1679.319851552,597.0,2.935683488845825,2.6917366981506348,0.5966330170631409,-0.0011475052451714873,558.0
312037,1679.341084046,598.0,2.9195094108581543,2.6751246452331543,0.5966094136238098,-0.0026166453026235104,561.0
312057,1679.359840635,598.0,2.940532922744751,2.663827896118164,0.5965511798858643,-0.0030346906278282404,563.0
312077,1679.379611479,599.0,2.9662039279937744,2.6873044967651367,0.5966928005218506,-0.0035971738398075104,555.0
312097,1679.399254621,599.0,2.927290201187134,2.6428382396698,0.596611499786377,-0.004172519315034151,567.0
312117,1679.420106865,598.0,2.903804063796997,2.6354541778564453,0.5965494513511658,-0.0017877885838970542,567.0
312137,1679.440885256,598.0,2.927443265914917,2.6565403938293457,0.5965205430984497,-0.0005110702477395535,553.0
312157,1679.459499803,598.0,2.9448795318603516,2.6603264808654785,0.59650057554245,-0.0016063412185758352,567.0
312177,1679.479600071,597.0,2.9518346786499023,2.648866891860962,0.5962582230567932,-0.003744670655578375,555.0
312197,1679.499031759,597.0,2.9587392807006836,2.630387783050537,0.5961781740188599,-0.004199467599391937,558.0
312217,1679.519350423,599.0,2.966965913772583,2.629338264465332,0.5963402390480042,-0.003977593965828419,556.0
312237,1679.54061974,599.0,2.9500176906585693,2.603794574737549,0.5962569713592529,-0.004298522137105465,553.0
312257,1679.560750626,596.0,2.9547500610351562,2.6004536151885986,0.5958527326583862,-0.0049086762592196465,552.0
312277,1679.580331801,596.0,2.957143783569336,2.6143343448638916,0.5957544445991516,-0.005020745098590851,553.0
312297,1679.600326999,597.0,2.936330795288086,2.5971181392669678,0.5956558585166931,-0.005973818711936474,553.0
312317,1679.620480872,597.0,2.9441287517547607,2.570676565170288,0.5955227017402649,-0.007325178012251854,553.0
312337,1679.640812352,599.0,2.9736781120300293,2.537555456161499,0.5958017110824585,-0.006892319768667221,553.0
312357,1679.659438362,599.0,2.9634320735931396,2.49519681930542,0.5956816077232361,-0.005109767429530621,553.0
312377,1679.679566678,597.0,2.9397785663604736,2.485203504562378,0.5956251621246338,-0.0036759404465556145,562.0
312397,1679.699804627,597.0,2.9451074600219727,2.5274579524993896,0.5955420136451721,-0.004435001872479916,558.0
312417,1679.720334382,596.0,2.936293601989746,2.494243860244751,0.5954400897026062,-0.005677180364727974,563.0
312437,1679.741127107,596.0,2.923706531524658,2.516718864440918,0.5951528549194336,-0.007791891694068909,556.0
312457,1679.759880925,596.0,2.9378645420074463,2.4984099864959717,0.5949795246124268,-0.009108650498092175,556.0
312477,1679.780106655,598.0,2.9372873306274414,2.475038766860962,0.5951237082481384,-0.006895928177982569,555.0
312497,1679.799901014,598.0,2.940448760986328,2.505150556564331,0.5950062274932861,-0.005017702002078295,555.0
312517,1679.81988243,600.0,2.948329210281372,2.5175914764404297,0.5955798029899597,-0.0032188897021114826,564.0
312537,1679.840783224,600.0,2.9329655170440674,2.5168685913085938,0.5955040454864502,-0.004450415261089802,556.0
312557,1679.860565694,598.0,2.926274299621582,2.49544095993042,0.5956562757492065,-0.005297717172652483,569.0
312577,1679.879976521,598.0,2.9458653926849365,2.4957735538482666,0.5955405235290527,-0.00621005380526185,568.0
312597,1679.899326062,598.0,2.9299585819244385,2.458366632461548,0.5956642031669617,-0.006139409262686968,568.0
312617,1679.919544358,598.0,2.9096317291259766,2.4352657794952393,0.595551609992981,-0.004986362531781197,523.0
312637,1679.942085786,595.0,2.9320499897003174,2.456104278564453,0.5951518416404724,-0.005270287860184908,519.0
312657,1679.959637803,595.0,2.9439537525177,2.494318962097168,0.5950337052345276,-0.006516267079859972,514.0
312677,1679.979736649,596.0,2.935457229614258,2.498680591583252,0.594896674156189,-0.007094531785696745,522.0
312697,1679.999585157,596.0,2.907447576522827,2.49787974357605,0.5947151184082031,-0.008575083687901497,510.0
312717,1680.019748649,596.0,2.903587579727173,2.482365846633911,0.5945336818695068,-0.009468050673604012,516.0
312737,1680.040555699,596.0,2.9048919677734375,2.457550048828125,0.5943832993507385,-0.007817210629582405,518.0
312757,1680.059638507,596.0,2.9161648750305176,2.4784958362579346,0.5942544937133789,-0.00536277936771512,513.0
312777,1680.07946066,597.0,2.9078402519226074,2.5138533115386963,0.5944099426269531,-0.004239060916006565,515.0
312797,1680.099042635,597.0,2.8814737796783447,2.5211267471313477,0.5943124294281006,-0.0057169185020029545,510.0
312817,1680.119700144,599.0,2.8924684524536133,2.53928804397583,0.5947867035865784,-0.007317697629332542,517.0
312837,1680.140636973,599.0,2.898249626159668,2.4909751415252686,0.5946164131164551,-0.009243860840797424,519.0
312857,1680.158996695,596.0,2.9133009910583496,2.478593587875366,0.5945049524307251,-0.007663799915462732,519.0
312877,1680.179902134,596.0,2.913407564163208,2.4993364810943604,0.5943707823753357,-0.005983325652778149,514.0
312897,1680.199464693,599.0,2.8807566165924072,2.5057625770568848,0.5949139595031738,-0.0028398141730576754,518.0
312917,1680.218989481,599.0,2.880269765853882,2.5088813304901123,0.5948665142059326,-0.0023607653565704823,510.0
312937,1680.239759269,596.0,2.894134283065796,2.50508451461792,0.5947959423065186,-0.004319110885262489,510.0
312957,1680.259604253,596.0,2.880882501602173,2.4764516353607178,0.5946900844573975,-0.006121555343270302,511.0
312977,1680.279898356,594.0,2.9150373935699463,2.4806504249572754,0.5945638418197632,-0.006300212815403938,518.0
312997,1680.29944568,594.0,2.9194016456604004,2.4976489543914795,0.594108521938324,-0.006062931381165981,511.0
313017,1680.319995113,594.0,2.8967368602752686,2.493469715118408,0.5939992070198059,-0.005028209183365107,516.0
313037,1680.339839959,597.0,2.8936855792999268,2.5218684673309326,0.594211220741272,-0.004298852756619453,516.0
313057,1680.359354805,597.0,2.918870210647583,2.5314061641693115,0.5940994620323181,-0.006872529163956642,516.0
313077,1680.379897648,599.0,2.923628330230713,2.5081992149353027,0.5946080088615417,-0.006698267068713903,513.0
313097,1680.399360254,599.0,2.9274559020996094,2.4896461963653564,0.5944824814796448,-0.005731981247663498,509.0
313117,1680.418842937,596.0,2.904284954071045,2.4647185802459717,0.5944035053253174,-0.004818146117031574,510.0
313137,1680.439628308,596.0,2.8961093425750732,2.4675703048706055,0.5943062901496887,-0.004919594153761864,510.0
313157,1680.459233756,594.0,2.9298524856567383,2.493999719619751,0.593932032585144,-0.006364387925714254,515.0
313177,1680.479950202,594.0,2.95180344581604,2.487643241882324,0.5937924981117249,-0.007607369218021631,509.0
313197,1680.498343787,598.0,2.92372727394104,2.4845163822174072,0.5942133665084839,-0.006496687885373831,513.0
313217,1680.519093293,598.0,2.901167869567871,2.4875965118408203,0.5940937995910645,-0.005372956860810518,509.0
313237,1680.539631109,594.0,2.8877956867218018,2.510016679763794,0.5937628149986267,-0.0065538291819393635,509.0
313257,1680.559087211,594.0,2.8920068740844727,2.506267786026001,0.5936204195022583,-0.007593887392431498,510.0
313277,1680.577994289,594.0,2.89766788482666,2.512305498123169,0.5934697985649109,-0.00729901809245348,519.0
313297,1680.599549387,601.0,2.8784804344177246,2.5148556232452393,0.5945079922676086,-0.004822687245905399,509.0
313317,1680.618742983,601.0,2.8601999282836914,2.5115392208099365,0.5944080352783203,-0.004955826792865992,511.0
313337,1680.63933668,598.0,2.8702855110168457,2.532614231109619,0.5947323441505432,-0.0037609669379889965,509.0
313357,1680.659117963,598.0,2.8774993419647217,2.5331432819366455,0.5946524143218994,-0.004227370023727417,509.0
313377,1680.678142742,598.0,2.871347427368164,2.5063745975494385,0.5949299335479736,-0.0038767473306506872,509.0
313397,1680.698454449,598.0,2.879940986633301,2.4911093711853027,0.5948396921157837,-0.004612400662153959,512.0
313417,1680.718747832,597.0,2.8974812030792236,2.4672152996063232,0.5949028134346008,-0.003238519188016653,519.0
313437,1680.73908765,597.0,2.890099048614502,2.476698875427246,0.594863772392273,-0.0005987545591779053,509.0
313457,1680.758813896,597.0,2.879384756088257,2.506229877471924,0.5950244665145874,-0.0007432003039866686,509.0
313477,1680.778309981,597.0,2.9031386375427246,2.512392044067383,0.5949901938438416,-0.002845244947820902,519.0
313497,1680.798770461,598.0,2.915804147720337,2.518850564956665,0.5952454209327698,-0.004665854852646589,512.0
313517,1680.818146578,598.0,2.915945291519165,2.498969793319702,0.5951539874076843,-0.00398569880053401,516.0
313537,1680.838539224,596.0,2.9057106971740723,2.510234832763672,0.5950395464897156,-0.0014926251024007797,512.0
313557,1680.858452913,596.0,2.917009115219116,2.519807815551758,0.5950261354446411,-0.00014552650100085884,529.0
313577,1680.879060657,596.0,2.9461042881011963,2.555908203125,0.595009982585907,-0.00169709965121001,533.0
313597,1680.899293452,600.0,2.934603691101074,2.555248260498047,0.59563148021698,-0.002290382981300354,523.0
313617,1680.918311824,600.0,2.9053163528442383,2.554443120956421,0.5955682992935181,-0.0038533431943506002,525.0
313637,1680.93840643,597.0,2.8833439350128174,2.5253658294677734,0.5954973101615906,-0.0032274057157337666,517.0
313657,1680.958290364,597.0,2.891770839691162,2.5149571895599365,0.5954504013061523,-0.0016129763098433614,526.0
313677,1680.978813659,595.0,2.92854642868042,2.5236899852752686,0.5950659513473511,-0.0026282956823706627,525.0
313697,1680.999285368,595.0,2.932637929916382,2.537128448486328,0.5949885845184326,-0.005278868600726128,527.0
313717,1681.018353294,600.0,2.885920524597168,2.498443603515625,0.5955459475517273,-0.0036513011436909437,522.0
313737,1681.038602414,600.0,2.8730764389038086,2.4988131523132324,0.595480740070343,-0.0029718901496380568,523.0
313757,1681.058148821,595.0,2.8979074954986572,2.5132644176483154,0.5951149463653564,-0.003472386859357357,522.0
313777,1681.077987194,595.0,2.9090073108673096,2.5136773586273193,0.5950462818145752,-0.0034043369814753532,523.0
313797,1681.098875442,597.0,2.8934450149536133,2.537869453430176,0.5951279401779175,-0.0023147950414568186,529.0
313817,1681.118769327,597.0,2.8747658729553223,2.549778938293457,0.5950769186019897,-0.002707273233681917,529.0
313837,1681.139588736,596.0,2.8845694065093994,2.5492045879364014,0.5950184464454651,-0.0033077672123908997,531.0
313857,1681.159636536,596.0,2.896707773208618,2.53627610206604,0.5948815941810608,-0.005263380240648985,523.0
313877,1681.17781263,596.0,2.9129040241241455,2.5120370388031006,0.5947853326797485,-0.003927259705960751,530.0
313897,1681.199537556,597.0,2.929929256439209,2.5429441928863525,0.5948812961578369,-0.001271214336156845,526.0
313917,1681.219147039,597.0,2.918602705001831,2.574089288711548,0.5948694944381714,-0.00020225517801009119,522.0
313937,1681.238825236,598.0,2.923701047897339,2.601050853729248,0.5951617360115051,-0.0013934249291196465,526.0
313957,1681.258590031,598.0,2.943315029144287,2.5946125984191895,0.5951036214828491,-0.0044565326534211636,522.0
313977,1681.279744936,595.0,2.9396164417266846,2.551323890686035,0.5947085022926331,-0.0063197677955031395,523.0
313997,1681.298823495,595.0,2.9396626949310303,2.5430850982666016,0.5946032404899597,-0.004074402619153261,523.0
314017,1681.317826292,597.0,2.942326545715332,2.589146614074707,0.594709038734436,-0.0026590866036713123,527.0
314037,1681.338394468,597.0,2.9337985515594482,2.6030495166778564,0.5946425199508667,-0.00407774792984128,530.0
314057,1681.357856607,594.0,2.930863857269287,2.6125736236572266,0.5942090153694153,-0.00563006242737174,539.0
314077,1681.378659131,594.0,2.9264771938323975,2.613426685333252,0.5940822958946228,-0.007057987153530121,522.0
314097,1681.397697777,598.0,2.910613775253296,2.5878257751464844,0.5944485664367676,-0.006142599508166313,528.0
314117,1681.418798593,598.0,2.8944389820098877,2.6051645278930664,0.5943351984024048,-0.0051526655443012714,526.0
314137,1681.437697065,596.0,2.8942549228668213,2.6211774349212646,0.5942373275756836,-0.004678542725741863,539.0
314157,1681.45814803,596.0,2.8928263187408447,2.6231298446655273,0.594231128692627,-0.005083756055682898,526.0
314177,1681.478341805,596.0,2.8917276859283447,2.601120948791504,0.5941129922866821,-0.006719052791595459,534.0
314197,1681.499030571,596.0,2.8870043754577637,2.586658239364624,0.5940542221069336,-0.008301788941025734,521.0
314217,1681.518356697,596.0,2.8778464794158936,2.583225965499878,0.5938962697982788,-0.00705712242051959,523.0
314237,1681.539137978,595.0,2.8829891681671143,2.615617036819458,0.5937203168869019,-0.005228444933891296,521.0
314257,1681.558594997,595.0,2.8743624687194824,2.635775089263916,0.5936189889907837,-0.005396969150751829,522.0
314277,1681.578835448,599.0,2.8649232387542725,2.613633155822754,0.5942271947860718,-0.006149441469460726,522.0
314297,1681.599411265,599.0,2.8694241046905518,2.6019105911254883,0.5940843820571899,-0.00804431363940239,522.0
314317,1681.618020768,597.0,2.868914842605591,2.584378480911255,0.5942636728286743,-0.007140744477510452,521.0
314337,1681.638354274,597.0,2.878706932067871,2.5990419387817383,0.5941454172134399,-0.004676398821175098,524.0
314357,1681.658192996,598.0,2.8769495487213135,2.611269235610962,0.5945610404014587,-0.0019735940732061863,527.0
314377,1681.67863961,598.0,2.868183135986328,2.586940050125122,0.5945154428482056,-0.002889442490413785,522.0
314397,1681.698380007,599.0,2.8857438564300537,2.585156202316284,0.5950415134429932,-0.003438131883740425,521.0
314417,1681.718395196,599.0,2.8753490447998047,2.576388120651245,0.5949568152427673,-0.0042634704150259495,522.0
314437,1681.737822263,598.0,2.8847157955169678,2.560197114944458,0.5948935747146606,-0.0017752923304215074,526.0
314457,1681.759142627,598.0,2.884268283843994,2.5873756408691406,0.5952335596084595,0.0007040153723210096,521.0
314477,1681.777843817,598.0,2.8984487056732178,2.61073899269104,0.5952257513999939,-0.0018809185130521655,530.0
314497,1681.798528659,598.0,2.884594202041626,2.5801820755004883,0.595406711101532,-0.004574816673994064,525.0
314517,1681.818592487,598.0,2.8770298957824707,2.5563082695007324,0.5953134298324585,-0.0043249414302408695,529.0
314537,1681.837892295,597.0,2.8647544384002686,2.542684316635132,0.5952970385551453,-0.002481598174199462,524.0
314557,1681.857914731,597.0,2.8583319187164307,2.544710636138916,0.5952584743499756,-0.0014661094173789024,527.0
314577,1681.878481609,599.0,2.8445727825164795,2.5559871196746826,0.5956701040267944,0.00019234023056924343,536.0
314597,1681.897854045,599.0,2.8483641147613525,2.578131914138794,0.5956602096557617,-0.0014660852029919624,540.0
314617,1681.917848208,597.0,2.852135181427002,2.569614887237549,0.5956389904022217,-0.0033224208746105433,538.0
314637,1681.938123942,597.0,2.8396003246307373,2.5550997257232666,0.5955660939216614,-0.00385446660220623,535.0
314657,1681.957424805,601.0,2.8176348209381104,2.546926498413086,0.5962859988212585,-0.0015837819082662463,523.0
314677,1681.977776184,601.0,2.817919969558716,2.569969654083252,0.5962600708007812,-0.0009815574157983065,527.0
314697,1681.99847091,595.0,2.8307836055755615,2.5962717533111572,0.5957826972007751,-0.002958060009405017,517.0
314717,1682.018824113,595.0,2.818586826324463,2.5898971557617188,0.5957152843475342,-0.003642733907327056,518.0
314737,1682.037987568,595.0,2.802762269973755,2.576913595199585,0.5956339240074158,-0.004547533579170704,514.0
314757,1682.057529222,599.0,2.7942068576812744,2.561530828475952,0.5959545969963074,-0.0029632754158228636,514.0
314777,1682.077984507,599.0,2.7998807430267334,2.578220844268799,0.5959071516990662,-0.002056255703791976,513.0
314797,1682.098282506,595.0,2.837364435195923,2.582827091217041,0.5954188704490662,-0.0038681819569319487,516.0
314817,1682.118340568,595.0,2.830111026763916,2.593684434890747,0.5953311920166016,-0.004774556495249271,513.0
314837,1682.138433052,599.0,2.817891836166382,2.601470947265625,0.5956698060035706,-0.002893522148951888,513.0
314857,1682.157430392,599.0,2.7993760108947754,2.6062471866607666,0.5956256985664368,-0.0014975445810705423,516.0
314877,1682.177265341,594.0,2.806410312652588,2.630200147628784,0.5950301885604858,-0.0030355562921613455,518.0
314897,1682.196892822,594.0,2.8128163814544678,2.633074998855591,0.5949492454528809,-0.005021045450121164,517.0
314917,1682.217327638,597.0,2.825989246368408,2.6188623905181885,0.5950083136558533,-0.005589771084487438,519.0
314937,1682.237259511,597.0,2.813520908355713,2.606729745864868,0.5949046015739441,-0.004622379783540964,519.0
314957,1682.258427422,598.0,2.8000328540802,2.6034162044525146,0.5951868295669556,-0.002381501952186227,515.0
314977,1682.27702908,598.0,2.8152682781219482,2.636253833770752,0.5951327681541443,-0.003281059442088008,524.0
314997,1682.29738159,596.0,2.847330331802368,2.6338231563568115,0.5949954986572266,-0.00464747566729784,526.0
315017,1682.317701243,596.0,2.8570356369018555,2.647658348083496,0.5948930382728577,-0.005543400999158621,519.0
315037,1682.337865306,596.0,2.8371431827545166,2.64371657371521,0.5947843790054321,-0.005180231295526028,515.0
315057,1682.357749474,597.0,2.8047451972961426,2.635092258453369,0.5948423743247986,-0.004225190728902817,511.0
315077,1682.377335668,597.0,2.7876293659210205,2.64536190032959,0.5947631597518921,-0.0039124335162341595,515.0
315097,1682.397597984,593.0,2.792494058609009,2.6557230949401855,0.5940834283828735,-0.005395571701228619,514.0
315117,1682.417800461,593.0,2.8023788928985596,2.671225070953369,0.5939812660217285,-0.004982368089258671,511.0
315137,1682.437796246,598.0,2.8070478439331055,2.69403338432312,0.5943630933761597,-0.004250471945852041,510.0
315157,1682.457630623,598.0,2.807208776473999,2.7209103107452393,0.5942775011062622,-0.004526617471128702,510.0
315177,1682.478373587,595.0,2.800791025161743,2.7342233657836914,0.5940329432487488,-0.006894019432365894,510.0
315197,1682.498402404,595.0,2.8206958770751953,2.6947920322418213,0.5938747525215149,-0.00888888444751501,510.0
315217,1682.51761759,597.0,2.8403730392456055,2.6631131172180176,0.5940738320350647,-0.007810697890818119,523.0
315237,1682.538478326,597.0,2.838637590408325,2.650547504425049,0.593925952911377,-0.006818562280386686,510.0
315257,1682.557353838,597.0,2.8352484703063965,2.651897430419922,0.5941617488861084,-0.004344068001955748,511.0
315277,1682.577786626,597.0,2.8366141319274902,2.655323028564453,0.5940833687782288,-0.0037211498711258173,510.0
315297,1682.5983953,595.0,2.844261646270752,2.6554620265960693,0.5939969420433044,-0.005026728380471468,511.0
315317,1682.617352244,595.0,2.864858865737915,2.6644108295440674,0.5938234925270081,-0.00739322928711772,513.0
315337,1682.637771537,595.0,2.855801820755005,2.6372647285461426,0.5936523675918579,-0.009520350955426693,518.0
315357,1682.657745057,597.0,2.836078405380249,2.597299098968506,0.5938476920127869,-0.007683788891881704,509.0
315377,1682.678084118,597.0,2.8267695903778076,2.6067259311676025,0.5937248468399048,-0.0045928386971354485,511.0
315397,1682.697276923,596.0,2.8343019485473633,2.6404693126678467,0.5938157439231873,-0.002523207338526845,519.0
315417,1682.717029257,596.0,2.8505094051361084,2.6794371604919434,0.5937594771385193,-0.0031267693266272545,510.0
315437,1682.737437617,598.0,2.841608762741089,2.6849396228790283,0.594201922416687,-0.0036575584672391415,510.0
315457,1682.757374245,598.0,2.8184804916381836,2.6633594036102295,0.5941099524497986,-0.0052870395593345165,513.0
315477,1682.777691524,598.0,2.8016467094421387,2.6467690467834473,0.594464123249054,-0.0042460085824131966,510.0
315497,1682.796862423,598.0,2.791151762008667,2.6501734256744385,0.5943883657455444,-0.003147259121760726,512.0
315517,1682.817258738,599.0,2.7973506450653076,2.6928720474243164,0.5949705243110657,-0.000817577529232949,522.0
315537,1682.837293698,599.0,2.788573980331421,2.6943535804748535,0.5949458479881287,-0.0018259076168760657,529.0
315557,1682.856408124,599.0,2.7778220176696777,2.6832220554351807,0.5954200625419617,-0.0018396151717752218,512.0
315577,1682.876899388,599.0,2.8027138710021973,2.6880407333374023,0.5953787565231323,-0.0023315653670579195,510.0
315597,1682.8971009,596.0,2.7955970764160156,2.6814980506896973,0.5952251553535461,-0.002316720550879836,521.0
315617,1682.917362625,596.0,2.7816050052642822,2.673670768737793,0.5951917767524719,-0.0009983978234231472,754.0
315637,1682.937704863,596.0,2.78568696975708,2.695096731185913,0.5951791405677795,-0.0006707320571877062,757.0
315657,1682.956795414,601.0,2.8117237091064453,2.6946895122528076,0.5959849953651428,-0.0002163164463127032,749.0
315677,1682.976929242,601.0,2.8180129528045654,2.683091878890991,0.5959693789482117,-0.001319537521339953,750.0
315697,1682.996974671,596.0,2.8051135540008545,2.677844762802124,0.5956697463989258,-0.0021371208131313324,757.0
315717,1683.016118968,596.0,2.800896644592285,2.6734044551849365,0.595639705657959,-0.0006782836280763149,753.0
315737,1683.036505026,599.0,2.816401243209839,2.707470655441284,0.5959901809692383,0.0011130288476124406,756.0
315757,1683.057564613,599.0,2.8290045261383057,2.736001491546631,0.5960056185722351,0.00022924080258235335,757.0
315777,1683.076350226,595.0,2.838723659515381,2.74275803565979,0.595522940158844,-0.003026449354365468,755.0
315797,1683.096731352,595.0,2.835322856903076,2.713789939880371,0.5954352617263794,-0.005844395607709885,751.0
315817,1683.116747227,599.0,2.8186659812927246,2.674072504043579,0.5957493185997009,-0.006645875051617622,757.0
315837,1683.137029943,599.0,2.81107234954834,2.653639316558838,0.5956271290779114,-0.005140035413205624,757.0
315857,1683.157431904,598.0,2.815856695175171,2.680615186691284,0.59576815366745,-0.0018975661369040608,750.0
315877,1683.177078646,598.0,2.8319804668426514,2.729520082473755,0.5957369804382324,-0.0016680338885635138,749.0
315897,1683.197563362,598.0,2.8267993927001953,2.720118761062622,0.5956868529319763,-0.00323011283762753,757.0
315917,1683.217343352,597.0,2.8132526874542236,2.7172133922576904,0.5956172347068787,-0.004067766945809126,749.0
315937,1683.237501839,597.0,2.8064191341400146,2.6903045177459717,0.5955241918563843,-0.00527532771229744,755.0
315957,1683.257431576,596.0,2.7877731323242188,2.662069320678711,0.5952447056770325,-0.004719140473753214,752.0
315977,1683.276424299,596.0,2.800144672393799,2.6693544387817383,0.5951728224754333,-0.002599012339487672,763.0
315997,1683.295072425,596.0,2.8011586666107178,2.6823034286499023,0.5950154662132263,-0.0018111865501850843,753.0
316017,1683.315087556,596.0,2.8107593059539795,2.683197498321533,0.5949794054031372,-0.002159043913707137,757.0
316037,1683.33730457,597.0,2.788083076477051,2.686596393585205,0.5950175523757935,-0.004728395491838455,756.0
316057,1683.357876896,597.0,2.782132148742676,2.6654694080352783,0.5948959589004517,-0.007210994139313698,749.0
316077,1683.377386538,596.0,2.804887533187866,2.638418436050415,0.5947011113166809,-0.007233212236315012,749.0
316097,1683.396794865,596.0,2.831644058227539,2.624830484390259,0.594569742679596,-0.005545314401388168,750.0
316117,1683.417782457,602.0,2.841050148010254,2.613290786743164,0.5956474542617798,-0.0010068656411021948,748.0
316137,1683.437180803,602.0,2.8245770931243896,2.608039140701294,0.5956301689147949,-0.0007647383026778698,751.0
316157,1683.458053893,593.0,2.8218884468078613,2.611574649810791,0.5949018001556396,-0.0030206749215722084,748.0
316177,1683.476595598,593.0,2.8276848793029785,2.6077003479003906,0.5948372483253479,-0.003562342841178179,753.0
316197,1683.497436691,593.0,2.8531765937805176,2.616483449935913,0.5947505235671997,-0.005080726929008961,760.0
316217,1683.51819605,599.0,2.849207878112793,2.6105539798736572,0.5952075719833374,-0.004679468926042318,751.0
316237,1683.537430651,599.0,2.8291873931884766,2.594677209854126,0.595111072063446,-0.005048038903623819,753.0
316257,1683.557519034,599.0,2.817070484161377,2.563044548034668,0.5954892635345459,-0.0038641379214823246,751.0
316277,1683.57761755,599.0,2.8269078731536865,2.5641849040985107,0.5954305529594421,-0.0019720764830708504,751.0
316297,1683.59726455,597.0,2.8430867195129395,2.5987887382507324,0.5954339504241943,-0.00043577014002949,753.0
316317,1683.617625807,597.0,2.8421061038970947,2.5993564128875732,0.5954262614250183,-0.0005251129623502493,759.0
316337,1683.636591393,596.0,2.8330910205841064,2.603904962539673,0.5952359437942505,-0.0031172551680356264,766.0
316357,1683.65806479,596.0,2.8337390422821045,2.585145950317383,0.5951384902000427,-0.006515570916235447,517.0
316377,1683.676857714,599.0,2.8391177654266357,2.5590438842773438,0.5955154895782471,-0.006373563781380653,513.0
316397,1683.697811163,599.0,2.842756986618042,2.5360100269317627,0.5954003930091858,-0.0047305310145020485,509.0
316417,1683.716855114,596.0,2.826387882232666,2.534044027328491,0.595237135887146,-0.0018237095791846514,509.0
316437,1683.737773698,596.0,2.8493616580963135,2.547013998031616,0.595221221446991,-4.1259656427428126e-05,510.0
316457,1683.757401399,598.0,2.8531017303466797,2.5848076343536377,0.5952118039131165,-0.0013091110158711672,520.0
316477,1683.777462398,598.0,2.8388688564300537,2.5874595642089844,0.5954480171203613,-0.004024900961667299,510.0
316497,1683.796638425,598.0,2.8388946056365967,2.5554914474487305,0.5953465700149536,-0.006047367583960295,518.0
316517,1683.817383257,599.0,2.8476624488830566,2.516871452331543,0.5956791639328003,-0.00530733959749341,512.0
316537,1683.836626252,599.0,2.8593482971191406,2.498293399810791,0.5955931544303894,-0.003138251369819045,512.0
316557,1683.859056226,597.0,2.870882987976074,2.5275354385375977,0.5955554842948914,-0.0008711310219950974,514.0
316577,1683.876661921,597.0,2.88234806060791,2.5473361015319824,0.5955401659011841,-0.0009464246104471385,512.0
316597,1683.896905336,600.0,2.8964078426361084,2.538013458251953,0.5960783362388611,-0.0008430503658019006,521.0
316617,1683.917530879,600.0,2.905587911605835,2.534212827682495,0.5960510969161987,-0.001881382311694324,533.0
316637,1683.936626779,596.0,2.8993287086486816,2.5200157165527344,0.5957369208335876,-0.0023245769552886486,522.0
316657,1683.957805097,596.0,2.909457206726074,2.5408875942230225,0.5957058668136597,-0.0007169203017838299,524.0
316677,1683.977184831,599.0,2.9195556640625,2.5902557373046875,0.5960366129875183,0.0006517808651551604,517.0
316697,1683.996505554,599.0,2.9022631645202637,2.621283531188965,0.5960400104522705,-0.0005255276919342577,514.0
316717,1684.017330568,600.0,2.88464617729187,2.58590030670166,0.5965117812156677,-0.0020328485406935215,515.0
316737,1684.037348976,600.0,2.9005613327026367,2.564960241317749,0.5964460968971252,-0.0045699006877839565,511.0
316757,1684.058307496,596.0,2.893245220184326,2.520287036895752,0.5963336825370789,-0.006168609485030174,515.0
316777,1684.077366611,596.0,2.880847930908203,2.48808217048645,0.5959308743476868,-0.0039729769341647625,510.0
316797,1684.096341474,596.0,2.8659589290618896,2.5389037132263184,0.5959033966064453,0.0010445096995681524,524.0
316817,1684.116859598,595.0,2.857457399368286,2.599483013153076,0.5955304503440857,0.00047471182188019156,519.0
316837,1684.136852162,595.0,2.8558404445648193,2.613060474395752,0.5954922437667847,-0.004746568854898214,510.0
316857,1684.158346407,596.0,2.8619556427001953,2.5817179679870605,0.5951734185218811,-0.010005701333284378,518.0
316877,1684.176316049,596.0,2.868433952331543,2.531785249710083,0.5949698686599731,-0.009584667161107063,515.0
316897,1684.197120983,598.0,2.8644447326660156,2.522139549255371,0.5951328873634338,-0.005158298648893833,512.0
316917,1684.217376243,598.0,2.834481716156006,2.525782823562622,0.5950601100921631,-0.0022971348371356726,513.0
316937,1684.236780473,596.0,2.841562032699585,2.5518219470977783,0.5949389934539795,-0.0020125035662204027,510.0
316957,1684.258552435,596.0,2.8844966888427734,2.5605971813201904,0.5948719382286072,-0.004830085672438145,516.0
316977,1684.276311611,597.0,2.914626359939575,2.5237300395965576,0.5949321389198303,-0.007392637897282839,512.0
316997,1684.296965042,597.0,2.9256720542907715,2.490464687347412,0.5947853326797485,-0.006699466146528721,511.0
317017,1684.316140118,594.0,2.9188413619995117,2.4817512035369873,0.594328761100769,-0.0044480012729763985,514.0
317037,1684.336920309,594.0,2.8884224891662598,2.5049662590026855,0.5942646861076355,-0.002470727078616619,518.0
317057,1684.357723728,597.0,2.8909873962402344,2.5011684894561768,0.5942032337188721,-0.0039290776476264,515.0
317077,1684.376727935,597.0,2.9274442195892334,2.5040788650512695,0.5943994522094727,-0.005956090986728668,517.0
317097,1684.396268937,597.0,2.933237075805664,2.4789373874664307,0.594253420829773,-0.008404677733778954,524.0
317117,1684.417407161,595.0,2.912031888961792,2.4472174644470215,0.5939951539039612,-0.007995691150426865,510.0
317137,1684.436877806,595.0,2.885467290878296,2.4377658367156982,0.5938621759414673,-0.005042758770287037,511.0
317157,1684.455802587,599.0,2.882812738418579,2.464226007461548,0.59450763463974,-0.0014207500498741865,513.0
317177,1684.476559046,599.0,2.905273914337158,2.459414482116699,0.594464123249054,-0.003290320048108697,509.0
317197,1684.49580326,596.0,2.9296798706054688,2.43491792678833,0.5944026112556458,-0.005826611537486315,516.0
317217,1684.515696095,596.0,2.918778896331787,2.4183292388916016,0.5942656397819519,-0.00751201156526804,513.0
317237,1684.536932898,597.0,2.8995392322540283,2.3931994438171387,0.5943921208381653,-0.004892110358923674,509.0
317257,1684.556852494,597.0,2.896375894546509,2.409287691116333,0.5943238139152527,-0.0021369957830756903,509.0
317277,1684.576544799,596.0,2.8923518657684326,2.432351589202881,0.5943837761878967,-0.0018106100615113974,510.0
317297,1684.59712221,596.0,2.9056365489959717,2.4486563205718994,0.5943350195884705,-0.003105114446952939,509.0
317317,1684.616538557,596.0,2.910956621170044,2.456106662750244,0.5943532586097717,-0.004808194935321808,519.0
317337,1684.635655524,596.0,2.8817355632781982,2.4137117862701416,0.5942423939704895,-0.006018293090164661,509.0
317357,1684.656631466,596.0,2.864954710006714,2.4049601554870605,0.5941275954246521,-0.005312206223607063,516.0
317377,1684.676835751,600.0,2.8761394023895264,2.415348529815674,0.5949267745018005,-0.0026447500567883253,509.0
317397,1684.695507984,600.0,2.88662052154541,2.4259400367736816,0.594879150390625,-0.002001337008550763,509.0
317417,1684.716508379,601.0,2.8905630111694336,2.448871612548828,0.5957713723182678,-0.00010787297651404515,514.0
317437,1684.736836023,601.0,2.9075307846069336,2.4439401626586914,0.5957557559013367,-0.0014489931054413319,519.0
317457,1684.756568905,598.0,2.912882089614868,2.410287380218506,0.5958872437477112,-0.0011244318448007107,509.0
317477,1684.77648358,598.0,2.9327940940856934,2.4162871837615967,0.5958732962608337,-0.00034261951805092394,516.0
317497,1684.796730224,598.0,2.90911865234375,2.4152278900146484,0.5959950089454651,-0.0009316411451436579,509.0
317517,1684.815519291,598.0,2.886460304260254,2.375903606414795,0.5959641337394714,-0.0019407081417739391,512.0
317537,1684.835801888,595.0,2.8935470581054688,2.381028175354004,0.5954924821853638,-0.0029859489295631647,513.0
317557,1684.856350196,595.0,2.9187111854553223,2.378659963607788,0.5954306125640869,-0.003229785244911909,516.0
317577,1684.875877811,596.0,2.939161777496338,2.374291181564331,0.5952568650245667,-0.00397310359403491,513.0
317597,1684.895880962,596.0,2.9236178398132324,2.3876495361328125,0.5951829552650452,-0.0033386223949491978,529.0
317617,1684.915673144,595.0,2.8978264331817627,2.401841878890991,0.594879150390625,-0.0036437809467315674,521.0
317637,1684.935578238,595.0,2.895245313644409,2.38472580909729,0.5948046445846558,-0.0038489997386932373,519.0
317657,1684.955898876,595.0,2.901259660720825,2.403735637664795,0.5947126150131226,-0.005470446310937405,533.0
317677,1684.975557119,597.0,2.909543037414551,2.382640838623047,0.594796359539032,-0.006557044107466936,535.0
317697,1684.995973393,597.0,2.9071569442749023,2.382254123687744,0.594662070274353,-0.006583657115697861,522.0
317717,1685.01589538,599.0,2.903088092803955,2.3991198539733887,0.595121443271637,-0.004148073028773069,526.0
317737,1685.035769988,599.0,2.884659767150879,2.407353639602661,0.5950363874435425,-0.004589669406414032,527.0
317757,1685.055567274,596.0,2.8858954906463623,2.3995163440704346,0.5948612093925476,-0.006175970192998648,528.0
317777,1685.076301547,596.0,2.8870491981506348,2.403599262237549,0.5947220921516418,-0.007759804837405682,523.0
317797,1685.096541962,596.0,2.9058115482330322,2.378270149230957,0.5945478081703186,-0.008988665416836739,524.0
317817,1685.115759363,596.0,2.8935086727142334,2.3517868518829346,0.5943769812583923,-0.0077458713203668594,523.0
317837,1685.135820845,598.0,2.8949713706970215,2.374319553375244,0.5946758389472961,-0.004399058874696493,525.0
317857,1685.156321899,598.0,2.8939244747161865,2.391645669937134,0.5945943593978882,-0.004111702553927898,525.0
317877,1685.176560696,598.0,2.8884215354919434,2.4064700603485107,0.5949296355247498,-0.0048363711684942245,524.0
317897,1685.197097253,598.0,2.905256509780884,2.3993892669677734,0.5948062539100647,-0.007469573058187962,523.0
317917,1685.215842042,597.0,2.9096555709838867,2.364506244659424,0.5946456789970398,-0.00811815820634365,528.0
317937,1685.235832479,597.0,2.9037368297576904,2.3705570697784424,0.5947250127792358,-0.006046783644706011,525.0
317957,1685.256696919,597.0,2.8939809799194336,2.3819615840911865,0.594617486000061,-0.004688292741775513,533.0
317977,1685.276536833,596.0,2.8955979347229004,2.39353609085083,0.594566285610199,-0.004602724686264992,525.0
317997,1685.295594531,596.0,2.9122257232666016,2.390423059463501,0.5944549441337585,-0.006665865890681744,529.0
318017,1685.316427856,597.0,2.919522285461426,2.3676395416259766,0.594541609287262,-0.007332754321396351,522.0
318037,1685.336241569,597.0,2.9200198650360107,2.3633475303649902,0.5944070816040039,-0.005853346083313227,523.0
318057,1685.35653333,593.0,2.9276764392852783,2.384103536605835,0.5937885046005249,-0.005493083968758583,523.0
318077,1685.375989531,593.0,2.9164907932281494,2.4076335430145264,0.5936784148216248,-0.0059203170239925385,522.0
318097,1685.396339008,600.0,2.9214727878570557,2.4133448600769043,0.5944642424583435,-0.006462688557803631,522.0
318117,1685.415105642,600.0,2.930180311203003,2.3980324268341064,0.5943137407302856,-0.0082319937646389,523.0
318137,1685.435082867,596.0,2.926020860671997,2.374403476715088,0.594227135181427,-0.006812553387135267,527.0
318157,1685.455315048,596.0,2.9114975929260254,2.393015146255493,0.5941071510314941,-0.005338996183127165,529.0
318177,1685.476240665,599.0,2.9147934913635254,2.4133095741271973,0.5947114825248718,-0.003673947649076581,522.0
318197,1685.495237098,599.0,2.9469542503356934,2.4422287940979004,0.5946215391159058,-0.005400374531745911,528.0
318217,1685.515035519,599.0,2.9466030597686768,2.434521198272705,0.5944887399673462,-0.007969286292791367,530.0
318237,1685.535404012,595.0,2.9134745597839355,2.3865270614624023,0.5941804647445679,-0.009236307814717293,527.0
318257,1685.555554324,595.0,2.9101128578186035,2.3964035511016846,0.5940027832984924,-0.008355067111551762,523.0
318277,1685.57576395,597.0,2.919248342514038,2.4057486057281494,0.5941949486732483,-0.006059677805751562,521.0
318297,1685.595961427,597.0,2.9283809661865234,2.4106287956237793,0.594089150428772,-0.004514663014560938,522.0
318317,1685.616262749,600.0,2.941316604614258,2.4412851333618164,0.5948731303215027,-0.002358011668547988,522.0
318337,1685.63547471,600.0,2.9422011375427246,2.443350315093994,0.5948111414909363,-0.0037763819564133883,527.0
318357,1685.655251978,600.0,2.9428319931030273,2.432006597518921,0.5954481959342957,-0.002545130206272006,531.0
318377,1685.674849186,600.0,2.9485864639282227,2.4266679286956787,0.5954015851020813,-0.0019508122932165861,521.0
318397,1685.69482061,598.0,2.971585750579834,2.4271039962768555,0.595589816570282,-0.0008205265621654689,524.0
318417,1685.715796912,598.0,2.9841792583465576,2.4401426315307617,0.5955731272697449,-0.0009600342600606382,521.0
318437,1685.736142069,598.0,2.9688546657562256,2.439203977584839,0.595783531665802,0.0001666529569774866,522.0
318457,1685.754970137,598.0,2.9770913124084473,2.476655960083008,0.5957918167114258,0.0004511326551437378,523.0
318477,1685.77611858,599.0,2.962932586669922,2.492763042449951,0.5961512923240662,4.5901862904429436e-05,522.0
318497,1685.794988693,599.0,2.9499459266662598,2.5091664791107178,0.5961340665817261,-0.0018267928389832377,521.0
318517,1685.81527653,599.0,2.9501500129699707,2.5019876956939697,0.5960828065872192,-0.003165491158142686,536.0
318537,1685.835330065,597.0,2.9485228061676025,2.485295295715332,0.5959535837173462,-0.0032505139242857695,529.0
318557,1685.855638094,597.0,2.9208905696868896,2.515824556350708,0.5959115028381348,-0.0007715451065450907,528.0
318577,1685.875271753,597.0,2.8939950466156006,2.5514209270477295,0.5958751440048218,-0.00042473251232877374,525.0
318597,1685.895685047,597.0,2.897470474243164,2.5631439685821533,0.5958463549613953,-0.00258558033965528,528.0
318617,1685.915980763,597.0,2.922559976577759,2.5503909587860107,0.595714807510376,-0.005155833903700113,532.0
318637,1685.935527693,597.0,2.921936273574829,2.5080044269561768,0.5956076979637146,-0.005131225101649761,538.0
318657,1685.955725523,602.0,2.9007840156555176,2.5008435249328613,0.5964717864990234,-0.0002242733899038285,524.0
318677,1685.974958375,602.0,2.8798341751098633,2.527888536453247,0.5964909195899963,0.001934274798259139,521.0
318697,1685.995279776,596.0,2.8945698738098145,2.561244487762451,0.5961633324623108,0.0005984138697385788,520.0
318717,1686.015549091,596.0,2.9050686359405518,2.562746047973633,0.5961413979530334,-0.0031273188069462776,514.0
318737,1686.034799564,597.0,2.9101691246032715,2.518913745880127,0.5959914326667786,-0.005884611047804356,516.0
318757,1686.054677107,597.0,2.9145421981811523,2.511350393295288,0.5958899855613708,-0.0038992762565612793,510.0
318777,1686.075463055,597.0,2.904111623764038,2.5218706130981445,0.595842719078064,-0.0010209850734099746,516.0
318797,1686.095590467,597.0,2.8928420543670654,2.544872999191284,0.5958153605461121,-0.0006555111613124609,511.0
318817,1686.115087668,597.0,2.901562452316284,2.5525283813476562,0.5957733988761902,-0.0036589729133993387,518.0
318837,1686.134856433,597.0,2.9172041416168213,2.5191540718078613,0.5956650376319885,-0.006391710136085749,519.0
318857,1686.154984488,597.0,2.910977602005005,2.4885823726654053,0.5955344438552856,-0.006233790889382362,510.0
318877,1686.175839849,600.0,2.902665138244629,2.508842706680298,0.5960202813148499,-0.003084229538217187,512.0
318897,1686.19583476,600.0,2.895141124725342,2.5037550926208496,0.5959669947624207,-0.0024244689848273993,519.0
318917,1686.215961875,597.0,2.912256956100464,2.504775285720825,0.5958448052406311,-0.00304335611872375,511.0
318937,1686.234832658,597.0,2.9249162673950195,2.5217316150665283,0.5957638621330261,-0.005173343699425459,522.0
318957,1686.255230989,598.0,2.9282596111297607,2.4947195053100586,0.5958032608032227,-0.005764708388596773,510.0
318977,1686.2747822,598.0,2.926898956298828,2.4768786430358887,0.5957074761390686,-0.003497079247608781,515.0
318997,1686.295265192,597.0,2.9141736030578613,2.4916064739227295,0.5956389904022217,-0.0015631758142262697,509.0
319017,1686.315561373,597.0,2.911442518234253,2.5022566318511963,0.5956007838249207,-0.002669689478352666,510.0
319037,1686.335328342,600.0,2.9194490909576416,2.4961564540863037,0.5961213111877441,-0.00426875613629818,513.0
319057,1686.355472547,600.0,2.90337872505188,2.491039276123047,0.5960208177566528,-0.005412135738879442,510.0
319077,1686.374810298,600.0,2.893660545349121,2.48060941696167,0.5959219336509705,-0.00439487723633647,520.0
319097,1686.394985107,599.0,2.901461601257324,2.4970357418060303,0.5962012410163879,-0.002987542189657688,518.0
319117,1686.41525816,599.0,2.894979476928711,2.5117111206054688,0.5961318612098694,-0.0038443226367235184,513.0
319137,1686.435514567,602.0,2.8775153160095215,2.4980087280273438,0.596937358379364,-0.0018027682090178132,517.0
319157,1686.455230369,602.0,2.86714506149292,2.4905378818511963,0.5969042181968689,-0.0013833229895681143,509.0
319177,1686.474477959,598.0,2.8659684658050537,2.4804937839508057,0.5968073010444641,-0.0030460692942142487,509.0
319197,1686.495355485,598.0,2.8663721084594727,2.440174102783203,0.5967400074005127,-0.0031983726657927036,509.0
319217,1686.515321301,596.0,2.8770971298217773,2.429457187652588,0.5962939262390137,-0.0022573755122721195,509.0
319237,1686.534114781,596.0,2.886446475982666,2.4354422092437744,0.5962715148925781,-0.00011588463530642912,516.0
319257,1686.555501824,599.0,2.902613639831543,2.48026704788208,0.5965232849121094,0.0008777847979217768,509.0
319277,1686.574569221,599.0,2.904270648956299,2.504455089569092,0.5965162515640259,-0.0020045905839651823,516.0
319297,1686.594949053,596.0,2.8976049423217773,2.4621877670288086,0.5960800647735596,-0.006651293020695448,514.0
319317,1686.615377705,596.0,2.9004719257354736,2.415799856185913,0.5959412455558777,-0.0068078916519880295,509.0
319337,1686.635375079,602.0,2.9120068550109863,2.394564628601074,0.5967572331428528,-0.0019143028184771538,509.0
319357,1686.654241095,602.0,2.9052493572235107,2.419835090637207,0.5967432856559753,0.00020039972150698304,509.0
319377,1686.674511406,602.0,2.9091413021087646,2.457435369491577,0.5967482924461365,-3.124833892798051e-05,516.0
319397,1686.694576966,598.0,2.912501811981201,2.4702422618865967,0.5967261791229248,-0.0031504028011113405,511.0
319417,1686.713944717,598.0,2.9099183082580566,2.4285669326782227,0.5966218113899231,-0.007302314508706331,510.0
319437,1686.734283902,598.0,2.8810858726501465,2.3681983947753906,0.596481204032898,-0.008494067005813122,508.0
319457,1686.754378941,598.0,2.888451099395752,2.3677878379821777,0.5963404774665833,-0.0054233493283391,518.0
319477,1686.774340056,597.0,2.9091343879699707,2.3960044384002686,0.596129298210144,-0.002959940582513809,512.0
319497,1686.794398265,597.0,2.890467405319214,2.407118797302246,0.5960879325866699,-0.001630311133340001,510.0
319517,1686.814572911,598.0,2.894090175628662,2.4368746280670166,0.5961301326751709,-0.004389890469610691,511.0
319537,1686.834368791,598.0,2.8886828422546387,2.4247379302978516,0.5960026383399963,-0.008102123625576496,512.0
319557,1686.854447774,593.0,2.892026901245117,2.4234869480133057,0.5950195789337158,-0.01101793721318245,512.0
319577,1686.874497549,593.0,2.8836145401000977,2.417588233947754,0.5948001742362976,-0.010591219179332256,516.0
319597,1686.894773172,597.0,2.8728737831115723,2.3941900730133057,0.5947808623313904,-0.007815495133399963,520.0
319617,1686.914943532,597.0,2.8835201263427734,2.4186041355133057,0.5946448445320129,-0.0061281658709049225,519.0
319637,1686.935315253,600.0,2.8887500762939453,2.430126428604126,0.5945069789886475,-0.008071406744420528,536.0
319657,1686.955315471,600.0,2.8938236236572266,2.3981008529663086,0.5951606631278992,-0.00859604962170124,524.0
319677,1686.974560707,600.0,2.904703378677368,2.369875192642212,0.5949817895889282,-0.009002038277685642,527.0
319697,1686.994495222,598.0,2.8960695266723633,2.3478822708129883,0.5951710939407349,-0.0066017452627420425,529.0
319717,1687.014728931,598.0,2.9002652168273926,2.360919952392578,0.5950585603713989,-0.00489668408408761,522.0
319737,1687.034685287,597.0,2.923252820968628,2.402953863143921,0.5951039791107178,-0.005135552026331425,524.0
319757,1687.054849581,597.0,2.9281888008117676,2.398960590362549,0.5949852466583252,-0.0070350440219044685,522.0
319777,1687.073889405,600.0,2.9182686805725098,2.3780601024627686,0.5955283641815186,-0.00767038157209754,522.0
319797,1687.093959162,600.0,2.9209694862365723,2.358015537261963,0.5953762531280518,-0.006994623690843582,526.0
319817,1687.114122495,596.0,2.9290578365325928,2.3559744358062744,0.5951290726661682,-0.005002858582884073,531.0
319837,1687.134337545,596.0,2.9263193607330322,2.3717405796051025,0.5950390696525574,-0.004335723351687193,523.0
319857,1687.154275973,597.0,2.9372029304504395,2.400254249572754,0.595050573348999,-0.005852413363754749,524.0
319877,1687.17365668,597.0,2.9316446781158447,2.380619764328003,0.594915509223938,-0.007417782209813595,527.0
319897,1687.193696972,601.0,2.951000452041626,2.372873067855835,0.5957149863243103,-0.004518428817391396,533.0
319917,1687.214724167,601.0,2.9394004344940186,2.363126754760742,0.5956374406814575,-0.0033368333242833614,523.0
319937,1687.234921412,601.0,2.9328458309173584,2.3630692958831787,0.5955789089202881,-0.0024986700154840946,528.0
319957,1687.254706812,596.0,2.9276092052459717,2.3761305809020996,0.5953924655914307,-0.0016839028103277087,526.0
319977,1687.274262433,596.0,2.933623790740967,2.4141619205474854,0.5953530073165894,-0.0028038136661052704,532.0
319997,1687.294813237,600.0,2.9520132541656494,2.3936614990234375,0.5959175229072571,-0.004875447601079941,523.0
320017,1687.314265787,600.0,2.948244571685791,2.3760273456573486,0.5957998037338257,-0.0063650161027908325,524.0
320037,1687.334834094,594.0,2.9387834072113037,2.37565541267395,0.5950959920883179,-0.004297313746064901,522.0
320057,1687.353850685,594.0,2.9352853298187256,2.4022834300994873,0.5950466990470886,-0.001311420346610248,523.0
320077,1687.375396587,595.0,2.9532876014709473,2.4415969848632812,0.5947210788726807,-0.005034126341342926,528.0
320097,1687.394884224,595.0,2.955106258392334,2.405423164367676,0.5945684909820557,-0.009926695376634598,526.0
320117,1687.414261539,597.0,2.9333105087280273,2.3683931827545166,0.5945817232131958,-0.00840202160179615,531.0
320137,1687.434905445,597.0,2.9226536750793457,2.3776447772979736,0.5944550633430481,-0.0045341080985963345,522.0
320157,1687.454172142,596.0,2.9305989742279053,2.4065935611724854,0.5944068431854248,-0.004158440511673689,533.0
320177,1687.474174951,596.0,2.9414806365966797,2.417004346847534,0.5943065285682678,-0.00573689304292202,526.0
320197,1687.494808986,600.0,2.9431121349334717,2.4155192375183105,0.5950436592102051,-0.004289612639695406,521.0
320217,1687.513956797,600.0,2.917724370956421,2.4146440029144287,0.5949521064758301,-0.004793791100382805,524.0
320237,1687.534857189,600.0,2.9061880111694336,2.3981165885925293,0.5948498845100403,-0.00547025166451931,528.0
320257,1687.554493591,597.0,2.9135870933532715,2.388514757156372,0.5949121713638306,-0.006474174093455076,527.0
320277,1687.575512544,597.0,2.933835029602051,2.389289140701294,0.594789445400238,-0.00546620786190033,522.0
320297,1687.593577979,596.0,2.946280002593994,2.418534278869629,0.5946974158287048,-0.003974412567913532,526.0
320317,1687.614071334,596.0,2.935673475265503,2.4463846683502197,0.5946168899536133,-0.00430635828524828,527.0
320337,1687.634866443,596.0,2.9391984939575195,2.4333558082580566,0.5945134162902832,-0.006280060391873121,521.0
320357,1687.654061776,596.0,2.9540956020355225,2.403423309326172,0.5943669676780701,-0.008229581639170647,532.0
320377,1687.675123262,596.0,2.9616963863372803,2.373551607131958,0.5942670106887817,-0.006882165092974901,522.0
320397,1687.694156988,596.0,2.9638986587524414,2.3747732639312744,0.5941584706306458,-0.003974491730332375,525.0
320417,1687.714869865,596.0,2.9634902477264404,2.4248666763305664,0.5941802263259888,-0.0025735802482813597,522.0
320437,1687.734307929,596.0,2.965158700942993,2.4459445476531982,0.5941141843795776,-0.0043304841965436935,526.0
320457,1687.753803362,596.0,2.9639408588409424,2.444896697998047,0.5940845012664795,-0.007393532898277044,521.0
320477,1687.774543516,596.0,2.977295398712158,2.4198052883148193,0.593916118144989,-0.008304543793201447,522.0
320497,1687.794516235,601.0,2.9675886631011963,2.3980445861816406,0.593752920627594,-0.0077706873416900635,522.0
320517,1687.81359011,601.0,2.9614553451538086,2.398528814315796,0.594792902469635,-0.0035830563865602016,521.0
320537,1687.833396887,601.0,2.9647839069366455,2.406611204147339,0.5947256684303284,-0.0034728357568383217,533.0
320557,1687.854943212,597.0,2.9608137607574463,2.409229278564453,0.5948464870452881,-0.00429044384509325,525.0
320577,1687.875614861,597.0,2.9809482097625732,2.3995301723480225,0.5947527289390564,-0.005089346785098314,526.0
320597,1687.894108803,596.0,2.9860098361968994,2.3847570419311523,0.5946542620658875,-0.005019813776016235,526.0
320617,1687.913780453,596.0,2.969160318374634,2.379809856414795,0.5945613980293274,-0.00408868957310915,528.0
320637,1687.933519653,597.0,2.9649014472961426,2.3953940868377686,0.5946961045265198,-0.002462885808199644,531.0
320657,1687.954488459,597.0,3.011624336242676,2.4231317043304443,0.5946460962295532,-0.0028011559043079615,541.0
320677,1687.974629206,601.0,3.036484479904175,2.422318458557129,0.595498263835907,-0.0030094189569354057,515.0
320697,1687.993303051,601.0,3.0118865966796875,2.3895153999328613,0.5954220294952393,-0.004072835203260183,514.0
320717,1688.013905378,597.0,3.000941276550293,2.4140665531158447,0.5953915119171143,-0.002089817076921463,514.0
320737,1688.033292616,597.0,3.0070977210998535,2.4259727001190186,0.5953501462936401,-0.0024038893170654774,509.0
320757,1688.053301402,598.0,3.017418384552002,2.3993027210235596,0.5955562591552734,-0.004100876394659281,517.0
320777,1688.076739299,598.0,3.0136194229125977,2.3705036640167236,0.5954616069793701,-0.0049214595928788185,523.0
320797,1688.09428705,598.0,2.982665777206421,2.362489700317383,0.595382034778595,-0.002741789212450385,516.0
320817,1688.113817562,596.0,2.957388401031494,2.4105236530303955,0.5952317714691162,-0.0014342664508149028,515.0
320837,1688.133896686,596.0,2.9477858543395996,2.438735246658325,0.5951848030090332,-0.003699901746585965,512.0
320857,1688.154753944,601.0,2.9364407062530518,2.3778324127197266,0.5959576964378357,-0.004466841462999582,524.0
320877,1688.176156039,601.0,2.9410457611083984,2.3757357597351074,0.5958645343780518,-0.004533328115940094,518.0
320897,1688.193387483,600.0,2.9555552005767822,2.371626615524292,0.5963420867919922,-0.0019476789748296142,516.0
320917,1688.213093058,600.0,2.9514079093933105,2.4027984142303467,0.5963191390037537,-0.00038101052632555366,513.0
320937,1688.23454868,597.0,2.9593420028686523,2.4312124252319336,0.5961812138557434,0.0004502469673752785,511.0
320957,1688.253383241,597.0,2.976199150085449,2.434488296508789,0.5961833596229553,-0.00039003058918751776,517.0
320977,1688.275780761,597.0,2.9799461364746094,2.433983325958252,0.5960349440574646,-0.00305221788585186,516.0
320997,1688.294358631,597.0,2.9714741706848145,2.4193618297576904,0.5959497690200806,-0.005106977187097073,510.0
321017,1688.313907348,600.0,2.9716618061065674,2.4031753540039062,0.5963470339775085,-0.003300335956737399,511.0
321037,1688.334458867,600.0,2.9633684158325195,2.402329444885254,0.5963084697723389,-0.0004552647296804935,520.0
321057,1688.353408086,597.0,2.9848833084106445,2.432603597640991,0.5963203310966492,0.0013969356659799814,512.0
321077,1688.375364363,597.0,3.032708168029785,2.457024574279785,0.5962320566177368,0.0003002580488100648,528.0
321097,1688.393472602,597.0,3.037757635116577,2.4683308601379395,0.5962104797363281,-0.0024677091278135777,516.0
321117,1688.414463441,599.0,2.998258352279663,2.4311139583587646,0.5964511036872864,-0.001138301333412528,513.0
321137,1688.433250186,599.0,3.000401258468628,2.4759647846221924,0.5964424014091492,-0.00021606896189041436,515.0
321157,1688.454213911,597.0,3.023498296737671,2.481954336166382,0.5962719321250916,-0.003962433431297541,510.0
321177,1688.475089464,597.0,3.0296690464019775,2.44484281539917,0.5961561799049377,-0.007017109543085098,520.0
321197,1688.493797366,600.0,3.0368008613586426,2.415081262588501,0.5965192317962646,-0.0036415639333426952,514.0
321217,1688.514424086,600.0,3.0310025215148926,2.4459691047668457,0.596472978591919,-0.0014132476644590497,510.0
321237,1688.533730144,593.0,3.0253725051879883,2.4293813705444336,0.595487654209137,-0.005512768402695656,512.0
321257,1688.553727643,593.0,3.0520386695861816,2.3959708213806152,0.5953649282455444,-0.006487847305834293,510.0
321277,1688.573855255,599.0,3.0662119388580322,2.399458646774292,0.5956460237503052,-0.00666264770552516,510.0
321297,1688.593300156,599.0,3.0496158599853516,2.379579544067383,0.5954962372779846,-0.00780192855745554,511.0
321317,1688.613211371,596.0,2.999232292175293,2.3340981006622314,0.5951985120773315,-0.006097767967730761,521.0
321337,1688.633459309,596.0,2.996328353881836,2.359739303588867,0.5950914025306702,-0.005183321423828602,514.0
321357,1688.653578042,598.0,3.0192830562591553,2.371222972869873,0.5953063368797302,-0.005799620412290096,510.0
321377,1688.67369585,598.0,3.0199246406555176,2.3849806785583496,0.5951922535896301,-0.005703010596334934,519.0
321397,1688.693382813,598.0,2.9955978393554688,2.3903746604919434,0.5950666666030884,-0.006964199710637331,522.0
321417,1688.714255219,597.0,2.971898078918457,2.3655335903167725,0.5950446724891663,-0.00846136175096035,510.0
321437,1688.734572342,597.0,2.9743356704711914,2.349030017852783,0.5948758721351624,-0.0079696299508214,510.0
321457,1688.754573145,599.0,2.9990057945251465,2.3457441329956055,0.5952954292297363,-0.0047225202433764935,511.0
321477,1688.773822535,599.0,3.0021233558654785,2.342550277709961,0.5952074527740479,-0.003830533940345049,511.0
321497,1688.793335692,596.0,3.0007781982421875,2.3408374786376953,0.5950424671173096,-0.005094888620078564,517.0
321517,1688.813407017,596.0,2.993419885635376,2.3298025131225586,0.594920814037323,-0.006982487626373768,522.0
321537,1688.833112906,598.0,2.9839861392974854,2.293980360031128,0.5951126217842102,-0.0064785294234752655,519.0
321557,1688.853851551,598.0,3.019193649291992,2.304886817932129,0.5949751734733582,-0.007425582502037287,513.0
321577,1688.87409049,601.0,3.0400583744049072,2.3053998947143555,0.5956973433494568,-0.006622008513659239,515.0
321597,1688.894703089,601.0,3.01883602142334,2.272552728652954,0.5955529808998108,-0.007387466263025999,528.0
321617,1688.913317116,596.0,2.997265338897705,2.2411694526672363,0.5952695608139038,-0.0048679751344025135,524.0
321637,1688.933367274,596.0,2.982586145401001,2.2593162059783936,0.595205545425415,-0.00165302655659616,530.0
321657,1688.954338351,597.0,2.9865877628326416,2.2591261863708496,0.5951930284500122,-0.0007850457914173603,578.0
321677,1688.973764276,597.0,2.9952001571655273,2.2848777770996094,0.5952970385551453,-0.0010436910670250654,579.0
321697,1688.993414977,597.0,3.003466844558716,2.304621696472168,0.5952485799789429,-0.004019512794911861,563.0
321717,1689.014081066,596.0,3.004795551300049,2.290276527404785,0.5950560569763184,-0.007627403829246759,572.0
321737,1689.033534237,596.0,2.991712808609009,2.2462544441223145,0.5949097871780396,-0.006407349370419979,555.0
321757,1689.052767925,598.0,2.978287696838379,2.2557764053344727,0.5951852202415466,-0.0021781818941235542,568.0
321777,1689.07322686,598.0,2.961651086807251,2.2688887119293213,0.5951458215713501,-0.0023551909253001213,554.0
321797,1689.092920294,599.0,2.974578380584717,2.2806925773620605,0.5955795645713806,-0.0032761229667812586,566.0
321817,1689.113787654,599.0,2.96742844581604,2.2929224967956543,0.5954949259757996,-0.004961981903761625,559.0
321837,1689.133242651,595.0,2.940207004547119,2.2696280479431152,0.59507155418396,-0.0048239403404295444,569.0
321857,1689.15390671,595.0,2.9188525676727295,2.2678067684173584,0.5950028896331787,-0.0022379658184945583,567.0
321877,1689.172863565,596.0,2.915030002593994,2.3350937366485596,0.5949013829231262,-0.0022481794003397226,576.0
321897,1689.194079059,596.0,2.959981918334961,2.356414794921875,0.5948292016983032,-0.005127571523189545,555.0
321917,1689.212783806,595.0,2.9837136268615723,2.3525328636169434,0.5944981575012207,-0.007595107425004244,570.0
321937,1689.233576857,595.0,2.9740500450134277,2.331378698348999,0.5943575501441956,-0.006015283986926079,561.0
321957,1689.252308387,598.0,2.9575114250183105,2.3480892181396484,0.5942613482475281,-0.0038721999153494835,577.0
321977,1689.272777815,598.0,2.943002223968506,2.3589487075805664,0.5946653485298157,-0.004353164229542017,559.0
321997,1689.293392592,598.0,2.9346842765808105,2.3503713607788086,0.5945565104484558,-0.006509142927825451,578.0
322017,1689.312942038,598.0,2.9655916690826416,2.3493118286132812,0.594849169254303,-0.007032846100628376,554.0
322037,1689.333315592,598.0,2.9576187133789062,2.337052345275879,0.5947064161300659,-0.0068866899237036705,565.0
322057,1689.353624987,597.0,2.9446780681610107,2.352059841156006,0.5948085188865662,-0.004129177425056696,562.0
322077,1689.372618508,597.0,2.95220947265625,2.4003498554229736,0.5947341918945312,-0.003618821268901229,578.0
322097,1689.393659299,597.0,2.9406986236572266,2.3823025226593018,0.5948491096496582,-0.004905112087726593,555.0
322117,1689.413351527,597.0,2.9277396202087402,2.3567378520965576,0.5947304368019104,-0.006778279319405556,569.0
322137,1689.433512346,595.0,2.9190587997436523,2.328369379043579,0.5944052934646606,-0.00836583599448204,559.0
322157,1689.453587975,595.0,2.905984878540039,2.3054487705230713,0.5942407250404358,-0.00769065273925662,565.0
322177,1689.473061956,596.0,2.898906946182251,2.3180835247039795,0.5942078232765198,-0.005177079699933529,563.0
322197,1689.492390255,596.0,2.8948357105255127,2.320572853088379,0.594117283821106,-0.004122522193938494,568.0
322217,1689.512381059,599.0,2.9000244140625,2.342972755432129,0.5946791172027588,-0.004054089076817036,556.0
322237,1689.532758101,599.0,2.9196670055389404,2.3334624767303467,0.5945770740509033,-0.006148122251033783,572.0
322257,1689.552933814,599.0,2.9098727703094482,2.3016133308410645,0.5944350361824036,-0.007756268605589867,564.0
322277,1689.573416288,596.0,2.893685817718506,2.2557504177093506,0.5943976640701294,-0.005018332041800022,564.0
322297,1689.59198829,596.0,2.901414632797241,2.2670700550079346,0.594329297542572,-0.0020305062644183636,556.0
322317,1689.611982997,601.0,2.896617889404297,2.3007895946502686,0.5953383445739746,0.00015841682034078985,563.0
322337,1689.632205233,601.0,2.8958775997161865,2.3037946224212646,0.5953153967857361,-0.0025432556867599487,561.0
322357,1689.65302153,599.0,2.8990988731384277,2.2837142944335938,0.595720112323761,-0.0038239769637584686,564.0
322377,1689.673366702,599.0,2.8994271755218506,2.234682321548462,0.5956352353096008,-0.00433199480175972,553.0
322397,1689.692381144,598.0,2.907747268676758,2.230102062225342,0.5957724452018738,-0.002220657654106617,573.0
322417,1689.711907663,598.0,2.9313461780548096,2.2740492820739746,0.5957465171813965,-0.00034636305645108223,552.0
322437,1689.733240496,593.0,2.9306318759918213,2.289803981781006,0.5949792861938477,-0.002709019463509321,563.0
322457,1689.752187545,593.0,2.901646614074707,2.268263339996338,0.5949047207832336,-0.004954838193953037,553.0
322477,1689.771907309,597.0,2.898554801940918,2.2430665493011475,0.5949482321739197,-0.0063576954416930676,563.0
322497,1689.792520878,597.0,2.903038263320923,2.2372329235076904,0.5948203206062317,-0.005395627114921808,555.0
322517,1689.812781684,597.0,2.904270648956299,2.2361435890197754,0.5949049592018127,-0.0026677530258893967,571.0
322537,1689.83279172,597.0,2.9020180702209473,2.2610204219818115,0.5948684811592102,-0.0013320357538759708,556.0
322557,1689.852974446,599.0,2.913923978805542,2.273986339569092,0.5948249697685242,-0.003177416743710637,574.0
322577,1689.872572696,599.0,2.9241158962249756,2.2509264945983887,0.5953251123428345,-0.004094860050827265,557.0
322597,1689.892606655,599.0,2.9229328632354736,2.2347686290740967,0.5952454805374146,-0.0034763687290251255,574.0
322617,1689.912554016,600.0,2.9335508346557617,2.233394145965576,0.5958725810050964,-0.0014381363289430737,562.0
322637,1689.932758404,600.0,2.944105863571167,2.2311360836029053,0.5958375930786133,-0.0020135827362537384,565.0
322657,1689.952906953,594.0,2.933178424835205,2.2130396366119385,0.5952397584915161,-0.003983840811997652,573.0
322677,1689.973033727,594.0,2.9190378189086914,2.2047109603881836,0.5951676964759827,-0.0029174177907407284,524.0
322697,1689.992575154,598.0,2.89976167678833,2.2328693866729736,0.5954136848449707,-0.0011724468786269426,574.0
322717,1690.013071795,598.0,2.8956215381622314,2.254408836364746,0.5953839421272278,-0.002040452091023326,532.0
322737,1690.032494003,599.0,2.9141244888305664,2.2513492107391357,0.5957552790641785,-0.003030623309314251,520.0
322757,1690.052381724,599.0,2.917107582092285,2.2476084232330322,0.5956850051879883,-0.0038330366369336843,522.0
322777,1690.07291673,597.0,2.9296066761016846,2.2247257232666016,0.5956175327301025,-0.0038038939237594604,521.0
322797,1690.092617867,597.0,2.937551259994507,2.2213833332061768,0.5955607295036316,-0.0017984453588724136,518.0
322817,1690.112922963,600.0,2.9335384368896484,2.2302141189575195,0.5955336689949036,-0.0008749680710025132,528.0
322837,1690.132917128,600.0,2.952820062637329,2.240586757659912,0.5961089134216309,0.0002388606226304546,518.0
322857,1690.15190071,600.0,3.0045175552368164,2.2725605964660645,0.5960865020751953,-0.0026839827187359333,526.0
322877,1690.172057079,598.0,3.0142688751220703,2.2233307361602783,0.5961470007896423,-0.005007630679756403,521.0
322897,1690.192234274,598.0,2.9872238636016846,2.188075304031372,0.596057653427124,-0.003327112877741456,525.0
322917,1690.212024624,594.0,2.956909656524658,2.2197935581207275,0.5954207181930542,-0.0023362895008176565,527.0
322937,1690.232910628,594.0,2.96604323387146,2.259385108947754,0.595378041267395,-0.002283957088366151,527.0
322957,1690.251909082,603.0,2.9646100997924805,2.2746620178222656,0.5965120792388916,-0.0022555955220013857,520.0
322977,1690.272397974,603.0,2.9405391216278076,2.242358446121216,0.5964411497116089,-0.004625473637133837,520.0
322997,1690.291952802,597.0,2.937758684158325,2.2127931118011475,0.5962127447128296,-0.005633153486996889,514.0
323017,1690.312639094,597.0,2.91965913772583,2.2085225582122803,0.5961142778396606,-0.0038776358123868704,517.0
323037,1690.33280609,598.0,2.9226303100585938,2.213106393814087,0.5961698293685913,-0.0018732005264610052,514.0
323057,1690.352092306,598.0,2.9458253383636475,2.248976945877075,0.5961405038833618,-0.0011007905704900622,515.0
323077,1690.373088779,599.0,2.9610283374786377,2.277082681655884,0.5963910818099976,-0.0007933499873615801,517.0
323097,1690.393065212,599.0,2.964003801345825,2.277916431427002,0.5963640809059143,-0.0019210382597520947,515.0
323117,1690.413092748,594.0,2.9407026767730713,2.2659831047058105,0.5963188409805298,-0.0022636065259575844,517.0
323137,1690.432537279,594.0,2.961005449295044,2.267559051513672,0.5955784916877747,-0.003986380994319916,513.0
323157,1690.451865704,594.0,2.9865825176239014,2.268228530883789,0.5954916477203369,-0.004679522477090359,519.0
323177,1690.471786104,599.0,2.9832801818847656,2.26102876663208,0.5958455801010132,-0.004081642720848322,512.0
323197,1690.492807585,599.0,2.9730350971221924,2.25632905960083,0.59576815366745,-0.0035156256053596735,511.0
323217,1690.511988912,595.0,2.9684605598449707,2.2686264514923096,0.59535151720047,-0.003218371421098709,518.0
323237,1690.532751144,595.0,2.978410005569458,2.2743616104125977,0.5952865481376648,-0.0034229380544275045,511.0
323257,1690.5516705,597.0,2.9878640174865723,2.262284278869629,0.5953183174133301,-0.003857102245092392,521.0
323277,1690.572749665,597.0,2.9917471408843994,2.2725913524627686,0.5952336192131042,-0.004733025096356869,511.0
323297,1690.592367908,596.0,2.9806344509124756,2.269601821899414,0.5950320959091187,-0.0059751663357019424,511.0
323317,1690.612647202,596.0,2.970327854156494,2.245136022567749,0.594910740852356,-0.005936918314546347,512.0
323337,1690.631759216,596.0,2.972548723220825,2.2440099716186523,0.5947653651237488,-0.005889553111046553,509.0
323357,1690.65262216,596.0,2.9831690788269043,2.2533175945281982,0.5946457386016846,-0.005911045707762241,512.0
323377,1690.672516903,596.0,2.9866011142730713,2.253864049911499,0.5945436358451843,-0.006139563396573067,511.0
323397,1690.692553299,596.0,2.9952585697174072,2.260136365890503,0.5944297909736633,-0.0051213884726166725,510.0
323417,1690.711575145,596.0,2.9907662868499756,2.2750353813171387,0.5943301916122437,-0.004983703140169382,520.0
323437,1690.732350378,598.0,2.9857912063598633,2.263972043991089,0.5947133302688599,-0.004503078758716583,527.0
323457,1690.752588462,598.0,2.982987403869629,2.2601211071014404,0.5946073532104492,-0.00593899842351675,514.0
323477,1690.772563664,597.0,2.98795747756958,2.2583694458007812,0.594720184803009,-0.00648971414193511,512.0
323497,1690.792209159,597.0,2.990849018096924,2.2789270877838135,0.5945789217948914,-0.006077090743929148,514.0
323517,1690.811407355,597.0,2.9843738079071045,2.282088041305542,0.5947030186653137,-0.005385907366871834,518.0
323537,1690.832843961,597.0,2.9728174209594727,2.283283233642578,0.5946043729782104,-0.004437461495399475,511.0
323557,1690.85181737,596.0,2.9570138454437256,2.293482542037964,0.5945632457733154,-0.004722209181636572,524.0
323577,1690.87257873,596.0,2.962143659591675,2.304391860961914,0.5944575071334839,-0.0059423260390758514,521.0
323597,1690.892082598,599.0,2.9664196968078613,2.2798516750335693,0.5949469804763794,-0.0050376541912555695,524.0
323617,1690.912996543,599.0,2.9804039001464844,2.2603559494018555,0.5948594212532043,-0.003559649223461747,518.0
323637,1690.932212155,593.0,2.971280336380005,2.271289110183716,0.5942146182060242,-0.003761719446629286,523.0
323657,1690.952416797,593.0,2.9631524085998535,2.2778072357177734,0.5941410064697266,-0.0036725217942148447,529.0
323677,1690.972781923,599.0,2.989838123321533,2.285794734954834,0.5947127938270569,-0.002378947101533413,525.0
323697,1690.992632858,599.0,3.0247960090637207,2.2974722385406494,0.5946465730667114,-0.00428786501288414,540.0
323717,1691.011522388,599.0,3.0256025791168213,2.279048442840576,0.5945544838905334,-0.004591946490108967,534.0
323737,1691.032454437,598.0,2.9775235652923584,2.266448497772217,0.5949172377586365,-0.0021997534204274416,534.0
323757,1691.051591524,598.0,2.961003065109253,2.264002561569214,0.5948877334594727,-0.0008671662071719766,522.0
323777,1691.071624067,595.0,2.9715511798858643,2.2857866287231445,0.5946664214134216,-0.0021497602574527264,522.0
323797,1691.092395605,595.0,2.9796953201293945,2.308138608932495,0.5946129560470581,-0.0031266207806766033,525.0
323817,1691.11271881,595.0,2.9931833744049072,2.323549270629883,0.5943926572799683,-0.004854186438024044,524.0
323837,1691.132674284,595.0,3.0148813724517822,2.3150744438171387,0.5942829251289368,-0.00590649014338851,522.0
323857,1691.152027864,596.0,3.0201194286346436,2.3100028038024902,0.594265341758728,-0.0058944872580468655,525.0
323877,1691.172553888,596.0,3.003039598464966,2.3033628463745117,0.5941569805145264,-0.004735846538096666,534.0
323897,1691.191813444,599.0,3.0144712924957275,2.346520185470581,0.5947256088256836,-0.002330221701413393,522.0
323917,1691.211352431,599.0,3.0348615646362305,2.388449192047119,0.5946743488311768,-0.002818134380504489,525.0
323937,1691.231630906,597.0,3.0540568828582764,2.3809432983398438,0.5947730541229248,-0.004212335683405399,529.0
323957,1691.251657292,597.0,3.0328176021575928,2.3593485355377197,0.594677209854126,-0.005114056169986725,525.0
323977,1691.272520087,597.0,3.009322166442871,2.321617603302002,0.5945726633071899,-0.0051677948795259,529.0
323997,1691.292030115,597.0,3.0308573246002197,2.324303388595581,0.5946646928787231,-0.004562514368444681,522.0
324017,1691.311098701,597.0,3.0599892139434814,2.3091187477111816,0.594557523727417,-0.006187888793647289,529.0
324037,1691.331587676,598.0,3.0531203746795654,2.266664505004883,0.5948641300201416,-0.0054406579583883286,522.0
324057,1691.351926418,598.0,3.0483579635620117,2.271008014678955,0.594779908657074,-0.0027982124593108892,522.0
324077,1691.372404715,600.0,3.0490593910217285,2.300844430923462,0.5954965353012085,-0.0001308692735619843,526.0
324097,1691.391565273,600.0,3.0482943058013916,2.300743341445923,0.5954810380935669,-0.0016097367042675614,538.0
324117,1691.411837815,597.0,3.0582871437072754,2.2912416458129883,0.5954793691635132,-0.004282279871404171,523.0
324137,1691.432621372,597.0,3.0565690994262695,2.251124620437622,0.5953762531280518,-0.005624024663120508,530.0
324157,1691.45160433,595.0,3.0542328357696533,2.224994421005249,0.5949638485908508,-0.00445242365822196,536.0
324177,1691.471625317,595.0,3.039790153503418,2.2391507625579834,0.594902753829956,-0.0015419441042467952,532.0
324197,1691.491419104,593.0,3.034893751144409,2.2846171855926514,0.5942764282226562,-0.002054352778941393,530.0
324217,1691.511541476,593.0,3.0543465614318848,2.3017044067382812,0.5942127704620361,-0.004556585568934679,522.0
324237,1691.531418943,594.0,3.0779354572296143,2.282909393310547,0.5938093662261963,-0.00852882582694292,528.0
324257,1691.551392421,594.0,3.0637032985687256,2.2389426231384277,0.5936238765716553,-0.00957757979631424,527.0
324277,1691.571577469,594.0,3.0611860752105713,2.2175092697143555,0.5934473276138306,-0.007734348531812429,536.0
324297,1691.592043293,599.0,3.057396173477173,2.2076351642608643,0.5941047668457031,-0.003440480213612318,522.0
324317,1691.611100229,599.0,3.0474166870117188,2.2165706157684326,0.5940461754798889,-0.0025608569849282503,526.0
324337,1691.631088642,597.0,3.05444073677063,2.2323410511016846,0.5943215489387512,-0.0036197807639837265,523.0
324357,1691.65150016,597.0,3.034048080444336,2.212130069732666,0.5942227244377136,-0.006106103770434856,523.0
324377,1691.671473625,598.0,2.9992053508758545,2.19301438331604,0.5946036577224731,-0.00472017377614975,530.0
324397,1691.69217023,598.0,3.0039939880371094,2.2184276580810547,0.5945295095443726,-0.002661948325112462,521.0
324417,1691.711278514,597.0,3.0345394611358643,2.2498373985290527,0.5947202444076538,-0.002659617690369487,521.0
324437,1691.731617925,597.0,3.033754348754883,2.2361388206481934,0.5946492552757263,-0.004258360713720322,531.0
324457,1691.752836042,594.0,3.027649164199829,2.2037606239318848,0.5941964387893677,-0.0055292826145887375,521.0
324477,1691.771908072,594.0,3.0122814178466797,2.1982104778289795,0.5940874218940735,-0.004591835662722588,522.0
324497,1691.79185969,594.0,3.0038363933563232,2.1923370361328125,0.5937561988830566,-0.0038231920916587114,521.0
324517,1691.81183468,594.0,3.0294172763824463,2.219453811645508,0.5936844944953918,-0.003579956479370594,521.0
324537,1691.832644779,595.0,3.0412585735321045,2.220522880554199,0.5935981869697571,-0.005315006710588932,522.0
324557,1691.851630964,595.0,3.0169107913970947,2.192413091659546,0.5934882164001465,-0.005356106441468,528.0
324577,1691.872092644,595.0,3.0018656253814697,2.2094883918762207,0.5933895111083984,-0.00421510124579072,531.0
324597,1691.892199247,598.0,3.0042073726654053,2.2421212196350098,0.5939301252365112,-0.002313162898644805,525.0
324617,1691.911620209,598.0,3.008803606033325,2.2520253658294678,0.5938685536384583,-0.003985959105193615,532.0
324637,1691.932096685,598.0,3.019475221633911,2.238586902618408,0.5943382382392883,-0.004720279481261969,524.0
324657,1691.950680929,598.0,3.0147860050201416,2.2226288318634033,0.5942342877388,-0.00550773274153471,533.0
324677,1691.97170048,596.0,2.9932148456573486,2.1840481758117676,0.5942546725273132,-0.004498876631259918,537.0
324697,1691.991356371,596.0,2.9812655448913574,2.18717885017395,0.5941782593727112,-0.0031487890519201756,540.0
324717,1692.01053225,601.0,2.9930479526519775,2.2133142948150635,0.5951838493347168,-0.0001408415409969166,535.0
324737,1692.030377225,601.0,3.0158684253692627,2.243030071258545,0.5951680541038513,-0.0017061429098248482,526.0
324757,1692.050609101,595.0,3.0003700256347656,2.2159035205841064,0.5948308110237122,-0.004696022253483534,514.0
324777,1692.071529547,595.0,2.9810280799865723,2.1967930793762207,0.5947348475456238,-0.004522326402366161,512.0
324797,1692.092485269,596.0,2.978752374649048,2.189474105834961,0.5946580171585083,-0.003142183180898428,513.0
324817,1692.11183054,596.0,2.963869571685791,2.1933014392852783,0.5946047306060791,-0.0020833348389714956,516.0
324837,1692.131758573,592.0,2.9470107555389404,2.2155661582946777,0.5945644378662109,-0.0022397092543542385,515.0
324857,1692.151610171,592.0,2.953565835952759,2.2095866203308105,0.5937526226043701,-0.006182428915053606,514.0
324877,1692.170628077,592.0,2.928110122680664,2.179590940475464,0.5936082601547241,-0.007990360260009766,516.0
324897,1692.191656528,598.0,2.92710280418396,2.1535096168518066,0.5941022634506226,-0.005438934545964003,511.0
324917,1692.210636891,598.0,2.9310483932495117,2.1630542278289795,0.5940181016921997,-0.003057079156860709,514.0
324937,1692.231529797,594.0,2.931182861328125,2.181664228439331,0.5937628149986267,-0.002380556194111705,515.0
324957,1692.251625192,594.0,2.927165985107422,2.2060465812683105,0.5937061905860901,-0.003630073508247733,510.0
324977,1692.270819674,595.0,2.9554638862609863,2.2111117839813232,0.5936477184295654,-0.006077441852539778,517.0
324997,1692.293570888,595.0,2.9535560607910156,2.1638684272766113,0.5935029983520508,-0.007923624478280544,513.0
325017,1692.310400316,598.0,2.9479970932006836,2.1454579830169678,0.5939986705780029,-0.004958334844559431,512.0
325037,1692.330964703,598.0,2.9329397678375244,2.157956838607788,0.5939102172851562,-0.0038754097186028957,511.0
325057,1692.351865842,597.0,2.9241554737091064,2.1549224853515625,0.5941812992095947,-0.00299443188123405,512.0
325077,1692.37134806,597.0,2.9323339462280273,2.1594443321228027,0.5941166281700134,-0.003485166234895587,510.0
325097,1692.391572598,595.0,2.9441587924957275,2.1580255031585693,0.5939751863479614,-0.004298897925764322,512.0
325117,1692.411804202,595.0,2.943483829498291,2.1572980880737305,0.5938824415206909,-0.004683640319854021,514.0
325137,1692.430984812,595.0,2.930614709854126,2.171008348464966,0.5937942266464233,-0.004235554486513138,517.0
325157,1692.451617537,595.0,2.9204092025756836,2.192298650741577,0.593687891960144,-0.004437082912772894,517.0
325177,1692.47093912,595.0,2.92388653755188,2.1888322830200195,0.5935947895050049,-0.004787850193679333,509.0
325197,1692.49184049,595.0,2.9513204097747803,2.200967311859131,0.5935719013214111,-0.003717044834047556,518.0
325217,1692.511401855,595.0,2.949154853820801,2.2002553939819336,0.5934986472129822,-0.003744264133274555,509.0
325237,1692.530577684,596.0,2.928464651107788,2.194164991378784,0.5936794877052307,-0.004528691526502371,514.0
325257,1692.5511848,596.0,2.9234135150909424,2.188431978225708,0.5935730934143066,-0.006026041228324175,509.0
325277,1692.570330495,594.0,2.928173303604126,2.169914960861206,0.5933250188827515,-0.007464244496077299,517.0
325297,1692.59288419,594.0,2.961927652359009,2.1825013160705566,0.5931790471076965,-0.006959558930248022,521.0
325317,1692.610589628,596.0,2.968587875366211,2.193835973739624,0.5933542251586914,-0.007492576260119677,518.0
325337,1692.63102189,596.0,2.937290668487549,2.1664984226226807,0.5932023525238037,-0.007095132023096085,509.0
325357,1692.650385597,599.0,2.898881196975708,2.17978572845459,0.5939412713050842,-0.003247925080358982,514.0
325377,1692.671289909,599.0,2.9251275062561035,2.1785404682159424,0.5938637852668762,-0.004875587299466133,509.0
325397,1692.692396383,599.0,2.95434832572937,2.163945198059082,0.594463586807251,-0.005883603356778622,512.0
325417,1692.710850571,599.0,2.9483776092529297,2.1454527378082275,0.5943282842636108,-0.007099000737071037,509.0
325437,1692.731554278,599.0,2.9280126094818115,2.117168664932251,0.594211757183075,-0.004306386690586805,515.0
325457,1692.750838992,597.0,2.9267563819885254,2.145521640777588,0.5944448113441467,-0.0004217208770569414,514.0
325477,1692.770311912,597.0,2.9562594890594482,2.176453113555908,0.5944393873214722,-0.0005924795987084508,509.0
325497,1692.793107442,596.0,2.983214855194092,2.179414749145508,0.5944794416427612,-0.003916359972208738,514.0
325517,1692.810609837,596.0,2.9754722118377686,2.1401922702789307,0.5943739414215088,-0.0059954323805868626,513.0
325537,1692.831249567,593.0,2.9706873893737793,2.1250290870666504,0.5938142538070679,-0.004870573990046978,509.0
325557,1692.850530139,593.0,2.9708549976348877,2.1504640579223633,0.5937405228614807,-0.0028070297557860613,510.0
325577,1692.870794487,595.0,2.993304967880249,2.1504995822906494,0.5937052965164185,-0.004012591205537319,512.0
325597,1692.893472979,595.0,2.998211145401001,2.1563045978546143,0.593606173992157,-0.005829099100083113,512.0
325617,1692.911067683,595.0,2.99346923828125,2.1507339477539062,0.593508243560791,-0.007540836930274963,515.0
325637,1692.931322318,595.0,2.953540325164795,2.13607120513916,0.593355119228363,-0.007201524451375008,512.0
325657,1692.951339837,597.0,2.9477195739746094,2.1559722423553467,0.5936810374259949,-0.004943234380334616,510.0
325677,1692.97006122,597.0,2.975861072540283,2.151927947998047,0.5935793519020081,-0.00536120543256402,521.0
325697,1692.990229273,595.0,2.980668306350708,2.143310785293579,0.5934629440307617,-0.006191420368850231,520.0
325717,1693.009257816,595.0,2.968818426132202,2.1212046146392822,0.5933701395988464,-0.006837470456957817,529.0
325737,1693.02945895,595.0,2.94716739654541,2.11492657661438,0.5932467579841614,-0.005390799604356289,534.0
325757,1693.050846263,595.0,2.9358654022216797,2.148064613342285,0.5932900905609131,-0.003683863440528512,522.0
325777,1693.069633543,595.0,2.934431552886963,2.173424243927002,0.5932221412658691,-0.003280298551544547,529.0
325797,1693.091679937,595.0,2.9314281940460205,2.18833065032959,0.5932819247245789,-0.0038448332343250513,524.0
325817,1693.110571588,595.0,2.944127321243286,2.206148386001587,0.5931937098503113,-0.004855629056692123,525.0
325837,1693.129963923,596.0,2.9321372509002686,2.2156689167022705,0.593414306640625,-0.004821401555091143,529.0
325857,1693.150623969,596.0,2.9357073307037354,2.199638605117798,0.5933151245117188,-0.004813919309526682,524.0
325877,1693.171087126,600.0,2.9512836933135986,2.2052462100982666,0.5942627191543579,-0.0018852705834433436,523.0
325897,1693.192050134,600.0,2.9681756496429443,2.2135097980499268,0.5942223072052002,-0.0022920898627489805,539.0
325917,1693.211501303,598.0,2.977151870727539,2.2108654975891113,0.594633936882019,-0.0013010756811127067,522.0
325937,1693.230054272,598.0,2.9591052532196045,2.211296558380127,0.5946266651153564,0.000655822572298348,521.0
325957,1693.250845468,595.0,2.959977149963379,2.2170209884643555,0.5944660902023315,0.0010150757152587175,526.0
325977,1693.269652778,595.0,2.9650962352752686,2.238676071166992,0.5944774150848389,-0.00016957563639152795,524.0
325997,1693.291607264,595.0,2.959120512008667,2.2429075241088867,0.5944492816925049,-0.0024910082574933767,528.0
326017,1693.30981467,599.0,2.961897373199463,2.2426488399505615,0.594992458820343,-0.0026241799350827932,530.0
326037,1693.32980979,599.0,2.9558017253875732,2.2249343395233154,0.5949325561523438,-0.0030892828945070505,528.0
326057,1693.350419043,596.0,2.9547271728515625,2.2231874465942383,0.5948739647865295,-0.0018791150068864226,523.0
326077,1693.370559334,596.0,2.9632132053375244,2.244662284851074,0.5948405265808105,-0.0017166290199384093,530.0
326097,1693.390581963,597.0,2.967310667037964,2.240262746810913,0.5949819087982178,-0.003085963660851121,523.0
326117,1693.41017532,597.0,2.9613521099090576,2.222156047821045,0.5949113368988037,-0.003682729322463274,534.0
326137,1693.431080382,598.0,2.951653242111206,2.2119061946868896,0.5952168107032776,-0.0018123775953426957,523.0
326157,1693.450451022,598.0,2.9372739791870117,2.1983065605163574,0.595187246799469,-0.0013424628414213657,522.0
326177,1693.470173909,596.0,2.9467155933380127,2.2041072845458984,0.595101535320282,-0.0017386004328727722,522.0
326197,1693.490466937,596.0,2.96563720703125,2.1949105262756348,0.5950741767883301,-0.0007941321819089353,522.0
326217,1693.510799253,593.0,2.9647204875946045,2.189321279525757,0.5944350957870483,-0.0012262091040611267,521.0
326237,1693.529099771,593.0,2.957261562347412,2.183884859085083,0.5944057703018188,-0.002017457038164139,525.0
326257,1693.550614693,595.0,2.9403116703033447,2.1647372245788574,0.5942327380180359,-0.002897578291594982,521.0
326277,1693.570535616,595.0,2.9536564350128174,2.1698639392852783,0.5941921472549438,-0.0008965008892118931,521.0
326297,1693.59014839,595.0,2.988927125930786,2.206875801086426,0.594180166721344,-0.0007918314659036696,538.0
326317,1693.610627545,598.0,2.9906208515167236,2.1893327236175537,0.5946146249771118,-0.0015247076516970992,522.0
326337,1693.630862077,598.0,2.9989521503448486,2.169281244277954,0.5945812463760376,-0.0013967431150376797,521.0
326357,1693.650392086,596.0,3.0243771076202393,2.1805474758148193,0.5946201682090759,-7.83889481681399e-05,532.0
326377,1693.6703537,596.0,3.0463459491729736,2.159954309463501,0.594612717628479,-0.0006058979197405279,525.0
326397,1693.690548975,595.0,3.052443027496338,2.1511056423187256,0.5944527983665466,-0.0012576092267408967,521.0
326417,1693.710574186,595.0,3.0577621459960938,2.1547536849975586,0.5944169163703918,-0.0021899782586842775,522.0
326437,1693.730386668,598.0,3.0631632804870605,2.143214464187622,0.5948183536529541,-0.00222630612552166,526.0
326457,1693.750453884,598.0,3.073004722595215,2.1556763648986816,0.5947604775428772,-0.0034776129759848118,521.0
326477,1693.769960422,592.0,3.080045461654663,2.1687519550323486,0.5939104557037354,-0.00695059634745121,522.0
326497,1693.790084505,592.0,3.07297945022583,2.1629061698913574,0.5937619209289551,-0.007929209619760513,526.0
326517,1693.809434157,595.0,3.0554306507110596,2.1322944164276123,0.5935911536216736,-0.009327515959739685,522.0
326537,1693.829179845,595.0,3.0421555042266846,2.0975048542022705,0.5934091806411743,-0.008569232188165188,527.0
326557,1693.849551425,596.0,3.0602309703826904,2.1062424182891846,0.5932555198669434,-0.006643909960985184,530.0
326577,1693.870026131,596.0,3.0762808322906494,2.135082721710205,0.5934006571769714,-0.005184827372431755,524.0
326597,1693.890495864,596.0,3.052335023880005,2.1333439350128174,0.593285322189331,-0.006562229711562395,530.0
326617,1693.909557428,596.0,3.0506184101104736,2.1184802055358887,0.5933812260627747,-0.009128130041062832,523.0
326637,1693.930635321,596.0,3.0640201568603516,2.0611183643341064,0.5931723117828369,-0.011140410788357258,522.0
326657,1693.949862689,598.0,3.0598106384277344,2.0209949016571045,0.5937076807022095,-0.005989073310047388,537.0
326677,1693.970094553,598.0,3.0724637508392334,2.078045129776001,0.5936312675476074,-0.0019518579356372356,534.0
326697,1693.990787028,597.0,3.0798635482788086,2.118086099624634,0.5940161347389221,-0.0010658104438334703,530.0
326717,1694.010599242,597.0,3.0930514335632324,2.125687837600708,0.5939645767211914,-0.004262150265276432,524.0
326737,1694.029642568,600.0,3.0800929069519043,2.0981180667877197,0.5947608351707458,-0.005352761596441269,522.0
326757,1694.049685648,600.0,3.0604846477508545,2.05198335647583,0.5946406126022339,-0.006140368990600109,524.0
326777,1694.069679213,594.0,3.0593419075012207,2.03816294670105,0.5941929817199707,-0.004038314800709486,514.0
326797,1694.090059143,594.0,3.078005790710449,2.0981743335723877,0.5941444635391235,-0.001041797804646194,514.0
326817,1694.109853633,598.0,3.086664915084839,2.139122247695923,0.5945878624916077,0.0001634653308428824,510.0
326837,1694.130397638,598.0,3.0803728103637695,2.1233232021331787,0.5945665240287781,-0.002533905440941453,514.0
326857,1694.149343908,598.0,3.0711464881896973,2.105498790740967,0.5944824814796448,-0.00555430818349123,517.0
326877,1694.170097061,598.0,3.0555379390716553,2.0789196491241455,0.5947805643081665,-0.004351138602942228,516.0
326897,1694.18895121,598.0,3.0530831813812256,2.0959653854370117,0.5947178602218628,-0.0017629357753321528,512.0
326917,1694.209864756,596.0,3.041903018951416,2.1224560737609863,0.594730794429779,0.00010850754915736616,512.0
326937,1694.230093831,596.0,3.037942886352539,2.1488237380981445,0.5947214961051941,-0.0015678835334256291,512.0
326957,1694.24844849,596.0,3.05110239982605,2.1411123275756836,0.5946748852729797,-0.0058698938228189945,523.0
326977,1694.269941033,596.0,3.0519328117370605,2.114795684814453,0.5945321917533875,-0.007664571050554514,517.0
326997,1694.288565192,594.0,3.0578701496124268,2.1188740730285645,0.5940999388694763,-0.005804236512631178,517.0
327017,1694.309688013,594.0,3.028561592102051,2.1470699310302734,0.594011664390564,-0.003074204782024026,511.0
327037,1694.329735858,598.0,2.9900095462799072,2.170576572418213,0.5944830775260925,-0.002419211668893695,509.0
327057,1694.348923009,598.0,2.987868547439575,2.1699728965759277,0.59440678358078,-0.005218126345425844,510.0
327077,1694.368524678,595.0,3.0113160610198975,2.13969349861145,0.5941582322120667,-0.008177114650607109,511.0
327097,1694.388902549,595.0,3.0168492794036865,2.1121625900268555,0.5939995050430298,-0.007219316437840462,514.0
327117,1694.408045418,598.0,3.0144829750061035,2.105578899383545,0.5943908095359802,-0.003754207631573081,525.0
327137,1694.428088841,598.0,3.0045270919799805,2.138136148452759,0.5943389534950256,-0.0014136232202872634,513.0
327157,1694.44823838,598.0,3.0163846015930176,2.166166305541992,0.5943160653114319,-0.0012857104884460568,515.0
327177,1694.468020931,596.0,3.027980327606201,2.15983510017395,0.5943303108215332,-0.003662965027615428,520.0
327197,1694.488742034,596.0,3.0410420894622803,2.1352274417877197,0.5942198038101196,-0.0070803468115627766,510.0
327217,1694.509264875,597.0,3.0243351459503174,2.0980043411254883,0.5944045782089233,-0.005851972382515669,509.0
327237,1694.52911844,597.0,3.011957883834839,2.092785358428955,0.5943251252174377,-0.001969877863302827,509.0
327257,1694.548427878,597.0,3.017479181289673,2.1590068340301514,0.5945917963981628,-0.0008971409988589585,510.0
327277,1694.569451395,597.0,3.0245561599731445,2.1539905071258545,0.5945379734039307,-0.004715525545179844,509.0
327297,1694.58895004,597.0,3.020299196243286,2.1457536220550537,0.5946712493896484,-0.006662080995738506,511.0
327317,1694.608109507,597.0,3.0090010166168213,2.127859354019165,0.5945267081260681,-0.007357346825301647,514.0
327337,1694.629066971,597.0,2.9820103645324707,2.108247756958008,0.594650149345398,-0.005838355515152216,510.0
327357,1694.64839917,597.0,2.968902111053467,2.1016688346862793,0.5945403575897217,-0.005141956266015768,512.0
327377,1694.668934336,598.0,2.9749226570129395,2.1041812896728516,0.5948624610900879,-0.0034133484587073326,510.0
327397,1694.6887614,598.0,3.010089874267578,2.1104352474212646,0.594798743724823,-0.0029221470467746258,509.0
327417,1694.708376772,598.0,3.015294075012207,2.1053216457366943,0.5950942635536194,-0.0021827989257872105,511.0
327437,1694.729563288,598.0,3.0038442611694336,2.0921719074249268,0.5950568914413452,-0.0012394359800964594,509.0
327457,1694.748597674,598.0,3.007770538330078,2.128621816635132,0.5950401425361633,-0.0007930252468213439,522.0
327477,1694.768822583,598.0,3.0137078762054443,2.136765480041504,0.5953131318092346,-0.0021240413188934326,515.0
327497,1694.788670087,598.0,3.0041770935058594,2.119868278503418,0.5952510833740234,-0.0037650212179869413,510.0
327517,1694.809063834,597.0,3.0034737586975098,2.136369466781616,0.5953015685081482,-0.0033363725524395704,509.0
327537,1694.828745002,597.0,2.9999892711639404,2.127923011779785,0.595238983631134,-0.0024155844002962112,515.0
327557,1694.848345024,597.0,2.9931933879852295,2.142866611480713,0.5953225493431091,-0.0015324484556913376,509.0
327577,1694.869444615,597.0,2.9947187900543213,2.1474130153656006,0.5952860713005066,-0.0021216601599007845,509.0
327597,1694.888371239,601.0,2.982983350753784,2.133988857269287,0.5961000919342041,-0.0008133110823109746,512.0
327617,1694.908514938,601.0,2.9777445793151855,2.1236283779144287,0.5960705876350403,-0.0020193317905068398,512.0
327637,1694.92876095,596.0,2.956343173980713,2.121264696121216,0.5958179831504822,-0.0020263921469449997,522.0
327657,1694.949367481,596.0,2.9634594917297363,2.153766632080078,0.5957905054092407,-0.0006990710971876979,512.0
327677,1694.969043649,597.0,2.982196807861328,2.1914217472076416,0.5957496166229248,-0.0012935883132740855,519.0
327697,1694.988465405,597.0,2.968517541885376,2.172961473464966,0.5957033038139343,-0.0033714447636157274,521.0
327717,1695.008885975,599.0,2.9385008811950684,2.1326987743377686,0.5956237316131592,-0.004232508130371571,530.0
327737,1695.028777275,599.0,2.9342355728149414,2.1307430267333984,0.5959451198577881,-0.00259690685197711,534.0
327757,1695.048410319,599.0,2.940570592880249,2.1446897983551025,0.5958977341651917,-0.0020614522509276867,527.0
327777,1695.068253655,598.0,2.9511544704437256,2.1570770740509033,0.59601229429245,-0.0014309408143162727,536.0
327797,1695.088905596,598.0,2.949446201324463,2.1645278930664062,0.5959669351577759,-0.0029580513946712017,525.0
327817,1695.109126555,599.0,2.9345974922180176,2.1423943042755127,0.5962780714035034,-0.0026879713404923677,523.0
327837,1695.12906188,599.0,2.918757677078247,2.1219630241394043,0.5962148904800415,-0.0035105538554489613,523.0
327857,1695.148670104,597.0,2.9016597270965576,2.089754104614258,0.5960979461669922,-0.0032931333407759666,526.0
327877,1695.168307003,597.0,2.9038469791412354,2.0786821842193604,0.5960442423820496,-0.0020510884933173656,523.0
327897,1695.187633403,599.0,2.9255988597869873,2.089637041091919,0.596364438533783,-0.0009201160282827914,526.0
327917,1695.208036108,599.0,2.9383440017700195,2.0859451293945312,0.5963364839553833,-0.001713054720312357,524.0
327937,1695.228039316,596.0,2.9304559230804443,2.074380397796631,0.5960021018981934,-0.0028695331420749426,526.0
327957,1695.248732521,596.0,2.926715850830078,2.0533101558685303,0.5959388613700867,-0.003460232401266694,528.0
327977,1695.268053627,594.0,2.934811592102051,2.041203260421753,0.5952847003936768,-0.005417844280600548,536.0
327997,1695.287963798,594.0,2.9398252964019775,2.0189478397369385,0.5951818823814392,-0.004472791682928801,521.0
328017,1695.308127873,594.0,2.936727285385132,2.0375277996063232,0.5951082110404968,-0.003136862302199006,529.0
328037,1695.328641392,595.0,2.947953939437866,2.058926582336426,0.5947750210762024,-0.0048097651451826096,522.0
328057,1695.347485905,595.0,2.942606210708618,2.0482373237609863,0.5946574807167053,-0.006871684454381466,523.0
328077,1695.368266609,595.0,2.941274404525757,2.014984130859375,0.5943209528923035,-0.00966785941272974,524.0
328097,1695.387717183,595.0,2.931192398071289,1.9854167699813843,0.5941174626350403,-0.010280762799084187,528.0
328117,1695.40910611,597.0,2.922072172164917,1.9709835052490234,0.5943089127540588,-0.006654873490333557,526.0
328137,1695.428719968,597.0,2.912655830383301,1.9985615015029907,0.5942041277885437,-0.004073067102581263,524.0
328157,1695.447776684,597.0,2.903602123260498,2.007600784301758,0.5944516062736511,-0.005018140189349651,534.0
328177,1695.467973048,597.0,2.8919050693511963,1.9927372932434082,0.5943087339401245,-0.009132628329098225,534.0
328197,1695.48829233,600.0,2.8827695846557617,1.9670974016189575,0.5949919819831848,-0.009014789946377277,522.0
328217,1695.507711969,600.0,2.8719258308410645,1.9679558277130127,0.5948136448860168,-0.008362777531147003,526.0
328237,1695.528329256,599.0,2.887781858444214,1.9720467329025269,0.5952571034431458,-0.004170978907495737,531.0
328257,1695.548078866,599.0,2.9221129417419434,1.9654862880706787,0.5952014923095703,-0.0014416585909202695,526.0
328277,1695.568264378,598.0,2.9130492210388184,1.969923973083496,0.5954817533493042,0.0006499612354673445,526.0
328297,1695.587860449,598.0,2.9048290252685547,2.0139665603637695,0.5954847931861877,-0.0007097559864632785,528.0
328317,1695.607436093,598.0,2.917609930038452,2.002469778060913,0.5954343676567078,-0.00424723606556654,529.0
328337,1695.62761149,596.0,2.9496638774871826,1.9431816339492798,0.5952149629592896,-0.004317688290029764,522.0
328357,1695.647256201,596.0,2.9811408519744873,1.9530384540557861,0.5951598286628723,-0.0010908703552559018,524.0
328377,1695.668127085,598.0,2.986909866333008,1.9870818853378296,0.595456600189209,0.0012968535302206874,521.0
328397,1695.687825383,598.0,2.9836223125457764,2.0274465084075928,0.5954681634902954,-0.000845240312628448,522.0
328417,1695.707388959,593.0,2.987456798553467,2.0499751567840576,0.5947184562683105,-0.008284059353172779,522.0
328437,1695.727057656,593.0,3.0020816326141357,2.0003795623779297,0.5945142507553101,-0.011424137279391289,521.0
328457,1695.747827463,598.0,2.9795024394989014,1.9660444259643555,0.5947766900062561,-0.00840805284678936,523.0
328477,1695.767722203,598.0,2.943887948989868,1.946853518486023,0.5946383476257324,-0.0052709016017615795,525.0
328497,1695.788055652,598.0,2.942052125930786,1.9779821634292603,0.5950137972831726,-0.0006074825651012361,523.0
328517,1695.807342179,598.0,2.9788241386413574,2.0482728481292725,0.5949985384941101,-0.0014956083614379168,523.0
328537,1695.828626401,599.0,2.9892804622650146,2.0535449981689453,0.5954421162605286,-0.005051781423389912,522.0
328557,1695.847757657,599.0,2.9654202461242676,1.9769461154937744,0.5953004956245422,-0.00860312208533287,524.0
328577,1695.868438397,598.0,2.9694440364837646,1.9236690998077393,0.5951282382011414,-0.008130978792905807,531.0
328597,1695.88709518,598.0,2.989168882369995,1.9329742193222046,0.5953060388565063,-0.0048452927730977535,524.0
328617,1695.907103102,598.0,2.9903290271759033,1.9533894062042236,0.5952353477478027,-0.0023977456148713827,531.0
328637,1695.928886827,597.0,2.9622089862823486,1.9743019342422485,0.5952848792076111,-0.0022687187884002924,525.0
328657,1695.94789207,597.0,2.9607603549957275,1.965885877609253,0.5952210426330566,-0.004029771778732538,533.0
328677,1695.968194127,598.0,2.98330020904541,1.9585918188095093,0.595460832118988,-0.0052611976861953735,527.0
328697,1695.987788793,598.0,3.0139622688293457,1.945299506187439,0.595349907875061,-0.005414247512817383,535.0
328717,1696.008312679,598.0,3.0105137825012207,1.916666030883789,0.5955769419670105,-0.0021090847440063953,540.0
328737,1696.027621995,598.0,3.020150661468506,1.92461097240448,0.5955580472946167,0.00019925071683246642,535.0
328757,1696.048322439,597.0,3.034519910812378,1.9628500938415527,0.5956394076347351,0.0010908812982961535,523.0
328777,1696.068099953,597.0,3.049846887588501,1.9597662687301636,0.5956470966339111,-0.0003137168532703072,516.0
328797,1696.087671239,597.0,3.0456950664520264,1.9493719339370728,0.5956811904907227,-0.001041577896103263,516.0
328817,1696.108105706,597.0,3.0707104206085205,1.9318068027496338,0.5956537127494812,-0.0017775078304111958,512.0
328837,1696.128024956,598.0,3.102534294128418,1.9151347875595093,0.5958088636398315,-0.002180749084800482,510.0
328857,1696.146993563,598.0,3.093919038772583,1.8984352350234985,0.5957780480384827,-0.0007530294824391603,511.0
328877,1696.168088853,598.0,3.086059808731079,1.909230351448059,0.5957727432250977,-1.2274291293579154e-05,520.0
328897,1696.187967756,597.0,3.0766232013702393,1.9117763042449951,0.595745325088501,-0.0014715321594849229,513.0
328917,1696.207049494,597.0,3.0615079402923584,1.9220232963562012,0.5956905484199524,-0.004007069393992424,517.0
328937,1696.227624081,597.0,3.0405640602111816,1.9283910989761353,0.595592200756073,-0.0059196799993515015,525.0
328957,1696.247705894,597.0,3.0317320823669434,1.9198328256607056,0.5954683423042297,-0.006222457159310579,513.0
328977,1696.267134633,596.0,3.0235984325408936,1.9027273654937744,0.5952543616294861,-0.006340939551591873,515.0
328997,1696.288119268,596.0,3.0364112854003906,1.8913350105285645,0.595135509967804,-0.005375206936150789,512.0
329017,1696.308387384,595.0,3.0476367473602295,1.8979554176330566,0.5948259234428406,-0.004275582730770111,513.0
329037,1696.327896297,595.0,3.0485401153564453,1.9115182161331177,0.5947480201721191,-0.0038269157521426678,510.0
329057,1696.347293731,595.0,3.050297737121582,1.9088764190673828,0.5944942235946655,-0.007741416804492474,510.0
329077,1696.367759024,595.0,3.037520170211792,1.8782545328140259,0.5942968726158142,-0.011639219708740711,510.0
329097,1696.388019346,597.0,3.0292625427246094,1.8294031620025635,0.5943795442581177,-0.01190214790403843,510.0
329117,1696.408138022,597.0,3.024930000305176,1.8074800968170166,0.5941448211669922,-0.011262424290180206,510.0
329137,1696.428031249,598.0,3.035606861114502,1.8122193813323975,0.5939397215843201,-0.008891775272786617,513.0
329157,1696.448338093,598.0,3.0504531860351562,1.8251051902770996,0.5943430066108704,-0.004698884207755327,510.0
329177,1696.467862171,598.0,3.0569539070129395,1.8022342920303345,0.5942524075508118,-0.004686326719820499,515.0
329197,1696.487772334,599.0,3.0674548149108887,1.774016261100769,0.5948122143745422,-0.005221162457019091,515.0
329217,1696.507491503,599.0,3.0949361324310303,1.763917088508606,0.5946860313415527,-0.006971719209104776,510.0
329237,1696.52818039,598.0,3.1044704914093018,1.7517837285995483,0.5949515104293823,-0.004477665293961763,514.0
329257,1696.54792471,598.0,3.118154764175415,1.7725982666015625,0.594874918460846,-0.0034174614120274782,509.0
329277,1696.567891516,599.0,3.141446828842163,1.7694334983825684,0.595387876033783,-0.0032710740342736244,509.0
329297,1696.586649673,599.0,3.1628105640411377,1.7693332433700562,0.5953156352043152,-0.003538355929777026,510.0
329317,1696.60704165,597.0,3.1660478115081787,1.7831523418426514,0.5953776240348816,-0.0016252401983365417,509.0
329337,1696.628112818,597.0,3.176128625869751,1.8116029500961304,0.5953560471534729,-0.0008089255425147712,509.0
329357,1696.647842851,596.0,3.182121515274048,1.7938096523284912,0.595237135887146,-0.0028784763999283314,510.0
329377,1696.667620763,596.0,3.1873533725738525,1.76926851272583,0.5951722860336304,-0.003240743884816766,512.0
329397,1696.686985686,597.0,3.1860408782958984,1.7611147165298462,0.5952248573303223,-0.002082542050629854,510.0
329417,1696.707503644,597.0,3.1979732513427734,1.7842035293579102,0.5951792597770691,-0.002790542086586356,515.0
329437,1696.727640769,594.0,3.203631639480591,1.7928193807601929,0.595094621181488,-0.00565003277733922,516.0
329457,1696.747244643,594.0,3.2190744876861572,1.776696801185608,0.5945031642913818,-0.007251897361129522,510.0
329477,1696.76723846,594.0,3.205568313598633,1.7527471780776978,0.5943534970283508,-0.007872680202126503,521.0
329497,1696.788041506,600.0,3.1899514198303223,1.744314432144165,0.5950239300727844,-0.005636271554976702,509.0
329517,1696.808735967,600.0,3.207646608352661,1.7330200672149658,0.5949371457099915,-0.002843959489837289,510.0
329537,1696.827036526,596.0,3.2115566730499268,1.7278023958206177,0.5948617458343506,-0.0002681119949556887,509.0
329557,1696.847992142,596.0,3.218334436416626,1.7536265850067139,0.5948504209518433,-0.0012647544499486685,509.0
329577,1696.867840399,599.0,3.244758129119873,1.770792841911316,0.595372200012207,-0.003237407188862562,516.0
329597,1696.886617363,599.0,3.2470285892486572,1.7541550397872925,0.5952855944633484,-0.00513992365449667,509.0
329617,1696.907991523,597.0,3.2231311798095703,1.7224656343460083,0.5953053832054138,-0.004269915632903576,513.0
329637,1696.926862901,597.0,3.232633590698242,1.7117120027542114,0.5952453017234802,-0.0016356691485270858,512.0
329657,1696.947035067,595.0,3.2634994983673096,1.7368091344833374,0.5949740409851074,-0.001074605155736208,512.0
329677,1696.967711299,595.0,3.265204429626465,1.7418707609176636,0.5949497222900391,-0.0011957266833633184,512.0
329697,1696.987872423,593.0,3.2600297927856445,1.7356417179107666,0.5943161845207214,-0.0024294136092066765,521.0
329717,1697.008738069,593.0,3.2665698528289795,1.7400190830230713,0.5942462682723999,-0.00462157279253006,519.0
329737,1697.026903739,593.0,3.253099203109741,1.713529109954834,0.5941389799118042,-0.005955953150987625,530.0
329757,1697.046638388,597.0,3.275174379348755,1.7127618789672852,0.5943142175674438,-0.0052766636945307255,539.0
329777,1697.066765808,597.0,3.257242202758789,1.724233627319336,0.5942083597183228,-0.0054762172512710094,522.0
329797,1697.087729149,599.0,3.247251033782959,1.7283086776733398,0.5947511196136475,-0.00467673409730196,528.0
329817,1697.106985844,599.0,3.225688934326172,1.7327004671096802,0.5946483612060547,-0.005592941772192717,522.0
329837,1697.12703953,597.0,3.2241432666778564,1.7311110496520996,0.5947805643081665,-0.0054778652265667915,523.0
329857,1697.147835577,597.0,3.2041029930114746,1.7178033590316772,0.5946731567382812,-0.0050728097558021545,524.0
329877,1697.167582345,601.0,3.185837984085083,1.7112088203430176,0.5955797433853149,-0.0018675178289413452,522.0
329897,1697.187857565,601.0,3.1807899475097656,1.7407987117767334,0.595546305179596,-0.0014490234898403287,527.0
329917,1697.208641091,597.0,3.1939494609832764,1.765549898147583,0.5955915451049805,-0.0008167869527824223,537.0
329937,1697.227148453,597.0,3.1916356086730957,1.7788186073303223,0.5955721735954285,-0.0010525258257985115,524.0
329957,1697.248191941,597.0,3.167158603668213,1.7770613431930542,0.5956035852432251,-0.002022666158154607,523.0
329977,1697.267594251,597.0,3.15787410736084,1.7794926166534424,0.5955522656440735,-0.0029022872913628817,528.0
329997,1697.286950829,598.0,3.1573638916015625,1.7714338302612305,0.5954970717430115,-0.0024022834841161966,526.0
330017,1697.31040172,598.0,3.1623034477233887,1.7850059270858765,0.5956988334655762,-0.0005987401236779988,524.0
330037,1697.32763522,598.0,3.149827480316162,1.7963787317276,0.5956800580024719,-0.0014799737837165594,527.0
330057,1697.347338158,594.0,3.145664691925049,1.7915173768997192,0.5950598120689392,-0.004436801187694073,526.0
330077,1697.368353144,594.0,3.164369583129883,1.7955330610275269,0.5949641466140747,-0.004918860737234354,522.0
330097,1697.388544826,596.0,3.1638386249542236,1.8046027421951294,0.5948154926300049,-0.004942405968904495,530.0
330117,1697.408936796,596.0,3.143312692642212,1.7978800535202026,0.5947058796882629,-0.006074508652091026,526.0
330137,1697.427581217,595.0,3.1442697048187256,1.785872459411621,0.5944302678108215,-0.007657379377633333,523.0
330157,1697.448565602,595.0,3.1467816829681396,1.7537529468536377,0.5942831635475159,-0.006749046966433525,523.0
330177,1697.46782417,595.0,3.145880937576294,1.7449394464492798,0.5941129326820374,-0.004819063935428858,524.0
330197,1697.487834069,595.0,3.144580364227295,1.7768994569778442,0.5940260887145996,-0.004138418938964605,523.0
330217,1697.509115296,595.0,3.155555248260498,1.7946120500564575,0.5939094424247742,-0.00672739464789629,531.0
330237,1697.52779168,595.0,3.1663544178009033,1.7766305208206177,0.5937415957450867,-0.009554408490657806,533.0
330257,1697.546880625,598.0,3.1450023651123047,1.7487634420394897,0.5941540598869324,-0.007733580190688372,532.0
330277,1697.5673233,598.0,3.143303394317627,1.716211199760437,0.5940305590629578,-0.004438445437699556,523.0
330297,1697.586470561,597.0,3.157093048095703,1.7640599012374878,0.5939561724662781,-0.003582604927942157,538.0
330317,1697.608770336,597.0,3.1676440238952637,1.7799574136734009,0.5942074060440063,-0.0048559862188994884,527.0
330337,1697.626636875,597.0,3.1712679862976074,1.7852445840835571,0.594083845615387,-0.0074046580120921135,529.0
330357,1697.647271609,598.0,3.172455072402954,1.770812749862671,0.594417929649353,-0.008285000920295715,522.0
330377,1697.667816879,598.0,3.161421298980713,1.7300001382827759,0.5942471027374268,-0.00847422331571579,522.0
330397,1697.686421283,593.0,3.160869598388672,1.7012118101119995,0.5936094522476196,-0.007977754808962345,529.0
330417,1697.706736846,593.0,3.18176007270813,1.7193591594696045,0.5934809446334839,-0.005003291182219982,531.0
330437,1697.727968403,598.0,3.198735475540161,1.75764000415802,0.5940575003623962,-0.002775409258902073,521.0
330457,1697.747202011,598.0,3.1858599185943604,1.7659987211227417,0.5939812660217285,-0.004914655350148678,526.0
330477,1697.767910071,596.0,3.20821213722229,1.7144871950149536,0.5940374135971069,-0.00713972095400095,522.0
330497,1697.7871066,596.0,3.224156618118286,1.6823318004608154,0.5938942432403564,-0.006762626115232706,526.0
330517,1697.807970011,594.0,3.2299509048461914,1.6657092571258545,0.5936082005500793,-0.004841030575335026,522.0
330537,1697.827620744,594.0,3.2491838932037354,1.6839017868041992,0.593534529209137,-0.0023495126515626907,522.0
330557,1697.846887876,598.0,3.261230945587158,1.7222278118133545,0.5940879583358765,-0.0011924693826586008,528.0
330577,1697.86767762,598.0,3.2645750045776367,1.7241946458816528,0.5940369367599487,-0.003819007659330964,522.0
330597,1697.887914535,598.0,3.2860398292541504,1.706664800643921,0.5939370393753052,-0.006138517986983061,530.0
330617,1697.907104785,597.0,3.303025007247925,1.688230276107788,0.5941309332847595,-0.006790409795939922,526.0
330637,1697.927174438,597.0,3.2864797115325928,1.6557379961013794,0.5939950942993164,-0.006461752578616142,529.0
330657,1697.947829453,597.0,3.276501178741455,1.6671377420425415,0.5942021012306213,-0.004217245150357485,524.0
330677,1697.966712464,597.0,3.275995969772339,1.6937404870986938,0.5941235423088074,-0.003760097548365593,525.0
330697,1697.986873553,597.0,3.2720324993133545,1.697988510131836,0.594331681728363,-0.004190847277641296,538.0
330717,1698.007190853,597.0,3.2719311714172363,1.6974016427993774,0.5942260026931763,-0.006243751849979162,530.0
330737,1698.027454448,600.0,3.2639694213867188,1.689098834991455,0.5949925780296326,-0.004756574053317308,518.0
330757,1698.046091906,600.0,3.2601723670959473,1.6702322959899902,0.5948998928070068,-0.0043208179995417595,527.0
330777,1698.065739362,594.0,3.2498221397399902,1.650797724723816,0.5944499969482422,-0.004488466307520866,511.0
330797,1698.08679935,594.0,3.238929271697998,1.6661502122879028,0.5943564772605896,-0.004924330394715071,510.0
330817,1698.105814803,596.0,3.2356698513031006,1.6647303104400635,0.5943604111671448,-0.0053340415470302105,517.0
330837,1698.126794432,596.0,3.2262990474700928,1.683139681816101,0.594257116317749,-0.004964509513229132,510.0
330857,1698.146333239,599.0,3.222412109375,1.7000685930252075,0.5941542983055115,-0.005156149156391621,518.0
330877,1698.166695382,599.0,3.218862533569336,1.7025108337402344,0.59474116563797,-0.004139505792409182,516.0
330897,1698.187059052,599.0,3.2162036895751953,1.6962673664093018,0.5946348905563354,-0.006516528315842152,515.0
330917,1698.20728889,598.0,3.2156646251678467,1.6706784963607788,0.5948941707611084,-0.006243371404707432,512.0
330937,1698.227112251,598.0,3.2104249000549316,1.68224036693573,0.5947840809822083,-0.004424443934112787,513.0
330957,1698.247316534,595.0,3.197676658630371,1.6890573501586914,0.5945071578025818,-0.0031983698718249798,513.0
330977,1698.266441203,595.0,3.194857358932495,1.6952193975448608,0.5944465398788452,-0.0029480187222361565,517.0
330997,1698.286705195,594.0,3.2004547119140625,1.7181817293167114,0.5940961837768555,-0.0038062813691794872,516.0
331017,1698.306122714,594.0,3.203058958053589,1.7466609477996826,0.5940353870391846,-0.0021001403219997883,513.0
331037,1698.326227425,591.0,3.170896291732788,1.7671128511428833,0.5932215452194214,-0.0036340877413749695,517.0
331057,1698.346413477,591.0,3.1550731658935547,1.7864712476730347,0.5931210517883301,-0.0066538238897919655,511.0
331077,1698.366516345,598.0,3.15455961227417,1.77511465549469,0.5936827659606934,-0.007180920802056789,519.0
331097,1698.386080702,598.0,3.1471424102783203,1.7656344175338745,0.593559741973877,-0.004746391903609037,517.0
331117,1698.405804881,596.0,3.1496903896331787,1.791009545326233,0.5937476754188538,-0.0020449066068977118,515.0
331137,1698.426052184,596.0,3.1560585498809814,1.8223005533218384,0.5937039852142334,-0.002594374120235443,511.0
331157,1698.445865075,596.0,3.141244411468506,1.821458101272583,0.5936314463615417,-0.004432839807122946,530.0
331177,1698.467100842,596.0,3.115586757659912,1.829964518547058,0.5937570333480835,-0.003110563848167658,513.0
331197,1698.486026423,596.0,3.1007487773895264,1.8501886129379272,0.5937010645866394,-0.0025795497931540012,524.0
331217,1698.506683934,597.0,3.085397958755493,1.823961615562439,0.5940307974815369,-0.0025126743130385876,510.0
331237,1698.52614543,597.0,3.082428216934204,1.8258039951324463,0.5939659476280212,-0.003954802639782429,513.0
331257,1698.547084682,596.0,3.1000490188598633,1.8246676921844482,0.594010591506958,-0.005814361851662397,510.0
331277,1698.566099246,596.0,3.109816551208496,1.7896673679351807,0.5938882231712341,-0.005998620763421059,512.0
331297,1698.587623991,594.0,3.095036268234253,1.769608736038208,0.5936058759689331,-0.005504604894667864,511.0
331317,1698.606679036,594.0,3.0703859329223633,1.7725071907043457,0.5935010313987732,-0.005012518260627985,516.0
331337,1698.62796687,598.0,3.0670480728149414,1.7626785039901733,0.5940597653388977,-0.0038772812113165855,515.0
331357,1698.646597589,598.0,3.077317237854004,1.7548842430114746,0.5939789414405823,-0.004048685077577829,517.0
331377,1698.666295307,599.0,3.080500602722168,1.7507232427597046,0.5946490168571472,-0.0024211029522120953,515.0
331397,1698.687234879,599.0,3.072981834411621,1.731924295425415,0.5945832133293152,-0.004178315866738558,510.0
331417,1698.706315676,596.0,3.0620436668395996,1.7232869863510132,0.5945795178413391,-0.003828213782981038,516.0
331437,1698.726790394,596.0,3.06367826461792,1.7296290397644043,0.5945206880569458,-0.001963699469342828,510.0
331457,1698.747288369,596.0,3.0671310424804688,1.7052357196807861,0.5944815278053284,-0.002490281593054533,524.0
331477,1698.766422132,596.0,3.0706212520599365,1.706412434577942,0.5944623351097107,-0.004943891894072294,515.0
331497,1698.786540888,596.0,3.0863568782806396,1.707956314086914,0.5943580269813538,-0.005020781420171261,516.0
331517,1698.807121905,598.0,3.082824230194092,1.6856173276901245,0.5947327613830566,-0.0029223489109426737,509.0
331537,1698.826920231,598.0,3.0644567012786865,1.643391489982605,0.5946723818778992,-0.0030376806389540434,510.0
331557,1698.847344512,597.0,3.0813746452331543,1.6352970600128174,0.5948290228843689,-0.0018036846304312348,511.0
331577,1698.868051814,597.0,3.104020595550537,1.656227469444275,0.5947977900505066,-0.0014114980585873127,519.0
331597,1698.88662956,595.0,3.0943055152893066,1.645479679107666,0.5946075916290283,-0.0027974231634289026,525.0
331617,1698.906073479,595.0,3.0790603160858154,1.6424248218536377,0.594514787197113,-0.006893995683640242,516.0
331637,1698.927122256,593.0,3.0585575103759766,1.5892455577850342,0.5938742160797119,-0.011679419316351414,513.0
331657,1698.947069154,593.0,3.0726683139801025,1.5384384393692017,0.5936499238014221,-0.010149708017706871,525.0
331677,1698.966640752,598.0,3.0900843143463135,1.5326759815216064,0.5941307544708252,-0.0050479210913181305,530.0
331697,1698.986917877,598.0,3.097153902053833,1.5340609550476074,0.5940879583358765,-0.0033850756008177996,555.0
331717,1699.008073234,593.0,3.0981216430664062,1.5342141389846802,0.594036877155304,-0.002116265706717968,557.0
331737,1699.027537592,593.0,3.0982067584991455,1.5537739992141724,0.5935614109039307,-0.004166711121797562,567.0
331757,1699.046884925,593.0,3.1037771701812744,1.5428625345230103,0.5934559106826782,-0.006380795501172543,566.0
331777,1699.065832548,594.0,3.107032299041748,1.5086115598678589,0.5932177305221558,-0.0062750522047281265,560.0
331797,1699.087100573,594.0,3.1135194301605225,1.5178523063659668,0.5931103229522705,-0.0044771297834813595,554.0
331817,1699.106247498,593.0,3.1232357025146484,1.5554858446121216,0.5927932858467102,-0.0041601345874369144,556.0
331837,1699.126391122,593.0,3.1406972408294678,1.576159954071045,0.5927135348320007,-0.0040255263447761536,554.0
331857,1699.146403898,593.0,3.1548361778259277,1.5853182077407837,0.5924599170684814,-0.005134778097271919,556.0
331877,1699.165556752,593.0,3.1777069568634033,1.591235876083374,0.5923378467559814,-0.007110401056706905,562.0
331897,1699.185771289,597.0,3.177368402481079,1.5706331729888916,0.5928889513015747,-0.0061096614226698875,557.0
331917,1699.206523365,597.0,3.172609329223633,1.5714266300201416,0.5927945375442505,-0.003011587541550398,555.0
331937,1699.226656829,598.0,3.162338972091675,1.573997974395752,0.593535304069519,0.0008616747800260782,555.0
331957,1699.2455658,598.0,3.1634836196899414,1.590010404586792,0.5935423970222473,-0.0003279663505963981,563.0
331977,1699.266164751,597.0,3.194110631942749,1.6011059284210205,0.5939611196517944,-0.0008235300192609429,562.0
331997,1699.286665623,597.0,3.2012510299682617,1.5912017822265625,0.5939258337020874,-0.002594306832179427,559.0
332017,1699.306093223,597.0,3.1735599040985107,1.5860403776168823,0.5938662886619568,-0.002973447320982814,562.0
332037,1699.325564377,597.0,3.1647346019744873,1.6086264848709106,0.5941852927207947,-0.0009613371221348643,559.0
332057,1699.345957581,597.0,3.1783063411712646,1.6277430057525635,0.5941873788833618,0.0011662485776469111,556.0
332077,1699.366090549,595.0,3.173800230026245,1.640908122062683,0.5941270589828491,0.0008193586254492402,558.0
332097,1699.387088208,595.0,3.1805741786956787,1.6503576040267944,0.5941151976585388,-0.0020181459840387106,553.0
332117,1699.406367969,596.0,3.1729867458343506,1.648389220237732,0.5941749215126038,-0.0033898709807544947,556.0
332137,1699.42653913,596.0,3.164200782775879,1.6201958656311035,0.5941115021705627,-0.002692506182938814,554.0
332157,1699.445703587,597.0,3.174924373626709,1.6410794258117676,0.5944195985794067,-0.0009875186951830983,560.0
332177,1699.466537116,597.0,3.1821086406707764,1.635372519493103,0.5943966507911682,-0.0012062160531058908,559.0
332197,1699.485916583,594.0,3.1981160640716553,1.6408870220184326,0.5941129922866821,-0.0008496107184328139,560.0
332217,1699.506183323,594.0,3.207155227661133,1.6678073406219482,0.5940952301025391,-0.0013440352631732821,554.0
332237,1699.525926102,595.0,3.184710741043091,1.6420519351959229,0.5940320491790771,-0.002817202592268586,564.0
332257,1699.546532848,595.0,3.185421943664551,1.6331703662872314,0.593971312046051,-0.003078222507610917,558.0
332277,1699.565418926,592.0,3.2084877490997314,1.6557135581970215,0.5933707356452942,-0.004319877829402685,554.0
332297,1699.586183186,592.0,3.216629981994629,1.6568795442581177,0.5932750701904297,-0.005121076945215464,553.0
332317,1699.605404341,592.0,3.1951611042022705,1.635614275932312,0.5931776165962219,-0.004470991902053356,561.0
332337,1699.626798744,596.0,3.1833529472351074,1.6559697389602661,0.5933967232704163,-0.0034443119075149298,552.0
332357,1699.646642795,596.0,3.181246519088745,1.6639280319213867,0.5933321118354797,-0.0029150093905627728,553.0
332377,1699.666616083,599.0,3.2009778022766113,1.6709727048873901,0.5941091775894165,-0.0007998800138011575,554.0
332397,1699.685939641,599.0,3.193019390106201,1.6687959432601929,0.5940791368484497,-0.0022879361640661955,560.0
332417,1699.706535943,598.0,3.166731357574463,1.633390188217163,0.5945137739181519,-0.0028826911002397537,553.0
332437,1699.726627429,598.0,3.1749372482299805,1.644685983657837,0.5944576263427734,-0.002314130775630474,553.0
332457,1699.745908029,596.0,3.193416118621826,1.6807903051376343,0.5945219397544861,-0.0003317053196951747,559.0
332477,1699.766315733,596.0,3.1833443641662598,1.6849995851516724,0.5945166945457458,-0.0005801823572255671,553.0
332497,1699.786282926,595.0,3.151118516921997,1.671704888343811,0.5943790674209595,-0.0036406104918569326,553.0
332517,1699.805569053,595.0,3.15421199798584,1.6530752182006836,0.5942903757095337,-0.0050352513790130615,556.0
332537,1699.825501187,599.0,3.14013409614563,1.654759407043457,0.5948807597160339,-0.002465221332386136,555.0
332557,1699.845685618,599.0,3.1311354637145996,1.6610503196716309,0.5948598384857178,0.00024297743220813572,558.0
332577,1699.866550964,593.0,3.147156000137329,1.6826385259628296,0.5948502421379089,-0.0018497123382985592,571.0
332597,1699.885618663,593.0,3.1518476009368896,1.6453092098236084,0.5941774249076843,-0.007104841060936451,566.0
332617,1699.906494343,593.0,3.131157398223877,1.590829610824585,0.5940418243408203,-0.0054043191485106945,563.0
332637,1699.926109261,597.0,3.118715524673462,1.6228173971176147,0.5943201780319214,-9.084534394787624e-05,556.0
332657,1699.945362708,597.0,3.1369755268096924,1.6560648679733276,0.5943261384963989,3.9400569221470505e-05,555.0
332677,1699.96592001,597.0,3.1502785682678223,1.6538037061691284,0.5945663452148438,-0.0024563861079514027,559.0
332697,1699.985331983,597.0,3.1753220558166504,1.6541839838027954,0.5944839119911194,-0.005625870078802109,555.0
332717,1700.006710599,598.0,3.1568291187286377,1.611141324043274,0.5947904586791992,-0.005212387535721064,570.0
332737,1700.025779041,598.0,3.1432623863220215,1.5683046579360962,0.594704806804657,-0.0031249576713889837,567.0
332757,1700.046333209,596.0,3.1399714946746826,1.5721379518508911,0.5947279930114746,-0.0002742325305007398,524.0
332777,1700.065859571,596.0,3.1538820266723633,1.6056658029556274,0.5947388410568237,0.0011143716983497143,521.0
332797,1700.084869908,595.0,3.184239387512207,1.6658518314361572,0.5945993661880493,-0.0008639098377898335,521.0
332817,1700.105467455,595.0,3.1863820552825928,1.660783052444458,0.5945451259613037,-0.004384820349514484,519.0
332837,1700.125067209,596.0,3.1737565994262695,1.6343580484390259,0.5945303440093994,-0.005758035462349653,511.0
332857,1700.145810788,596.0,3.176687717437744,1.6385504007339478,0.5944243669509888,-0.004577743820846081,512.0
332877,1700.166034747,596.0,3.1568655967712402,1.6212340593338013,0.5943566560745239,-0.0021157546434551477,521.0
332897,1700.185273417,596.0,3.150575876235962,1.648651123046875,0.5944146513938904,4.0875656850403175e-06,510.0
332917,1700.204988738,596.0,3.157573699951172,1.6654423475265503,0.5944088101387024,-0.0009581503691151738,512.0
332937,1700.224799972,595.0,3.142711639404297,1.6686265468597412,0.5942407846450806,-0.0038451622240245342,519.0
332957,1700.24502843,595.0,3.133580207824707,1.6570218801498413,0.5941465497016907,-0.005418525543063879,510.0
332977,1700.265437319,593.0,3.14577054977417,1.6508647203445435,0.5935903787612915,-0.007550946436822414,510.0
332997,1700.286020691,593.0,3.137416124343872,1.6254630088806152,0.5934430956840515,-0.006932707037776709,525.0
333017,1700.305032909,594.0,3.1201882362365723,1.6351016759872437,0.5932595729827881,-0.004924559500068426,524.0
333037,1700.324725013,594.0,3.1212575435638428,1.6606757640838623,0.5931825041770935,-0.0028577048797160387,519.0
333057,1700.345825343,594.0,3.121326208114624,1.7000062465667725,0.5930922627449036,-0.0036159073933959007,514.0
333077,1700.36499046,594.0,3.125309467315674,1.7117809057235718,0.5929846167564392,-0.00738148856908083,517.0
333097,1700.385204512,595.0,3.115151882171631,1.6701281070709229,0.5930131673812866,-0.01015261746942997,510.0
333117,1700.406037981,595.0,3.1095657348632812,1.640443205833435,0.59280925989151,-0.0098524559289217,511.0
333137,1700.424149004,593.0,3.1075639724731445,1.6291172504425049,0.5926342606544495,-0.00755801796913147,515.0
333157,1700.446081767,593.0,3.111239194869995,1.6450501680374146,0.5923859477043152,-0.005475141573697329,515.0
333177,1700.464940823,593.0,3.132319688796997,1.6721699237823486,0.592284083366394,-0.005100518465042114,518.0
333197,1700.485529763,598.0,3.1443276405334473,1.679883599281311,0.5930221080780029,-0.0054801213555037975,511.0
333217,1700.50508882,598.0,3.1125593185424805,1.6499075889587402,0.5928888320922852,-0.007689890451729298,513.0
333237,1700.526050912,596.0,3.1015467643737793,1.6314911842346191,0.5931040048599243,-0.006895409896969795,511.0
333257,1700.544892245,596.0,3.1150918006896973,1.6258957386016846,0.5929703712463379,-0.006412073038518429,519.0
333277,1700.565629862,597.0,3.1336729526519775,1.630374550819397,0.5933916568756104,-0.0034302850253880024,510.0
333297,1700.585950669,597.0,3.1366958618164062,1.6562577486038208,0.5933287739753723,-0.003289745654910803,509.0
333317,1700.605107328,596.0,3.1139767169952393,1.6693395376205444,0.5935652256011963,-0.004784764721989632,512.0
333337,1700.624669116,596.0,3.0821022987365723,1.6468729972839355,0.5934587121009827,-0.00552969379350543,511.0
333357,1700.645641141,598.0,3.078199625015259,1.6574851274490356,0.5940274000167847,-0.003137849736958742,509.0
333377,1700.664957018,598.0,3.095395565032959,1.6751625537872314,0.5939664840698242,-0.0030430732294917107,511.0
333397,1700.685770176,594.0,3.0930726528167725,1.6726323366165161,0.5937358140945435,-0.0037166946567595005,509.0
333417,1700.705835169,594.0,3.06581711769104,1.6747503280639648,0.5936629176139832,-0.0033986710477620363,509.0
333437,1700.725164857,594.0,3.0612213611602783,1.685351848602295,0.5935949087142944,-0.0035239809658378363,522.0
333457,1700.745255164,594.0,3.0483012199401855,1.684505820274353,0.5934140682220459,-0.003537337062880397,512.0
333477,1700.766076108,594.0,3.079470634460449,1.699949860572815,0.5933409929275513,-0.0039015640504658222,514.0
333497,1700.785077041,593.0,3.0966076850891113,1.707701325416565,0.5929589867591858,-0.005703938193619251,510.0
333517,1700.805523555,593.0,3.074434995651245,1.6730750799179077,0.5928415656089783,-0.005868157837539911,509.0
333537,1700.825364171,597.0,3.067042589187622,1.6692123413085938,0.5932856798171997,-0.005276025272905827,509.0
333557,1700.844597931,597.0,3.0727083683013916,1.630945086479187,0.5931673049926758,-0.006428285501897335,509.0
333577,1700.865399731,595.0,3.101733922958374,1.6157268285751343,0.5931651592254639,-0.0056556835770606995,509.0
333597,1700.884858238,595.0,3.11759614944458,1.6289746761322021,0.5930684804916382,-0.003931086976081133,509.0
333617,1700.905781741,595.0,3.126909017562866,1.6426193714141846,0.5931883454322815,-0.0018547140061855316,510.0
333637,1700.925828988,595.0,3.119884729385376,1.6844595670700073,0.5931504368782043,-0.0022226341534405947,512.0
333657,1700.945818046,597.0,3.1083014011383057,1.6658267974853516,0.5936161279678345,-0.0035948040895164013,513.0
333677,1700.965857741,597.0,3.1210503578186035,1.6454129219055176,0.5935262441635132,-0.005105583928525448,512.0
333697,1700.984832698,597.0,3.126539707183838,1.626659870147705,0.5938875079154968,-0.004112990573048592,513.0
333717,1701.004388075,597.0,3.103193998336792,1.6188054084777832,0.5938188433647156,-0.0026504723355174065,522.0
333737,1701.024633299,597.0,3.08939266204834,1.6422938108444214,0.5937726497650146,-0.0021898348350077868,515.0
333757,1701.045545147,596.0,3.094874143600464,1.6507840156555176,0.5939163565635681,-0.003063177689909935,523.0
333777,1701.065623417,596.0,3.1116411685943604,1.637999415397644,0.5938320755958557,-0.005444807931780815,527.0
333797,1701.084590325,596.0,3.1047215461730957,1.6089152097702026,0.5939047336578369,-0.0055943927727639675,535.0
333817,1701.105790602,596.0,3.101973056793213,1.6058101654052734,0.5938020944595337,-0.004517835099250078,533.0
333837,1701.126069934,594.0,3.0940587520599365,1.6163512468338013,0.5935438275337219,-0.003601382253691554,522.0
333857,1701.145589515,594.0,3.085643768310547,1.6235506534576416,0.5934786200523376,-0.0031487648375332355,524.0
333877,1701.165066983,596.0,3.0789849758148193,1.617468237876892,0.5936537384986877,-0.004041770473122597,522.0
333897,1701.184632209,596.0,3.0518062114715576,1.6031161546707153,0.5935548543930054,-0.005597238894551992,524.0
333917,1701.205594253,595.0,3.031224012374878,1.590131402015686,0.5935581922531128,-0.004698728211224079,529.0
333937,1701.226799786,595.0,3.040574073791504,1.5842506885528564,0.5934836864471436,-0.0024669019039720297,533.0
333957,1701.245705756,594.0,3.0656678676605225,1.6340491771697998,0.5933734178543091,-0.0007850268157199025,528.0
333977,1701.264561774,594.0,3.095961332321167,1.6646941900253296,0.5933431386947632,-0.002479454968124628,526.0
333997,1701.284869197,595.0,3.119086503982544,1.6692339181900024,0.5932657122612,-0.005187449045479298,530.0
334017,1701.305019551,595.0,3.1247191429138184,1.6569626331329346,0.5932772755622864,-0.006600356660783291,524.0
334037,1701.326337417,595.0,3.1114490032196045,1.6151922941207886,0.5931422710418701,-0.006600833032280207,531.0
334057,1701.344587738,598.0,3.098356246948242,1.592093825340271,0.5937411189079285,-0.002964386949315667,523.0
334077,1701.364996524,598.0,3.1102752685546875,1.6245501041412354,0.593704104423523,-0.0007774601690471172,522.0
334097,1701.385318971,597.0,3.12451434135437,1.66060209274292,0.594080924987793,-0.00025301380082964897,522.0
334117,1701.404319521,597.0,3.135021209716797,1.674593448638916,0.5940577387809753,-0.002094765193760395,528.0
334137,1701.427068842,596.0,3.1338419914245605,1.686715841293335,0.594132661819458,-0.0034496739972382784,525.0
334157,1701.444648068,596.0,3.1240720748901367,1.6742552518844604,0.5940519571304321,-0.004305030684918165,531.0
334177,1701.464835992,596.0,3.0987000465393066,1.6564382314682007,0.594116747379303,-0.0028330571949481964,526.0
334197,1701.485378231,596.0,3.0744378566741943,1.6708325147628784,0.5940703749656677,-0.002117335330694914,527.0
334217,1701.505120357,597.0,3.067915439605713,1.6645193099975586,0.5943866968154907,-0.0023617905098944902,527.0
334237,1701.525997141,597.0,3.0692410469055176,1.6605368852615356,0.5943300127983093,-0.0030989362858235836,535.0
334257,1701.54518528,594.0,3.0591773986816406,1.6570581197738647,0.5940423607826233,-0.0026886246632784605,522.0
334277,1701.564714604,594.0,3.050266742706299,1.669739842414856,0.5940065383911133,-0.000907836074475199,526.0
334297,1701.584988761,594.0,3.0547778606414795,1.6996933221817017,0.5939918756484985,-0.0010434904834255576,528.0
334317,1701.604665545,594.0,3.058908700942993,1.6887222528457642,0.5937541127204895,-0.004310418386012316,522.0
334337,1701.626187782,594.0,3.052079439163208,1.658611536026001,0.5936485528945923,-0.005921806674450636,527.0
334357,1701.644146632,596.0,3.0706489086151123,1.6604194641113281,0.5937697887420654,-0.004188254941254854,523.0
334377,1701.664377822,596.0,3.074378252029419,1.6727955341339111,0.5937107801437378,-0.0018474499229341745,521.0
334397,1701.68454333,595.0,3.0826938152313232,1.7107934951782227,0.5936949849128723,-0.0017475351924076676,527.0
334417,1701.704339462,595.0,3.093019962310791,1.7244892120361328,0.5936386585235596,-0.004196503199636936,532.0
334437,1701.7265631,600.0,3.100353956222534,1.7103756666183472,0.5944911241531372,-0.0046226936392486095,522.0
334457,1701.74399022,600.0,3.090049982070923,1.6779203414916992,0.5943899750709534,-0.0051799919456243515,524.0
334477,1701.763994997,594.0,3.082965612411499,1.6576311588287354,0.5940579175949097,-0.003716032486408949,525.0
334497,1701.785059247,594.0,3.0875797271728516,1.6682902574539185,0.5940122008323669,-0.0011380750220268965,522.0
334517,1701.803876565,595.0,3.0816240310668945,1.6896671056747437,0.5939939618110657,-0.0005189091898500919,524.0
334537,1701.826549221,595.0,3.100125312805176,1.70254385471344,0.593969464302063,-0.0023658154532313347,527.0
334557,1701.844531294,592.0,3.087860584259033,1.6806069612503052,0.5933544635772705,-0.007410283666104078,529.0
334577,1701.865539755,592.0,3.093611240386963,1.62223482131958,0.5931801795959473,-0.008587258867919445,521.0
334597,1701.884362343,593.0,3.0957281589508057,1.6313539743423462,0.5930334329605103,-0.005838788114488125,527.0
334617,1701.905123595,593.0,3.0940582752227783,1.6594631671905518,0.5927391052246094,-0.0045022848062217236,524.0
334637,1701.926580383,593.0,3.0915398597717285,1.7173916101455688,0.5926464796066284,-0.00516256270930171,531.0
334657,1701.944862733,595.0,3.0844624042510986,1.7161483764648438,0.5927447080612183,-0.007073866203427315,525.0
334677,1701.965064581,595.0,3.0898334980010986,1.6755982637405396,0.5925837755203247,-0.008831621147692204,524.0
334697,1701.984262477,598.0,3.086246967315674,1.66439950466156,0.5932160019874573,-0.006781949196010828,529.0
334717,1702.004057562,598.0,3.069463014602661,1.6478737592697144,0.5930845141410828,-0.006276239175349474,539.0
334737,1702.024258692,597.0,3.049894094467163,1.63546884059906,0.5935001373291016,-0.002575666643679142,538.0
334757,1702.04410381,597.0,3.0719380378723145,1.6713652610778809,0.5934666395187378,-0.0011226641945540905,543.0
334777,1702.064806452,595.0,3.1017470359802246,1.685393214225769,0.5935371518135071,-0.001958985812962055,529.0
334797,1702.083680894,595.0,3.1091578006744385,1.6772018671035767,0.5934766530990601,-0.003954960498958826,517.0
334817,1702.103813948,599.0,3.119370222091675,1.664846420288086,0.5942336320877075,-0.002815962303429842,513.0
334837,1702.124295728,599.0,3.110250949859619,1.6484078168869019,0.5941855907440186,-0.0017756620654836297,510.0
334857,1702.14475791,595.0,3.1038148403167725,1.6563822031021118,0.5941259264945984,-0.001072256127372384,509.0
334877,1702.163787877,595.0,3.108476400375366,1.6620455980300903,0.5940949320793152,-0.0022459179162979126,509.0
334897,1702.1846368,595.0,3.1091949939727783,1.6555689573287964,0.5940330624580383,-0.003726782277226448,517.0
334917,1702.203783841,599.0,3.0842220783233643,1.6557871103286743,0.5947080850601196,-0.0015445887111127377,514.0
334937,1702.223984384,599.0,3.0757217407226562,1.6744047403335571,0.5946840643882751,-0.000870312622282654,510.0
334957,1702.243727271,596.0,3.078799247741699,1.6910723447799683,0.5946887135505676,-0.0005803030217066407,512.0
334977,1702.264257738,596.0,3.080810308456421,1.6930582523345947,0.5946764349937439,-0.000757354951929301,514.0
334997,1702.283989721,600.0,3.0900802612304688,1.6915103197097778,0.595425009727478,0.00012803819845430553,521.0
335017,1702.303633751,600.0,3.11348032951355,1.661011815071106,0.595421552658081,-0.0004230510094203055,517.0
335037,1702.323797078,597.0,3.10996413230896,1.6706446409225464,0.5954750180244446,-0.0004499829956330359,509.0
335057,1702.344220041,597.0,3.103264570236206,1.6692323684692383,0.5954615473747253,-0.000985239166766405,514.0
335077,1702.364463274,594.0,3.105970621109009,1.6617134809494019,0.5949790477752686,-0.0020645796321332455,511.0
335097,1702.383750848,594.0,3.103102922439575,1.679556965827942,0.5949407815933228,-0.0018918403657153249,510.0
335117,1702.403956451,597.0,3.1010894775390625,1.6875988245010376,0.5950992107391357,-0.0013891283888369799,513.0
335137,1702.424613612,597.0,3.0858888626098633,1.700076699256897,0.5950864553451538,-1.291718945140019e-05,520.0
335157,1702.444431855,596.0,3.0765297412872314,1.7396074533462524,0.5950648188591003,-0.00034989812411367893,512.0
335177,1702.463364532,596.0,3.0563127994537354,1.7336217164993286,0.5950393080711365,-0.0023731982801109552,516.0
335197,1702.483065984,596.0,3.0515244007110596,1.696685552597046,0.5949744582176208,-0.0037901094183325768,515.0
335217,1702.503028588,594.0,3.060716390609741,1.687812328338623,0.5944940447807312,-0.0038204293232411146,522.0
335237,1702.52475697,594.0,3.05472993850708,1.708917498588562,0.5944268703460693,-0.0030207615345716476,514.0
335257,1702.543614805,595.0,3.045487880706787,1.694053292274475,0.594257116317749,-0.002523533534258604,510.0
335277,1702.563876984,595.0,3.037097215652466,1.706098198890686,0.5942150354385376,-0.0019335472024977207,510.0
335297,1702.584107043,596.0,3.0258240699768066,1.687368392944336,0.5942807793617249,-0.0026732718106359243,510.0
335317,1702.603666789,596.0,3.009214162826538,1.654710292816162,0.5942199230194092,-0.0033104296308010817,510.0
335337,1702.623397222,599.0,2.9976999759674072,1.6672736406326294,0.5948246717453003,-0.0022339404094964266,518.0
335357,1702.644124771,599.0,3.0093629360198975,1.6717451810836792,0.5947627425193787,-0.003879551775753498,510.0
335377,1702.66436629,593.0,2.9951961040496826,1.6515673398971558,0.5941880345344543,-0.005392000544816256,513.0
335397,1702.682753146,593.0,2.9562430381774902,1.6325633525848389,0.5940766930580139,-0.00562978396192193,513.0
335417,1702.70403398,593.0,2.937183141708374,1.5981229543685913,0.593621551990509,-0.006038740277290344,510.0
335437,1702.723761884,593.0,2.9287314414978027,1.578340768814087,0.5935115218162537,-0.004798520356416702,510.0
335457,1702.743811264,595.0,2.9369730949401855,1.5696848630905151,0.5934314131736755,-0.0034074170980602503,511.0
335477,1702.763814891,595.0,2.9349758625030518,1.5723445415496826,0.5934917330741882,-0.003108802018687129,509.0
335497,1702.783643686,595.0,2.9218971729278564,1.5749611854553223,0.5934247970581055,-0.0035499990917742252,517.0
335517,1702.804138391,592.0,2.903564929962158,1.5882607698440552,0.5928744673728943,-0.004972406197339296,510.0
335537,1702.822874341,592.0,2.9032862186431885,1.5936070680618286,0.5927700400352478,-0.005459983833134174,510.0
335557,1702.843980475,598.0,2.9254395961761475,1.607711911201477,0.593446671962738,-0.00406139949336648,514.0
335577,1702.8628753,598.0,2.9492552280426025,1.638569951057434,0.5933597087860107,-0.00426608556881547,520.0
335597,1702.882514735,596.0,2.9387547969818115,1.6381869316101074,0.5935568809509277,-0.004267912823706865,510.0
335617,1702.903054503,596.0,2.9308712482452393,1.6268402338027954,0.5934805870056152,-0.0032740398310124874,516.0
335637,1702.923316613,593.0,2.956496000289917,1.6545029878616333,0.5931262969970703,-0.0038722495082765818,516.0
335657,1702.943063713,593.0,2.955702304840088,1.6282992362976074,0.5930335521697998,-0.005416044499725103,516.0
335677,1702.963226135,597.0,2.9387619495391846,1.599014163017273,0.5935084819793701,-0.004896877333521843,514.0
335697,1702.983727001,597.0,2.9437646865844727,1.590916633605957,0.5934087634086609,-0.004747265949845314,518.0
335717,1703.003446179,593.0,2.934734582901001,1.6074578762054443,0.593105673789978,-0.0031113752629607916,531.0
335737,1703.023951286,593.0,2.9285659790039062,1.64668869972229,0.5930501818656921,-0.0028376849368214607,526.0
335757,1703.042964181,594.0,2.915581464767456,1.6398770809173584,0.5929915904998779,-0.005351055413484573,524.0
335777,1703.063601436,594.0,2.907165288925171,1.6082563400268555,0.592864990234375,-0.007045687176287174,756.0
335797,1703.083137794,594.0,2.900918960571289,1.5869629383087158,0.5927263498306274,-0.006607768125832081,758.0
335817,1703.103867571,596.0,2.8952269554138184,1.5794793367385864,0.5930459499359131,-0.00336915859952569,749.0
335837,1703.123283868,596.0,2.8910720348358154,1.6175551414489746,0.5929953455924988,-0.0019746602047234774,755.0
335857,1703.143386408,596.0,2.8694050312042236,1.6250401735305786,0.5933118462562561,-0.0024295609910041094,751.0
335877,1703.162927701,596.0,2.8739230632781982,1.6026089191436768,0.5932332277297974,-0.005282975267618895,758.0
335897,1703.184200187,597.0,2.8838353157043457,1.5851126909255981,0.5936271548271179,-0.0049833133816719055,758.0
335917,1703.203404566,597.0,2.898624897003174,1.5778151750564575,0.5935404300689697,-0.003425292670726776,753.0
335937,1703.223372661,595.0,2.8932254314422607,1.5914489030838013,0.5935673713684082,-0.0010437057353556156,758.0
335957,1703.243827196,595.0,2.8879799842834473,1.5966236591339111,0.5935531258583069,-0.000879894127137959,755.0
335977,1703.263641694,594.0,2.89422869682312,1.5929220914840698,0.5934378504753113,-0.0035270508378744125,756.0
335997,1703.284176374,594.0,2.8984997272491455,1.5764845609664917,0.5933466553688049,-0.005315538961440325,760.0
336017,1703.30359888,597.0,2.8892102241516113,1.5664093494415283,0.5937734842300415,-0.0035633284132927656,749.0
336037,1703.323033913,597.0,2.884624481201172,1.5968983173370361,0.5937060713768005,-0.003366533201187849,752.0
336057,1703.34453867,597.0,2.8754000663757324,1.5936073064804077,0.5936359763145447,-0.003550127614289522,757.0
336077,1703.363038149,596.0,2.8717610836029053,1.5815757513046265,0.5938510894775391,-0.0027326380368322134,751.0
336097,1703.383822584,596.0,2.862699508666992,1.5876455307006836,0.5937917828559875,-0.0033031858038157225,751.0
336117,1703.40339966,596.0,2.874603509902954,1.6011661291122437,0.5939363837242126,-0.003965949174016714,767.0
336137,1703.423640533,596.0,2.8771274089813232,1.6038798093795776,0.5938546657562256,-0.0041288468055427074,763.0
336157,1703.443373349,598.0,2.855628252029419,1.591819167137146,0.5943636298179626,-0.002132826717570424,758.0
336177,1703.462830798,598.0,2.835076093673706,1.580864429473877,0.5943275690078735,-0.0017085268627852201,757.0
336197,1703.483638305,594.0,2.838862180709839,1.5959663391113281,0.5940263867378235,-0.003455747151747346,752.0
336217,1703.50282414,594.0,2.865098476409912,1.6053920984268188,0.5939539670944214,-0.003541679121553898,750.0
336237,1703.522797407,597.0,2.871241569519043,1.6200518608093262,0.5942645072937012,-0.0013027070090174675,750.0
336257,1703.542479933,597.0,2.857370376586914,1.6298012733459473,0.5942448377609253,-0.0010206029983237386,752.0
336277,1703.562076778,593.0,2.845477819442749,1.6277073621749878,0.593820333480835,-0.003734087571501732,752.0
336297,1703.582722246,593.0,2.8382670879364014,1.6280944347381592,0.593736469745636,-0.004352043382823467,753.0
336317,1703.601843042,597.0,2.8490333557128906,1.6650795936584473,0.5941062569618225,-0.002867927309125662,752.0
336337,1703.622111174,597.0,2.8748440742492676,1.7133495807647705,0.5940490365028381,-0.0029442233499139547,752.0
336357,1703.642119835,597.0,2.8629302978515625,1.7038999795913696,0.5939741134643555,-0.004654766526073217,759.0
336377,1703.662932636,595.0,2.868635892868042,1.680991768836975,0.5938893556594849,-0.0058817691169679165,761.0
336397,1703.682316021,595.0,2.86515474319458,1.642111897468567,0.5937760472297668,-0.0050803013145923615,752.0
336417,1703.702985331,596.0,2.854098081588745,1.6441771984100342,0.5939277410507202,-0.0017187391640618443,758.0
336437,1703.721933846,596.0,2.869065523147583,1.678579568862915,0.5939075350761414,-0.0008416600176133215,768.0
336457,1703.742744533,592.0,2.904878854751587,1.6867718696594238,0.593295156955719,-0.0049597956240177155,748.0
336477,1703.76252567,592.0,2.8878173828125,1.6677557229995728,0.5931720733642578,-0.007142479997128248,764.0
336497,1703.782596321,593.0,2.8705132007598877,1.6663095951080322,0.592799961566925,-0.007892558351159096,516.0
336517,1703.803344714,593.0,2.8687520027160645,1.6768319606781006,0.5926469564437866,-0.0075147151947021484,514.0
336537,1703.823582314,600.0,2.8696134090423584,1.6848498582839966,0.5937331914901733,-0.0049390001222491264,520.0
336557,1703.84339404,600.0,2.8608484268188477,1.671005368232727,0.5936375260353088,-0.004510805942118168,515.0
336577,1703.863544456,597.0,2.853865623474121,1.6785742044448853,0.5940271019935608,-0.0025171255692839622,512.0
336597,1703.883598016,597.0,2.8428845405578613,1.7052278518676758,0.5939792990684509,-0.0024365137796849012,518.0
336617,1703.902392459,597.0,2.805497169494629,1.7000619173049927,0.5939217805862427,-0.0029653962701559067,522.0
336637,1703.922758528,597.0,2.780022144317627,1.7086117267608643,0.5942963361740112,-0.0010598732624202967,522.0
336657,1703.943369902,597.0,2.812025308609009,1.7260926961898804,0.5942606329917908,-0.0029006521217525005,521.0
336677,1703.962619053,593.0,2.839163064956665,1.710996150970459,0.5937695503234863,-0.006446588784456253,522.0
336697,1703.983449544,593.0,2.8534181118011475,1.6947451829910278,0.5936179757118225,-0.00834118202328682,514.0
336717,1704.002505435,595.0,2.8399150371551514,1.6733900308609009,0.5935322642326355,-0.006743925157934427,520.0
336737,1704.022609628,595.0,2.804673671722412,1.673434853553772,0.5934260487556458,-0.0037143933586776257,530.0
336757,1704.043068658,597.0,2.8031678199768066,1.6980358362197876,0.5938504934310913,-0.0008982831495814025,522.0
336777,1704.063578403,597.0,2.819852828979492,1.699267864227295,0.5938066244125366,-0.003994627855718136,528.0
336797,1704.083212997,593.0,2.812241554260254,1.6530436277389526,0.5933479070663452,-0.00819579977542162,530.0
336817,1704.102481126,593.0,2.807748556137085,1.5855063199996948,0.5931800603866577,-0.008082626387476921,525.0
336837,1704.122207787,596.0,2.8153655529022217,1.5807353258132935,0.5934358835220337,-0.005165015812963247,524.0
336857,1704.142838548,596.0,2.802182912826538,1.5927371978759766,0.5933468341827393,-0.0038309015799313784,518.0
336877,1704.162710999,592.0,2.7980778217315674,1.600637674331665,0.5928789973258972,-0.005272701382637024,517.0
336897,1704.182699019,592.0,2.8276612758636475,1.6140687465667725,0.5927550196647644,-0.007129542995244265,519.0
336917,1704.202580337,595.0,2.822329044342041,1.584755778312683,0.592597484588623,-0.00861563254147768,528.0
336937,1704.222104076,595.0,2.789748191833496,1.5591230392456055,0.5927191376686096,-0.008027186617255211,520.0
336957,1704.242717525,595.0,2.7766494750976562,1.549399733543396,0.5925803780555725,-0.005774850491434336,522.0
336977,1704.262381744,597.0,2.7802398204803467,1.558142066001892,0.5931635499000549,-0.0025726831518113613,525.0
336997,1704.282424566,597.0,2.791074275970459,1.5595412254333496,0.593111515045166,-0.0031191438902169466,522.0
337017,1704.302633195,598.0,2.7912235260009766,1.5716381072998047,0.5937738418579102,-0.0030011716298758984,527.0
337037,1704.322522813,598.0,2.7850966453552246,1.561365008354187,0.5937190651893616,-0.0019970708526670933,521.0
337057,1704.342791659,597.0,2.7788965702056885,1.5924938917160034,0.5941272377967834,0.000995814916677773,523.0
337077,1704.362709729,597.0,2.7548038959503174,1.6267106533050537,0.5941344499588013,-0.0007583828992210329,519.0
337097,1704.382387456,596.0,2.755815267562866,1.6125164031982422,0.5942398905754089,-0.0042441608384251595,519.0
337117,1704.402939842,596.0,2.7694461345672607,1.5891269445419312,0.5941412448883057,-0.004844558425247669,519.0
337137,1704.422538639,593.0,2.7762138843536377,1.5937819480895996,0.5937214493751526,-0.0019487208919599652,517.0
337157,1704.442506005,593.0,2.773145914077759,1.652711033821106,0.5937268137931824,0.0022828697692602873,517.0
337177,1704.462292316,596.0,2.8000648021698,1.7166985273361206,0.594031572341919,0.003197974292561412,524.0
337197,1704.482076803,596.0,2.8411502838134766,1.746934175491333,0.594050943851471,-0.0015780739486217499,527.0
337217,1704.502941926,596.0,2.845360040664673,1.7049518823623657,0.5939783453941345,-0.00504131056368351,525.0
337237,1704.522423672,597.0,2.8365542888641357,1.6966012716293335,0.5942865610122681,-0.003618795657530427,516.0
337257,1704.543334655,597.0,2.83034610748291,1.7152830362319946,0.5942288041114807,-0.0020348532125353813,515.0
337277,1704.562283541,597.0,2.8490188121795654,1.7448194026947021,0.5945625901222229,0.0006871729856356978,522.0
337297,1704.582224223,597.0,2.876810312271118,1.805666446685791,0.5945783257484436,0.0003143353678751737,511.0
337317,1704.602276103,597.0,2.868161201477051,1.8093925714492798,0.594789445400238,-0.003098386339843273,516.0
337337,1704.622234554,597.0,2.8338117599487305,1.734498143196106,0.5946961045265198,-0.005837442819029093,516.0
337357,1704.641840188,596.0,2.821143388748169,1.7085967063903809,0.5946216583251953,-0.006257706321775913,513.0
337377,1704.661756731,596.0,2.8147671222686768,1.6730223894119263,0.5945101380348206,-0.004756053909659386,509.0
337397,1704.681741701,596.0,2.8111636638641357,1.6864956617355347,0.5945194959640503,-0.002510401885956526,510.0
337417,1704.702270048,596.0,2.801927089691162,1.708512544631958,0.5944831371307373,-0.0013029287802055478,518.0
337437,1704.723401463,593.0,2.7990050315856934,1.733419418334961,0.594020664691925,-0.0026194704696536064,511.0
337457,1704.742810429,593.0,2.774158000946045,1.7318657636642456,0.5939468741416931,-0.004792956169694662,510.0
337477,1704.762252022,596.0,2.774461269378662,1.7118191719055176,0.5940755605697632,-0.005655042827129364,514.0
337497,1704.783400556,596.0,2.7941112518310547,1.690526008605957,0.5939610600471497,-0.005528884474188089,510.0
337517,1704.801994829,596.0,2.799757242202759,1.6733816862106323,0.593862771987915,-0.004160975571721792,515.0
337537,1704.823117586,591.0,2.811250925064087,1.6667985916137695,0.5930813550949097,-0.0044968705624341965,510.0
337557,1704.842649222,591.0,2.8083460330963135,1.6598137617111206,0.5929926633834839,-0.004679659381508827,514.0
337577,1704.862869334,595.0,2.812551259994507,1.64076828956604,0.5930667519569397,-0.005995848216116428,515.0
337597,1704.882789116,595.0,2.81331205368042,1.6407943964004517,0.5929387807846069,-0.006687042769044638,512.0
337617,1704.902842681,594.0,2.8335418701171875,1.6400189399719238,0.592818021774292,-0.006463295314460993,511.0
337637,1704.921788742,594.0,2.825559616088867,1.6078420877456665,0.5927006602287292,-0.005030218977481127,511.0
337657,1704.942858992,596.0,2.8289356231689453,1.5942957401275635,0.5930455923080444,-0.0025993564631789923,519.0
337677,1704.962618363,596.0,2.8598697185516357,1.6112020015716553,0.592986524105072,-0.0037827109917998314,515.0
337697,1704.982521643,600.0,2.8813719749450684,1.584001064300537,0.5939942002296448,-0.003524802392348647,518.0
337717,1705.002796013,600.0,2.859862804412842,1.5635868310928345,0.5939202308654785,-0.003626031568273902,514.0
337737,1705.021343406,594.0,2.8487608432769775,1.5487308502197266,0.5937157273292542,-0.004331094678491354,527.0
337757,1705.042386713,594.0,2.8538012504577637,1.5144397020339966,0.5936123132705688,-0.006009649019688368,535.0
337777,1705.063089588,595.0,2.874354839324951,1.4909541606903076,0.5934842228889465,-0.00655251694843173,539.0
337797,1705.081838655,595.0,2.877824306488037,1.4744439125061035,0.593489408493042,-0.005380721762776375,531.0
337817,1705.102352735,595.0,2.857104539871216,1.4840344190597534,0.5934019088745117,-0.0030587632209062576,527.0
337837,1705.121919808,597.0,2.825167655944824,1.502842903137207,0.5938860177993774,-0.00022386485943570733,526.0
337857,1705.141680557,597.0,2.8058559894561768,1.496666669845581,0.5938728451728821,-0.0016161728417500854,525.0
337877,1705.161628871,595.0,2.802173137664795,1.477685570716858,0.5938273072242737,-0.0055486117489635944,522.0
337897,1705.181901948,595.0,2.8058218955993652,1.4575895071029663,0.5936954617500305,-0.00692908326163888,522.0
337917,1705.201848905,600.0,2.80889892578125,1.4427900314331055,0.5945936441421509,-0.0020632557570934296,523.0
337937,1705.222092918,600.0,2.8208847045898438,1.4691985845565796,0.5945740938186646,-0.00024078691785689443,525.0
337957,1705.240729555,593.0,2.8198373317718506,1.4786438941955566,0.594076931476593,-0.00230996566824615,529.0
337977,1705.261796878,593.0,2.8240785598754883,1.460829496383667,0.5940267443656921,-0.002472994150593877,522.0
337997,1705.281917457,595.0,2.8387200832366943,1.4914181232452393,0.5940161347389221,-0.002085591433569789,523.0
338017,1705.302414495,595.0,2.813107967376709,1.5118043422698975,0.5939761996269226,-0.0019781438168138266,525.0
338037,1705.321274708,593.0,2.7931413650512695,1.5137420892715454,0.5936111807823181,-0.003267762716859579,531.0
338057,1705.342359683,593.0,2.800915002822876,1.4952000379562378,0.5935210585594177,-0.005878259893506765,523.0
338077,1705.361381324,593.0,2.8142917156219482,1.459511399269104,0.5933858752250671,-0.007222247309982777,535.0
338097,1705.381610841,598.0,2.8040151596069336,1.4856678247451782,0.5939821004867554,-0.003938648384064436,523.0
338117,1705.402086133,598.0,2.8000378608703613,1.520352840423584,0.5939302444458008,-0.0013602336402982473,526.0
338137,1705.422423951,595.0,2.794419050216675,1.5584123134613037,0.5939517617225647,-0.0016656209481880069,525.0
338157,1705.442207609,595.0,2.7805891036987305,1.5645389556884766,0.593890905380249,-0.004500436596572399,526.0
338177,1705.461291866,599.0,2.773756742477417,1.5338371992111206,0.5945558547973633,-0.00611211359500885,529.0
338197,1705.481699195,599.0,2.7756268978118896,1.5042774677276611,0.5944244861602783,-0.006549086421728134,522.0
338217,1705.500991913,594.0,2.7506580352783203,1.480541706085205,0.5940591096878052,-0.004820397589355707,531.0
338237,1705.520530766,594.0,2.735276699066162,1.479756236076355,0.5939881801605225,-0.002519519068300724,528.0
338257,1705.541786291,597.0,2.7333831787109375,1.5125946998596191,0.5943242907524109,-0.0014626107877120376,524.0
338277,1705.561454982,597.0,2.746920108795166,1.5291528701782227,0.5942877531051636,-0.0023187531623989344,536.0
338297,1705.581806851,598.0,2.7699286937713623,1.519404649734497,0.5947763323783875,-0.00329624954611063,525.0
338317,1705.601108192,598.0,2.7728593349456787,1.4716554880142212,0.594694972038269,-0.0043839807622134686,527.0
338337,1705.621260838,597.0,2.744380235671997,1.452046513557434,0.5949251055717468,-0.0010709213092923164,528.0
338357,1705.642279883,597.0,2.727081060409546,1.4770877361297607,0.5949351191520691,0.0019581401720643044,521.0
338377,1705.661336274,597.0,2.7519586086273193,1.5250211954116821,0.594976007938385,0.0015591473784297705,528.0
338397,1705.681706999,596.0,2.7773244380950928,1.5266276597976685,0.5950136780738831,-0.0023516749497503042,522.0
338417,1705.701075166,596.0,2.7784907817840576,1.4878219366073608,0.5949316620826721,-0.005404442548751831,521.0
338437,1705.720825795,593.0,2.766242027282715,1.4484331607818604,0.5943149328231812,-0.005368999671190977,530.0
338457,1705.742621327,593.0,2.7625534534454346,1.4513568878173828,0.5942411422729492,-0.0018516489071771502,521.0
338477,1705.761630819,597.0,2.749951124191284,1.4771080017089844,0.5945711731910706,0.0011663829209282994,522.0
338497,1705.781055417,597.0,2.7635087966918945,1.5048880577087402,0.5945776700973511,-0.000893629330676049,525.0
338517,1705.801378412,598.0,2.778809070587158,1.5126022100448608,0.5949915051460266,-0.0023424390237778425,523.0
338537,1705.821599506,598.0,2.7634270191192627,1.5137664079666138,0.5949277281761169,-0.0036352460738271475,527.0
338557,1705.843398335,596.0,2.7503581047058105,1.496137022972107,0.594886064529419,-0.0022372715175151825,522.0
338577,1705.862338217,596.0,2.7486958503723145,1.5183075666427612,0.594857931137085,-0.0004659377154894173,522.0
338597,1705.881401858,596.0,2.7720370292663574,1.560757040977478,0.5949151515960693,-0.00035701278829947114,523.0
338617,1705.901834622,596.0,2.7767724990844727,1.5768908262252808,0.5948798656463623,-0.003275584429502487,526.0
338637,1705.922068206,598.0,2.7524447441101074,1.5587289333343506,0.5947942137718201,-0.004974899813532829,531.0
338657,1705.942559117,598.0,2.7351036071777344,1.5631263256072998,0.5951573848724365,-0.004087551962584257,524.0
338677,1705.961813806,598.0,2.7338013648986816,1.5512486696243286,0.5950760841369629,-0.0039027042221277952,530.0
338697,1705.982355595,595.0,2.768024206161499,1.5594794750213623,0.5948449373245239,-0.0028677680529654026,525.0
338717,1706.002072692,595.0,2.7743966579437256,1.5619316101074219,0.5947939157485962,-0.0023329465184360743,524.0
338737,1706.021159889,596.0,2.7563250064849854,1.5709067583084106,0.5947916507720947,-0.0017822305671870708,535.0
338757,1706.042083315,596.0,2.7486984729766846,1.5880482196807861,0.5947537422180176,-0.0019635867793112993,536.0
338777,1706.061444478,598.0,2.7786803245544434,1.6100045442581177,0.5951306819915771,-0.0019636244978755713,524.0
338797,1706.081750653,598.0,2.810133934020996,1.6247681379318237,0.5950807332992554,-0.0028813094832003117,524.0
338817,1706.101634737,595.0,2.811983823776245,1.6136516332626343,0.5948151350021362,-0.0031710441689938307,517.0
338837,1706.120612947,595.0,2.79338002204895,1.618424415588379,0.5947684049606323,-0.0013986253179609776,515.0
338857,1706.143098602,597.0,2.7813374996185303,1.6412248611450195,0.5949671268463135,-0.0006269914447329938,509.0
338877,1706.160697321,597.0,2.780993938446045,1.6298346519470215,0.5949373245239258,-0.002419516211375594,515.0
338897,1706.180689379,597.0,2.7944509983062744,1.620221734046936,0.5951136350631714,-0.003023038385435939,510.0
338917,1706.20102948,597.0,2.7955269813537598,1.6344040632247925,0.5950515866279602,-0.0030859054531902075,510.0
338937,1706.221252369,597.0,2.78637957572937,1.653835654258728,0.5949884653091431,-0.003089182311668992,517.0
338957,1706.243548056,590.0,2.7901864051818848,1.6635547876358032,0.593805193901062,-0.005281304474920034,518.0
338977,1706.261042254,590.0,2.8102757930755615,1.69423246383667,0.5937044024467468,-0.005059106275439262,511.0
338997,1706.281425025,596.0,2.8049397468566895,1.6993039846420288,0.59385085105896,-0.006814385764300823,514.0
339017,1706.30031569,596.0,2.7766807079315186,1.6750534772872925,0.5937080979347229,-0.006959821097552776,522.0
339037,1706.321341727,595.0,2.77439546585083,1.6928493976593018,0.5936425924301147,-0.00534726632758975,512.0
339057,1706.343544504,595.0,2.7748377323150635,1.6913403272628784,0.5935419201850891,-0.004704558290541172,518.0
339077,1706.361056297,594.0,2.786001443862915,1.6949479579925537,0.5933523774147034,-0.003928606864064932,510.0
339097,1706.381127995,594.0,2.8035335540771484,1.7361284494400024,0.593277096748352,-0.004006769973784685,510.0
339117,1706.40109227,594.0,2.799765110015869,1.7567800283432007,0.5931147933006287,-0.006521840579807758,510.0
339137,1706.421216045,594.0,2.807014226913452,1.7288395166397095,0.5929498672485352,-0.009873677976429462,510.0
339157,1706.440251407,596.0,2.7874937057495117,1.666710376739502,0.593134343624115,-0.00865226797759533,513.0
339177,1706.460958025,596.0,2.7795774936676025,1.6625142097473145,0.5929887294769287,-0.005686191376298666,518.0
339197,1706.480096989,599.0,2.7770729064941406,1.69539475440979,0.5938777327537537,-0.0009880501311272383,511.0
339217,1706.501075855,599.0,2.7885539531707764,1.728753924369812,0.5938673615455627,-0.0003820255515165627,511.0
339237,1706.520051468,599.0,2.80562424659729,1.7575936317443848,0.5938373804092407,-0.0029055147897452116,516.0
339257,1706.542533443,595.0,2.8111064434051514,1.7384707927703857,0.5938045382499695,-0.005236195866018534,518.0
339277,1706.560073209,595.0,2.817448854446411,1.7289611101150513,0.5936884880065918,-0.00599327590316534,514.0
339297,1706.580732915,597.0,2.814710855484009,1.7234996557235718,0.5940447449684143,-0.0034004212357103825,516.0
339317,1706.599988475,597.0,2.7968668937683105,1.7481882572174072,0.5940030813217163,-0.0009585666703060269,511.0
339337,1706.62003,594.0,2.800060510635376,1.770315408706665,0.593771755695343,-0.002293872181326151,513.0
339357,1706.640397423,594.0,2.805177688598633,1.7673417329788208,0.5936941504478455,-0.005401201546192169,513.0
339377,1706.660404684,597.0,2.7914206981658936,1.7430648803710938,0.5939956307411194,-0.005995466839522123,509.0
339397,1706.680985282,597.0,2.8011562824249268,1.7240729331970215,0.5938847661018372,-0.004801597446203232,509.0
339417,1706.701052156,596.0,2.8164145946502686,1.7503117322921753,0.5940094590187073,-0.002250473713502288,511.0
339437,1706.720773751,596.0,2.82211971282959,1.8054285049438477,0.5939770936965942,-0.0012909788638353348,509.0
339457,1706.741212389,598.0,2.8280906677246094,1.84044349193573,0.594517707824707,-0.0025931471027433872,509.0
339477,1706.760301871,598.0,2.793771982192993,1.8150056600570679,0.5944327116012573,-0.005565228406339884,510.0
339497,1706.780067997,596.0,2.765681028366089,1.756688117980957,0.5943306684494019,-0.004080213140696287,524.0
339517,1706.80065424,596.0,2.7647082805633545,1.78121817111969,0.5944362282752991,-0.0006756748771294951,509.0
339537,1706.820575322,596.0,2.7843029499053955,1.8324878215789795,0.5944247841835022,-0.0009217425831593573,515.0
339557,1706.841087369,597.0,2.778963565826416,1.8275847434997559,0.5946983098983765,-0.003086967160925269,514.0
339577,1706.861096418,597.0,2.7677013874053955,1.8201005458831787,0.5946134328842163,-0.00478440010920167,511.0
339597,1706.880747335,596.0,2.774930477142334,1.8292793035507202,0.594601571559906,-0.005453277844935656,508.0
339617,1706.901592365,596.0,2.777235984802246,1.8014755249023438,0.5944986939430237,-0.004698000382632017,509.0
339637,1706.920626083,597.0,2.7846922874450684,1.8181601762771606,0.5946952700614929,-0.0025633058976382017,509.0
339657,1706.941970498,597.0,2.7866978645324707,1.825669765472412,0.5946537256240845,-0.001863233046606183,512.0
339677,1706.960520265,597.0,2.768803834915161,1.8284729719161987,0.5948461294174194,-0.002315578982234001,512.0
339697,1706.98077201,597.0,2.76511549949646,1.8277772665023804,0.5947881937026978,-0.0033690629061311483,513.0
339717,1707.000530029,594.0,2.7792558670043945,1.8166470527648926,0.5943673849105835,-0.004859975539147854,515.0
339737,1707.020362318,594.0,2.793703079223633,1.8032740354537964,0.5942757725715637,-0.004087646491825581,525.0
339757,1707.040749706,596.0,2.7884905338287354,1.8172491788864136,0.5943325757980347,-0.0020591195207089186,523.0
339777,1707.061211899,596.0,2.781846284866333,1.8506451845169067,0.5943015813827515,-0.0012775579234585166,536.0
339797,1707.080591489,598.0,2.774770736694336,1.8883461952209473,0.5942674875259399,-0.00242158817127347,526.0
339817,1707.100568436,598.0,2.7596983909606934,1.9052237272262573,0.594734251499176,-0.004857421386986971,517.0
339837,1707.120459798,598.0,2.7405624389648438,1.8350697755813599,0.594605565071106,-0.007498893421143293,526.0
339857,1707.141418716,597.0,2.7270004749298096,1.7922391891479492,0.5947625041007996,-0.004712712485343218,521.0
339877,1707.161670506,597.0,2.727078437805176,1.826014518737793,0.5947027802467346,-0.001303066499531269,527.0
339897,1707.18026481,598.0,2.713452100753784,1.8652406930923462,0.5951618552207947,0.0017881563398987055,523.0
339917,1707.201380392,598.0,2.702683210372925,1.898334264755249,0.5951895713806152,0.0007226247107610106,525.0
339937,1707.220730499,594.0,2.7167322635650635,1.911635398864746,0.5947316288948059,-0.0038157664239406586,527.0
339957,1707.240969635,594.0,2.7435362339019775,1.880599856376648,0.5946164131164551,-0.007495132274925709,533.0
339977,1707.261055415,595.0,2.7358498573303223,1.8243448734283447,0.5943448543548584,-0.0072504798881709576,524.0
339997,1707.280401803,595.0,2.7170841693878174,1.8326143026351929,0.5942361354827881,-0.003465877380222082,526.0
340017,1707.301125303,596.0,2.684666156768799,1.8587342500686646,0.59432452917099,-0.001244426821358502,527.0
340037,1707.320411914,596.0,2.6908762454986572,1.879056453704834,0.5942776799201965,-0.0038153165951371193,526.0
340057,1707.341304291,599.0,2.700294256210327,1.8937629461288452,0.5949094891548157,-0.005086208693683147,522.0
340077,1707.360401609,599.0,2.6991193294525146,1.8589439392089844,0.5948013067245483,-0.005331017076969147,523.0
340097,1707.381062663,599.0,2.6791958808898926,1.8266810178756714,0.5947091579437256,-0.0038776800502091646,533.0
340117,1707.400057729,593.0,2.677905559539795,1.8231699466705322,0.5941490530967712,-0.0037890663370490074,522.0
340137,1707.420376998,593.0,2.6992597579956055,1.832180380821228,0.5940743088722229,-0.003697723150253296,522.0
340157,1707.440613633,598.0,2.6936869621276855,1.8233656883239746,0.5945876240730286,-0.0020587644539773464,525.0
340177,1707.460370671,598.0,2.6914303302764893,1.834699034690857,0.5945574045181274,-0.0009196607279591262,534.0
340197,1707.480935428,597.0,2.697739839553833,1.8254104852676392,0.5948378443717957,-0.000680077588185668,530.0
340217,1707.500041837,597.0,2.702139377593994,1.8157380819320679,0.5948013663291931,-0.0030325131956487894,529.0
340237,1707.520886915,598.0,2.693577527999878,1.7914906740188599,0.5951422452926636,-0.003012570086866617,528.0
340257,1707.539664149,598.0,2.7087175846099854,1.7838802337646484,0.5951005220413208,-0.0007697168621234596,532.0
340277,1707.559991601,594.0,2.7305397987365723,1.792611002922058,0.5946993231773376,0.00020158100232947618,526.0
340297,1707.580102081,594.0,2.7385292053222656,1.8015271425247192,0.5947007536888123,-0.000287317467154935,531.0
340317,1707.600537739,599.0,2.739027261734009,1.8122990131378174,0.5952768325805664,-0.0009922964964061975,522.0
340337,1707.620079267,599.0,2.73944091796875,1.8098145723342896,0.5952271819114685,-0.0039048173930495977,522.0
340357,1707.640341271,598.0,2.73679518699646,1.7629940509796143,0.5955120921134949,-0.003881087526679039,521.0
340377,1707.659674044,598.0,2.71655535697937,1.7413156032562256,0.5954533815383911,-0.0015615057200193405,527.0
340397,1707.679742504,598.0,2.722766876220703,1.75818932056427,0.5954512357711792,0.0009959978051483631,532.0
340417,1707.700252442,594.0,2.722012758255005,1.790511131286621,0.5950255990028381,-0.0004009324766229838,527.0
340437,1707.720645018,594.0,2.723799228668213,1.793812870979309,0.5950078368186951,-0.0012853103689849377,521.0
340457,1707.739736361,595.0,2.7424724102020264,1.807073712348938,0.5948131084442139,-0.0019517095061019063,523.0
340477,1707.759318011,595.0,2.7522854804992676,1.8083276748657227,0.5947636961936951,-0.003102292073890567,522.0
340497,1707.780776193,595.0,2.74001407623291,1.7818905115127563,0.5945422053337097,-0.0035106027498841286,521.0
340517,1707.80038184,595.0,2.7183873653411865,1.7946017980575562,0.5944905281066895,-0.0016985544934868813,527.0
340537,1707.820954928,593.0,2.710110902786255,1.8140426874160767,0.5939757227897644,-0.002984910272061825,521.0
340557,1707.840384578,593.0,2.732375144958496,1.814942479133606,0.5939007997512817,-0.0047071222215890884,527.0
340577,1707.860140124,597.0,2.744136333465576,1.834471583366394,0.5941686034202576,-0.0054523758590221405,524.0
340597,1707.880504331,597.0,2.7272698879241943,1.8297288417816162,0.5940623879432678,-0.004837139509618282,522.0
340617,1707.900699254,597.0,2.708028554916382,1.8326566219329834,0.5943377017974854,-0.002413723152130842,523.0
340637,1707.921277648,597.0,2.6945464611053467,1.8431512117385864,0.5942902565002441,-0.002599911531433463,521.0
340657,1707.940378682,596.0,2.6876564025878906,1.8279095888137817,0.5942221283912659,-0.004184938035905361,531.0
340677,1707.959958493,596.0,2.690464735031128,1.8143064975738525,0.5943052768707275,-0.005070248153060675,525.0
340697,1707.979857156,596.0,2.7011001110076904,1.8026957511901855,0.5942098498344421,-0.004027900286018848,532.0
340717,1708.000259098,595.0,2.698453426361084,1.8148136138916016,0.5941434502601624,-0.0014698925660923123,528.0
340737,1708.019355657,595.0,2.692593574523926,1.846971869468689,0.5941246151924133,-0.000808823446277529,522.0
340757,1708.040895723,595.0,2.688098907470703,1.8472087383270264,0.5940855741500854,-0.0035909132566303015,536.0
340777,1708.059356633,595.0,2.6921637058258057,1.8242826461791992,0.5939897894859314,-0.005538607481867075,535.0
340797,1708.079163358,597.0,2.6976592540740967,1.8128498792648315,0.5942723155021667,-0.0036271982826292515,515.0
340817,1708.100125878,597.0,2.6975133419036865,1.8212367296218872,0.5942227244377136,-0.0013002880150452256,513.0
340837,1708.119644234,596.0,2.7222249507904053,1.873082160949707,0.5943422913551331,-0.0003433063975535333,511.0
340857,1708.139094264,596.0,2.7172069549560547,1.8825052976608276,0.5943170189857483,-0.0023699637968093157,515.0
340877,1708.159566025,598.0,2.706676959991455,1.875906229019165,0.5947397351264954,-0.0030941450968384743,518.0
340897,1708.180091118,598.0,2.7081735134124756,1.872963309288025,0.5946722030639648,-0.0034150376450270414,515.0
340917,1708.199893256,593.0,2.683232307434082,1.8593544960021973,0.5941423773765564,-0.0043841637670993805,519.0
340937,1708.21980434,593.0,2.66062068939209,1.8450431823730469,0.5940541625022888,-0.004175746813416481,515.0
340957,1708.239302905,593.0,2.6711015701293945,1.854196310043335,0.5939794182777405,-0.0034708038438111544,517.0
340977,1708.260246165,599.0,2.692596197128296,1.8535070419311523,0.5947176814079285,-0.0015763216651976109,515.0
340997,1708.280401118,599.0,2.694723129272461,1.8528127670288086,0.5946866273880005,-0.0013017181772738695,512.0
341017,1708.300525524,600.0,2.6837010383605957,1.862184762954712,0.5955216288566589,0.0015655549941584468,512.0
341037,1708.319761556,600.0,2.677670955657959,1.8773627281188965,0.5955437421798706,0.00037346495082601905,511.0
341057,1708.339526812,595.0,2.6932709217071533,1.8920924663543701,0.5952595472335815,-0.00265901698730886,510.0
341077,1708.360171486,595.0,2.6983370780944824,1.8696826696395874,0.5951863527297974,-0.00426564272493124,510.0
341097,1708.379835169,597.0,2.700291395187378,1.8669010400772095,0.5952629446983337,-0.0024359303060919046,509.0
341117,1708.399669095,597.0,2.688560962677002,1.8561753034591675,0.5952256321907043,-0.0013753342209383845,515.0
341137,1708.420301068,596.0,2.6839942932128906,1.8571428060531616,0.5951403975486755,-0.0021385953295975924,517.0
341157,1708.440113502,596.0,2.6866867542266846,1.8521647453308105,0.5950875878334045,-0.0030345080886036158,515.0
341177,1708.459996132,597.0,2.6725826263427734,1.833910584449768,0.5951905846595764,-0.0024844228755682707,512.0
341197,1708.479381259,597.0,2.666684627532959,1.8438632488250732,0.5951564908027649,-0.0007034728769212961,516.0
341217,1708.500318378,593.0,2.6658265590667725,1.8771576881408691,0.5945937037467957,-0.0006202416843734682,513.0
341237,1708.520507651,593.0,2.663341999053955,1.9005948305130005,0.5945715308189392,-0.0018761373357847333,511.0
341257,1708.539370256,593.0,2.664618968963623,1.8998010158538818,0.5945042967796326,-0.004798837471753359,518.0
341277,1708.560265532,597.0,2.6526546478271484,1.8801387548446655,0.594714343547821,-0.004518256057053804,510.0
341297,1708.580390743,597.0,2.6454811096191406,1.8693376779556274,0.5946327447891235,-0.003522709710523486,512.0
341317,1708.600841046,596.0,2.648202657699585,1.890091896057129,0.5946683287620544,-0.0027519839350134134,511.0
341337,1708.619688875,596.0,2.656931161880493,1.907419204711914,0.5946143269538879,-0.0026404650416225195,510.0
341357,1708.640269162,598.0,2.6818673610687256,1.9174365997314453,0.5950366258621216,-0.0018535915296524763,510.0
341377,1708.660037446,598.0,2.6693551540374756,1.9062840938568115,0.5949875116348267,-0.0031033093109726906,510.0
341397,1708.680617696,596.0,2.6580312252044678,1.915941596031189,0.5949130654335022,-0.003611266613006592,511.0
341417,1708.700780112,596.0,2.667381525039673,1.9187078475952148,0.5948379039764404,-0.004063627682626247,510.0
341437,1708.720149202,600.0,2.670961618423462,1.8947370052337646,0.5955286622047424,-0.00235557509586215,509.0
341457,1708.74031283,600.0,2.6696979999542236,1.8982300758361816,0.5954957008361816,-0.0009365241858176887,511.0
341477,1708.760263478,597.0,2.656996726989746,1.9084004163742065,0.5955654978752136,-0.00011471891775727272,509.0
341497,1708.780947274,597.0,2.6632978916168213,1.9084765911102295,0.5955508947372437,-0.0016041493508964777,515.0
341517,1708.799928501,597.0,2.66752552986145,1.901383876800537,0.595503568649292,-0.0029108859598636627,515.0
341537,1708.819894895,597.0,2.6719985008239746,1.9026998281478882,0.5955708026885986,-0.0021263803355395794,510.0
341557,1708.83927339,597.0,2.673811197280884,1.9332411289215088,0.5955321192741394,-0.0018421529093757272,521.0
341577,1708.860136183,595.0,2.6452150344848633,1.948073148727417,0.5952160954475403,-0.002610343275591731,512.0
341597,1708.879276268,595.0,2.6400578022003174,1.935755968093872,0.5951572060585022,-0.0034696394577622414,511.0
341617,1708.899559239,596.0,2.667731523513794,1.923092007637024,0.5950568914413452,-0.006162859965115786,515.0
341637,1708.919849559,596.0,2.662194013595581,1.8868159055709839,0.5949098467826843,-0.008167295716702938,524.0
341657,1708.940252233,594.0,2.6472327709198,1.8433680534362793,0.5943986773490906,-0.007014986127614975,513.0
341677,1708.960033524,594.0,2.644011974334717,1.8568929433822632,0.5942971110343933,-0.003141434397548437,513.0
341697,1708.980327037,594.0,2.655191421508789,1.8999937772750854,0.5940043330192566,-0.0018869979539886117,523.0
341717,1708.999345924,594.0,2.6879756450653076,1.9291595220565796,0.5939518809318542,-0.0037152336444705725,529.0
341737,1709.019528551,598.0,2.6877875328063965,1.9288760423660278,0.594454288482666,-0.004072952549904585,564.0
341757,1709.040043315,598.0,2.685288190841675,1.9065254926681519,0.5943490862846375,-0.006229890510439873,577.0
341777,1709.059597565,599.0,2.681577682495117,1.8670254945755005,0.5948917269706726,-0.004747639875859022,585.0
341797,1709.07876023,599.0,2.6723151206970215,1.8285529613494873,0.5948054194450378,-0.003528056899085641,567.0
341817,1709.09982778,599.0,2.6677870750427246,1.82123863697052,0.5947567820549011,-0.001388605567626655,574.0
341837,1709.118930785,602.0,2.6960573196411133,1.8626234531402588,0.5959540605545044,0.001462785410694778,559.0
341857,1709.138385567,602.0,2.7171285152435303,1.8939944505691528,0.5959649682044983,-0.00035252951784059405,575.0
341877,1709.158065713,596.0,2.712181568145752,1.8860467672348022,0.5957736372947693,-0.003063756739720702,554.0
341897,1709.178765353,596.0,2.6883769035339355,1.861676812171936,0.5956918597221375,-0.004957260563969612,565.0
341917,1709.199052407,595.0,2.654677629470825,1.8259562253952026,0.5953153967857361,-0.005080852657556534,554.0
341937,1709.219316442,595.0,2.6421921253204346,1.823282241821289,0.59523606300354,-0.002669346984475851,564.0
341957,1709.238617971,597.0,2.6583986282348633,1.8417352437973022,0.5953420400619507,-0.0005793418968096375,554.0
341977,1709.25937486,597.0,2.670403003692627,1.8523616790771484,0.5953364372253418,1.3450828191707842e-05,566.0
341997,1709.278997896,594.0,2.667407751083374,1.878605842590332,0.5948816537857056,-0.002752286149188876,560.0
342017,1709.299033863,594.0,2.651395559310913,1.8642932176589966,0.5947941541671753,-0.005872054491192102,572.0
342037,1709.319284944,595.0,2.6491212844848633,1.8437364101409912,0.5945329666137695,-0.007156234234571457,558.0
342057,1709.338040609,595.0,2.6697676181793213,1.826393961906433,0.5944021344184875,-0.005656027235090733,576.0
342077,1709.359533918,600.0,2.671236276626587,1.8312976360321045,0.5943140387535095,-0.003289724001660943,560.0
342097,1709.378485495,600.0,2.658123731613159,1.8606488704681396,0.5951857566833496,-0.0010477873729541898,566.0
342117,1709.399046363,600.0,2.633733034133911,1.8539574146270752,0.5951560735702515,-0.0016978902276605368,561.0
342137,1709.419761627,595.0,2.6310906410217285,1.8489171266555786,0.5949285626411438,-0.0032905982807278633,566.0
342157,1709.438355937,595.0,2.6595511436462402,1.8491508960723877,0.5948360562324524,-0.005942945834249258,554.0
342177,1709.459311344,597.0,2.668900489807129,1.8176919221878052,0.5949572324752808,-0.0067562623880803585,566.0
342197,1709.479333146,597.0,2.6467208862304688,1.8010746240615845,0.5948401093482971,-0.004556238651275635,554.0
342217,1709.498381399,596.0,2.632335662841797,1.821643590927124,0.5948483347892761,-0.0014946702867746353,573.0
342237,1709.518544094,596.0,2.6628284454345703,1.8762601613998413,0.5948128700256348,-0.002486994257196784,563.0
342257,1709.538794658,592.0,2.675349712371826,1.8944892883300781,0.5940241813659668,-0.006926531903445721,564.0
342277,1709.55908855,592.0,2.6741747856140137,1.8924267292022705,0.5938498377799988,-0.010484489612281322,553.0
342297,1709.577976385,596.0,2.6497371196746826,1.8457893133163452,0.593867838382721,-0.010958332568407059,565.0
342317,1709.598439629,596.0,2.623455286026001,1.8228245973587036,0.5936772227287292,-0.00756897684186697,555.0
342337,1709.6187252,595.0,2.6233596801757812,1.8590474128723145,0.5936439633369446,-0.0027956401463598013,570.0
342357,1709.639020989,595.0,2.6422841548919678,1.919895887374878,0.5936012864112854,-0.002013376448303461,553.0
342377,1709.659549916,596.0,2.6564667224884033,1.9359819889068604,0.5935313105583191,-0.005321841221302748,569.0
342397,1709.678708061,596.0,2.6480398178100586,1.9092463254928589,0.5936970710754395,-0.009037910029292107,560.0
342417,1709.699134018,596.0,2.6334593296051025,1.8680402040481567,0.5934972763061523,-0.010426661930978298,574.0
342437,1709.718146024,598.0,2.6229779720306396,1.8378911018371582,0.5940205454826355,-0.006283033639192581,553.0
342457,1709.738588694,598.0,2.6305863857269287,1.858159065246582,0.593927264213562,-0.0033368330914527178,565.0
342477,1709.759846252,595.0,2.6359519958496094,1.9051889181137085,0.5939107537269592,-0.003387956880033016,553.0
342497,1709.778748871,595.0,2.6426620483398438,1.9127740859985352,0.593816339969635,-0.006165016908198595,564.0
342517,1709.798956342,594.0,2.646476984024048,1.8876539468765259,0.5935582518577576,-0.008192891255021095,553.0
342537,1709.818032253,594.0,2.6292190551757812,1.8588135242462158,0.5933967232704163,-0.007661418057978153,570.0
342557,1709.838760148,598.0,2.632368326187134,1.8727054595947266,0.5939435362815857,-0.004877893719822168,558.0
342577,1709.86007822,598.0,2.646726369857788,1.895012617111206,0.5938491225242615,-0.004360311198979616,564.0
342597,1709.877707803,595.0,2.6610069274902344,1.9117958545684814,0.5937864184379578,-0.00498469453305006,555.0
342617,1709.89839195,595.0,2.652193784713745,1.8996959924697876,0.5936740636825562,-0.00625886395573616,571.0
342637,1709.918767015,596.0,2.6413962841033936,1.8782316446304321,0.5937929749488831,-0.00668635219335556,556.0
342657,1709.938998502,596.0,2.644862413406372,1.874099612236023,0.5936607718467712,-0.006428951863199472,567.0
342677,1709.957868932,598.0,2.659069776535034,1.8642287254333496,0.5935484766960144,-0.004430421162396669,567.0
342697,1709.978347056,598.0,2.651547431945801,1.8717718124389648,0.5941758751869202,-0.001417731400579214,567.0
342717,1709.998199972,598.0,2.6534290313720703,1.8762164115905762,0.5941290855407715,-0.0036806100979447365,563.0
342737,1710.018965643,596.0,2.653000831604004,1.8475972414016724,0.5942234396934509,-0.006280642934143543,567.0
342757,1710.039923865,596.0,2.6740684509277344,1.8232945203781128,0.5940937399864197,-0.006164535880088806,563.0
342777,1710.060540659,595.0,2.679410696029663,1.817370057106018,0.5940155982971191,-0.003817126154899597,581.0
342797,1710.07871776,595.0,2.68519926071167,1.8452032804489136,0.5939463973045349,-0.003358573652803898,569.0
342817,1710.099554228,594.0,2.667954921722412,1.8518251180648804,0.5936891436576843,-0.005557802971452475,522.0
342837,1710.118052982,594.0,2.648576498031616,1.8458815813064575,0.5935702919960022,-0.005881219636648893,518.0
342857,1710.138538966,596.0,2.649284839630127,1.851905107498169,0.5937339663505554,-0.004617221187800169,513.0
342877,1710.160389508,596.0,2.6607487201690674,1.8792086839675903,0.5936465263366699,-0.004078757483512163,517.0
342897,1710.178819112,593.0,2.6724026203155518,1.8598170280456543,0.5932623147964478,-0.0056976075284183025,512.0
342917,1710.198382671,593.0,2.6788225173950195,1.8421845436096191,0.5931299328804016,-0.0073094964027404785,515.0
342937,1710.218239943,594.0,2.685580015182495,1.8098160028457642,0.5929885506629944,-0.006550330203026533,520.0
342957,1710.238910848,594.0,2.6793692111968994,1.8109118938446045,0.5928584933280945,-0.005862287245690823,511.0
342977,1710.261147442,594.0,2.6799871921539307,1.8111387491226196,0.5927416682243347,-0.005823587533086538,527.0
342997,1710.278309652,594.0,2.6906321048736572,1.8140665292739868,0.5927156805992126,-0.00541816046461463,525.0
343017,1710.298547265,594.0,2.7099528312683105,1.8145852088928223,0.5926114320755005,-0.004876576364040375,514.0
343037,1710.318228752,595.0,2.7182908058166504,1.823512315750122,0.5928124189376831,-0.004070090129971504,511.0
343057,1710.339392626,595.0,2.717559337615967,1.816827416419983,0.5927122831344604,-0.006199430674314499,516.0
343077,1710.360565755,598.0,2.7255680561065674,1.8067601919174194,0.5934067964553833,-0.0054943617433309555,519.0
343097,1710.378649996,598.0,2.7181360721588135,1.7987885475158691,0.5933049917221069,-0.004607300739735365,515.0
343117,1710.399325203,597.0,2.728236198425293,1.8003350496292114,0.5937231183052063,-0.0033118408173322678,511.0
343137,1710.418632581,597.0,2.744866132736206,1.8131015300750732,0.5936529636383057,-0.00381448888219893,510.0
343157,1710.438890473,597.0,2.7357325553894043,1.8139654397964478,0.5940040946006775,-0.0032215930987149477,510.0
343177,1710.45951901,597.0,2.71836519241333,1.8079863786697388,0.5939424633979797,-0.0028467238880693913,512.0
343197,1710.479057268,593.0,2.717207431793213,1.819080114364624,0.5935246348381042,-0.004420990590006113,510.0
343217,1710.498543471,593.0,2.7303879261016846,1.8086254596710205,0.5934164524078369,-0.0062264688313007355,516.0
343237,1710.51853303,596.0,2.756336212158203,1.784087896347046,0.5932941436767578,-0.005540325306355953,519.0
343257,1710.538833913,596.0,2.749558210372925,1.7883853912353516,0.5935180187225342,-0.002063739812001586,514.0
343277,1710.557591956,596.0,2.756791114807129,1.833449363708496,0.5934991240501404,0.000176148401806131,517.0
343297,1710.578128537,596.0,2.753079414367676,1.874208927154541,0.5938071012496948,0.00040786981116980314,523.0
343317,1710.598343502,596.0,2.75289249420166,1.854409098625183,0.5937899351119995,-0.0023224162869155407,510.0
343337,1710.617479585,596.0,2.766876459121704,1.8079161643981934,0.5939616560935974,-0.005320404656231403,518.0
343357,1710.637910566,596.0,2.7602298259735107,1.7642556428909302,0.5938261151313782,-0.0077919685281813145,514.0
343377,1710.65760011,596.0,2.754119634628296,1.7237712144851685,0.5939477682113647,-0.004560932982712984,510.0
343397,1710.677881811,596.0,2.773712396621704,1.765676736831665,0.5939131379127502,0.0010510642314329743,512.0
343417,1710.698278932,593.0,2.8146491050720215,1.842851161956787,0.593562662601471,0.0008744174265302718,509.0
343437,1710.718478489,593.0,2.794581174850464,1.8273305892944336,0.5935301184654236,-0.00433883722871542,509.0
343457,1710.737408198,596.0,2.781201124191284,1.7757738828659058,0.5936818718910217,-0.0069745690561831,509.0
343477,1710.757821749,596.0,2.7630507946014404,1.7439162731170654,0.593550980091095,-0.005785948596894741,509.0
343497,1710.778982599,593.0,2.77626895904541,1.7417546510696411,0.5931797623634338,-0.003945877775549889,509.0
343517,1710.798395854,593.0,2.797044515609741,1.779160737991333,0.5931220054626465,-0.0019744858145713806,511.0
343537,1710.818627861,593.0,2.8272078037261963,1.8238779306411743,0.5930718779563904,-0.003147729439660907,515.0
343557,1710.837910344,594.0,2.821709394454956,1.8414585590362549,0.5930115580558777,-0.00349405687302351,510.0
343577,1710.8583551,594.0,2.8209521770477295,1.8450567722320557,0.5929266810417175,-0.0045707738026976585,518.0
343597,1710.878233528,593.0,2.8039302825927734,1.803227424621582,0.5926910638809204,-0.004060119390487671,513.0
343617,1710.898080619,593.0,2.8288376331329346,1.8282040357589722,0.5926100611686707,-0.004091545939445496,512.0
343637,1710.918833289,596.0,2.8206193447113037,1.842233419418335,0.5929920077323914,-0.003659397130832076,510.0
343657,1710.938070981,596.0,2.7920422554016113,1.826133370399475,0.5929109454154968,-0.004082932602614164,514.0
343677,1710.958260527,597.0,2.801732063293457,1.8333559036254883,0.5934297442436218,-0.002568504773080349,512.0
343697,1710.977717045,597.0,2.8272907733917236,1.8302905559539795,0.5933696627616882,-0.003506189677864313,513.0
343717,1710.998023068,597.0,2.8354413509368896,1.8173209428787231,0.5937697887420654,-0.003424242604523897,516.0
343737,1711.018139775,597.0,2.8409061431884766,1.8279619216918945,0.5937004089355469,-0.003371585626155138,510.0
343757,1711.038513956,594.0,2.8402161598205566,1.812648057937622,0.5934935808181763,-0.003591204062104225,519.0
343777,1711.057661694,594.0,2.829632043838501,1.7931331396102905,0.5934180617332458,-0.003810772905126214,525.0
343797,1711.078499058,598.0,2.835347890853882,1.7955456972122192,0.5939760208129883,-0.0036188014782965183,536.0
343817,1711.097101593,598.0,2.8346731662750244,1.7479397058486938,0.5938968062400818,-0.003786712186411023,535.0
343837,1711.117375792,598.0,2.8259501457214355,1.7369505167007446,0.5938408374786377,-0.0016793760005384684,528.0
343857,1711.13767098,595.0,2.8434245586395264,1.7453057765960693,0.5938703417778015,-0.0008053230121731758,527.0
343877,1711.15744381,595.0,2.8428001403808594,1.7427841424942017,0.5938485264778137,-0.001448554452508688,522.0
343897,1711.178084944,600.0,2.8386425971984863,1.7252577543258667,0.5948067903518677,0.00022015241847839206,523.0
343917,1711.197634154,600.0,2.8403611183166504,1.7417023181915283,0.5948119759559631,0.00039166747592389584,522.0
343937,1711.216988102,594.0,2.840789794921875,1.7536975145339966,0.5944954752922058,-0.0004884753143414855,522.0
343957,1711.237850336,594.0,2.8512089252471924,1.7482869625091553,0.5944814085960388,-0.001118869404308498,525.0
343977,1711.257462939,596.0,2.8642923831939697,1.7282721996307373,0.5945662260055542,-0.0015010775532573462,527.0
343997,1711.277252592,596.0,2.868457555770874,1.729091763496399,0.594531774520874,-0.001856954419054091,528.0
344017,1711.297478093,592.0,2.8571341037750244,1.7231016159057617,0.5938217639923096,-0.00343545014038682,524.0
344037,1711.318069993,592.0,2.8304781913757324,1.7182246446609497,0.5937598347663879,-0.0025894842110574245,531.0
344057,1711.338220106,594.0,2.8348946571350098,1.7250940799713135,0.5935633182525635,-0.0025583733804523945,527.0
344077,1711.357297414,594.0,2.8459153175354004,1.7370967864990234,0.5935094952583313,-0.0028085620142519474,531.0
344097,1711.37762875,596.0,2.8527674674987793,1.7533634901046753,0.5937035083770752,-0.003378531662747264,522.0
344117,1711.396825099,596.0,2.852410078048706,1.7573736906051636,0.5936340093612671,-0.0032508440781384706,523.0
344137,1711.417850107,596.0,2.843735694885254,1.747557520866394,0.5935848951339722,-0.001395388157106936,530.0
344157,1711.437049006,593.0,2.835867404937744,1.76388680934906,0.5932633280754089,0.0003102546907030046,524.0
344177,1711.456382344,593.0,2.8596601486206055,1.8042596578598022,0.593273937702179,0.000659683661069721,531.0
344197,1711.477807315,595.0,2.8758022785186768,1.829961895942688,0.5934236645698547,-0.00032845011446624994,526.0
344217,1711.496677409,595.0,2.8617730140686035,1.8240565061569214,0.5933898091316223,-0.0030846993904560804,531.0
344237,1711.516623207,596.0,2.839078426361084,1.8070600032806396,0.5936254858970642,-0.004671412520110607,527.0
344257,1711.537750822,596.0,2.8247575759887695,1.794776439666748,0.5935217142105103,-0.005506403744220734,524.0
344277,1711.558021395,596.0,2.8343329429626465,1.7821812629699707,0.5937182307243347,-0.003996653947979212,524.0
344297,1711.577454499,596.0,2.843312978744507,1.799185037612915,0.5936599969863892,-0.0015733425971120596,527.0
344317,1711.597704283,597.0,2.830251932144165,1.835192084312439,0.5940698981285095,0.0020649966318160295,521.0
344337,1711.617825286,597.0,2.8016889095306396,1.8662056922912598,0.5941084027290344,0.001309958635829389,522.0
344357,1711.637946816,593.0,2.8108458518981934,1.8524736166000366,0.5936923027038574,-0.0028034637216478586,522.0
344377,1711.65744581,593.0,2.8047828674316406,1.8351351022720337,0.5936041474342346,-0.005609000567346811,522.0
344397,1711.676720528,598.0,2.8094375133514404,1.798971176147461,0.5941101908683777,-0.003945237956941128,529.0
344417,1711.697893769,598.0,2.824597120285034,1.781234860420227,0.5940549969673157,-0.0013346114428713918,522.0
344437,1711.716821681,598.0,2.8668766021728516,1.81235671043396,0.5940545201301575,0.0011974526569247246,530.0
344457,1711.736628973,597.0,2.86957049369812,1.8163734674453735,0.5944671034812927,0.0027616387233138084,523.0
344477,1711.757131195,597.0,2.856550693511963,1.8251346349716187,0.5945193767547607,0.002188226906582713,532.0
344497,1711.778020842,595.0,2.8568990230560303,1.8466624021530151,0.5944380164146423,-0.0017550127813592553,521.0
344517,1711.797116023,595.0,2.845767021179199,1.8061245679855347,0.5943671464920044,-0.004871824290603399,527.0
344537,1711.817469952,593.0,2.8410985469818115,1.7734622955322266,0.5938544869422913,-0.005067765712738037,521.0
344557,1711.836744121,593.0,2.8573555946350098,1.7744405269622803,0.5937763452529907,-0.0026965937577188015,522.0
344577,1711.856458226,600.0,2.862342119216919,1.7943768501281738,0.5947254300117493,0.0013515702448785305,522.0
344597,1711.877046126,600.0,2.862713098526001,1.8416545391082764,0.5947480201721191,0.0002595357655081898,527.0
344617,1711.897455518,598.0,2.8808908462524414,1.8383557796478271,0.595103919506073,-0.0035508484579622746,521.0
344637,1711.917476826,598.0,2.881646156311035,1.7731375694274902,0.5950040817260742,-0.005719832144677639,521.0
344657,1711.936933004,591.0,2.878903388977051,1.7253353595733643,0.593975305557251,-0.006283679511398077,531.0
344677,1711.957334457,591.0,2.858926773071289,1.7239080667495728,0.5938751697540283,-0.003671949729323387,527.0
344697,1711.976730182,595.0,2.835757255554199,1.7064266204833984,0.5938174724578857,-0.0023609998170286417,543.0
344717,1711.997947656,595.0,2.838986873626709,1.7309634685516357,0.5937768220901489,-0.003564858343452215,524.0
344737,1712.017308553,595.0,2.8545479774475098,1.7177985906600952,0.5936825275421143,-0.00588672561571002,529.0
344757,1712.037139819,598.0,2.855926990509033,1.676188349723816,0.5942203998565674,-0.005327976308763027,538.0
344777,1712.057457923,598.0,2.8486223220825195,1.6480234861373901,0.5941227078437805,-0.00418124720454216,520.0
344797,1712.077307524,594.0,2.8436527252197266,1.6441841125488281,0.5938798189163208,-0.0022629410959780216,523.0
344817,1712.096498911,594.0,2.849135398864746,1.6797306537628174,0.5938513875007629,-0.0008329813717864454,521.0
344837,1712.116669984,595.0,2.8476574420928955,1.7006112337112427,0.5938703417778015,-0.002362804487347603,519.0
344857,1712.136980296,595.0,2.8529582023620605,1.705008864402771,0.5938007235527039,-0.00450155371800065,514.0
344877,1712.15735018,594.0,2.8592545986175537,1.6777642965316772,0.5935487151145935,-0.005871182307600975,513.0
344897,1712.176453551,594.0,2.8342647552490234,1.6543409824371338,0.5934303998947144,-0.005749641451984644,510.0
344917,1712.197460891,596.0,2.809154987335205,1.6558300256729126,0.5936284065246582,-0.0032291729003190994,511.0
344937,1712.216970192,596.0,2.8004086017608643,1.6926645040512085,0.5935804843902588,-0.0017774008447304368,510.0
344957,1712.236478353,598.0,2.823784828186035,1.6945163011550903,0.594156801700592,-0.0009301939280703664,522.0
344977,1712.256453317,598.0,2.8275742530822754,1.7118549346923828,0.5941197872161865,-0.0028505418449640274,522.0
344997,1712.276349283,598.0,2.8343002796173096,1.6978105306625366,0.5940504670143127,-0.0035944837145507336,516.0
345017,1712.297125827,597.0,2.833089828491211,1.68080472946167,0.594340443611145,-0.0016395988641306758,511.0
345037,1712.316306398,597.0,2.826392650604248,1.70127272605896,0.59432053565979,-0.0002860472013708204,515.0
345057,1712.33639041,593.0,2.7960407733917236,1.7256842851638794,0.5939173102378845,0.001093524624593556,515.0
345077,1712.356809467,593.0,2.788440465927124,1.7670888900756836,0.5939553380012512,0.0023793133441358805,514.0
345097,1712.377025747,597.0,2.813040256500244,1.7873923778533936,0.5943791270256042,0.0003980382170993835,513.0
345117,1712.396823381,597.0,2.81540846824646,1.7571405172348022,0.5943360328674316,-0.004526886157691479,509.0
345137,1712.416454443,596.0,2.791560173034668,1.6993709802627563,0.5943833589553833,-0.0050342269241809845,512.0
345157,1712.436058609,596.0,2.784123182296753,1.6904066801071167,0.5943195819854736,-0.0010194031056016684,512.0
345177,1712.456804621,596.0,2.7982535362243652,1.7269971370697021,0.5944395661354065,0.0016759991412982345,513.0
345197,1712.477079502,596.0,2.8122293949127197,1.738356113433838,0.594456136226654,-0.0004278526466805488,517.0
345217,1712.496814686,596.0,2.8205044269561768,1.7466427087783813,0.5945015549659729,-0.003594334702938795,510.0
345237,1712.517463565,596.0,2.8193421363830566,1.7240328788757324,0.594423234462738,-0.003598661394789815,514.0
345257,1712.536452624,599.0,2.8144354820251465,1.7042803764343262,0.5950173735618591,-3.727921284735203e-05,510.0
345277,1712.556333133,599.0,2.8265011310577393,1.7109771966934204,0.5950241088867188,0.00019932094437535852,513.0
345297,1712.577310477,599.0,2.832587480545044,1.697031855583191,0.5949997305870056,-0.002522618044167757,514.0
345317,1712.59633372,593.0,2.8256735801696777,1.6671333312988281,0.5943525433540344,-0.004616155289113522,510.0
345337,1712.616988472,593.0,2.8190348148345947,1.665208339691162,0.5942777395248413,-0.0025043212808668613,509.0
345357,1712.63723055,597.0,2.8076014518737793,1.690169334411621,0.5946107506752014,0.0007075216853991151,509.0
345377,1712.656126099,597.0,2.832876443862915,1.7155903577804565,0.5946143269538879,-0.0008061918197199702,513.0
345397,1712.676761981,598.0,2.8450136184692383,1.7015186548233032,0.5950382351875305,-0.0026837403420358896,509.0
345417,1712.696637172,598.0,2.837244987487793,1.6482958793640137,0.5949738621711731,-0.0030899543780833483,511.0
345437,1712.716963142,595.0,2.8382246494293213,1.6308287382125854,0.5947826504707336,-0.0010769750224426389,509.0
345457,1712.736089214,595.0,2.8275258541107178,1.6298434734344482,0.5947762131690979,0.00030563189648091793,508.0
345477,1712.756288631,593.0,2.8067469596862793,1.6449404954910278,0.5942480564117432,-0.0012981243198737502,511.0
345497,1712.775616635,593.0,2.831799268722534,1.6665780544281006,0.5942097306251526,-0.0025222485419362783,511.0
345517,1712.796024604,596.0,2.844902753829956,1.6792969703674316,0.5942842364311218,-0.0035788423847407103,509.0
345537,1712.816130016,596.0,2.828178882598877,1.6758699417114258,0.5942022204399109,-0.004358118399977684,509.0
345557,1712.836716146,595.0,2.7971858978271484,1.6784112453460693,0.5941194295883179,-0.003915125969797373,515.0
345577,1712.85605875,595.0,2.792065143585205,1.665588617324829,0.5939989686012268,-0.004582420457154512,516.0
345597,1712.87680328,595.0,2.779517412185669,1.6433969736099243,0.593903660774231,-0.004340396728366613,514.0
345617,1712.896831275,592.0,2.7762844562530518,1.641653299331665,0.5933047533035278,-0.0045096734538674355,509.0
345637,1712.916964763,592.0,2.762632131576538,1.6530193090438843,0.593226969242096,-0.0033605466596782207,509.0
345657,1712.937053414,595.0,2.7533116340637207,1.662127137184143,0.5933480262756348,-0.0027175131253898144,509.0
345677,1712.956119704,595.0,2.7596230506896973,1.6789242029190063,0.5932762026786804,-0.00451047345995903,515.0
345697,1712.975586012,597.0,2.7784006595611572,1.6751857995986938,0.5937085151672363,-0.005688515957444906,513.0
345717,1712.996018355,597.0,2.793057680130005,1.650207281112671,0.5935893654823303,-0.00567718967795372,511.0
345737,1713.016342018,594.0,2.794010877609253,1.637151837348938,0.5934305787086487,-0.0030451787170022726,518.0
345757,1713.036805434,594.0,2.7828097343444824,1.6693533658981323,0.5933965444564819,-0.0005542730796150863,520.0
345777,1713.056762758,594.0,2.7841434478759766,1.7205116748809814,0.5933010578155518,-0.0010672284988686442,518.0
345797,1713.077452739,594.0,2.8106276988983154,1.7511944770812988,0.5932562351226807,-0.003647114848718047,531.0
345817,1713.095605828,595.0,2.8137853145599365,1.725184679031372,0.5932881236076355,-0.006647160742431879,533.0
345837,1713.116441226,595.0,2.8149282932281494,1.6950231790542603,0.5931452512741089,-0.00706455996260047,522.0
345857,1713.136896348,595.0,2.8020052909851074,1.7038311958312988,0.5930259823799133,-0.004655617289245129,529.0
345877,1713.156551719,596.0,2.7953262329101562,1.7194725275039673,0.5933089852333069,-0.0026971569750458,527.0
345897,1713.176880985,596.0,2.793926239013672,1.7293221950531006,0.5932461023330688,-0.003752546152099967,523.0
345917,1713.197080274,593.0,2.7963149547576904,1.731713056564331,0.5929462313652039,-0.0061678593046963215,524.0
345937,1713.216186751,593.0,2.7933096885681152,1.7302708625793457,0.5928080081939697,-0.0074234274215996265,530.0
345957,1713.236354158,597.0,2.7973833084106445,1.7344197034835815,0.593299925327301,-0.005525595974177122,525.0
345977,1713.257046902,597.0,2.7961814403533936,1.7497514486312866,0.5932084918022156,-0.0035216701216995716,530.0
345997,1713.2763286,593.0,2.7831225395202637,1.7726715803146362,0.5929554104804993,-0.0026864514220505953,522.0
346017,1713.297080989,593.0,2.776946544647217,1.7961843013763428,0.5928892493247986,-0.004141214769333601,524.0
346037,1713.31603959,594.0,2.7746529579162598,1.7996405363082886,0.5928033590316772,-0.006743778008967638,526.0
346057,1713.336883519,594.0,2.7746803760528564,1.7742030620574951,0.5926639437675476,-0.006599231623113155,522.0
346077,1713.356128959,596.0,2.764819860458374,1.7796510457992554,0.5929909348487854,-0.003324650228023529,529.0
346097,1713.376276662,596.0,2.770280599594116,1.7924994230270386,0.5929450988769531,-0.0011975429952144623,522.0
346117,1713.395798463,593.0,2.7696242332458496,1.8260531425476074,0.5929268002510071,-0.001005460973829031,532.0
346137,1713.415715779,593.0,2.7845571041107178,1.843837857246399,0.5926820635795593,-0.004449839238077402,528.0
346157,1713.436438247,593.0,2.7879862785339355,1.8277941942214966,0.5925613641738892,-0.007338528521358967,533.0
346177,1713.45592971,594.0,2.7929141521453857,1.804632544517517,0.5924627184867859,-0.0083411680534482,529.0
346197,1713.475953351,594.0,2.7954752445220947,1.7959461212158203,0.5922985076904297,-0.00790527556091547,528.0
346217,1713.49609564,596.0,2.7846925258636475,1.8125476837158203,0.592709481716156,-0.00453967833891511,522.0
346237,1713.516546019,596.0,2.7872583866119385,1.8386039733886719,0.5926306843757629,-0.0036270173732191324,522.0
346257,1713.53538607,597.0,2.7633004188537598,1.8375146389007568,0.5932055115699768,-0.003392476588487625,522.0
346277,1713.555792476,597.0,2.750640392303467,1.8402596712112427,0.593122124671936,-0.004820056725293398,531.0
346297,1713.576892746,599.0,2.753021717071533,1.8249561786651611,0.5939598083496094,-0.0027737063355743885,522.0
346317,1713.595308812,599.0,2.769348382949829,1.8126332759857178,0.5939161777496338,-0.0015326575376093388,525.0
346337,1713.616749996,595.0,2.782241106033325,1.8485500812530518,0.5938867330551147,-0.001561577315442264,522.0
346357,1713.636067217,595.0,2.780581474304199,1.8580034971237183,0.5938476324081421,-0.002312134485691786,521.0
346377,1713.656829016,596.0,2.7804150581359863,1.87076735496521,0.5939954519271851,-0.0022821626625955105,522.0
346397,1713.677731588,596.0,2.782993793487549,1.884686827659607,0.5939573049545288,-0.0015584529610350728,530.0
346417,1713.696614235,597.0,2.7741918563842773,1.8815181255340576,0.5939307808876038,-0.0009541664621792734,522.0
346437,1713.716847287,597.0,2.7731966972351074,1.8752782344818115,0.5942859053611755,-2.6542700652498752e-05,521.0
346457,1713.736817155,597.0,2.791168212890625,1.8747248649597168,0.5942800641059875,-0.0004340466985013336,532.0
346477,1713.755575715,595.0,2.8098392486572266,1.8836992979049683,0.5941966772079468,-0.0002623108448460698,522.0
346497,1713.777570275,595.0,2.8038904666900635,1.89653742313385,0.5941944718360901,0.0001929472346091643,523.0
346517,1713.796390705,597.0,2.7998340129852295,1.9214431047439575,0.5945469737052917,0.00010585068230284378,521.0
346537,1713.81655528,597.0,2.7867746353149414,1.9254047870635986,0.5945206880569458,-0.0028973498847335577,522.0
346557,1713.835824021,596.0,2.7807583808898926,1.92116117477417,0.5945404767990112,-0.005471960641443729,526.0
346577,1713.855720657,596.0,2.7702648639678955,1.889025092124939,0.5944141149520874,-0.006256714463233948,523.0
346597,1713.878581944,596.0,2.7625842094421387,1.865350365638733,0.5944359302520752,-0.004208846017718315,522.0
346617,1713.895868899,596.0,2.7652060985565186,1.8855894804000854,0.5943716764450073,-0.002275348175317049,525.0
346637,1713.91556351,595.0,2.7792890071868896,1.9095665216445923,0.5942478179931641,-0.00149520521517843,528.0
346657,1713.935286934,595.0,2.7777023315429688,1.919923186302185,0.5942190289497375,-0.0016062482027336955,524.0
346677,1713.95625795,597.0,2.7770755290985107,1.9242379665374756,0.5944883823394775,-0.001983548980206251,525.0
346697,1713.978147427,597.0,2.7830655574798584,1.921439290046692,0.5944308042526245,-0.0037833016831427813,522.0
346717,1713.995707566,597.0,2.7922284603118896,1.9123162031173706,0.5943427681922913,-0.004785226657986641,527.0
346737,1714.016643167,595.0,2.7757372856140137,1.8939822912216187,0.5941591858863831,-0.004354315809905529,538.0
346757,1714.036901585,595.0,2.7790372371673584,1.8963009119033813,0.5940840840339661,-0.0031353237573057413,511.0
346777,1714.055912201,599.0,2.77785062789917,1.9139748811721802,0.5947379469871521,-0.00192449358291924,518.0
346797,1714.076788078,599.0,2.777979850769043,1.8998291492462158,0.5946892499923706,-0.002687672385945916,527.0
346817,1714.095026228,598.0,2.7790474891662598,1.8988381624221802,0.5950955152511597,-0.0017814083257690072,521.0
346837,1714.11538994,598.0,2.774656295776367,1.8970537185668945,0.5950660109519958,-0.0009528497466817498,517.0
346857,1714.134916957,596.0,2.7645440101623535,1.8880800008773804,0.5950632095336914,0.0001719741994747892,513.0
346877,1714.155411709,596.0,2.7619826793670654,1.9289429187774658,0.5950667858123779,0.0001132647885242477,518.0
346897,1714.176803244,595.0,2.765970230102539,1.9463555812835693,0.5948663353919983,-0.002170786028727889,517.0
346917,1714.195247197,595.0,2.7673213481903076,1.943408727645874,0.5948122143745422,-0.0028976849280297756,510.0
346937,1714.214999885,596.0,2.7632875442504883,1.9325649738311768,0.5947750806808472,-0.002827503951266408,516.0
346957,1714.235476936,596.0,2.7745401859283447,1.938645601272583,0.5947138667106628,-0.003350695362314582,513.0
346977,1714.255654531,596.0,2.7778098583221436,1.9431073665618896,0.5946382284164429,-0.003942332696169615,513.0
346997,1714.277301339,596.0,2.7553577423095703,1.9265077114105225,0.5946054458618164,-0.0032478489447385073,510.0
347017,1714.294949509,596.0,2.7555291652679443,1.9402645826339722,0.594545304775238,-0.0026951006148010492,517.0
347037,1714.31547756,600.0,2.7650632858276367,1.9506982564926147,0.5953134298324585,-0.0013935796450823545,515.0
347057,1714.335813235,600.0,2.756977081298828,1.9559286832809448,0.5952663421630859,-0.003244895488023758,510.0
347077,1714.355822996,595.0,2.752471685409546,1.9432374238967896,0.5949699878692627,-0.004224052187055349,514.0
347097,1714.375745907,595.0,2.7589645385742188,1.932982325553894,0.5948951244354248,-0.003147633047774434,510.0
347117,1714.396313868,594.0,2.752084970474243,1.924087405204773,0.5945050120353699,-0.0027947931084781885,510.0
347137,1714.416267899,594.0,2.750629425048828,1.9384560585021973,0.5944545269012451,-0.0024347929283976555,514.0
347157,1714.435768368,596.0,2.7544212341308594,1.9467849731445312,0.5945150256156921,-0.0033867910970002413,509.0
347177,1714.455767665,596.0,2.758119583129883,1.9403648376464844,0.594428300857544,-0.00512330187484622,513.0
347197,1714.47598128,594.0,2.744597911834717,1.9193745851516724,0.5940794944763184,-0.006184066645801067,518.0
347217,1714.495451818,594.0,2.754326581954956,1.9160255193710327,0.5939569473266602,-0.005906319711357355,511.0
347237,1714.51577122,595.0,2.7713987827301025,1.9207029342651367,0.5938510894775391,-0.005033615976572037,509.0
347257,1714.535097789,595.0,2.782637119293213,1.9192376136779785,0.5937527418136597,-0.004819461610168219,510.0
347277,1714.555322391,596.0,2.7641520500183105,1.9125772714614868,0.5936564803123474,-0.004827043507248163,521.0
347297,1714.574805365,596.0,2.753229856491089,1.9288876056671143,0.5937923789024353,-0.004584161099046469,516.0
347317,1714.595936426,596.0,2.7607011795043945,1.9297385215759277,0.5936864018440247,-0.0057586864568293095,517.0
347337,1714.615338376,597.0,2.7781317234039307,1.9051663875579834,0.593995213508606,-0.003796423552557826,509.0
347357,1714.636069178,597.0,2.778982400894165,1.9158222675323486,0.5939280986785889,-0.003197532147169113,510.0
347377,1714.655821118,597.0,2.7682740688323975,1.9385114908218384,0.5942689776420593,-0.003676247550174594,509.0
347397,1714.674769155,597.0,2.7541003227233887,1.9260976314544678,0.5941792130470276,-0.004939665086567402,519.0
347417,1714.695691984,597.0,2.757824659347534,1.917794108390808,0.5944497585296631,-0.0038365409709513187,509.0
347437,1714.714984989,597.0,2.770670175552368,1.9204951524734497,0.5943751931190491,-0.0036637582816183567,514.0
347457,1714.735504779,600.0,2.763333320617676,1.911726951599121,0.5951811075210571,-0.0020024008117616177,509.0
347477,1714.754675518,600.0,2.76263165473938,1.911145567893982,0.5951384902000427,-0.0021249158307909966,509.0
347497,1714.77544593,597.0,2.7596354484558105,1.8992558717727661,0.5952784419059753,-0.0012583775678649545,510.0
347517,1714.794681635,597.0,2.754002571105957,1.9034650325775146,0.5952524542808533,-0.0012824722798541188,511.0
347537,1714.815142216,592.0,2.749584197998047,1.9322187900543213,0.5944071412086487,-0.004327718168497086,511.0
347557,1714.834884355,592.0,2.7417123317718506,1.943967580795288,0.5943036079406738,-0.005730473902076483,509.0
347577,1714.855116802,592.0,2.7220935821533203,1.9618827104568481,0.5941859483718872,-0.005967309698462486,515.0
347597,1714.874859237,598.0,2.7139229774475098,1.9732716083526611,0.5945773124694824,-0.005007858853787184,510.0
347617,1714.895809173,598.0,2.714773178100586,1.9638786315917969,0.5944785475730896,-0.00465937377884984,510.0
347637,1714.914856293,598.0,2.707927942276001,1.9507313966751099,0.5948477983474731,-0.003294906811788678,509.0
347657,1714.934905294,598.0,2.711353302001953,1.9524822235107422,0.5947763919830322,-0.0038878698833286762,512.0
347677,1714.95614733,598.0,2.7097575664520264,1.9339468479156494,0.5951460599899292,-0.0030699106864631176,512.0
347697,1714.974884363,598.0,2.6987688541412354,1.931680679321289,0.5950906872749329,-0.0024439822882413864,512.0
347717,1714.995025218,599.0,2.6913371086120605,1.9327123165130615,0.5956239104270935,-0.00039849409949965775,513.0
347737,1715.014820343,599.0,2.6938440799713135,1.9555333852767944,0.5956162810325623,-0.0005443754489533603,516.0
347757,1715.034816054,597.0,2.685579538345337,1.9665833711624146,0.5956852436065674,-0.0012501351302489638,512.0
347777,1715.054660154,597.0,2.695478916168213,1.9654603004455566,0.5956588983535767,-0.0014506112784147263,519.0
347797,1715.076085295,596.0,2.6995322704315186,1.956357479095459,0.5954820513725281,-0.0028980360366404057,537.0
347817,1715.09462741,596.0,2.6837987899780273,1.9417005777359009,0.5954102277755737,-0.004110370296984911,534.0
347837,1715.115814936,600.0,2.680316686630249,1.9475911855697632,0.5953205227851868,-0.004608477000147104,531.0
347857,1715.135808263,600.0,2.6756200790405273,1.9618802070617676,0.595931887626648,-0.0018024896271526814,527.0
347877,1715.155641184,600.0,2.6715264320373535,1.9668081998825073,0.5958974957466125,-0.002023461274802685,531.0
347897,1715.175078505,599.0,2.6781136989593506,1.958923578262329,0.5962308049201965,-0.0018728410359472036,528.0
347917,1715.194719807,599.0,2.672471284866333,1.951331377029419,0.5961896777153015,-0.002112672198563814,522.0
347937,1715.215815976,599.0,2.6607120037078857,1.9445500373840332,0.5964823961257935,-2.212081744801253e-05,527.0
347957,1715.235343133,599.0,2.653911590576172,1.972535490989685,0.5964966416358948,0.0012192403664812446,526.0
347977,1715.255356397,598.0,2.664323568344116,1.9817399978637695,0.5966241359710693,0.00033931739744730294,531.0
347997,1715.275080408,598.0,2.677645206451416,1.982731819152832,0.5966065526008606,-0.0020150060299783945,524.0
348017,1715.295146518,596.0,2.672898769378662,1.943182110786438,0.5962785482406616,-0.003250130685046315,525.0
348037,1715.315874398,596.0,2.6574110984802246,1.9231141805648804,0.5962197780609131,-0.0022538756020367146,528.0
348057,1715.335320557,596.0,2.6532180309295654,1.9230705499649048,0.5959968566894531,-0.0005184079054743052,531.0
348077,1715.355611439,596.0,2.6614410877227783,1.9534568786621094,0.5959979891777039,0.00047527399146929383,527.0
348097,1715.374812256,596.0,2.67973256111145,1.9584283828735352,0.5957953929901123,-0.0005408837459981441,528.0
348117,1715.395098657,596.0,2.7010653018951416,1.9523849487304688,0.5957724452018738,-0.0017057210206985474,522.0
348137,1715.414217725,596.0,2.7095091342926025,1.9344321489334106,0.5957252979278564,-0.002914694370701909,535.0
348157,1715.434750291,596.0,2.7005231380462646,1.9163174629211426,0.5954948663711548,-0.00407041609287262,522.0
348177,1715.454799126,596.0,2.6887285709381104,1.916316032409668,0.5954214930534363,-0.0030004021245986223,530.0
348197,1715.475419601,595.0,2.6939523220062256,1.931248664855957,0.5950862765312195,-0.0025094158481806517,524.0
348217,1715.495133672,595.0,2.7110517024993896,1.9630569219589233,0.595026433467865,-0.003605741309002042,522.0
348237,1715.514241058,598.0,2.702519655227661,1.9549925327301025,0.5952799916267395,-0.005430655553936958,523.0
348257,1715.534628301,598.0,2.6923367977142334,1.9437763690948486,0.5951521992683411,-0.00694457720965147,522.0
348277,1715.55524658,594.0,2.6725823879241943,1.9108073711395264,0.5946447253227234,-0.00685863709077239,524.0
348297,1715.574816406,594.0,2.6641769409179688,1.9007236957550049,0.5945272445678711,-0.0047671920619904995,527.0
348317,1715.594953634,595.0,2.655038356781006,1.9037505388259888,0.5943843126296997,-0.003205754328519106,525.0
348337,1715.615074081,595.0,2.6456551551818848,1.9382643699645996,0.5943236351013184,-0.0032586746383458376,521.0
348357,1715.634898008,597.0,2.640460729598999,1.9411448240280151,0.5945838689804077,-0.004267690237611532,527.0
348377,1715.654858387,597.0,2.644717216491699,1.9158101081848145,0.5944836735725403,-0.0053483871743083,522.0
348397,1715.675600261,596.0,2.6677894592285156,1.9004065990447998,0.5944848656654358,-0.004185613710433245,521.0
348417,1715.695496833,596.0,2.6804096698760986,1.9095630645751953,0.5944201946258545,-0.002233314560726285,522.0
348437,1715.715551152,596.0,2.6630749702453613,1.9177392721176147,0.5943922996520996,-0.0006006044568493962,528.0
348457,1715.734407666,598.0,2.6330649852752686,1.9194787740707397,0.5948606729507446,-0.0005405769916251302,523.0
348477,1715.75459067,598.0,2.6341772079467773,1.909828543663025,0.5948213934898376,-0.0034699109382927418,528.0
348497,1715.774490681,596.0,2.6563587188720703,1.898362398147583,0.5947496891021729,-0.0055189840495586395,527.0
348517,1715.795069703,596.0,2.6870954036712646,1.8824288845062256,0.5946407318115234,-0.004836292937397957,521.0
348537,1715.814814863,598.0,2.6800577640533447,1.889563798904419,0.5950601100921631,-0.000649834459181875,523.0
348557,1715.835462225,598.0,2.661532163619995,1.9310615062713623,0.595060408115387,0.00029338596505112946,522.0
348577,1715.854328464,597.0,2.674159526824951,1.9438790082931519,0.5952440500259399,-0.001757620251737535,522.0
348597,1715.87514917,597.0,2.7010250091552734,1.9312996864318848,0.5951725840568542,-0.005364903714507818,529.0
348617,1715.895035644,597.0,2.714437246322632,1.8831455707550049,0.595230221748352,-0.006532192695885897,526.0
348637,1715.915462487,597.0,2.689094305038452,1.8439887762069702,0.5951117873191833,-0.005016823764890432,521.0
348657,1715.935408826,596.0,2.6710927486419678,1.8340954780578613,0.59502112865448,-0.002065999899059534,525.0
348677,1715.954441687,596.0,2.675222635269165,1.8653655052185059,0.594995379447937,-0.0009255692129954696,526.0
348697,1715.975127478,598.0,2.6933178901672363,1.892143726348877,0.5953193306922913,-0.0022205959539860487,525.0
348717,1715.994651255,598.0,2.7021918296813965,1.8827615976333618,0.5952560305595398,-0.0038706010673195124,530.0
348737,1716.01539614,598.0,2.703106641769409,1.873718023300171,0.5951762199401855,-0.003933187574148178,531.0
348757,1716.034888255,596.0,2.6857309341430664,1.8800196647644043,0.5950543284416199,-0.0033113190438598394,547.0
348777,1716.055032441,596.0,2.6577727794647217,1.883009672164917,0.5949928760528564,-0.0028188249561935663,511.0
348797,1716.074634808,601.0,2.6561992168426514,1.8825676441192627,0.5958726406097412,-0.0005590913933701813,537.0
348817,1716.094915796,601.0,2.685608386993408,1.890365719795227,0.5958498120307922,-0.0020361714996397495,523.0
348837,1716.114172579,594.0,2.698946952819824,1.8856236934661865,0.5952679514884949,-0.005778849124908447,523.0
348857,1716.134835634,594.0,2.6770405769348145,1.8560028076171875,0.5951442122459412,-0.0059263575822114944,518.0
348877,1716.154623625,594.0,2.6420109272003174,1.8345212936401367,0.5946955680847168,-0.0030212304554879665,510.0
348897,1716.175104135,594.0,2.6395456790924072,1.8766849040985107,0.5946692824363708,-7.281723810592666e-05,510.0
348917,1716.195351227,595.0,2.6555285453796387,1.904675006866455,0.5945596694946289,-0.0018288373248651624,511.0
348937,1716.214421908,595.0,2.6661055088043213,1.9153273105621338,0.5944896340370178,-0.00521307485178113,509.0
348957,1716.234812403,597.0,2.6777923107147217,1.9052873849868774,0.5946535468101501,-0.006376573815941811,514.0
348977,1716.254453556,597.0,2.649832248687744,1.8782105445861816,0.594525933265686,-0.006012941710650921,520.0
348997,1716.273675741,597.0,2.632023811340332,1.8590755462646484,0.5944200754165649,-0.00446626590564847,520.0
349017,1716.295310386,597.0,2.6352057456970215,1.8773324489593506,0.5946418046951294,-0.002585639711469412,512.0
349037,1716.314634925,597.0,2.6350319385528564,1.9046630859375,0.5945783257484436,-0.0038200297858566046,518.0
349057,1716.334869781,596.0,2.6232948303222656,1.9095638990402222,0.5945456027984619,-0.0061788964085280895,515.0
349077,1716.35462665,596.0,2.621446132659912,1.881514072418213,0.5944051146507263,-0.007734247948974371,509.0
349097,1716.374058456,598.0,2.6191675662994385,1.8500324487686157,0.594796359539032,-0.0060129668563604355,514.0
349117,1716.395551458,598.0,2.6029837131500244,1.8338279724121094,0.5946844816207886,-0.005157297942787409,516.0
349137,1716.414338621,597.0,2.5790657997131348,1.8299988508224487,0.5948916673660278,-0.002741718664765358,510.0
349157,1716.43478,597.0,2.5804073810577393,1.8575164079666138,0.5948469042778015,-0.002229321515187621,511.0
349177,1716.455384498,600.0,2.581148862838745,1.8679454326629639,0.5955917239189148,-0.002999992575496435,514.0
349197,1716.473858108,600.0,2.5827560424804688,1.8478360176086426,0.5955082774162292,-0.005032294429838657,513.0
349217,1716.494544429,594.0,2.5987751483917236,1.8407059907913208,0.5949888825416565,-0.0054581076838076115,512.0
349237,1716.514831347,594.0,2.606201648712158,1.8493536710739136,0.5948891639709473,-0.004561194218695164,511.0
349257,1716.534118761,594.0,2.6029105186462402,1.8457385301589966,0.5944561958312988,-0.00543416291475296,512.0
349277,1716.55467196,594.0,2.5982022285461426,1.816749095916748,0.5943537354469299,-0.004946103785187006,512.0
349297,1716.573833711,594.0,2.5955605506896973,1.8210195302963257,0.5942401885986328,-0.006654921919107437,518.0
349317,1716.593971214,599.0,2.609614133834839,1.7989212274551392,0.5948047637939453,-0.007216033525764942,517.0
349337,1716.61441486,599.0,2.6200294494628906,1.7685937881469727,0.5946529507637024,-0.007545642089098692,509.0
349357,1716.634544908,596.0,2.6336331367492676,1.7518479824066162,0.5945926904678345,-0.004453112371265888,509.0
349377,1716.653691161,596.0,2.6412036418914795,1.7801450490951538,0.594529390335083,-0.0019961874932050705,510.0
349397,1716.674570549,596.0,2.638092279434204,1.8075224161148071,0.5946314334869385,-0.0004536470223683864,509.0
349417,1716.6937074,596.0,2.646505832672119,1.8397403955459595,0.5946125388145447,-0.0018204071093350649,510.0
349437,1716.714516062,597.0,2.648455858230591,1.8194591999053955,0.594853937625885,-0.002924005500972271,509.0
349457,1716.73457949,597.0,2.6350202560424805,1.8068574666976929,0.5947785973548889,-0.004461628384888172,509.0
349477,1716.754898513,596.0,2.6304337978363037,1.8082466125488281,0.5947666168212891,-0.004507728386670351,509.0
349497,1716.773445294,596.0,2.635599136352539,1.8037843704223633,0.5946909189224243,-0.002889447845518589,509.0
349517,1716.793842098,593.0,2.635287284851074,1.832737922668457,0.5941838026046753,-0.0031816205009818077,510.0
349537,1716.814539968,593.0,2.6560540199279785,1.854871153831482,0.5941070914268494,-0.004679895006120205,509.0
349557,1716.835123371,598.0,2.6632328033447266,1.8645727634429932,0.5945308208465576,-0.00681925006210804,509.0
349577,1716.854329221,598.0,2.6411783695220947,1.842107892036438,0.5943730473518372,-0.008525758981704712,509.0
349597,1716.873900262,598.0,2.605940103530884,1.8107491731643677,0.5941979289054871,-0.007829578593373299,517.0
349617,1716.89472096,595.0,2.5977237224578857,1.8145875930786133,0.5940156579017639,-0.0063577452674508095,509.0
349637,1716.913743365,595.0,2.597825050354004,1.827656865119934,0.5939034819602966,-0.004918944090604782,510.0
349657,1716.934265977,595.0,2.614292621612549,1.8616012334823608,0.5938167572021484,-0.005468188319355249,509.0
349677,1716.953369398,595.0,2.6061477661132812,1.863512396812439,0.5936930179595947,-0.006831261329352856,514.0
349697,1716.973887971,594.0,2.5880041122436523,1.8411935567855835,0.5934564471244812,-0.008480921387672424,518.0
349717,1716.993221423,594.0,2.5712690353393555,1.8118115663528442,0.5932753682136536,-0.009449230507016182,512.0
349737,1717.013726024,598.0,2.5721635818481445,1.8121845722198486,0.593845546245575,-0.008048325777053833,513.0
349757,1717.033470254,598.0,2.580725908279419,1.7840099334716797,0.5936850309371948,-0.007759793661534786,510.0
349777,1717.053964283,594.0,2.5804076194763184,1.7920869588851929,0.5934638977050781,-0.007106788456439972,518.0
349797,1717.074099603,594.0,2.560034990310669,1.8018254041671753,0.5933239459991455,-0.006794448010623455,539.0
349817,1717.093311409,592.0,2.5520589351654053,1.8164317607879639,0.5927839875221252,-0.007127913646399975,535.0
349837,1717.113461206,592.0,2.5726914405822754,1.8339368104934692,0.5926388502120972,-0.007583283353596926,529.0
349857,1717.13392569,594.0,2.573582410812378,1.840394139289856,0.5924659967422485,-0.009741135872900486,527.0
349877,1717.153456973,594.0,2.569845199584961,1.8208403587341309,0.5923594236373901,-0.010660608299076557,522.0
349897,1717.173552825,594.0,2.5771570205688477,1.8269826173782349,0.5921536684036255,-0.009513789787888527,531.0
349917,1717.193115516,594.0,2.5726420879364014,1.8300955295562744,0.5921457409858704,-0.0070967162027955055,527.0
349937,1717.213621526,594.0,2.5741989612579346,1.8482760190963745,0.5920073986053467,-0.006986030377447605,522.0
349957,1717.233452265,593.0,2.569115400314331,1.8623262643814087,0.591830849647522,-0.010660327970981598,526.0
349977,1717.253435996,593.0,2.5667572021484375,1.825916051864624,0.5915799140930176,-0.014043430797755718,533.0
349997,1717.273514298,597.0,2.575552225112915,1.784569263458252,0.5922055244445801,-0.01190498098731041,534.0
350017,1717.293282717,597.0,2.5921308994293213,1.775817632675171,0.5919966101646423,-0.008880991488695145,523.0
350037,1717.313637071,593.0,2.589207887649536,1.7817730903625488,0.5918971300125122,-0.006600286811590195,528.0
350057,1717.333824995,593.0,2.5923023223876953,1.8203332424163818,0.591770350933075,-0.006388504523783922,530.0
350077,1717.353057936,594.0,2.610328435897827,1.8602486848831177,0.5918853878974915,-0.009492678567767143,525.0
350097,1717.373828395,594.0,2.601874589920044,1.8255623579025269,0.5916497111320496,-0.013543985784053802,524.0
350117,1717.392525701,594.0,2.602630853652954,1.7659560441970825,0.591686487197876,-0.01179912593215704,526.0
350137,1717.413245992,594.0,2.599027633666992,1.7857120037078857,0.5914902091026306,-0.007788842543959618,533.0
350157,1717.433504161,594.0,2.6131503582000732,1.8127110004425049,0.5913546085357666,-0.006174267269670963,530.0
350177,1717.453551678,595.0,2.6172871589660645,1.8119419813156128,0.5917218923568726,-0.007247626781463623,531.0
350197,1717.472851583,595.0,2.6081349849700928,1.7865506410598755,0.5915378928184509,-0.010946445167064667,523.0
350217,1717.494335424,599.0,2.6050045490264893,1.747563123703003,0.5925363898277283,-0.009172025136649609,534.0
350237,1717.513300833,599.0,2.601834297180176,1.7215451002120972,0.5923708081245422,-0.007235919125378132,534.0
350257,1717.533547513,595.0,2.6084468364715576,1.7346761226654053,0.592562198638916,-0.003951581660658121,522.0
350277,1717.552742912,595.0,2.5987164974212646,1.7403095960617065,0.5924965739250183,-0.003017111448571086,530.0
350297,1717.572915785,595.0,2.598698139190674,1.7549399137496948,0.592758297920227,-0.003630605526268482,526.0
350317,1717.592532038,595.0,2.585522174835205,1.7593635320663452,0.5926574468612671,-0.006528210360556841,525.0
350337,1717.612094233,593.0,2.572871685028076,1.7319682836532593,0.5924355983734131,-0.008545641787350178,526.0
350357,1717.632895661,593.0,2.5701873302459717,1.7042236328125,0.5922879576683044,-0.005670146085321903,528.0
350377,1717.65314954,597.0,2.576669454574585,1.7330901622772217,0.5929545164108276,-0.0006358615355566144,522.0
350397,1717.673534884,597.0,2.605329751968384,1.7655788660049438,0.5929409265518188,-0.0011326390085741878,521.0
350417,1717.693051303,599.0,2.6178390979766846,1.773881196975708,0.5938449501991272,-0.002037199679762125,522.0
350437,1717.713120294,599.0,2.6214375495910645,1.7565444707870483,0.5937778353691101,-0.004206195939332247,522.0
350457,1717.73226653,599.0,2.620673894882202,1.7436466217041016,0.593692421913147,-0.004035055171698332,528.0
350477,1717.752459802,595.0,2.615002155303955,1.738832950592041,0.5936875939369202,-0.0021787723526358604,521.0
350497,1717.773213531,595.0,2.6092376708984375,1.7837209701538086,0.5936582088470459,-0.0008757775067351758,522.0
350517,1717.794033325,596.0,2.621903419494629,1.8206619024276733,0.5938892960548401,-0.0012182180071249604,524.0
350537,1717.813090864,596.0,2.617563247680664,1.8299025297164917,0.5938373804092407,-0.003940171096473932,524.0
350557,1717.833545197,590.0,2.6067745685577393,1.8184564113616943,0.592853844165802,-0.0077453311532735825,521.0
350577,1717.852737592,590.0,2.60603404045105,1.8129295110702515,0.5926825404167175,-0.00848417915403843,525.0
350597,1717.873063062,597.0,2.6084282398223877,1.8032792806625366,0.5931944251060486,-0.006795884110033512,523.0
350617,1717.893376865,597.0,2.6017184257507324,1.8100543022155762,0.5930802226066589,-0.004344645421952009,522.0
350637,1717.912116075,596.0,2.600658655166626,1.834457278251648,0.5934129357337952,-0.002150443382561207,524.0
350657,1717.933742223,596.0,2.5990731716156006,1.8564687967300415,0.5933505296707153,-0.0042501287534832954,525.0
350677,1717.952597892,595.0,2.5883796215057373,1.8524940013885498,0.5933964252471924,-0.007082914933562279,526.0
350697,1717.972871945,595.0,2.5765926837921143,1.8263550996780396,0.5932390689849854,-0.008249460719525814,529.0
350717,1717.995236015,595.0,2.5737788677215576,1.811816692352295,0.5930811762809753,-0.0073115224950015545,526.0
350737,1718.013107729,595.0,2.60099720954895,1.8167864084243774,0.5931242108345032,-0.005914530251175165,525.0
350757,1718.032906618,595.0,2.622415781021118,1.818105697631836,0.5930182933807373,-0.004580695182085037,540.0
350777,1718.053037333,598.0,2.6210031509399414,1.8382490873336792,0.593704104423523,-0.0014995867386460304,541.0
350797,1718.075692358,598.0,2.6247782707214355,1.8652491569519043,0.5936700701713562,-0.002264652168378234,521.0
350817,1718.094122479,595.0,2.6315059661865234,1.87860906124115,0.593654453754425,-0.0046321614645421505,520.0
350837,1718.112809191,595.0,2.6425931453704834,1.8598977327346802,0.5935368537902832,-0.006992937531322241,526.0
350857,1718.133260272,597.0,2.654792547225952,1.819283366203308,0.5939068794250488,-0.006207194644957781,519.0
350877,1718.15355336,597.0,2.6484060287475586,1.8044060468673706,0.5938004851341248,-0.004109515342861414,520.0
350897,1718.172761505,594.0,2.6351006031036377,1.8286426067352295,0.5936311483383179,-0.002107002306729555,514.0
350917,1718.193875749,594.0,2.645932674407959,1.870152235031128,0.5935768485069275,-0.003775279736146331,520.0
350937,1718.212380462,595.0,2.642946720123291,1.8749542236328125,0.5935824513435364,-0.006800857372581959,527.0
350957,1718.233261979,595.0,2.6442482471466064,1.855273962020874,0.5934231877326965,-0.008716234937310219,524.0
350977,1718.253552228,594.0,2.657182216644287,1.8499547243118286,0.5932556390762329,-0.007595313712954521,523.0
350997,1718.272256036,594.0,2.642742156982422,1.847490906715393,0.5930611491203308,-0.006101323291659355,519.0
351017,1718.294606031,594.0,2.6330347061157227,1.8615965843200684,0.5929421186447144,-0.005932237952947617,525.0
351037,1718.312239465,593.0,2.6273977756500244,1.8633126020431519,0.5926216244697571,-0.007470973301678896,524.0
351057,1718.332258074,593.0,2.6307075023651123,1.8596398830413818,0.5924676060676575,-0.007665830198675394,517.0
351077,1718.35236061,596.0,2.643744945526123,1.8542940616607666,0.5928025841712952,-0.0053513082675635815,515.0
351097,1718.37226024,596.0,2.64927077293396,1.8505134582519531,0.5927076935768127,-0.004242748487740755,525.0
351117,1718.393512389,597.0,2.639009714126587,1.8559825420379639,0.5932912230491638,-0.003119734348729253,516.0
351137,1718.413130537,597.0,2.648723840713501,1.8638099431991577,0.5932186841964722,-0.0041146171279251575,522.0
351157,1718.433322839,596.0,2.6522040367126465,1.8662607669830322,0.5934993028640747,-0.004348168149590492,522.0
351177,1718.452552235,596.0,2.6573212146759033,1.8720059394836426,0.5934009552001953,-0.005357764195650816,527.0
351197,1718.472598004,598.0,2.659381628036499,1.860903024673462,0.5939937829971313,-0.004858396481722593,518.0
351217,1718.493118755,598.0,2.662074327468872,1.8486469984054565,0.5938887000083923,-0.0054052481427788734,518.0
351237,1718.513527823,594.0,2.638617992401123,1.81636381149292,0.5936362743377686,-0.004429232329130173,522.0
351257,1718.532224657,594.0,2.633840322494507,1.8139986991882324,0.5935591459274292,-0.0033530930522829294,516.0
351277,1718.552709698,594.0,2.6281790733337402,1.813759446144104,0.593488872051239,-0.003914884757250547,523.0
351297,1718.573076504,595.0,2.637490749359131,1.7998454570770264,0.5934905409812927,-0.00500721437856555,519.0
351317,1718.592096364,595.0,2.62495756149292,1.7919870615005493,0.5933821201324463,-0.005563599523156881,509.0
351337,1718.611606485,592.0,2.629382848739624,1.7805814743041992,0.5928186178207397,-0.005768863018602133,517.0
351357,1718.631078545,592.0,2.640857458114624,1.8024287223815918,0.5927127599716187,-0.0048360079526901245,516.0
351377,1718.651637062,595.0,2.6370460987091064,1.7878237962722778,0.5928577780723572,-0.0039171273820102215,512.0
351397,1718.671614708,595.0,2.6474931240081787,1.7619723081588745,0.5927895307540894,-0.00294873327948153,512.0
351417,1718.691763101,594.0,2.6605305671691895,1.7693719863891602,0.5928139090538025,-0.002512893173843622,512.0
351437,1718.711024699,594.0,2.6540770530700684,1.7667509317398071,0.5927607417106628,-0.0027704827953130007,515.0
351457,1718.732937971,597.0,2.6586101055145264,1.7739877700805664,0.5933502316474915,-0.0016182372346520424,513.0
351477,1718.752201915,597.0,2.6610755920410156,1.7660409212112427,0.5933042168617249,-0.0031220284290611744,517.0
351497,1718.772585197,594.0,2.6760706901550293,1.7577648162841797,0.5932113528251648,-0.004260472487658262,513.0
351517,1718.792363984,594.0,2.6929678916931152,1.7554267644882202,0.5931224822998047,-0.004579333122819662,521.0
351537,1718.813086006,596.0,2.6750617027282715,1.7369478940963745,0.5930274128913879,-0.0048097847029566765,523.0
351557,1718.833272139,596.0,2.643261432647705,1.739310622215271,0.5933211445808411,-0.0028201767709106207,513.0
351577,1718.852478748,596.0,2.6455278396606445,1.764145016670227,0.5932747721672058,-0.0018422044813632965,516.0
351597,1718.872258514,593.0,2.654527187347412,1.770654559135437,0.5929840803146362,-0.0027973188553005457,519.0
351617,1718.89278912,593.0,2.6612892150878906,1.7683974504470825,0.5929121375083923,-0.00452091358602047,522.0
351637,1718.913603617,597.0,2.6431729793548584,1.750650405883789,0.5933817028999329,-0.005720937624573708,515.0
351657,1718.932331379,597.0,2.636712074279785,1.7238727807998657,0.5932609438896179,-0.005779176484793425,526.0
351677,1718.952980649,598.0,2.6364760398864746,1.7307099103927612,0.593941867351532,-0.0011337663745507598,526.0
351697,1718.972617479,598.0,2.642930269241333,1.750162124633789,0.5939457416534424,0.0012811891501769423,515.0
351717,1718.993396085,600.0,2.650472402572632,1.7927581071853638,0.5949594378471375,0.0030294430907815695,530.0
351737,1719.012942453,600.0,2.6554901599884033,1.8115472793579102,0.594982385635376,0.0016385215567424893,557.0
351757,1719.033690706,597.0,2.6500821113586426,1.8086224794387817,0.5951942801475525,-0.001720269094221294,572.0
351777,1719.052649935,597.0,2.648153781890869,1.76945960521698,0.5951389074325562,-0.0032706595957279205,568.0
351797,1719.073186374,598.0,2.6456356048583984,1.7488371133804321,0.5954670906066895,-0.0007794814882799983,570.0
351817,1719.093706498,598.0,2.633678436279297,1.7627407312393188,0.5954761505126953,0.001569165731780231,567.0
351837,1719.113106502,598.0,2.627225399017334,1.7914812564849854,0.5955221056938171,0.002827090909704566,560.0
351857,1719.131926296,592.0,2.6359777450561523,1.8181523084640503,0.594697117805481,-0.00022562888625543565,559.0
351877,1719.152357484,592.0,2.6333494186401367,1.8361583948135376,0.59466952085495,-0.002530079334974289,553.0
351897,1719.172944635,595.0,2.642320394515991,1.8052332401275635,0.5944715738296509,-0.0047235069796442986,557.0
351917,1719.19294786,595.0,2.632052421569824,1.777073860168457,0.5943723917007446,-0.004910653457045555,554.0
351937,1719.211676094,593.0,2.6136374473571777,1.7550950050354004,0.5938544273376465,-0.0042779408395290375,554.0
351957,1719.232501065,593.0,2.6100852489471436,1.7864739894866943,0.5937814116477966,-0.003283846192061901,557.0
351977,1719.251696056,599.0,2.6119604110717773,1.8228975534439087,0.5945505499839783,-0.0018626318778842688,567.0
351997,1719.272073029,599.0,2.618104934692383,1.803307294845581,0.5944962501525879,-0.0034183955285698175,554.0
352017,1719.292067019,597.0,2.6128339767456055,1.7899112701416016,0.5947508811950684,-0.0027600957546383142,556.0
352037,1719.31198774,597.0,2.579960346221924,1.7887458801269531,0.5947018265724182,-0.0020151729695498943,568.0
352057,1719.33159425,598.0,2.5680346488952637,1.7982721328735352,0.5951291918754578,-0.0008978702244348824,557.0
352077,1719.351801024,598.0,2.579575777053833,1.826999306678772,0.5950957536697388,-0.0025793674867600203,566.0
352097,1719.371634244,597.0,2.5836377143859863,1.8047606945037842,0.595022976398468,-0.004663958679884672,559.0
352117,1719.391917651,597.0,2.5678887367248535,1.7814946174621582,0.5951276421546936,-0.0037661311216652393,562.0
352137,1719.411768448,597.0,2.5675528049468994,1.7981078624725342,0.5950655341148376,-0.002623090986162424,568.0
352157,1719.432067445,592.0,2.573390245437622,1.809558629989624,0.5942481160163879,-0.004438453353941441,554.0
352177,1719.452369464,592.0,2.5602786540985107,1.778411865234375,0.5941661596298218,-0.003742133965715766,556.0
352197,1719.472135587,593.0,2.561335563659668,1.7854019403457642,0.593691885471344,-0.005574153270572424,554.0
352217,1719.492297257,593.0,2.570700168609619,1.7706999778747559,0.5935571193695068,-0.007827158086001873,554.0
352237,1719.511452739,597.0,2.5657360553741455,1.7402838468551636,0.5938629508018494,-0.007167404983192682,562.0
352257,1719.531867921,597.0,2.5581233501434326,1.7070332765579224,0.5937478542327881,-0.00412584887817502,562.0
352277,1719.552322508,594.0,2.5844485759735107,1.731452226638794,0.5936015844345093,-0.0025241447146981955,555.0
352297,1719.572368644,594.0,2.600738763809204,1.761077880859375,0.5935481190681458,-0.003021686337888241,557.0
352317,1719.592450308,593.0,2.5984561443328857,1.779604434967041,0.5932359099388123,-0.0057060979306697845,553.0
352337,1719.61143757,593.0,2.601544141769409,1.75176203250885,0.5931007266044617,-0.007591248489916325,554.0
352357,1719.631762318,595.0,2.5946271419525146,1.7099934816360474,0.5931822061538696,-0.006633462850004435,558.0
352377,1719.652370825,595.0,2.5966238975524902,1.689874291419983,0.5930703282356262,-0.0044279745779931545,553.0
352397,1719.671390066,593.0,2.5985567569732666,1.7144591808319092,0.5929991602897644,-0.0028961102943867445,571.0
352417,1719.691674936,593.0,2.5897486209869385,1.737783670425415,0.5927592515945435,-0.0034912829287350178,555.0
352437,1719.712436904,593.0,2.5807626247406006,1.7546895742416382,0.5926753282546997,-0.004814364947378635,561.0
352457,1719.731601449,598.0,2.5893850326538086,1.7356724739074707,0.5933968424797058,-0.00409492664039135,559.0
352477,1719.75237226,598.0,2.6008670330047607,1.7395684719085693,0.5933077335357666,-0.0047054109163582325,553.0
352497,1719.771384229,593.0,2.5834195613861084,1.726423740386963,0.5929765105247498,-0.005462369415909052,554.0
352517,1719.791435411,593.0,2.5705485343933105,1.716495394706726,0.5928769111633301,-0.004379007499665022,554.0
352537,1719.81106475,597.0,2.570730686187744,1.7399286031723022,0.5933878421783447,-0.0023647036869078875,560.0
352557,1719.830706406,597.0,2.555203437805176,1.7494574785232544,0.593336820602417,-0.0027765491977334023,552.0
352577,1719.851072787,593.0,2.5574350357055664,1.7457869052886963,0.5930716395378113,-0.004639024846255779,553.0
352597,1719.869937197,593.0,2.5546700954437256,1.7358862161636353,0.5929641723632812,-0.006029370240867138,558.0
352617,1719.890705493,596.0,2.5505502223968506,1.7282342910766602,0.593285083770752,-0.004774569999426603,562.0
352637,1719.910847434,596.0,2.548726797103882,1.7347352504730225,0.5932000279426575,-0.0038241404108703136,556.0
352657,1719.930068618,598.0,2.556786298751831,1.75887131690979,0.5938701629638672,-0.0024101785384118557,558.0
352677,1719.951920418,598.0,2.5426137447357178,1.760857343673706,0.593810498714447,-0.00348111055791378,556.0
352697,1719.972139018,597.0,2.528322458267212,1.7492635250091553,0.5937394499778748,-0.0034180458169430494,563.0
352717,1719.991847892,597.0,2.5249392986297607,1.749644160270691,0.5941267013549805,-0.0016164506087079644,556.0
352737,1720.012790756,597.0,2.5205352306365967,1.758039116859436,0.5941087603569031,-0.0003169415285810828,555.0
352757,1720.032095302,597.0,2.534562826156616,1.7763404846191406,0.594461977481842,-0.00023638948914594948,577.0
352777,1720.051354175,597.0,2.551389694213867,1.805145025253296,0.5944448113441467,-0.0015251386212185025,562.0
352797,1720.072028676,597.0,2.5585482120513916,1.8153828382492065,0.5947038531303406,-0.0011376723414286971,524.0
352817,1720.092333374,597.0,2.557483434677124,1.834295630455017,0.5946808457374573,-0.001198415644466877,523.0
352837,1720.11162274,597.0,2.5436787605285645,1.8328975439071655,0.5949428677558899,-0.001298933639191091,523.0
352857,1720.131791548,597.0,2.5227363109588623,1.800048828125,0.594908595085144,-0.001974036218598485,514.0
352877,1720.151615507,596.0,2.5173280239105225,1.8084824085235596,0.5949450731277466,-0.0005362608353607357,510.0
352897,1720.172559556,596.0,2.5288164615631104,1.8406716585159302,0.594944953918457,0.0004709289933089167,514.0
352917,1720.191632672,594.0,2.5280706882476807,1.866428017616272,0.594639003276825,-2.848744998118491e-06,510.0
352937,1720.212537648,594.0,2.5160317420959473,1.8645292520523071,0.5946261882781982,-0.0014516845112666488,511.0
352957,1720.231357338,591.0,2.5103960037231445,1.853774905204773,0.5945760607719421,-0.0036346151027828455,516.0
352977,1720.251770801,591.0,2.509429931640625,1.8143126964569092,0.5936682224273682,-0.00604183878749609,519.0
352997,1720.272346267,591.0,2.5156166553497314,1.802536964416504,0.5935714244842529,-0.003561063902452588,517.0
353017,1720.290835292,595.0,2.510859727859497,1.8533380031585693,0.5936037302017212,-0.0025802620220929384,516.0
353037,1720.311343062,595.0,2.4987967014312744,1.879251480102539,0.593536376953125,-0.004292437806725502,514.0
353057,1720.332241807,595.0,2.509798526763916,1.8915513753890991,0.5935288667678833,-0.005750132724642754,511.0
353077,1720.351878197,595.0,2.521540403366089,1.8786684274673462,0.5934045314788818,-0.00673703383654356,518.0
353097,1720.371378081,593.0,2.5222949981689453,1.8524893522262573,0.5930180549621582,-0.007462440524250269,515.0
353117,1720.391101191,593.0,2.5093069076538086,1.8638097047805786,0.5928815603256226,-0.006012389902025461,513.0
353137,1720.412113298,597.0,2.4952633380889893,1.9020696878433228,0.5934181809425354,-0.0033670931588858366,510.0
353157,1720.431078082,597.0,2.489346504211426,1.908347249031067,0.5933483242988586,-0.0037502669729292393,519.0
353177,1720.451516356,599.0,2.493246078491211,1.9073810577392578,0.5941761136054993,-0.0027016110252588987,513.0
353197,1720.471263303,599.0,2.4907944202423096,1.8961327075958252,0.5941025614738464,-0.004556423053145409,519.0
353217,1720.491702852,595.0,2.4851572513580322,1.879382610321045,0.5940457582473755,-0.004655847791582346,511.0
353237,1720.511563935,595.0,2.470560073852539,1.8892345428466797,0.5939715504646301,-0.0026670522056519985,510.0
353257,1720.531545246,593.0,2.4481310844421387,1.9170321226119995,0.5939321517944336,-0.0014272542903199792,530.0
353277,1720.552298595,593.0,2.4514963626861572,1.9320557117462158,0.593573808670044,-0.003244083607569337,511.0
353297,1720.571398928,593.0,2.4759128093719482,1.920091986656189,0.5934757590293884,-0.006587276700884104,526.0
353317,1720.591667324,601.0,2.4870808124542236,1.886604905128479,0.5945830941200256,-0.005566622596234083,512.0
353337,1720.611372973,601.0,2.47795033454895,1.8616162538528442,0.5944768786430359,-0.004674033727496862,514.0
353357,1720.63205457,593.0,2.451577663421631,1.8395297527313232,0.5939549207687378,-0.0033548083156347275,509.0
353377,1720.651900844,593.0,2.4566919803619385,1.8525452613830566,0.5939062237739563,-0.0017737455200403929,509.0
353397,1720.670805393,594.0,2.4663007259368896,1.868408441543579,0.5937096476554871,-0.002676391741260886,514.0
353417,1720.691668137,594.0,2.4801809787750244,1.8693304061889648,0.5936362743377686,-0.004493861459195614,510.0
353437,1720.711514224,594.0,2.4737300872802734,1.8701180219650269,0.593481183052063,-0.005544941872358322,516.0
353457,1720.732072985,594.0,2.4549825191497803,1.8378854990005493,0.5933547616004944,-0.0069971648044884205,509.0
353477,1720.751543456,596.0,2.4441263675689697,1.797674536705017,0.5935941934585571,-0.005776755046099424,512.0
353497,1720.772092182,596.0,2.4614651203155518,1.7710661888122559,0.5934979915618896,-0.0039059966802597046,509.0
353517,1720.792046768,597.0,2.47548246383667,1.7837049961090088,0.5939428210258484,-0.002382853999733925,509.0
353537,1720.810556948,597.0,2.460176944732666,1.7912633419036865,0.5938900113105774,-0.002748802537098527,509.0
353557,1720.832393973,597.0,2.458432197570801,1.7985976934432983,0.5938351154327393,-0.002965732244774699,515.0
353577,1720.850808617,594.0,2.4622738361358643,1.7909595966339111,0.5936147570610046,-0.005231345538049936,509.0
353597,1720.870791557,594.0,2.4589967727661133,1.7402573823928833,0.5934898257255554,-0.006234696134924889,510.0
353617,1720.892048009,595.0,2.4523613452911377,1.7385883331298828,0.5934973359107971,-0.004810653161257505,509.0
353637,1720.911850372,595.0,2.456195116043091,1.7407863140106201,0.5934168696403503,-0.0035080714151263237,509.0
353657,1720.930993662,598.0,2.4468958377838135,1.7742764949798584,0.5940386056900024,-0.002117444993928075,512.0
353677,1720.95210781,598.0,2.4520771503448486,1.7686724662780762,0.5939818024635315,-0.0036285058595240116,512.0
353697,1720.97165368,594.0,2.476457357406616,1.7242283821105957,0.5937326550483704,-0.005352092906832695,513.0
353717,1720.990774422,594.0,2.4719457626342773,1.7071890830993652,0.5936290621757507,-0.004721702542155981,513.0
353737,1721.010778689,596.0,2.4481327533721924,1.7207409143447876,0.5938770174980164,-0.0022397961001843214,512.0
353757,1721.031485973,596.0,2.4391074180603027,1.7410680055618286,0.5938438773155212,-0.0013447955716401339,521.0
353777,1721.051091886,593.0,2.455481767654419,1.743301272392273,0.593528151512146,-0.0028442677576094866,519.0
353797,1721.070584137,593.0,2.4846673011779785,1.7570130825042725,0.5934615731239319,-0.003909794148057699,526.0
353817,1721.090974961,599.0,2.470059871673584,1.7635897397994995,0.5942589640617371,-0.003425183240324259,522.0
353837,1721.111069826,599.0,2.4407505989074707,1.734274983406067,0.5941823124885559,-0.00384647399187088,529.0
353857,1721.131434402,599.0,2.432748794555664,1.7152458429336548,0.5941208004951477,-0.00223975139670074,530.0
353877,1721.150449817,597.0,2.455716371536255,1.736427903175354,0.5944648385047913,-0.0007756921113468707,524.0
353897,1721.170767195,597.0,2.498121500015259,1.7374240159988403,0.5944350361824036,-0.002441312652081251,523.0
353917,1721.191210244,594.0,2.505599021911621,1.7111589908599854,0.5941131114959717,-0.004683523904532194,523.0
353937,1721.211091371,594.0,2.4728264808654785,1.6693811416625977,0.5940162539482117,-0.004708943888545036,522.0
353957,1721.231361397,597.0,2.486937999725342,1.645377278327942,0.5943303108215332,-0.0025006623473018408,533.0
353977,1721.25039734,597.0,2.4978127479553223,1.6566789150238037,0.5942879915237427,-0.0019124336540699005,532.0
353997,1721.270431966,596.0,2.5015740394592285,1.6292169094085693,0.5943982601165771,-0.0018178827594965696,525.0
354017,1721.290412233,596.0,2.5302979946136475,1.638008952140808,0.5943615436553955,-0.0018600409384816885,535.0
354037,1721.310356088,594.0,2.5467312335968018,1.6527243852615356,0.594127357006073,-0.0024354790803045034,531.0
354057,1721.330555631,594.0,2.5143110752105713,1.6569024324417114,0.5940802693367004,-0.002096666255965829,524.0
354077,1721.350715066,596.0,2.520233392715454,1.6488749980926514,0.5942658185958862,-0.0018709383439272642,526.0
354097,1721.371308825,596.0,2.5379226207733154,1.6536872386932373,0.5942199230194092,-0.00282361195422709,523.0
354117,1721.390724916,598.0,2.5424015522003174,1.661270260810852,0.5941534638404846,-0.0036299750208854675,524.0
354137,1721.41039752,598.0,2.534865379333496,1.677153468132019,0.594668447971344,-0.002761234762147069,531.0
354157,1721.430886289,598.0,2.508754014968872,1.6931661367416382,0.594606876373291,-0.003597777336835861,529.0
354177,1721.451265333,595.0,2.4992458820343018,1.6589230298995972,0.5944244861602783,-0.005391220562160015,526.0
354197,1721.471147469,595.0,2.5125679969787598,1.6406972408294678,0.5943085551261902,-0.005992129910737276,525.0
354217,1721.491216717,597.0,2.530120611190796,1.6250773668289185,0.5945357084274292,-0.00500904954969883,523.0
354237,1721.510945429,597.0,2.507646322250366,1.62480628490448,0.5944560170173645,-0.0028312979266047478,527.0
354257,1721.530384457,596.0,2.4854440689086914,1.6262377500534058,0.5945430994033813,-0.00056534941541031,527.0
354277,1721.55117729,596.0,2.4908766746520996,1.636465072631836,0.59453284740448,-0.0008481898112222552,523.0
354297,1721.57041006,594.0,2.498394727706909,1.6568102836608887,0.5942211747169495,-0.0046270000748336315,529.0
354317,1721.590573114,594.0,2.4956274032592773,1.6462035179138184,0.594102144241333,-0.0068846228532493114,526.0
354337,1721.610828574,598.0,2.4806342124938965,1.6293684244155884,0.5945915579795837,-0.004425078630447388,527.0
354357,1721.631567637,598.0,2.4765219688415527,1.6283681392669678,0.5945237874984741,-0.0024137678556144238,522.0
354377,1721.650548842,597.0,2.476968288421631,1.654527187347412,0.5948202013969421,-0.0006292721955105662,527.0
354397,1721.670383548,597.0,2.46932315826416,1.667185664176941,0.594795286655426,-0.0020191483199596405,527.0
354417,1721.690205567,594.0,2.4585211277008057,1.6457399129867554,0.5947397351264954,-0.003349542384967208,525.0
354437,1721.711578605,594.0,2.477071523666382,1.6508694887161255,0.5944047570228577,-0.003314042929559946,522.0
354457,1721.730516899,594.0,2.5027358531951904,1.6694867610931396,0.5943468809127808,-0.0024392304476350546,532.0
354477,1721.750359469,599.0,2.5054244995117188,1.6951099634170532,0.5950188040733337,-0.0006773360073566437,523.0
354497,1721.770907503,599.0,2.4908149242401123,1.696763515472412,0.5950024724006653,-0.0010253055952489376,521.0
354517,1721.790043767,593.0,2.4837257862091064,1.711721658706665,0.5944177508354187,-0.0037782308645546436,521.0
354537,1721.810806377,593.0,2.4777963161468506,1.7173312902450562,0.5943310856819153,-0.004524592310190201,523.0
354557,1721.830990203,598.0,2.4666051864624023,1.7274956703186035,0.5947682857513428,-0.0026212376542389393,522.0
354577,1721.850128053,598.0,2.4656474590301514,1.7317297458648682,0.5947111248970032,-0.002876287791877985,523.0
354597,1721.87028382,596.0,2.4664158821105957,1.7310857772827148,0.5947174429893494,-0.0033931422512978315,522.0
354617,1721.889799832,596.0,2.464247941970825,1.7324025630950928,0.5946509838104248,-0.0032396551687270403,528.0
354637,1721.909267948,595.0,2.4642555713653564,1.7472357749938965,0.5945270657539368,-0.003484878223389387,521.0
354657,1721.930131439,595.0,2.464090585708618,1.7501567602157593,0.5944527983665466,-0.003905151505023241,524.0
354677,1721.95035727,592.0,2.457718849182129,1.757143497467041,0.5938032269477844,-0.005046558566391468,525.0
354697,1721.969716948,592.0,2.4468002319335938,1.7772248983383179,0.5937073230743408,-0.004453190136700869,524.0
354717,1721.989559462,592.0,2.434372663497925,1.788657546043396,0.5936119556427002,-0.005226718261837959,533.0
354737,1722.010150936,597.0,2.4308197498321533,1.780719518661499,0.594006359577179,-0.005132333375513554,527.0
354757,1722.029764516,597.0,2.4356391429901123,1.7749160528182983,0.5938870310783386,-0.006711229216307402,529.0
354777,1722.050342656,595.0,2.4415245056152344,1.770605444908142,0.5938113927841187,-0.005192561075091362,537.0
354797,1722.069677547,595.0,2.4279260635375977,1.7901664972305298,0.5937219262123108,-0.00387748284265399,532.0
354817,1722.090075576,597.0,2.4017744064331055,1.7956993579864502,0.5940964221954346,-0.003248544642701745,527.0
354837,1722.110879336,597.0,2.391220808029175,1.7903081178665161,0.594014585018158,-0.004952223040163517,521.0
354857,1722.130403709,594.0,2.4091005325317383,1.776471495628357,0.5937351584434509,-0.006877644453197718,514.0
354877,1722.15089229,594.0,2.4053852558135986,1.7704237699508667,0.5935972332954407,-0.006675240118056536,512.0
354897,1722.170350412,595.0,2.3846147060394287,1.7783440351486206,0.5936342477798462,-0.0043876091949641705,510.0
354917,1722.191228825,595.0,2.386594533920288,1.8077465295791626,0.5935695171356201,-0.002386566950008273,518.0
354937,1722.212612971,595.0,2.435421943664551,1.8453556299209595,0.593646228313446,-0.004004874266684055,516.0
354957,1722.230382274,595.0,2.4535415172576904,1.8069838285446167,0.5935332775115967,-0.006982937455177307,513.0
354977,1722.251429172,594.0,2.4381256103515625,1.7614820003509521,0.5933711528778076,-0.00669611943885684,512.0
354997,1722.26958646,594.0,2.419269561767578,1.770700454711914,0.5932695865631104,-0.0033773838076740503,511.0
355017,1722.289532927,594.0,2.4230234622955322,1.8385834693908691,0.5932217240333557,-0.0017778303008526564,520.0
355037,1722.311375289,598.0,2.4441165924072266,1.8634756803512573,0.5939261317253113,-0.003058856585994363,516.0
355057,1722.330591892,598.0,2.4645931720733643,1.8205915689468384,0.5938279032707214,-0.006571392994374037,515.0
355077,1722.349788044,594.0,2.4531733989715576,1.7913897037506104,0.5935476422309875,-0.007910956628620625,521.0
355097,1722.369983662,594.0,2.4483790397644043,1.7676156759262085,0.5934007167816162,-0.0064346762374043465,511.0
355117,1722.390267137,597.0,2.4447667598724365,1.7717283964157104,0.5938083529472351,-0.0032429704442620277,511.0
355137,1722.410461943,597.0,2.423834800720215,1.7725825309753418,0.5937564373016357,-0.0018655317835509777,516.0
355157,1722.430549822,595.0,2.4212441444396973,1.804991364479065,0.5937832593917847,-0.0018565551145002246,510.0
355177,1722.450618465,595.0,2.4175939559936523,1.8238452672958374,0.5937311053276062,-0.0035184877924621105,517.0
355197,1722.471426394,598.0,2.420982599258423,1.832388162612915,0.5943154692649841,-0.004473017994314432,514.0
355217,1722.490499636,598.0,2.446277379989624,1.8219965696334839,0.594213604927063,-0.005307613871991634,510.0
355237,1722.512058739,595.0,2.4385251998901367,1.814835548400879,0.5941532850265503,-0.0028894825372844934,510.0
355257,1722.529317819,595.0,2.423130989074707,1.8467931747436523,0.5941217541694641,-0.0005408588913269341,510.0
355277,1722.549588032,600.0,2.4215052127838135,1.8758327960968018,0.5941053628921509,-0.001766467816196382,523.0
355297,1722.570347263,600.0,2.4334030151367188,1.8643200397491455,0.5950212478637695,-0.0024930185172706842,515.0
355317,1722.590477058,600.0,2.4394755363464355,1.8389900922775269,0.5949592590332031,-0.0032938863150775433,518.0
355337,1722.611395915,599.0,2.4463627338409424,1.839806318283081,0.5955290198326111,-0.0005909341271035373,511.0
355357,1722.629433036,599.0,2.4453327655792236,1.8568081855773926,0.5955257415771484,-1.2494841030274983e-05,527.0
355377,1722.649832269,598.0,2.439357280731201,1.8574278354644775,0.5958069562911987,-0.00013333625975064933,525.0
355397,1722.670072061,598.0,2.43422794342041,1.8554579019546509,0.5957932472229004,-0.0013619804522022605,514.0
355417,1722.690451597,596.0,2.416250467300415,1.8072715997695923,0.5956229567527771,-0.002090191002935171,510.0
355437,1722.710286938,596.0,2.390723705291748,1.7908040285110474,0.595593273639679,-0.0008237722213380039,511.0
355457,1722.730141728,596.0,2.3876776695251465,1.81570303440094,0.5954974293708801,0.00035149327595718205,511.0
355477,1722.750477287,596.0,2.404362201690674,1.8500983715057373,0.595503032207489,-1.0435382137075067e-05,510.0
355497,1722.770055717,599.0,2.4104342460632324,1.8561561107635498,0.5960115194320679,0.0003173133300151676,511.0
355517,1722.78927669,599.0,2.4059925079345703,1.8262832164764404,0.596011757850647,-0.00023217152920551598,514.0
355537,1722.81109946,595.0,2.3989477157592773,1.8066433668136597,0.5956907272338867,-0.0005850946181453764,516.0
355557,1722.82986577,595.0,2.3889944553375244,1.814324140548706,0.5956919193267822,0.0008352919248864055,510.0
355577,1722.848802234,595.0,2.392378330230713,1.8456166982650757,0.5957263112068176,0.0025000092573463917,515.0
355597,1722.870793664,598.0,2.397249937057495,1.872618556022644,0.5960672497749329,0.00236721895635128,510.0
355617,1722.890835239,598.0,2.3839657306671143,1.8824585676193237,0.5960897207260132,-3.8941601815167814e-05,509.0
355637,1722.910046555,594.0,2.370448112487793,1.88805091381073,0.5954878926277161,-0.003302606986835599,517.0
355657,1722.92935584,594.0,2.3826305866241455,1.8771371841430664,0.5954124927520752,-0.0038504237309098244,510.0
355677,1722.949852585,596.0,2.404165029525757,1.8562190532684326,0.595289945602417,-0.002391406800597906,521.0
355697,1722.968941622,596.0,2.411684513092041,1.893949270248413,0.5952609777450562,-0.0005364080425351858,519.0
355717,1722.989351567,596.0,2.3909335136413574,1.905797004699707,0.5952122807502747,-0.0008005215786397457,512.0
355737,1723.008800174,596.0,2.3781445026397705,1.907346248626709,0.5951827168464661,-0.0020962459966540337,513.0
355757,1723.029141668,597.0,2.3908443450927734,1.8961234092712402,0.5953384637832642,-0.0029596947133541107,523.0
355777,1723.049544956,597.0,2.4040050506591797,1.8911759853363037,0.5952749252319336,-0.0033385539427399635,526.0
355797,1723.069707358,597.0,2.416884660720825,1.9030065536499023,0.5954065918922424,-0.0019325683824717999,754.0
355817,1723.089566387,597.0,2.42622447013855,1.9023569822311401,0.595389723777771,0.0003306875005364418,752.0
355837,1723.109450173,595.0,2.428874969482422,1.9239990711212158,0.5954094529151917,0.001191426650620997,758.0
355857,1723.130341874,595.0,2.4285030364990234,1.9108974933624268,0.5951878428459167,-0.0016095598693937063,749.0
355877,1723.148998535,595.0,2.4273788928985596,1.8853991031646729,0.5951250791549683,-0.004536204971373081,762.0
355897,1723.169372368,596.0,2.4319465160369873,1.87555730342865,0.5950468182563782,-0.005139690358191729,748.0
355917,1723.18957955,596.0,2.418398857116699,1.8633497953414917,0.5949668288230896,-0.0025560299400240183,756.0
355937,1723.209707851,599.0,2.4087746143341064,1.8755006790161133,0.5955426096916199,0.0020419585052877665,751.0
355957,1723.229843006,599.0,2.427680253982544,1.9369529485702515,0.5955811738967896,0.001129918615333736,752.0
355977,1723.249335365,596.0,2.423072576522827,1.9417234659194946,0.5954493880271912,-0.0039480822160840034,762.0
355997,1723.269648381,596.0,2.408060312271118,1.8935834169387817,0.5953438878059387,-0.006078391335904598,752.0
356017,1723.288921003,598.0,2.410836935043335,1.8766981363296509,0.5955554842948914,-0.0046537588350474834,751.0
356037,1723.309690027,598.0,2.406740188598633,1.8633813858032227,0.5954849123954773,-0.002187213161960244,752.0
356057,1723.32933883,599.0,2.3994345664978027,1.8756580352783203,0.5959873199462891,0.00111108529381454,750.0
356077,1723.349980529,599.0,2.397836923599243,1.9161643981933594,0.5960100889205933,0.0007482040673494339,749.0
356097,1723.36957092,599.0,2.408602714538574,1.9408988952636719,0.5964087843894958,-0.001314822817221284,753.0
356117,1723.389130637,599.0,2.423494815826416,1.9234436750411987,0.5963495373725891,-0.004370961803942919,753.0
356137,1723.409728315,598.0,2.421027898788452,1.882401943206787,0.5962555408477783,-0.004488872829824686,755.0
356157,1723.429150561,598.0,2.4327733516693115,1.8655166625976562,0.5963791608810425,-0.0017191783990710974,757.0
356177,1723.449549561,598.0,2.47973370552063,1.9023358821868896,0.5963702201843262,0.0010728527558967471,755.0
356197,1723.469572143,598.0,2.470062255859375,1.9193737506866455,0.5965077877044678,0.0004176369693595916,749.0
356217,1723.489819503,598.0,2.4877634048461914,1.9154120683670044,0.596491813659668,-0.0019980818033218384,749.0
356237,1723.508650788,595.0,2.495997190475464,1.8884553909301758,0.5959600210189819,-0.005385018419474363,755.0
356257,1723.529513046,595.0,2.5026519298553467,1.8398221731185913,0.595862627029419,-0.003806555178016424,753.0
356277,1723.549433715,598.0,2.512047529220581,1.8579457998275757,0.5960480570793152,0.0007388807716779411,748.0
356297,1723.569735886,598.0,2.5111353397369385,1.9014519453048706,0.5960808396339417,0.002039958955720067,747.0
356317,1723.589037833,598.0,2.522075891494751,1.9123457670211792,0.5962615013122559,-0.0007854420109651983,749.0
356337,1723.609514316,598.0,2.52146315574646,1.9149601459503174,0.5961877107620239,-0.0066213845275342464,748.0
356357,1723.62948295,596.0,2.510901689529419,1.850967526435852,0.5958698987960815,-0.009772669523954391,748.0
356377,1723.648548504,596.0,2.516305685043335,1.803383231163025,0.5957106351852417,-0.0054182447493076324,759.0
356397,1723.668708725,593.0,2.515967845916748,1.8476941585540771,0.5950285196304321,-0.0013427736703306437,755.0
356417,1723.68812169,593.0,2.515212297439575,1.9101322889328003,0.5950123071670532,-0.0009646832477301359,756.0
356437,1723.709373538,593.0,2.516847610473633,1.91546630859375,0.594961404800415,-0.004519544076174498,758.0
356457,1723.729043253,597.0,2.542372226715088,1.8944008350372314,0.5950603485107422,-0.008349782787263393,749.0
356477,1723.749337813,597.0,2.5498085021972656,1.8386765718460083,0.5948741436004639,-0.009671463631093502,749.0
356497,1723.768349778,596.0,2.5344035625457764,1.7948485612869263,0.5947495102882385,-0.006721630226820707,762.0
356517,1723.788698101,596.0,2.534710168838501,1.8366479873657227,0.5946469902992249,-0.0037768068723380566,757.0
356537,1723.808945544,595.0,2.540921926498413,1.8750040531158447,0.5944646000862122,-0.003361200215294957,509.0
356557,1723.829242203,595.0,2.5307111740112305,1.8844207525253296,0.5943841338157654,-0.004949659109115601,515.0
356577,1723.849342451,599.0,2.51430344581604,1.8806790113449097,0.5949403643608093,-0.0064173610880970955,517.0
356597,1723.868774049,599.0,2.496823787689209,1.85713791847229,0.5947800278663635,-0.008455202914774418,509.0
356617,1723.888885253,594.0,2.498671293258667,1.8452740907669067,0.5943052172660828,-0.008310998789966106,509.0
356637,1723.908960979,594.0,2.5117363929748535,1.8403139114379883,0.5941687226295471,-0.005288840737193823,509.0
356657,1723.929144096,598.0,2.5049631595611572,1.851291537284851,0.5946762561798096,-0.0012157378951087594,509.0
356677,1723.949557886,598.0,2.499967098236084,1.887330174446106,0.5946605801582336,-0.0007522148080170155,514.0
356697,1723.968809058,596.0,2.5031886100769043,1.90944242477417,0.5947314500808716,-0.0029490599408745766,512.0
356717,1723.988773057,596.0,2.508105993270874,1.8816423416137695,0.594641923904419,-0.0057707675732672215,512.0
356737,1724.008687821,596.0,2.51381778717041,1.8457703590393066,0.5945191979408264,-0.006361232604831457,516.0
356757,1724.029476151,597.0,2.524346113204956,1.8362548351287842,0.5947147011756897,-0.00582615053281188,520.0
356777,1724.049436668,597.0,2.5224485397338867,1.8282651901245117,0.5945988297462463,-0.005486425943672657,513.0
356797,1724.069337811,593.0,2.5094456672668457,1.8325786590576172,0.5940232872962952,-0.004497538320720196,522.0
356817,1724.089512211,593.0,2.498073101043701,1.871041178703308,0.5939419865608215,-0.004137776326388121,524.0
356837,1724.109839524,596.0,2.509221315383911,1.8873043060302734,0.5940439701080322,-0.006421372294425964,517.0
356857,1724.128639365,596.0,2.51267409324646,1.8765753507614136,0.5938823819160461,-0.009682762436568737,519.0
356877,1724.148698961,594.0,2.5116124153137207,1.8446308374404907,0.5935318470001221,-0.010769818909466267,510.0
356897,1724.168523809,594.0,2.4975950717926025,1.8285737037658691,0.5933439135551453,-0.0077711110934615135,513.0
356917,1724.189195002,596.0,2.4862611293792725,1.8462806940078735,0.5935385227203369,-0.004961424041539431,510.0
356937,1724.208581781,596.0,2.4799602031707764,1.8645457029342651,0.5934289693832397,-0.006335754878818989,511.0
356957,1724.229284599,594.0,2.487557888031006,1.8583050966262817,0.5932645201683044,-0.009379283525049686,513.0
356977,1724.249579777,594.0,2.4918041229248047,1.8295625448226929,0.5930573344230652,-0.010913973674178123,512.0
356997,1724.268305877,596.0,2.477168083190918,1.8092008829116821,0.5928485989570618,-0.009636441245675087,511.0
357017,1724.288572702,596.0,2.4601850509643555,1.8164253234863281,0.5931409001350403,-0.0065265800803899765,511.0
357037,1724.308798067,596.0,2.463170289993286,1.82923424243927,0.5930129885673523,-0.006404545158147812,516.0
357057,1724.328511661,592.0,2.4796109199523926,1.8429151773452759,0.5925425887107849,-0.007846293970942497,514.0
357077,1724.349326988,592.0,2.49308443069458,1.8426014184951782,0.5923784971237183,-0.008573522791266441,510.0
357097,1724.368732928,596.0,2.4961235523223877,1.8564479351043701,0.5927256345748901,-0.007905309088528156,509.0
357117,1724.388754207,596.0,2.473515033721924,1.8431323766708374,0.5925588011741638,-0.008661236613988876,510.0
357137,1724.409070093,595.0,2.4598047733306885,1.8213099241256714,0.5926902890205383,-0.007080314680933952,510.0
357157,1724.428287671,595.0,2.4742746353149414,1.816672682762146,0.5925594568252563,-0.00599076459184289,515.0
357177,1724.448510757,597.0,2.4916560649871826,1.8308910131454468,0.5931064486503601,-0.003962574526667595,514.0
357197,1724.468598819,597.0,2.479123592376709,1.8364510536193848,0.5930220484733582,-0.004502311814576387,522.0
357217,1724.488789602,595.0,2.4579904079437256,1.8225915431976318,0.593127965927124,-0.004340759478509426,516.0
357237,1724.509193397,595.0,2.458735942840576,1.8186824321746826,0.5930249691009521,-0.006077611353248358,510.0
357257,1724.528981099,597.0,2.477151870727539,1.801118016242981,0.5935162305831909,-0.0056679705157876015,510.0
357277,1724.548346868,597.0,2.480983018875122,1.7805670499801636,0.5934072732925415,-0.005019394215196371,511.0
357297,1724.568888012,595.0,2.47885799407959,1.7791715860366821,0.593327522277832,-0.002782232128083706,529.0
357317,1724.58885763,595.0,2.4642269611358643,1.8021942377090454,0.5934690833091736,-0.0007023459766060114,510.0
357337,1724.609785804,595.0,2.469773054122925,1.8247790336608887,0.5934509038925171,-0.0016968027921393514,517.0
357357,1724.629567883,593.0,2.4879519939422607,1.8212445974349976,0.5931460857391357,-0.006542884279042482,509.0
357377,1724.648554511,593.0,2.4926862716674805,1.7820324897766113,0.5929915308952332,-0.008489185012876987,511.0
357397,1724.668791893,599.0,2.4972352981567383,1.762610912322998,0.5938181281089783,-0.0048017906956374645,509.0
357417,1724.688539705,599.0,2.5072429180145264,1.7727593183517456,0.5937435030937195,-0.002948962152004242,513.0
357437,1724.70840115,593.0,2.4999618530273438,1.7894701957702637,0.5933668613433838,-0.003937486559152603,517.0
357457,1724.72813577,593.0,2.488481044769287,1.791314959526062,0.5932828783988953,-0.004391842521727085,512.0
357477,1724.748330842,594.0,2.507233142852783,1.8155542612075806,0.5931525826454163,-0.005201401654630899,516.0
357497,1724.769359943,594.0,2.5071537494659424,1.7704788446426392,0.5930320620536804,-0.006870471406728029,509.0
357517,1724.78812368,594.0,2.5152382850646973,1.7455763816833496,0.5929579138755798,-0.0070551857352256775,510.0
357537,1724.808555998,594.0,2.5321104526519775,1.7541284561157227,0.5928337574005127,-0.005229709204286337,511.0
357557,1724.829133416,593.0,2.5459117889404297,1.7626144886016846,0.5926512479782104,-0.003984749782830477,509.0
357577,1724.848561377,593.0,2.541600465774536,1.7753318548202515,0.5925902724266052,-0.00204770197160542,511.0
357597,1724.868410465,593.0,2.5681228637695312,1.819508671760559,0.5925542116165161,-0.0017759480979293585,518.0
357617,1724.88811517,597.0,2.572561025619507,1.8123348951339722,0.5931909084320068,-0.003385989461094141,509.0
357637,1724.908799398,597.0,2.5576884746551514,1.7828220129013062,0.5930957794189453,-0.005734825041145086,515.0
357657,1724.929405473,596.0,2.546586275100708,1.7613438367843628,0.5933853387832642,-0.004576090257614851,509.0
357677,1724.948101621,596.0,2.5562961101531982,1.764899492263794,0.5933088660240173,-0.003143402747809887,511.0
357697,1724.968381914,594.0,2.581756591796875,1.7930707931518555,0.593203067779541,-0.0026973173953592777,512.0
357717,1724.987719237,594.0,2.5851168632507324,1.8010870218276978,0.5931344628334045,-0.0042815073393285275,512.0
357737,1725.009391192,596.0,2.560929298400879,1.785144567489624,0.5933994054794312,-0.0043813916854560375,509.0
357757,1725.028096767,596.0,2.543888807296753,1.7836834192276,0.5933141112327576,-0.004044629633426666,520.0
357777,1725.049509622,593.0,2.5431089401245117,1.7864789962768555,0.5930020809173584,-0.004582913592457771,527.0
357797,1725.068618441,593.0,2.5317187309265137,1.7914460897445679,0.5928987264633179,-0.005768555216491222,524.0
357817,1725.0878855,593.0,2.524780750274658,1.790398120880127,0.5926713347434998,-0.0071213687770068645,531.0
357837,1725.108039081,593.0,2.5303401947021484,1.7910279035568237,0.5925208330154419,-0.00802625622600317,529.0
357857,1725.127705912,598.0,2.5336086750030518,1.789283275604248,0.5932570695877075,-0.006010029464960098,525.0
357877,1725.148317899,598.0,2.531989097595215,1.7713581323623657,0.5931411385536194,-0.005479162093251944,522.0
357897,1725.168886597,598.0,2.5339713096618652,1.7707587480545044,0.5930355191230774,-0.005178526043891907,528.0
357917,1725.1881735,595.0,2.5298094749450684,1.76902174949646,0.5931540131568909,-0.005600572098046541,523.0
357937,1725.208919813,595.0,2.5180306434631348,1.7600160837173462,0.5930390954017639,-0.0056200530380010605,530.0
357957,1725.227916532,595.0,2.527401924133301,1.7703132629394531,0.5931603908538818,-0.004633849952369928,534.0
357977,1725.248495161,595.0,2.55692982673645,1.7832512855529785,0.5930669903755188,-0.004833321552723646,526.0
357997,1725.267908032,596.0,2.55905818939209,1.7669553756713867,0.5933439135551453,-0.004537276923656464,532.0
358017,1725.287878545,596.0,2.550452470779419,1.772097110748291,0.5932573676109314,-0.004163015633821487,530.0
358037,1725.30871706,594.0,2.5585293769836426,1.780836582183838,0.5931347608566284,-0.0048355041071772575,528.0
358057,1725.32872437,594.0,2.5626604557037354,1.7659568786621094,0.5930154919624329,-0.007093160413205624,524.0
358077,1725.34808534,596.0,2.542285680770874,1.7579714059829712,0.5932524800300598,-0.00672084791585803,531.0
358097,1725.368720618,596.0,2.53808856010437,1.7589044570922852,0.5931386947631836,-0.004554215352982283,522.0
358117,1725.387624923,593.0,2.540400505065918,1.7827249765396118,0.5929061770439148,-0.003869851352646947,530.0
358137,1725.408055388,593.0,2.5460097789764404,1.803112268447876,0.5928158164024353,-0.005555290263146162,524.0
358157,1725.428836186,596.0,2.5299031734466553,1.7885534763336182,0.5926794409751892,-0.007928111590445042,522.0
358177,1725.448619089,596.0,2.529648780822754,1.7852386236190796,0.5930050611495972,-0.007423205766826868,523.0
358197,1725.467385234,596.0,2.532550096511841,1.799497127532959,0.592859148979187,-0.007194747682660818,528.0
358217,1725.488321809,594.0,2.5284318923950195,1.7774109840393066,0.5927866697311401,-0.0069414484314620495,528.0
358237,1725.508337248,594.0,2.5172979831695557,1.7640708684921265,0.5926542282104492,-0.006052563898265362,523.0
358257,1725.527594822,596.0,2.524949550628662,1.7739815711975098,0.593036949634552,-0.003815921489149332,523.0
358277,1725.548530665,596.0,2.544832468032837,1.7967708110809326,0.592957615852356,-0.004407714121043682,522.0
358297,1725.567639241,598.0,2.5449025630950928,1.7739307880401611,0.593634843826294,-0.004440643824636936,530.0
358317,1725.58797472,598.0,2.5438241958618164,1.763216495513916,0.593539297580719,-0.004938945639878511,521.0
358337,1725.607631157,598.0,2.5626401901245117,1.7627484798431396,0.5941107869148254,-0.0027106793131679296,522.0
358357,1725.628045372,598.0,2.573096513748169,1.7562283277511597,0.5940656065940857,-0.0018545601051300764,522.0
358377,1725.648575402,594.0,2.5829155445098877,1.7724641561508179,0.5938453078269958,-0.0013445430668070912,521.0
358397,1725.667554125,594.0,2.57891845703125,1.7767163515090942,0.5938088893890381,-0.002460555639117956,524.0
358417,1725.687907005,601.0,2.5633385181427,1.7701513767242432,0.5949575901031494,-0.0010257065296173096,528.0
358437,1725.708542401,601.0,2.5663864612579346,1.7532668113708496,0.5949265360832214,-0.0019487093668431044,521.0
358457,1725.727826093,595.0,2.5865044593811035,1.742906093597412,0.5948904752731323,-0.0015131604159250855,539.0
358477,1725.748756912,595.0,2.5926830768585205,1.751617193222046,0.5947412848472595,-0.0006939803133718669,522.0
358497,1725.767861686,595.0,2.605522394180298,1.7664333581924438,0.5947363376617432,-0.0001601884578121826,536.0
358517,1725.788575049,596.0,2.6145312786102295,1.7838674783706665,0.594811201095581,-0.0011549444170668721,522.0
358537,1725.806835946,596.0,2.6298670768737793,1.7581133842468262,0.5947716236114502,-0.002814763691276312,521.0
358557,1725.829119646,597.0,2.6507139205932617,1.7467100620269775,0.5949448943138123,-0.0030357646755874157,522.0
358577,1725.848563605,597.0,2.6465725898742676,1.7245557308197021,0.5948869585990906,-0.002219459740445018,521.0
358597,1725.867543016,594.0,2.6599245071411133,1.723300576210022,0.5945056080818176,-0.0010416994336992502,522.0
358617,1725.886811325,594.0,2.674926996231079,1.741844654083252,0.5944890975952148,-0.0009031941299326718,521.0
358637,1725.90725037,596.0,2.685976982116699,1.734973669052124,0.5945475697517395,-0.002323396736755967,521.0
358657,1725.928675214,596.0,2.6905298233032227,1.721805453300476,0.5944849252700806,-0.003889793064445257,525.0
358677,1725.947931413,599.0,2.7104244232177734,1.715213418006897,0.5950475335121155,-0.0036320239305496216,525.0
358697,1725.968845432,599.0,2.7273077964782715,1.7045469284057617,0.5949799418449402,-0.0028759913984686136,525.0
358717,1725.988412225,595.0,2.7293596267700195,1.704598307609558,0.5947908759117126,-0.0019482334610074759,524.0
358737,1726.007178028,595.0,2.7271199226379395,1.7281999588012695,0.5947558879852295,-0.0017092376947402954,522.0
358757,1726.029638586,598.0,2.7182400226593018,1.7324577569961548,0.5947125554084778,-0.0026159551925957203,534.0
358777,1726.047628603,598.0,2.7121574878692627,1.7074320316314697,0.5951228141784668,-0.0024787355214357376,539.0
358797,1726.068639956,598.0,2.725771427154541,1.6909868717193604,0.5950736999511719,-0.0021782387048006058,514.0
358817,1726.087765845,594.0,2.7379677295684814,1.6790257692337036,0.5946778059005737,-0.0019656443037092686,522.0
358837,1726.107687518,594.0,2.7295784950256348,1.6580917835235596,0.5946584343910217,2.3607050025020726e-05,511.0
358857,1726.128856314,596.0,2.724320411682129,1.6777288913726807,0.5947274565696716,0.0011441827518865466,514.0
358877,1726.148235949,596.0,2.7331693172454834,1.6694817543029785,0.5947588086128235,0.0016885724617168307,509.0
358897,1726.167362635,593.0,2.7144508361816406,1.6907179355621338,0.5942308306694031,-0.0031416043639183044,516.0
358917,1726.187598181,593.0,2.7260591983795166,1.675460696220398,0.5941407680511475,-0.005201425869017839,512.0
358937,1726.207805182,596.0,2.7461178302764893,1.6791586875915527,0.5941956639289856,-0.005305768921971321,510.0
358957,1726.229633855,596.0,2.727879285812378,1.647581696510315,0.5940840840339661,-0.005601783283054829,511.0
358977,1726.247335801,594.0,2.7246832847595215,1.640296220779419,0.5937955975532532,-0.004145426210016012,513.0
358997,1726.268195366,594.0,2.755368709564209,1.655432105064392,0.5937281847000122,-0.002673765644431114,517.0
359017,1726.287599264,597.0,2.791008234024048,1.6758041381835938,0.5941356420516968,-0.0016897788736969233,520.0
359037,1726.307739089,597.0,2.8290162086486816,1.7023234367370605,0.5940842628479004,-0.0034951961133629084,510.0
359057,1726.329801738,597.0,2.8803954124450684,1.6446020603179932,0.5939971804618835,-0.005070957355201244,515.0
359077,1726.347706646,596.0,2.923191785812378,1.640154480934143,0.5941030979156494,-0.004896094556897879,513.0
359097,1726.366840224,596.0,2.9098503589630127,1.6778818368911743,0.5940295457839966,-0.0021755918860435486,514.0
359117,1726.387410079,595.0,2.966216802597046,1.6785756349563599,0.594022274017334,0.00032232655212283134,512.0
359137,1726.40781369,595.0,3.0229692459106445,1.7514234781265259,0.594032883644104,0.0006458205753006041,510.0
359157,1726.428988632,598.0,3.143219470977783,1.786844253540039,0.5945608615875244,0.001194808166474104,511.0
359177,1726.448356526,598.0,3.165339231491089,1.8745156526565552,0.5945844650268555,0.001456828904338181,511.0
359197,1726.467536207,594.0,3.3180179595947266,1.9177989959716797,0.594235360622406,6.055169433238916e-05,511.0
359217,1726.488117925,594.0,3.426989793777466,1.9551752805709839,0.5942453145980835,0.001491390517912805,514.0
359237,1726.507420274,595.0,3.6115260124206543,2.0903475284576416,0.594146728515625,0.0040581924840807915,517.0
359257,1726.527640153,595.0,4.021078586578369,2.3588647842407227,0.5942618250846863,0.007129616569727659,509.0
359277,1726.546656585,598.0,4.322131156921387,2.664875030517578,0.5946750044822693,0.00855729728937149,510.0
359297,1726.567348804,598.0,4.655299663543701,2.7080307006835938,0.5948396921157837,0.007220020983368158,509.0
359317,1726.586694093,598.0,4.898555278778076,2.806626558303833,0.5949868559837341,0.0021865018643438816,513.0
359337,1726.607495725,598.0,5.072969436645508,2.8830690383911133,0.5949996709823608,0.0003127923118881881,509.0
359357,1726.626814997,598.0,5.192897319793701,2.931384563446045,0.5950127243995667,0.0012436405522748828,520.0
359377,1726.647577561,599.0,5.30411434173584,2.845555543899536,0.5952642560005188,0.007872621528804302,509.0
359397,1726.666932304,599.0,5.758356094360352,2.828803062438965,0.5954583883285522,0.010601339861750603,518.0
359417,1726.686792812,598.0,6.348849296569824,3.074176073074341,0.5954370498657227,0.007611483335494995,510.0
359437,1726.707115468,598.0,6.830368518829346,2.964278221130371,0.5955360531806946,0.0021646227687597275,509.0
359457,1726.72711063,606.0,6.978656768798828,2.672722816467285,0.5965569019317627,0.002035119105130434,514.0
359477,1726.747401418,606.0,7.029720306396484,2.610597610473633,0.5965806245803833,0.0013053680304437876,509.0
359497,1726.767494462,605.0,7.005539417266846,2.662184000015259,0.5972414612770081,0.005910192616283894,510.0
359517,1726.787734147,605.0,7.219038963317871,2.7543833255767822,0.5974520444869995,0.014608065597712994,509.0
359537,1726.806748133,603.0,7.3618974685668945,2.9324517250061035,0.5977009534835815,0.016127167269587517,509.0
359557,1726.826754227,603.0,7.677801609039307,2.904669761657715,0.5980356931686401,0.017689060419797897,511.0
359577,1726.847572126,608.0,8.059532165527344,2.8697562217712402,0.5990206599235535,0.026633426547050476,509.0
359597,1726.867959169,608.0,8.499298095703125,2.818307638168335,0.5996527075767517,0.03212851285934448,510.0
359617,1726.886911466,609.0,8.63492488861084,2.778928518295288,0.6001927256584167,0.02048218622803688,515.0
359637,1726.906699417,609.0,8.468524932861328,3.0041909217834473,0.6007174849510193,0.007933125831186771,510.0
359657,1726.927459617,609.0,8.035508155822754,3.1786305904388428,0.6007840037345886,0.0005609648069366813,519.0
359677,1726.94697572,612.0,7.656946659088135,2.6615817546844482,0.601669430732727,0.00605255039408803,515.0
359697,1726.967345328,612.0,7.0828142166137695,2.077178716659546,0.60185307264328,0.009841728955507278,517.0
359717,1726.987371463,610.0,6.717887878417969,1.6552013158798218,0.6026852130889893,0.012891490943729877,511.0
359737,1727.006631749,610.0,6.386973857879639,1.3069626092910767,0.6029781699180603,0.015990400686860085,519.0
359757,1727.027519211,608.0,6.2364277839660645,1.0514270067214966,0.603431224822998,0.009708038531243801,523.0
359777,1727.047941598,608.0,6.122466564178467,0.9547522068023682,0.6035676598548889,0.005060588009655476,523.0
359797,1727.066442763,611.0,6.08507776260376,0.8500233292579651,0.6043710112571716,0.006877378094941378,534.0
359817,1727.086676457,611.0,5.981749534606934,0.6311050653457642,0.6045728921890259,0.014659185893833637,517.0
359837,1727.106905512,605.0,5.723563194274902,0.4771437644958496,0.6043134927749634,0.010947155766189098,520.0
359857,1727.126763698,605.0,5.5271477699279785,0.4565005302429199,0.6044610738754272,0.004922940861433744,528.0
359877,1727.146189063,608.0,5.235458850860596,0.4377526640892029,0.6047399044036865,0.005640475079417229,529.0
359897,1727.166447916,608.0,4.730077266693115,0.4805431067943573,0.6048622131347656,0.006540258880704641,522.0
359917,1727.186425817,608.0,4.580988883972168,0.3493877053260803,0.6049484014511108,0.0025171737652271986,527.0
359937,1727.206584516,606.0,4.980713844299316,0.10252032428979874,0.6048972606658936,0.00737719563767314,525.0
359957,1727.226630007,606.0,5.506910800933838,-0.15822310745716095,0.6050719618797302,0.00745531776919961,525.0
359977,1727.246202357,607.0,5.548409938812256,-0.15420232713222504,0.6049727201461792,-0.00196102075278759,527.0
359997,1727.266451908,607.0,5.573062419891357,-0.13308154046535492,0.6048698425292969,-0.00790500920265913,526.0
360017,1727.286786996,607.0,5.633533954620361,-0.2855898439884186,0.6045504808425903,-0.007982014678418636,528.0
360037,1727.307082366,607.0,5.596545696258545,-0.6259453892707825,0.6044291257858276,-0.005045607220381498,529.0
360057,1727.326205773,607.0,5.515655994415283,-0.7408843636512756,0.6042078733444214,-0.010172085836529732,526.0
360077,1727.34608784,607.0,5.170947551727295,-0.7501458525657654,0.6039419174194336,-0.01598350889980793,530.0
360097,1727.366619929,607.0,4.794020652770996,-1.0235661268234253,0.6037885546684265,-0.012860119342803955,534.0
360117,1727.386991188,607.0,4.39582633972168,-1.2520227432250977,0.603556215763092,-0.011127233505249023,525.0
360137,1727.406339233,606.0,4.044979572296143,-1.10771644115448,0.6034486293792725,-0.012156891636550426,528.0
360157,1727.4269687,606.0,3.5390098094940186,-1.0159989595413208,0.6032686233520508,-0.005363041069358587,525.0
360177,1727.446830705,601.0,2.922431468963623,-1.291788101196289,0.6026312708854675,-0.002443512436002493,523.0
360197,1727.466630507,601.0,2.830913543701172,-1.8601163625717163,0.6026104092597961,8.107325265882537e-05,524.0
360217,1727.487123456,601.0,3.2346041202545166,-2.195080280303955,0.6026265621185303,0.0019518379122018814,530.0
360237,1727.506308392,604.0,3.8070743083953857,-1.9947301149368286,0.602653980255127,-0.002330723451450467,533.0
360257,1727.525395648,604.0,3.854261875152588,-1.659330129623413,0.6024880409240723,-0.013506434857845306,531.0
360277,1727.54556914,602.0,3.4973416328430176,-1.6915056705474854,0.6018177270889282,-0.014933807775378227,528.0
360297,1727.566103499,602.0,3.2715792655944824,-2.016047954559326,0.6015974283218384,-0.006769006606191397,525.0
360317,1727.58627768,603.0,3.236677408218384,-2.2287726402282715,0.6014918684959412,-0.004966252017766237,525.0
360337,1727.605131479,603.0,3.30537486076355,-2.3581807613372803,0.6013716459274292,-0.007148777134716511,524.0
360357,1727.626482259,602.0,3.3149936199188232,-2.2695891857147217,0.6010618805885315,-0.007486258167773485,521.0
360377,1727.646117824,602.0,3.22401762008667,-2.274754524230957,0.6008718609809875,-0.011837450787425041,529.0
360397,1727.666378867,605.0,3.0523972511291504,-2.1905882358551025,0.6011075377464294,-0.0150637561455369,521.0
360417,1727.686601481,605.0,2.791187047958374,-2.0692696571350098,0.6007962822914124,-0.01572682149708271,522.0
360437,1727.706593004,601.0,2.43703556060791,-2.047708511352539,0.600344717502594,-0.015617921948432922,521.0
360457,1727.726739109,601.0,2.1648409366607666,-1.959031343460083,0.6000601053237915,-0.011495716869831085,521.0
360477,1727.746335469,600.0,1.9517464637756348,-1.920045018196106,0.5998687148094177,-0.00867537036538124,524.0
360497,1727.766780695,600.0,1.9887133836746216,-1.9519070386886597,0.5996369123458862,-0.006695294752717018,521.0
360517,1727.786143737,600.0,2.030287027359009,-1.7127292156219482,0.5994859933853149,-0.00851172674447298,528.0
360537,1727.805744364,601.0,1.9488807916641235,-1.4138154983520508,0.5994673371315002,-0.011969511397182941,522.0
360557,1727.825834009,601.0,1.504629135131836,-1.1186593770980835,0.59915691614151,-0.019327208399772644,528.0
360577,1727.84594577,601.0,0.7773350477218628,-0.9445462822914124,0.5989930033683777,-0.021826203912496567,530.0
360597,1727.866615295,601.0,0.2028481662273407,-0.913883626461029,0.5985541343688965,-0.022560177370905876,533.0
360617,1727.886781712,601.0,-0.37079504132270813,-0.7166802883148193,0.5985434651374817,-0.02584853582084179,533.0
360637,1727.906505531,601.0,-0.9999196529388428,-0.44025951623916626,0.5979658365249634,-0.03238311782479286,535.0
360657,1727.9266406,599.0,-1.7485096454620361,-0.030348090454936028,0.5975013375282288,-0.03125835210084915,531.0
360677,1727.946687693,599.0,-2.059337854385376,0.3490295112133026,0.5969372987747192,-0.025370750576257706,528.0
360697,1727.967498767,597.0,-2.064218044281006,0.7622331380844116,0.5964360237121582,-0.021007424220442772,525.0
360717,1727.986489784,597.0,-1.9812520742416382,1.23412024974823,0.596025288105011,-0.020905539393424988,533.0
360737,1728.006811098,591.0,-1.952194333076477,1.479204535484314,0.5945422053337097,-0.02851611189544201,540.0
360757,1728.026472117,591.0,-2.05700421333313,1.6887165307998657,0.5939503908157349,-0.03131100535392761,541.0
360777,1728.046561396,591.0,-2.1799044609069824,1.8453153371810913,0.5936208963394165,-0.0335080623626709,514.0
360797,1728.065659192,601.0,-2.3919739723205566,1.8951035737991333,0.5942720174789429,-0.031323306262493134,521.0
360817,1728.086479181,601.0,-2.3180289268493652,1.8504563570022583,0.59369957447052,-0.02533777244389057,510.0
360837,1728.105426919,599.0,-2.3802287578582764,1.8865957260131836,0.594129741191864,-0.021152012050151825,516.0
360857,1728.125711635,599.0,-2.6340034008026123,1.9364603757858276,0.5937561392784119,-0.016475655138492584,515.0
360877,1728.146090172,597.0,-2.804288864135742,1.8121018409729004,0.5939100384712219,-0.013995053246617317,510.0
360897,1728.166521847,597.0,-2.3255865573883057,1.6303613185882568,0.593605101108551,-0.0176528487354517,512.0
360917,1728.186826743,596.0,-2.1022281646728516,1.3946194648742676,0.5936562418937683,-0.01441457960754633,515.0
360937,1728.20611554,596.0,-1.939845085144043,1.2182658910751343,0.5934008359909058,-0.011871571652591228,510.0
360957,1728.226576996,594.0,-1.6381630897521973,0.9009060859680176,0.5932157039642334,-0.012809928506612778,511.0
360977,1728.246549377,594.0,-1.6245661973953247,0.6570408940315247,0.5930101275444031,-0.008962471969425678,514.0
360997,1728.266024244,600.0,-1.5301735401153564,0.341052383184433,0.594111979007721,-0.003652547486126423,516.0
361017,1728.286118689,600.0,-1.5159741640090942,0.1559736430644989,0.5939658880233765,-0.010247865691781044,514.0
361037,1728.306600805,596.0,-1.6381618976593018,0.061542149633169174,0.5937369465827942,-0.011322202160954475,515.0
361057,1728.325856169,596.0,-1.4106786251068115,-0.27395540475845337,0.5939767956733704,-0.009206666611135006,510.0
361077,1728.34548429,596.0,-1.292076826095581,-0.5559911727905273,0.593810498714447,-0.005326432641595602,528.0
361097,1728.36630081,592.0,-1.301929235458374,-0.754988431930542,0.593369722366333,-0.005178387742489576,512.0
361117,1728.386769562,592.0,-1.4107857942581177,-0.9671517610549927,0.593272864818573,-0.004684376064687967,512.0
361137,1728.405968719,592.0,-1.2561148405075073,-1.089205026626587,0.5929505825042725,-0.0007549079018644989,515.0
361157,1728.426515333,592.0,-0.9198841452598572,-1.290216088294983,0.5929532051086426,0.0018431941280141473,510.0
361177,1728.44587963,593.0,-0.4202297627925873,-1.5050485134124756,0.5929855108261108,0.0010920651257038116,515.0
361197,1728.466387136,593.0,-0.191629558801651,-1.6640836000442505,0.5929678082466125,-0.0024437292013317347,510.0
361217,1728.486797977,593.0,-0.1430550515651703,-1.8561204671859741,0.5928314328193665,-0.006198851391673088,511.0
361237,1728.506461312,593.0,-0.017501607537269592,-1.9746224880218506,0.5926931500434875,-0.006679333280771971,514.0
361257,1728.526580139,592.0,0.04571331664919853,-2.048041820526123,0.5923653244972229,-0.007037919946014881,509.0
361277,1728.54590503,592.0,0.07545293867588043,-2.108942985534668,0.5922257304191589,-0.006657811347395182,515.0
361297,1728.565672622,595.0,0.21647945046424866,-2.197404623031616,0.5925315022468567,-0.00524305971339345,515.0
361317,1728.586020529,595.0,0.60744708776474,-2.1378726959228516,0.592448890209198,-0.0009863205486908555,511.0
361337,1728.605639689,594.0,0.8189576268196106,-2.2219531536102295,0.5924738645553589,0.0017034150660037994,525.0
361357,1728.625920184,594.0,0.8841378688812256,-2.121772527694702,0.5926899313926697,-0.00045876207877881825,512.0
361377,1728.645578636,594.0,0.8751805424690247,-2.0885870456695557,0.5926626324653625,-0.0015055055264383554,520.0
361397,1728.666036248,595.0,0.9357699155807495,-2.0557074546813965,0.593041718006134,0.00307785184122622,516.0
361417,1728.685373949,595.0,0.9019045233726501,-1.8863282203674316,0.5931090712547302,0.00316218682564795,508.0
361437,1728.705683001,594.0,0.7876092791557312,-1.784034013748169,0.5932565331459045,0.0007410926627926528,510.0
361457,1728.726535726,594.0,0.6382412910461426,-1.6454907655715942,0.5932639837265015,-0.0004919142229482532,509.0
361477,1728.746243592,594.0,0.5285052061080933,-1.5350147485733032,0.5933405756950378,-0.0020379957277327776,509.0
361497,1728.76548378,594.0,0.41075026988983154,-1.496614694595337,0.593307375907898,-0.0016580792143940926,510.0
361517,1728.785870603,593.0,0.45519542694091797,-1.3508775234222412,0.5931667685508728,-0.0011397942434996367,509.0
361537,1728.805125018,593.0,0.45392629504203796,-1.2280526161193848,0.5931760668754578,0.0016038488829508424,510.0
361557,1728.825525521,594.0,0.5030345320701599,-1.2904001474380493,0.5932822227478027,-0.00080921221524477,509.0
361577,1728.845602273,594.0,0.47407710552215576,-1.338539481163025,0.5932491421699524,-0.002106310799717903,509.0
361597,1728.86659677,594.0,0.3857285976409912,-1.4090055227279663,0.5932950973510742,-0.002020597690716386,509.0
361617,1728.885745692,594.0,0.28642940521240234,-1.3177286386489868,0.5932340621948242,-0.0030253601726144552,515.0
361637,1728.906417222,594.0,0.3074585795402527,-1.1118600368499756,0.5931972861289978,-0.0001965147239388898,517.0
361657,1728.925343812,594.0,0.42922288179397583,-0.9836012721061707,0.5933728218078613,0.0019268571631982923,517.0
361677,1728.945829163,594.0,0.49388256669044495,-0.9698419570922852,0.5933591723442078,-0.0032928611617535353,514.0
361697,1728.966493076,598.0,0.5602287650108337,-1.0507359504699707,0.5941466093063354,-0.0033966824412345886,520.0
361717,1728.986404948,598.0,0.643907368183136,-1.0400956869125366,0.5941066741943359,-0.00024151810794137418,518.0
361737,1729.006036783,594.0,0.6497308611869812,-0.9751437306404114,0.594097912311554,0.001957220258191228,557.0
361757,1729.025653732,594.0,0.663711667060852,-0.8643558621406555,0.5941709876060486,0.00510621489956975,564.0
361777,1729.046095348,599.0,0.7354179620742798,-0.7555654048919678,0.5951338410377502,0.0077715180814266205,572.0
361797,1729.065584475,599.0,0.7586981654167175,-0.7151997685432434,0.5952607989311218,0.004671928472816944,578.0
361817,1729.085712409,594.0,0.8099346160888672,-0.7307901978492737,0.5950287580490112,3.362435381859541e-05,560.0
361837,1729.105860159,594.0,0.8167140483856201,-0.7236480712890625,0.5950170159339905,-0.0009383493452332914,569.0
361857,1729.12524347,599.0,0.8211126327514648,-0.6971279382705688,0.595697820186615,0.0017095274524763227,553.0
361877,1729.144625114,599.0,0.8383085131645203,-0.6527059078216553,0.5957692265510559,0.005849055014550686,569.0
361897,1729.165527274,596.0,0.912255048751831,-0.5366253852844238,0.5959188938140869,0.008670187555253506,561.0
361917,1729.185973611,596.0,0.9606224894523621,-0.40202796459198,0.5960571765899658,0.006742301397025585,568.0
361937,1729.204936284,596.0,0.9917410612106323,-0.3822588622570038,0.5961440801620483,0.0022306544706225395,563.0
361957,1729.224656677,594.0,1.0020312070846558,-0.40330255031585693,0.5957464575767517,-0.0015719003276899457,584.0
361977,1729.244865824,594.0,1.0260124206542969,-0.43171820044517517,0.5957098603248596,-0.0014449722366407514,563.0
361997,1729.265847632,593.0,1.056151032447815,-0.42201656103134155,0.5951904058456421,-0.0004494162567425519,566.0
362017,1729.285370467,593.0,1.1206254959106445,-0.3692917823791504,0.5952022671699524,0.001715982099995017,561.0
362037,1729.304820719,595.0,1.110119342803955,-0.3595636785030365,0.595187783241272,0.0004951643059030175,567.0
362057,1729.324694299,595.0,1.0649425983428955,-0.39165812730789185,0.5951648950576782,-0.0024560238234698772,557.0
362077,1729.343039281,594.0,1.0623137950897217,-0.3790343105792999,0.5948548316955566,-0.0039146095514297485,570.0
362097,1729.365884952,594.0,1.0919564962387085,-0.36646902561187744,0.5947801470756531,-0.0034562558867037296,564.0
362117,1729.385420848,592.0,1.0960800647735596,-0.38630375266075134,0.5941683650016785,-0.004990638233721256,564.0
362137,1729.405547176,592.0,1.0535441637039185,-0.42158806324005127,0.59407639503479,-0.003958530258387327,555.0
362157,1729.424460797,597.0,1.0808900594711304,-0.39493855834007263,0.5945113301277161,-0.002118702046573162,571.0
362177,1729.445453771,597.0,1.1185449361801147,-0.37554243206977844,0.5944714546203613,-0.0019009080715477467,555.0
362197,1729.465513353,593.0,1.1617828607559204,-0.32387569546699524,0.5944263935089111,-0.0026121209375560284,566.0
362217,1729.485883144,593.0,1.202955961227417,-0.30904102325439453,0.5940333008766174,-0.006015195976942778,555.0
362237,1729.505081021,593.0,1.1582916975021362,-0.3559441864490509,0.5938950181007385,-0.00745045393705368,577.0
362257,1729.525269808,595.0,1.159549593925476,-0.38852831721305847,0.5939686894416809,-0.006492116954177618,556.0
362277,1729.544704546,595.0,1.2105939388275146,-0.3760443925857544,0.5938416123390198,-0.0062841325998306274,567.0
362297,1729.565026212,596.0,1.250127911567688,-0.35276371240615845,0.5941230058670044,-0.00520612858235836,557.0
362317,1729.585252265,596.0,1.2714800834655762,-0.3285016417503357,0.5940446257591248,-0.0022083125077188015,563.0
362337,1729.605505221,595.0,1.2483623027801514,-0.2794230580329895,0.5941959619522095,-0.00012648988922592252,553.0
362357,1729.625392592,595.0,1.2516074180603027,-0.2686498761177063,0.5941503643989563,-0.0050171855837106705,563.0
362377,1729.646077852,596.0,1.251702070236206,-0.32628148794174194,0.5943185091018677,-0.009861751459538937,553.0
362397,1729.665119832,596.0,1.2670044898986816,-0.38933518528938293,0.5941144824028015,-0.009582523256540298,563.0
362417,1729.686117603,594.0,1.2439587116241455,-0.41237422823905945,0.593919038772583,-0.005743552930653095,552.0
362437,1729.705174883,594.0,1.2026628255844116,-0.38730838894844055,0.5938459634780884,-0.0016470544505864382,567.0
362457,1729.72555364,596.0,1.2213218212127686,-0.3454459011554718,0.5941877365112305,0.0012293860781937838,553.0
362477,1729.74626948,596.0,1.2199705839157104,-0.31605032086372375,0.5942001938819885,-5.752425204264e-05,564.0
362497,1729.765080131,596.0,1.2344249486923218,-0.30237913131713867,0.5941734313964844,-0.0027481121942400932,560.0
362517,1729.78387276,597.0,1.2602896690368652,-0.2985231280326843,0.5946193933486938,-0.005469800438731909,563.0
362537,1729.804493146,597.0,1.2595306634902954,-0.3617246747016907,0.5944986939430237,-0.005911610089242458,563.0
362557,1729.825052716,597.0,1.275930404663086,-0.3503186106681824,0.5948725938796997,-0.0026287692598998547,563.0
362577,1729.845287508,597.0,1.2802270650863647,-0.30041611194610596,0.5948492288589478,0.00012183772923890501,559.0
362597,1729.864342339,596.0,1.2636175155639648,-0.27918973565101624,0.5950619578361511,0.0009336041403003037,572.0
362617,1729.884779623,596.0,1.2822315692901611,-0.2745358347892761,0.5950639843940735,-0.0011751179117709398,557.0
362637,1729.905080217,595.0,1.3065593242645264,-0.29899150133132935,0.5949764847755432,-0.005782425869256258,567.0
362657,1729.925421036,595.0,1.2888790369033813,-0.39106276631355286,0.5948408842086792,-0.006795388646423817,556.0
362677,1729.946147874,594.0,1.283611536026001,-0.3998844623565674,0.5945641994476318,-0.001857261871919036,567.0
362697,1729.965249432,594.0,1.318808674812317,-0.33133283257484436,0.5945626497268677,0.0012222237419337034,556.0
362717,1729.985556751,593.0,1.3684674501419067,-0.28635579347610474,0.5942432284355164,0.00025762274162843823,566.0
362737,1730.005419944,593.0,1.4054890871047974,-0.23680613934993744,0.5942257046699524,-0.0023854731116443872,569.0
362757,1730.024923078,596.0,1.4730169773101807,-0.18558695912361145,0.5944206714630127,-0.006003519520163536,577.0
362777,1730.045082397,596.0,1.4870535135269165,-0.24024438858032227,0.5942749381065369,-0.007947012782096863,567.0
362797,1730.064038711,596.0,1.4852946996688843,-0.27761900424957275,0.594135046005249,-0.005617107730358839,521.0
362817,1730.083965178,595.0,1.4962431192398071,-0.259246289730072,0.5942139029502869,-0.001525695901364088,520.0
362837,1730.104799785,595.0,1.500084638595581,-0.1970778852701187,0.5942106246948242,0.000681762641761452,511.0
362857,1730.125277853,595.0,1.495678424835205,-0.1747552752494812,0.5943399667739868,-0.0006573910359293222,513.0
362877,1730.146400633,595.0,1.5181763172149658,-0.14938010275363922,0.594291627407074,-0.004265110939741135,509.0
362897,1730.164073825,594.0,1.5582513809204102,-0.16298577189445496,0.5940983891487122,-0.008703040890395641,509.0
362917,1730.18428259,594.0,1.5802841186523438,-0.26289933919906616,0.5938779711723328,-0.011770272627472878,510.0
362937,1730.204481723,597.0,1.5555709600448608,-0.3158525824546814,0.5942609310150146,-0.0038917604833841324,513.0
362957,1730.22498,597.0,1.5704854726791382,-0.22801288962364197,0.5942454934120178,0.0017164211021736264,514.0
362977,1730.245628365,591.0,1.574488878250122,-0.17437750101089478,0.5936124920845032,-0.0003236904740333557,513.0
362997,1730.264782203,591.0,1.5973550081253052,-0.14185725152492523,0.5935766100883484,-0.003401190508157015,512.0
363017,1730.285220451,598.0,1.6189597845077515,-0.1412801444530487,0.5942336916923523,-0.0055911606177687645,521.0
363037,1730.304882023,598.0,1.6032031774520874,-0.1803893893957138,0.5940994024276733,-0.006820203270763159,515.0
363057,1730.325030877,592.0,1.6090255975723267,-0.19097599387168884,0.5939900875091553,-0.004182850942015648,519.0
363077,1730.345752266,592.0,1.5935484170913696,-0.1655573546886444,0.593487024307251,-0.0030191910918802023,518.0
363097,1730.36437524,592.0,1.604617953300476,-0.1562049835920334,0.5934308767318726,-0.0027800470124930143,514.0
363117,1730.384747017,597.0,1.621547818183899,-0.14476387202739716,0.5940277576446533,-0.0021070661023259163,509.0
363137,1730.405094616,597.0,1.6104627847671509,-0.13546642661094666,0.5939742922782898,-0.003353561507537961,510.0
363157,1730.424120211,597.0,1.6343060731887817,-0.14471100270748138,0.5944438576698303,-0.0033347471617162228,522.0
363177,1730.44636006,597.0,1.6459232568740845,-0.16585230827331543,0.5943618416786194,-0.004937012679874897,516.0
363197,1730.464138924,596.0,1.6425073146820068,-0.2053135335445404,0.5945490002632141,-0.004022157751023769,515.0
363217,1730.483993973,596.0,1.6623436212539673,-0.1830647587776184,0.5944879651069641,-0.0019568135030567646,513.0
363237,1730.50436535,595.0,1.6814204454421997,-0.17307673394680023,0.5944904088973999,-0.0011767181567847729,515.0
363257,1730.5271243,595.0,1.6839349269866943,-0.17115706205368042,0.5944728851318359,-8.834899927023798e-05,511.0
363277,1730.543653861,598.0,1.664299488067627,-0.13829383254051208,0.5950619578361511,0.0012878281995654106,518.0
363297,1730.562966066,598.0,1.644757866859436,-0.13098736107349396,0.5950552821159363,-0.0018871374195441604,512.0
363317,1730.582533763,593.0,1.633375883102417,-0.17465130984783173,0.594569742679596,-0.004448435269296169,514.0
363337,1730.602956578,593.0,1.6354368925094604,-0.16942287981510162,0.5944986939430237,-0.0022137730848044157,510.0
363357,1730.624560412,593.0,1.6298813819885254,-0.1516834944486618,0.594481885433197,0.0005581082077696919,514.0
363377,1730.643642203,596.0,1.6397783756256104,-0.10845406353473663,0.5947313904762268,0.0024901379365473986,509.0
363397,1730.664116283,596.0,1.6826914548873901,-0.04114418476819992,0.5947678089141846,0.0004900720668956637,515.0
363417,1730.684366145,595.0,1.6843695640563965,-0.059204403311014175,0.5947477221488953,-0.0037759263068437576,517.0
363437,1730.70472753,595.0,1.6642541885375977,-0.09960585832595825,0.5946596264839172,-0.0041730343364179134,515.0
363457,1730.724350982,595.0,1.6499180793762207,-0.10473312437534332,0.5946442484855652,-0.0015776125947013497,514.0
363477,1730.7447823,595.0,1.6148850917816162,-0.1091596707701683,0.5946345925331116,0.00045906458399258554,509.0
363497,1730.765099323,597.0,1.6244252920150757,-0.06253498792648315,0.5950688123703003,0.002489126054570079,509.0
363517,1730.784834112,597.0,1.65303373336792,-0.010667991824448109,0.5951029062271118,0.0006689903675578535,509.0
363537,1730.804283871,596.0,1.6359760761260986,-0.03405154123902321,0.5951945185661316,-0.00168683473020792,510.0
363557,1730.824366505,596.0,1.6209731101989746,-0.06421279907226562,0.5951460003852844,-0.0027524817269295454,512.0
363577,1730.844344529,595.0,1.61147940158844,-0.06270364671945572,0.5950171947479248,-0.002000056905671954,511.0
363597,1730.863586463,595.0,1.618039846420288,-0.06392840296030045,0.5949792861938477,-0.0016555910697206855,513.0
363617,1730.884366519,599.0,1.638230323791504,-0.06342672556638718,0.5949382185935974,-0.002325974404811859,509.0
363637,1730.904366014,599.0,1.6763851642608643,-0.048436883836984634,0.5956065058708191,-0.00021182197087910026,512.0
363657,1730.924147806,599.0,1.676514744758606,-0.02816707082092762,0.5956186056137085,0.001327425125055015,519.0
363677,1730.944965434,596.0,1.6525495052337646,0.00874264445155859,0.5956850647926331,0.0009216936305165291,512.0
363697,1730.96454292,596.0,1.6808946132659912,0.006062967237085104,0.5956751108169556,-0.0019579462241381407,517.0
363717,1730.983628062,600.0,1.7003971338272095,0.004883965011686087,0.5964164733886719,-0.001259085489436984,514.0
363737,1731.004200003,600.0,1.720335602760315,-0.0040961275808513165,0.5963841080665588,-0.001545832958072424,529.0
363757,1731.024610898,595.0,1.695112943649292,-0.04139113798737526,0.5960777997970581,-0.0009091370739042759,543.0
363777,1731.043670009,595.0,1.6833117008209229,-0.054893266409635544,0.5960813164710999,0.0012179547920823097,523.0
363797,1731.064817863,593.0,1.6983064413070679,-0.01914445497095585,0.5954998135566711,-0.0010866798693314195,536.0
363817,1731.083915756,593.0,1.7032829523086548,-0.030888447538018227,0.5954458117485046,-0.00406678207218647,530.0
363837,1731.104462478,597.0,1.708736777305603,-0.04479756951332092,0.5955914258956909,-0.004354993347078562,531.0
363857,1731.124858948,597.0,1.6802898645401,-0.05145973339676857,0.5955153107643127,-0.002938586752861738,523.0
363877,1731.144847089,595.0,1.6495908498764038,-0.03163623437285423,0.5953249335289001,-0.0013410045066848397,523.0
363897,1731.164865379,595.0,1.6705366373062134,-0.0050336276181042194,0.595293402671814,-0.0021316315978765488,522.0
363917,1731.184133779,596.0,1.68342924118042,-0.0036908274050801992,0.5952298045158386,-0.004133856855332851,528.0
363937,1731.203530749,596.0,1.6865733861923218,-0.04013226926326752,0.5952121019363403,-0.004908363334834576,535.0
363957,1731.223807714,596.0,1.6932969093322754,-0.038833506405353546,0.5951313972473145,-0.0029598569963127375,529.0
363977,1731.244601542,592.0,1.6790906190872192,-0.024129770696163177,0.5944545269012451,-0.0038934682961553335,532.0
363997,1731.263794908,592.0,1.677366018295288,-0.025065606459975243,0.5943641066551208,-0.004930293653160334,523.0
364017,1731.283600112,598.0,1.708487629890442,-0.01866181753575802,0.5949262380599976,-0.004003990441560745,530.0
364037,1731.303134432,598.0,1.7020562887191772,-0.051805026829242706,0.5948410034179688,-0.004223584197461605,531.0
364057,1731.324569477,593.0,1.682315468788147,-0.03991018235683441,0.5944166779518127,-0.002122933976352215,526.0
364077,1731.343941188,593.0,1.6848798990249634,0.030237600207328796,0.5943928360939026,-0.0007524127722717822,526.0
364097,1731.36382607,596.0,1.6944363117218018,0.02703564427793026,0.5945940613746643,-0.0029376940801739693,523.0
364117,1731.383895312,596.0,1.6932755708694458,0.004680330399423838,0.5945048928260803,-0.005761252250522375,522.0
364137,1731.40445484,597.0,1.7104640007019043,-0.005027319770306349,0.5947941541671753,-0.005720607470721006,530.0
364157,1731.42337814,597.0,1.7069270610809326,-0.01541571132838726,0.5946950912475586,-0.003893972607329488,523.0
364177,1731.443756368,595.0,1.6913033723831177,0.00839283224195242,0.5946438908576965,-0.0009323149570263922,525.0
364197,1731.463549459,595.0,1.6544854640960693,0.03582737594842911,0.5946373343467712,-0.00028595171170309186,528.0
364217,1731.484305039,595.0,1.6045571565628052,0.08556002378463745,0.5945883393287659,-0.0046525332145392895,534.0
364237,1731.50307493,599.0,1.6269035339355469,0.028131457045674324,0.5952298045158386,-0.0065803444012999535,529.0
364257,1731.524069792,599.0,1.622802495956421,-0.00602894090116024,0.5950946807861328,-0.006083753425627947,525.0
364277,1731.544085929,595.0,1.6247879266738892,-0.006581936962902546,0.5949732065200806,-0.0027403668500483036,527.0
364297,1731.562764446,595.0,1.6252696514129639,0.026224520057439804,0.594946563243866,0.00018416062812320888,523.0
364317,1731.583098946,597.0,1.6231387853622437,0.07490565627813339,0.5953260064125061,0.0022002256009727716,522.0
364337,1731.603309609,597.0,1.6266498565673828,0.0988725796341896,0.5953414440155029,-0.0010209024185314775,522.0
364357,1731.622977722,595.0,1.647599458694458,0.08569864183664322,0.5951972603797913,-0.004650344606488943,526.0
364377,1731.642725965,595.0,1.649182677268982,0.048286426812410355,0.5950877666473389,-0.0057990713976323605,525.0
364397,1731.663915923,598.0,1.6248750686645508,-0.008083069697022438,0.5954984426498413,-0.001317097689025104,521.0
364417,1731.683441795,598.0,1.6323020458221436,0.03133011981844902,0.5955098271369934,0.0021580129396170378,526.0
364437,1731.70325113,595.0,1.6622756719589233,0.10913003981113434,0.5953819155693054,0.0008983474690467119,526.0
364457,1731.723981311,595.0,1.6686475276947021,0.12171263992786407,0.5953588485717773,-0.0034396210685372353,527.0
364477,1731.742964031,596.0,1.6558465957641602,0.07227775454521179,0.5953236222267151,-0.006712088827043772,525.0
364497,1731.763152022,596.0,1.6578588485717773,0.01570495404303074,0.5951830148696899,-0.006941027007997036,522.0
364517,1731.78380825,596.0,1.6582003831863403,-0.010326235555112362,0.5950594544410706,-0.0051123215816915035,530.0
364537,1731.803721816,595.0,1.6768852472305298,0.00416491599753499,0.5948988795280457,-0.0027745591942220926,522.0
364557,1731.824116966,595.0,1.6818097829818726,0.05562980845570564,0.5948723554611206,-0.0003969765966758132,527.0
364577,1731.843398084,595.0,1.6629835367202759,0.07892759144306183,0.594849169254303,-0.0018582359189167619,521.0
364597,1731.862943152,595.0,1.6606671810150146,0.07870938628911972,0.594779372215271,-0.005277235992252827,521.0
364617,1731.883479859,599.0,1.6705403327941895,0.03511141613125801,0.5954181551933289,-0.006463929079473019,521.0
364637,1731.903072173,599.0,1.677768588066101,0.03526481240987778,0.5952869653701782,-0.006096601020544767,529.0
364657,1731.923688957,592.0,1.671233892440796,0.04733084887266159,0.5945654511451721,-0.004200833383947611,530.0
364677,1731.94371296,592.0,1.6510021686553955,0.07504381239414215,0.5945088267326355,-0.0018847995670512319,529.0
364697,1731.963089008,596.0,1.6751788854599,0.10745644569396973,0.5946756601333618,-0.0036614639684557915,524.0
364717,1731.983542003,596.0,1.6729730367660522,0.08409564197063446,0.5945677161216736,-0.006844395771622658,524.0
364737,1732.003995426,595.0,1.6934924125671387,0.07043660432100296,0.5944616794586182,-0.007132426835596561,533.0
364757,1732.023823197,595.0,1.7071545124053955,0.09323877096176147,0.5943458676338196,-0.004125745501369238,538.0
364777,1732.043130035,597.0,1.7425309419631958,0.14966295659542084,0.5947204828262329,-7.085036486387253e-06,542.0
364797,1732.063325465,597.0,1.7660572528839111,0.18696986138820648,0.5947221517562866,-0.00026848335983231664,529.0
364817,1732.08417386,597.0,1.7521361112594604,0.19122543931007385,0.5947005152702332,-0.0019022203050553799,530.0
364837,1732.103532588,595.0,1.712565541267395,0.1566433310508728,0.594662070274353,-0.004707522224634886,520.0
364857,1732.123119485,595.0,1.718939185142517,0.13641886413097382,0.5945587158203125,-0.005462724715471268,516.0
364877,1732.143799915,599.0,1.7220019102096558,0.1198100596666336,0.5952668190002441,-0.003582556964829564,534.0
364897,1732.163347171,599.0,1.7328656911849976,0.09210497885942459,0.5952093005180359,-0.0018682257505133748,520.0
364917,1732.183464324,596.0,1.7401412725448608,0.10735981166362762,0.5953116416931152,0.0005531167262233794,519.0
364937,1732.203500047,596.0,1.7252326011657715,0.13518188893795013,0.5953391194343567,0.0023141982965171337,520.0
364957,1732.222898062,596.0,1.7096627950668335,0.16147638857364655,0.5954697728157043,0.0018318244256079197,520.0
364977,1732.243959334,596.0,1.7267986536026,0.1640404760837555,0.5954672694206238,-0.002094579627737403,528.0
364997,1732.263391326,594.0,1.7463624477386475,0.12038806825876236,0.595070481300354,-0.004650886170566082,525.0
365017,1732.282676918,594.0,1.7321184873580933,0.10089515894651413,0.5949817299842834,-0.0038809324614703655,516.0
365037,1732.30298801,597.0,1.7028850317001343,0.09220515191555023,0.5952395796775818,-0.0010023219510912895,519.0
365057,1732.32270384,597.0,1.6929508447647095,0.11965431272983551,0.5952306985855103,0.00024847470922395587,520.0
365077,1732.342350262,598.0,1.7277919054031372,0.1512901484966278,0.5952415466308594,0.00048358962521888316,528.0
365097,1732.362853612,598.0,1.7326229810714722,0.1479625105857849,0.5956793427467346,-0.0012972695985808969,517.0
365117,1732.383221937,598.0,1.7304614782333374,0.11080392450094223,0.5956225395202637,-0.004014633130282164,528.0
365137,1732.403535348,595.0,1.6976147890090942,0.08327773958444595,0.595410168170929,-0.0025527465622872114,519.0
365157,1732.423456344,595.0,1.6869640350341797,0.1071777194738388,0.5953977108001709,0.0012137297308072448,517.0
365177,1732.442748408,598.0,1.7093822956085205,0.15970008075237274,0.5958924889564514,0.0029253270477056503,522.0
365197,1732.462899093,598.0,1.7391204833984375,0.17806990444660187,0.5959230661392212,-8.019103552214801e-05,520.0
365217,1732.483241769,598.0,1.7387394905090332,0.17437709867954254,0.5962561964988708,-0.0012389760231599212,525.0
365237,1732.503552164,598.0,1.72732675075531,0.14382757246494293,0.5962284803390503,-0.0010374460835009813,516.0
365257,1732.521996906,594.0,1.75384521484375,0.12940038740634918,0.5957393050193787,0.0002165870973840356,517.0
365277,1732.542097438,594.0,1.7577393054962158,0.156622052192688,0.5957630276679993,0.001867089536972344,511.0
365297,1732.562616015,593.0,1.7525222301483154,0.17256465554237366,0.5952056050300598,-0.00039349484723061323,516.0
365317,1732.582721099,593.0,1.744571566581726,0.16943542659282684,0.5951735973358154,-0.003030127380043268,519.0
365337,1732.602848923,595.0,1.7485398054122925,0.16801199316978455,0.5950002670288086,-0.005788981448858976,514.0
365357,1732.623362419,595.0,1.7442536354064941,0.1621304154396057,0.5948674082756042,-0.007088666316121817,510.0
365377,1732.643333288,595.0,1.7624261379241943,0.17063039541244507,0.5947325825691223,-0.006161245051771402,520.0
365397,1732.663221708,596.0,1.7491451501846313,0.20029129087924957,0.5947931408882141,-0.004139370750635862,512.0
365417,1732.682552701,596.0,1.7521990537643433,0.19935908913612366,0.5947099924087524,-0.00417331513017416,516.0
365437,1732.702824526,596.0,1.7366715669631958,0.20536436140537262,0.5948368906974792,-0.00481731491163373,519.0
365457,1732.723467578,596.0,1.7385106086730957,0.19555315375328064,0.5947266817092896,-0.0061655063182115555,510.0
365477,1732.74267858,596.0,1.7458438873291016,0.1671430766582489,0.5948123931884766,-0.006537372246384621,511.0
365497,1732.762900978,596.0,1.7365858554840088,0.1257450431585312,0.5946810245513916,-0.0061082616448402405,514.0
365517,1732.782367972,594.0,1.7157478332519531,0.12257878482341766,0.5944408178329468,-0.003500726306810975,513.0
365537,1732.803320624,594.0,1.7314997911453247,0.167693629860878,0.5943813920021057,-0.002833880251273513,511.0
365557,1732.822491669,596.0,1.7736084461212158,0.19736383855342865,0.5945342183113098,-0.006413550581783056,515.0
365577,1732.842922177,596.0,1.7635005712509155,0.14048098027706146,0.594359278678894,-0.009760873392224312,521.0
365597,1732.862625845,595.0,1.742996335029602,0.07881007343530655,0.5942507386207581,-0.00866615865379572,521.0
365617,1732.88278194,595.0,1.751737356185913,0.05048252269625664,0.5941062569618225,-0.005648571532219648,513.0
365637,1732.904273553,592.0,1.7755478620529175,0.07415088266134262,0.5935860276222229,-0.003239537589251995,514.0
365657,1732.923512481,592.0,1.7859749794006348,0.12066080421209335,0.5935338139533997,-0.0023314268328249454,515.0
365677,1732.942609589,592.0,1.7844816446304321,0.1432660073041916,0.5934562087059021,-0.005807762499898672,520.0
365697,1732.962327852,597.0,1.7823830842971802,0.10460806638002396,0.5938950181007385,-0.008320351131260395,518.0
365717,1732.982271426,597.0,1.7732887268066406,0.08396447449922562,0.5937258005142212,-0.007934057153761387,517.0
365737,1733.0019778,596.0,1.7544420957565308,0.08417908102273941,0.5940121412277222,-0.0036348258145153522,537.0
365757,1733.023372828,596.0,1.767572045326233,0.10852805525064468,0.5939555168151855,-0.002529102610424161,531.0
365777,1733.041993686,593.0,1.8037523031234741,0.13688582181930542,0.5936782956123352,-0.004770698957145214,531.0
365797,1733.062383866,593.0,1.7971144914627075,0.11053350567817688,0.5935593843460083,-0.006863283924758434,522.0
365817,1733.082287497,595.0,1.7767080068588257,0.07020479440689087,0.5936752557754517,-0.005094675347208977,525.0
365837,1733.103027041,595.0,1.7720835208892822,0.08993649482727051,0.5935941934585571,-0.0032180112320929766,528.0
365857,1733.122714598,594.0,1.7846301794052124,0.126282200217247,0.593530535697937,-0.005237585864961147,523.0
365877,1733.142406356,594.0,1.784193754196167,0.10113485157489777,0.5933855175971985,-0.009128287434577942,525.0
365897,1733.162839781,596.0,1.7663716077804565,0.06521987169981003,0.5936318039894104,-0.009743870235979557,529.0
365917,1733.182696058,596.0,1.7532401084899902,0.06359421461820602,0.5934413075447083,-0.008856021799147129,522.0
365937,1733.202518431,594.0,1.7455629110336304,0.07019027322530746,0.5932762622833252,-0.007774281781166792,528.0
365957,1733.222055688,594.0,1.7253986597061157,0.07868766784667969,0.5931903123855591,-0.00724903354421258,527.0
365977,1733.242864404,594.0,1.7104415893554688,0.06419755518436432,0.5930496454238892,-0.006807901430875063,526.0
365997,1733.263098429,597.0,1.7191336154937744,0.047284092754125595,0.5936416983604431,-0.006703108549118042,527.0
366017,1733.282560468,597.0,1.7222299575805664,0.031247006729245186,0.5934898853302002,-0.008240596391260624,524.0
366037,1733.302332083,595.0,1.7023061513900757,0.00509777944535017,0.5936130285263062,-0.0050502922385931015,529.0
366057,1733.322941334,595.0,1.6871733665466309,0.02112436480820179,0.5935582518577576,-0.0006763461278751493,522.0
366077,1733.342543877,595.0,1.7426509857177734,0.053294453769922256,0.5938006043434143,0.0011140794958919287,525.0
366097,1733.362335377,595.0,1.7688809633255005,0.036211371421813965,0.5938079953193665,-0.0003286517458036542,525.0
366117,1733.382244828,598.0,1.7388938665390015,0.009089740924537182,0.5945340394973755,0.00027978315483778715,528.0
366137,1733.401922955,598.0,1.7429399490356445,0.011725734919309616,0.5945339798927307,-0.00021527988428715616,528.0
366157,1733.422352184,598.0,1.77310049533844,0.05021708458662033,0.5950974822044373,0.0001445690868422389,525.0
366177,1733.442339191,598.0,1.7709184885025024,0.029321713373064995,0.5950778126716614,-0.0019180472008883953,530.0
366197,1733.462467397,591.0,1.7458523511886597,0.0067487917840480804,0.5942223072052002,-0.003972469829022884,524.0
366217,1733.4821505,591.0,1.7393054962158203,0.031440891325473785,0.5941510796546936,-0.0033294004388153553,533.0
366237,1733.501696752,591.0,1.7241594791412354,0.03695973381400108,0.5940766930580139,-0.0043126968666911125,538.0
366257,1733.522275918,597.0,1.7259100675582886,0.045784927904605865,0.5944560170173645,-0.0050766561180353165,524.0
366277,1733.541721671,597.0,1.7428020238876343,0.059561681002378464,0.5943422317504883,-0.006070201750844717,524.0
366297,1733.561976477,600.0,1.7228147983551025,0.05468100309371948,0.5952767133712769,-0.004332602024078369,526.0
366317,1733.581686146,600.0,1.6949280500411987,0.029298828914761543,0.5951886177062988,-0.0042958939447999,523.0
366337,1733.603188979,593.0,1.682847023010254,0.023822396993637085,0.5946782231330872,-0.004122618585824966,521.0
366357,1733.622591828,593.0,1.6842044591903687,0.03812164068222046,0.594605028629303,-0.003270248882472515,526.0
366377,1733.642741382,595.0,1.6758424043655396,0.041553691029548645,0.5945886969566345,-0.003397174645215273,522.0
366397,1733.662072599,595.0,1.6561341285705566,0.02372612990438938,0.594514787197113,-0.003816308919340372,527.0
366417,1733.682927646,596.0,1.6686787605285645,0.018781449645757675,0.5946964621543884,-0.002652447670698166,522.0
366437,1733.703181323,596.0,1.6839195489883423,0.03818557783961296,0.5946585536003113,-0.0010651928605511785,521.0
366457,1733.722401125,594.0,1.6877686977386475,0.07807581126689911,0.5944575667381287,-0.0007987584103830159,526.0
366477,1733.741995372,594.0,1.6819252967834473,0.10266971588134766,0.5944260954856873,-0.0025904779322445393,523.0
366497,1733.76304684,596.0,1.696799635887146,0.0849880799651146,0.5945781469345093,-0.0055570099502801895,522.0
366517,1733.782942947,596.0,1.7353938817977905,0.0688980370759964,0.5944412350654602,-0.007932276464998722,522.0
366537,1733.802579787,596.0,1.7539790868759155,0.04524923861026764,0.5942720174789429,-0.007743167225271463,527.0
366557,1733.821787673,594.0,1.7509369850158691,0.032437440007925034,0.5940148234367371,-0.005614462774246931,527.0
366577,1733.842147018,594.0,1.7573177814483643,0.0693838968873024,0.5939305424690247,-0.002622595289722085,527.0
366597,1733.861593497,595.0,1.746385097503662,0.13213390111923218,0.5940746068954468,-0.0007661227136850357,525.0
366617,1733.881526975,595.0,1.7408132553100586,0.15669332444667816,0.5940237045288086,-0.004748613107949495,524.0
366637,1733.90256583,599.0,1.7232636213302612,0.09942714869976044,0.5947864055633545,-0.008830765262246132,524.0
366657,1733.921981417,599.0,1.7263835668563843,0.026217397302389145,0.5945980548858643,-0.009132751263678074,528.0
366677,1733.941639258,596.0,1.7233409881591797,0.009406819939613342,0.5947006344795227,-0.004100195597857237,534.0
366697,1733.962214453,596.0,1.7007927894592285,0.027215512469410896,0.5946746468544006,0.0013044436927884817,540.0
366717,1733.981654521,594.0,1.6913294792175293,0.08725202083587646,0.5945169925689697,0.002275842009112239,535.0
366737,1734.002589453,594.0,1.7034831047058105,0.14562565088272095,0.5945214629173279,-0.0024941687006503344,531.0
366757,1734.021782025,599.0,1.7068601846694946,0.1096351221203804,0.5951889157295227,-0.006787007674574852,524.0
366777,1734.042412719,599.0,1.7381635904312134,0.07538368552923203,0.595034658908844,-0.008091890253126621,526.0
366797,1734.062539992,595.0,1.746199607849121,0.05655675753951073,0.5948883295059204,-0.006195894442498684,521.0
366817,1734.082710888,595.0,1.713869333267212,0.03594382852315903,0.5947465896606445,-0.002763354917988181,516.0
366837,1734.101856809,595.0,1.6918851137161255,0.06222131848335266,0.5947265028953552,0.0005775000900030136,514.0
366857,1734.121378755,593.0,1.7201110124588013,0.13395293056964874,0.5943454504013062,-0.00045476132072508335,520.0
366877,1734.142817689,593.0,1.7540199756622314,0.13572046160697937,0.5943030714988708,-0.004095191601663828,513.0
366897,1734.162301293,595.0,1.7654575109481812,0.08640085905790329,0.5942917466163635,-0.007186039350926876,511.0
366917,1734.182621121,595.0,1.7697314023971558,0.059803906828165054,0.5941474437713623,-0.006737351417541504,515.0
366937,1734.201151948,594.0,1.7748796939849854,0.054636985063552856,0.593991219997406,-0.0038408872205764055,523.0
366957,1734.222611079,594.0,1.799404501914978,0.0510045625269413,0.5939245820045471,-0.0031784335151314735,516.0
366977,1734.24109864,595.0,1.8434619903564453,0.0778721496462822,0.5940122008323669,-0.0048728883266448975,516.0
366997,1734.263045513,595.0,1.8406428098678589,0.07502492517232895,0.5938845872879028,-0.007670219987630844,512.0
367017,1734.282251115,594.0,1.8157837390899658,0.08093047142028809,0.5936993956565857,-0.008072761818766594,512.0
367037,1734.301617934,594.0,1.7860174179077148,0.08604136109352112,0.5935583114624023,-0.005897864233702421,519.0
367057,1734.321875475,595.0,1.7800315618515015,0.10030701756477356,0.5936602354049683,-0.005347210913896561,509.0
367077,1734.342404169,595.0,1.8235156536102295,0.10822740197181702,0.5935320258140564,-0.007352565415203571,517.0
367097,1734.363118309,595.0,1.82585608959198,0.12432412058115005,0.5933794975280762,-0.0075980983674526215,516.0
367117,1734.382149289,596.0,1.8049994707107544,0.11071301251649857,0.5936646461486816,-0.005072589032351971,510.0
367137,1734.402541985,596.0,1.804341197013855,0.1281520128250122,0.5935844779014587,-0.0028731119818985462,512.0
367157,1734.421803715,596.0,1.8120521306991577,0.16614137589931488,0.5939635038375854,-0.0019234789069741964,516.0
367177,1734.441797749,596.0,1.7601158618927002,0.21967385709285736,0.5939163565635681,-0.002386159496381879,510.0
367197,1734.463249149,595.0,1.7600523233413696,0.16374608874320984,0.5940291285514832,-0.003947855904698372,514.0
367217,1734.482175996,595.0,1.7444673776626587,0.1670343279838562,0.5939368605613708,-0.004793565254658461,510.0
367237,1734.501507089,596.0,1.7589493989944458,0.1711333692073822,0.5942034125328064,-0.0037158324848860502,514.0
367257,1734.522082117,596.0,1.7869675159454346,0.15742333233356476,0.5941404700279236,-0.002578672021627426,514.0
367277,1734.542619593,600.0,1.7885392904281616,0.16641347110271454,0.5951499938964844,0.00045549299102276564,510.0
367297,1734.562971998,600.0,1.7816596031188965,0.18911030888557434,0.595143735408783,-0.0012978026643395424,509.0
367317,1734.582399859,595.0,1.7886838912963867,0.1681174486875534,0.595001220703125,-0.0036586904898285866,509.0
367337,1734.60141726,595.0,1.787475824356079,0.16673846542835236,0.5949420928955078,-0.0018178521422669291,512.0
367357,1734.622071896,596.0,1.8144413232803345,0.17537277936935425,0.5950474143028259,-4.29371721111238e-06,509.0
367377,1734.641582795,596.0,1.844714641571045,0.15227806568145752,0.5950398445129395,-0.0008161184377968311,511.0
367397,1734.66271924,596.0,1.8647817373275757,0.11991459876298904,0.5950228571891785,-0.0004525924159679562,515.0
367417,1734.681517272,593.0,1.8435622453689575,0.15335887670516968,0.5945832133293152,0.0021554098930209875,510.0
367437,1734.700934073,593.0,1.847782015800476,0.19750668108463287,0.594639003276825,0.0027831352781504393,512.0
367457,1734.722597325,592.0,1.864888072013855,0.20505988597869873,0.594127893447876,5.427265205071308e-05,509.0
367477,1734.741887825,592.0,1.8990744352340698,0.22233977913856506,0.5941128134727478,-0.0015489363577216864,519.0
367497,1734.762595592,594.0,1.9295437335968018,0.21705925464630127,0.5939940810203552,-0.004145514685660601,509.0
367517,1734.781675782,594.0,1.9035546779632568,0.15394555032253265,0.5939111709594727,-0.003753026481717825,509.0
367537,1734.801602229,593.0,1.8999015092849731,0.14399732649326324,0.5936455130577087,-0.0025261256378144026,510.0
367557,1734.821429146,593.0,1.9333479404449463,0.1709228903055191,0.5936096906661987,-0.0012934355763718486,512.0
367577,1734.842087565,598.0,1.942933440208435,0.19744665920734406,0.5943418741226196,-0.0010902849026024342,509.0
367597,1734.862470811,598.0,1.9063801765441895,0.15523402392864227,0.5943017601966858,-0.0025967375840991735,509.0
367617,1734.881649684,590.0,1.887434720993042,0.15374445915222168,0.5933769345283508,-0.004156972281634808,511.0
367637,1734.901559236,590.0,1.8825263977050781,0.14969654381275177,0.5933131575584412,-0.0018966193310916424,516.0
367657,1734.921460988,598.0,1.912327527999878,0.19077762961387634,0.5940832495689392,0.0022923157084733248,516.0
367677,1734.942635333,598.0,1.9209071397781372,0.24365316331386566,0.5941454768180847,0.0035431580618023872,512.0
367697,1734.962840236,598.0,1.905892252922058,0.2622709572315216,0.5941980481147766,0.0015642883954569697,516.0
367717,1734.982063013,595.0,1.8668357133865356,0.24113428592681885,0.594275712966919,-0.00030513809178955853,523.0
367737,1735.001426837,595.0,1.8675382137298584,0.2500614821910858,0.5942666530609131,-0.00046412035590037704,516.0
367757,1735.021553272,594.0,1.8430978059768677,0.24495398998260498,0.5941723585128784,0.00042656963341869414,527.0
367777,1735.040953199,594.0,1.8192267417907715,0.2670241892337799,0.5942006707191467,0.0024248864501714706,534.0
367797,1735.062832306,595.0,1.8499542474746704,0.32939380407333374,0.5943580269813538,0.002326101763173938,533.0
367817,1735.082108755,595.0,1.8516982793807983,0.346935898065567,0.5943658947944641,-0.0013119940413162112,527.0
367837,1735.1010703,600.0,1.8413642644882202,0.3285236060619354,0.5953500866889954,0.00097515934612602,522.0
367857,1735.121449118,600.0,1.879072904586792,0.34254929423332214,0.5953777432441711,0.0017082957783713937,523.0
367877,1735.141580048,595.0,1.9288265705108643,0.36357244849205017,0.5953059196472168,0.0028293512295931578,523.0
367897,1735.162397759,595.0,1.8941534757614136,0.38021615147590637,0.5953726172447205,0.0038844135124236345,531.0
367917,1735.180956714,595.0,1.8473001718521118,0.3913346230983734,0.5952851176261902,0.002825374249368906,525.0
367937,1735.20142938,595.0,1.8194575309753418,0.38830259442329407,0.5953079462051392,-0.0005327872931957245,527.0
367957,1735.220820246,595.0,1.8591114282608032,0.39114946126937866,0.5952816605567932,-0.0018122972687706351,530.0
367977,1735.241302437,595.0,1.9187724590301514,0.4115584194660187,0.5950933694839478,-0.00349913677200675,524.0
367997,1735.262079558,595.0,1.9126331806182861,0.37310919165611267,0.5950242877006531,-0.002824567724019289,526.0
368017,1735.280351562,592.0,1.9017853736877441,0.4112951457500458,0.5943266153335571,-0.003028711536899209,526.0
368037,1735.300421133,592.0,1.891297459602356,0.44721537828445435,0.5942440629005432,-0.005425721872597933,526.0
368057,1735.320541764,596.0,1.895649790763855,0.391576886177063,0.5944011807441711,-0.008264274336397648,531.0
368077,1735.340978399,596.0,1.9051567316055298,0.3521748185157776,0.5942414999008179,-0.007195322308689356,528.0
368097,1735.361661522,598.0,1.9091218709945679,0.35671356320381165,0.5947955846786499,-0.0036617496516555548,524.0
368117,1735.38089787,598.0,1.9124938249588013,0.3884607255458832,0.5947268605232239,-0.0032191264908760786,523.0
368137,1735.401804937,596.0,1.8923202753067017,0.37316375970840454,0.5948573350906372,-0.003163770539686084,524.0
368157,1735.421708323,596.0,1.8812495470046997,0.36081331968307495,0.5947895646095276,-0.0035338306333869696,532.0
368177,1735.441438632,597.0,1.870381236076355,0.3607386648654938,0.595089852809906,-0.002865300513803959,530.0
368197,1735.461037624,597.0,1.8714123964309692,0.36614754796028137,0.5950315594673157,-0.002932822098955512,522.0
368217,1735.481195021,597.0,1.8840168714523315,0.3607189953327179,0.5952610373497009,-0.003273968119174242,530.0
368237,1735.501233271,597.0,1.902835488319397,0.34319406747817993,0.5951851606369019,-0.003982823342084885,523.0
368257,1735.521677965,597.0,1.9212357997894287,0.33533474802970886,0.5950983762741089,-0.00448222691193223,527.0
368277,1735.540647427,597.0,1.9089754819869995,0.32883474230766296,0.5952938199043274,-0.003411050420254469,531.0
368297,1735.561307608,597.0,1.8862159252166748,0.33532512187957764,0.5952247977256775,-0.0033559498842805624,522.0
368317,1735.580813448,596.0,1.8618528842926025,0.3366226851940155,0.5952264070510864,-0.003086259588599205,528.0
368337,1735.600778358,596.0,1.8777731657028198,0.32651033997535706,0.595151424407959,-0.004284198861569166,522.0
368357,1735.619680593,596.0,1.8741087913513184,0.29828745126724243,0.5951856374740601,-0.004578371997922659,521.0
368377,1735.640401788,596.0,1.8421343564987183,0.27443748712539673,0.5950979590415955,-0.003740664105862379,522.0
368397,1735.659784105,594.0,1.8301732540130615,0.29026755690574646,0.5948057770729065,-0.002083736937493086,525.0
368417,1735.680049917,594.0,1.8370249271392822,0.3317435681819916,0.5947653651237488,-0.002300911583006382,527.0
368437,1735.699974297,596.0,1.8505403995513916,0.33471494913101196,0.5948946475982666,-0.003877441631630063,523.0
368457,1735.720971964,596.0,1.854719877243042,0.32573384046554565,0.59479820728302,-0.00566034996882081,522.0
368477,1735.740026406,592.0,1.8643990755081177,0.31605592370033264,0.594093918800354,-0.007609046529978514,529.0
368497,1735.760998569,592.0,1.839097023010254,0.30362948775291443,0.5939537882804871,-0.0057540941052138805,521.0
368517,1735.780585745,596.0,1.840698480606079,0.3497013747692108,0.5941987633705139,-0.0005432762554846704,522.0
368537,1735.800710187,596.0,1.8524799346923828,0.43321487307548523,0.5941872000694275,-0.001474499935284257,528.0
368557,1735.821021806,596.0,1.8091660737991333,0.39725446701049805,0.5940994620323181,-0.006918808910995722,527.0
368577,1735.840755387,596.0,1.797810673713684,0.36659297347068787,0.594210147857666,-0.009279509074985981,522.0
368597,1735.860874489,596.0,1.8128241300582886,0.31539180874824524,0.5940186381340027,-0.009549805894494057,522.0
368617,1735.880372112,595.0,1.8086951971054077,0.2872113287448883,0.5939611196517944,-0.006366858724504709,525.0
368637,1735.900603575,595.0,1.7865033149719238,0.3479970693588257,0.5938692092895508,-0.003015794325619936,525.0
368657,1735.920431735,596.0,1.7600433826446533,0.40972408652305603,0.594184398651123,-0.0026461018715053797,527.0
368677,1735.941132821,596.0,1.7336959838867188,0.422230064868927,0.5941033959388733,-0.0054123010486364365,525.0
368697,1735.961065833,593.0,1.7462180852890015,0.40163782238960266,0.5937317609786987,-0.0091222133487463,523.0
368717,1735.980966214,593.0,1.7759027481079102,0.3536621630191803,0.5935209393501282,-0.011711224913597107,531.0
368737,1735.999965889,597.0,1.7816581726074219,0.29320916533470154,0.5939305424690247,-0.008471295237541199,536.0
368757,1736.019947517,597.0,1.7734572887420654,0.27464181184768677,0.5938094854354858,-0.003370400983840227,535.0
368777,1736.039825464,596.0,1.799004077911377,0.3121465742588043,0.5941260457038879,0.001536814495921135,516.0
368797,1736.059534584,596.0,1.8162870407104492,0.39368411898612976,0.5941500067710876,1.998205334530212e-05,525.0
368817,1736.080351649,597.0,1.810128927230835,0.38630563020706177,0.5940855145454407,-0.00642242468893528,538.0
368837,1736.100302437,597.0,1.7949687242507935,0.31462499499320984,0.5943953990936279,-0.009251797571778297,510.0
368857,1736.121043147,597.0,1.804840087890625,0.2877839207649231,0.5942205190658569,-0.007974037900567055,514.0
368877,1736.140889257,599.0,1.795936942100525,0.278306782245636,0.5949113965034485,-0.004587484057992697,511.0
368897,1736.160097419,599.0,1.7880518436431885,0.2950526475906372,0.5948345065116882,-0.003204813227057457,512.0
368917,1736.180749676,595.0,1.8156460523605347,0.33392471075057983,0.594760000705719,-0.004437512252479792,512.0
368937,1736.200946998,595.0,1.8225195407867432,0.3139950931072235,0.5946530699729919,-0.0060617513954639435,517.0
368957,1736.220386004,595.0,1.7926323413848877,0.2879127562046051,0.5945695042610168,-0.005880326963961124,517.0
368977,1736.239954507,595.0,1.7731949090957642,0.2792406976222992,0.5944653153419495,-0.004351592622697353,522.0
368997,1736.260749313,593.0,1.7975033521652222,0.29135358333587646,0.594083309173584,-0.004607148002833128,515.0
369017,1736.280372953,593.0,1.784336805343628,0.2597995102405548,0.5939868688583374,-0.00496716657653451,511.0
369037,1736.300494429,598.0,1.7769168615341187,0.23494932055473328,0.5946109294891357,-0.0022812667302787304,513.0
369057,1736.320504055,598.0,1.7808222770690918,0.24877648055553436,0.5945855975151062,-0.00014033843763172626,509.0
369077,1736.340354833,594.0,1.7642182111740112,0.2653501033782959,0.5944072008132935,-0.0003302300174254924,512.0
369097,1736.360629735,594.0,1.7774969339370728,0.23750992119312286,0.5943773984909058,-0.0024410502519458532,510.0
369117,1736.380423227,594.0,1.8002394437789917,0.22493015229701996,0.5943146347999573,-0.0038860684726387262,515.0
369137,1736.400620251,597.0,1.8181893825531006,0.2030664086341858,0.5946552157402039,-0.004824215546250343,510.0
369157,1736.419742384,597.0,1.835074543952942,0.17157605290412903,0.5945469737052917,-0.005618747789412737,515.0
369177,1736.439719393,594.0,1.8182951211929321,0.17079564929008484,0.5942670702934265,-0.004376391880214214,514.0
369197,1736.460338395,594.0,1.8058680295944214,0.17271503806114197,0.5941973924636841,-0.0026341669727116823,519.0
369217,1736.48007358,594.0,1.7963892221450806,0.16014142334461212,0.5940800905227661,-0.0024464810267090797,521.0
369237,1736.500416491,594.0,1.7972946166992188,0.1727985143661499,0.5940104722976685,-0.004691505804657936,517.0
369257,1736.520550039,594.0,1.7812418937683105,0.17104898393154144,0.5938660502433777,-0.006787832826375961,510.0
369277,1736.540508217,594.0,1.7761183977127075,0.14624400436878204,0.5937318801879883,-0.006117305718362331,509.0
369297,1736.560771143,593.0,1.7769060134887695,0.15120504796504974,0.5934715867042542,-0.004262964241206646,509.0
369317,1736.579977639,593.0,1.7675751447677612,0.15747199952602386,0.5933938026428223,-0.0036375601775944233,509.0
369337,1736.599922407,593.0,1.7512359619140625,0.16506847739219666,0.5932186841964722,-0.004165920428931713,513.0
369357,1736.620268707,593.0,1.7445614337921143,0.17041699588298798,0.5931231379508972,-0.00535405520349741,514.0
369377,1736.64049341,592.0,1.7327455282211304,0.14929571747779846,0.5927526950836182,-0.0062322127632796764,509.0
369397,1736.659520901,592.0,1.7416659593582153,0.12765495479106903,0.5926358103752136,-0.005467484705150127,509.0
369417,1736.680530979,592.0,1.748631477355957,0.14498761296272278,0.5925204753875732,-0.006232027430087328,515.0
369437,1736.699522734,594.0,1.7534711360931396,0.13968293368816376,0.5925978422164917,-0.006361448206007481,509.0
369457,1736.719978453,594.0,1.7544198036193848,0.12281572073698044,0.5924913883209229,-0.003942254930734634,516.0
369477,1736.740874401,595.0,1.7505207061767578,0.13645754754543304,0.5928388237953186,-0.0012834470253437757,510.0
369497,1736.759986172,595.0,1.7353140115737915,0.14702199399471283,0.5928053855895996,-0.002333655022084713,509.0
369517,1736.780271285,598.0,1.7016959190368652,0.14451923966407776,0.5937082767486572,-0.0019095111638307571,510.0
369537,1736.800527887,598.0,1.6650829315185547,0.13190218806266785,0.5936605930328369,-0.002757311798632145,509.0
369557,1736.820814738,595.0,1.69293212890625,0.12667880952358246,0.593825101852417,-0.0028579309582710266,509.0
369577,1736.83976212,595.0,1.7222318649291992,0.13382545113563538,0.5937694311141968,-0.0026010035071521997,509.0
369597,1736.85980629,595.0,1.6903374195098877,0.12158145755529404,0.5939344763755798,-0.0005569850909523666,509.0
369617,1736.880960889,595.0,1.6691908836364746,0.11815160512924194,0.5939309000968933,-8.073523349594325e-05,511.0
369637,1736.90058601,591.0,1.6953436136245728,0.10850707441568375,0.593294620513916,-0.003309480147436261,514.0
369657,1736.92068737,591.0,1.6983413696289062,0.09389438480138779,0.5932258367538452,-0.002895837649703026,512.0
369677,1736.94002069,597.0,1.7072380781173706,0.12009842693805695,0.5931951999664307,-0.0002875535865314305,520.0
369697,1736.960919663,597.0,1.703236699104309,0.15835590660572052,0.5938528776168823,0.0003614789748098701,519.0
369717,1736.980182925,597.0,1.7172876596450806,0.1629226952791214,0.5938218832015991,-0.003493240103125572,518.0
369737,1737.000088119,597.0,1.7397974729537964,0.12654273211956024,0.5942590236663818,-0.0049280039966106415,523.0
369757,1737.019463079,597.0,1.7235110998153687,0.09517029672861099,0.5941648483276367,-0.003950013313442469,529.0
369777,1737.04018306,600.0,1.7232327461242676,0.11476698517799377,0.5951440930366516,0.0004764881159644574,532.0
369797,1737.061039803,600.0,1.7282061576843262,0.1328185498714447,0.5951461791992188,-0.00048513521323911846,527.0
369817,1737.079876867,593.0,1.7215490341186523,0.09354700148105621,0.594680666923523,-0.002852674573659897,523.0
369837,1737.100276672,593.0,1.727177381515503,0.09217531979084015,0.5946204662322998,-0.002997847506776452,522.0
369857,1737.120583672,595.0,1.731887698173523,0.09498314559459686,0.5946112275123596,-0.00213665422052145,525.0
369877,1737.14007277,595.0,1.7322877645492554,0.09470140933990479,0.5945765376091003,-0.0013670148327946663,523.0
369897,1737.159418066,595.0,1.719792366027832,0.08902715891599655,0.5946018695831299,-0.0008977320394478738,529.0
369917,1737.180383986,595.0,1.73245370388031,0.08681710809469223,0.5945857167243958,-0.0007772667449899018,523.0
369937,1737.199630541,595.0,1.7504252195358276,0.09329330921173096,0.5945641398429871,-0.0014943928690627217,534.0
369957,1737.220361746,595.0,1.7542365789413452,0.07022099196910858,0.5945255756378174,-0.00332492683082819,525.0
369977,1737.240172446,595.0,1.76984441280365,0.04111505672335625,0.594447672367096,-0.00410220492631197,529.0
369997,1737.258929644,595.0,1.8158477544784546,0.05449612811207771,0.5944024920463562,-0.003285416401922703,527.0
370017,1737.279795208,595.0,1.8486284017562866,0.06140700727701187,0.5943613052368164,-0.000700509175658226,525.0
370037,1737.30011682,592.0,1.846911907196045,0.07743890583515167,0.5938315391540527,-0.0008586152107454836,523.0
370057,1737.320136656,592.0,1.8114789724349976,0.060258880257606506,0.5938000082969666,-0.002547679003328085,523.0
370077,1737.339385479,592.0,1.786988615989685,0.02756316401064396,0.5933458805084229,-0.005855055991560221,528.0
370097,1737.359877727,592.0,1.7932803630828857,0.00039980094879865646,0.5932183265686035,-0.0066274008713662624,523.0
370117,1737.378921272,599.0,1.8348329067230225,-0.009709957055747509,0.5941579937934875,-0.003948379307985306,532.0
370137,1737.399348388,599.0,1.8304786682128906,-0.01770070753991604,0.594088077545166,-0.002766235265880823,537.0
370157,1737.419386752,597.0,1.80812668800354,-0.010410457849502563,0.5945591926574707,-8.097970567177981e-05,522.0
370177,1737.438821682,597.0,1.7783094644546509,0.0028676013462245464,0.5945664644241333,0.0007709902711212635,531.0
370197,1737.459298732,593.0,1.7399096488952637,-0.002682430436834693,0.5942473411560059,-0.001322829513810575,530.0
370217,1737.480303584,593.0,1.7451659440994263,-0.012399071827530861,0.5942011475563049,-0.0030809456948190928,527.0
370237,1737.49878585,594.0,1.7729586362838745,-0.012367909774184227,0.5941290855407715,-0.003999443259090185,537.0
370257,1737.519496603,594.0,1.766676425933838,-0.030063556507229805,0.5939435362815857,-0.00445124926045537,522.0
370277,1737.5393127,594.0,1.7319754362106323,-0.05362986773252487,0.593861997127533,-0.0035892794840037823,541.0
370297,1737.558463849,597.0,1.7124035358428955,-0.04100612923502922,0.5943313241004944,-0.0017912847688421607,526.0
370317,1737.578912528,597.0,1.7360459566116333,-0.02850424498319626,0.5942791104316711,-0.0033752513118088245,528.0
370337,1737.599198162,593.0,1.751479983329773,-0.07864674925804138,0.5938922762870789,-0.004090212285518646,524.0
370357,1737.619062308,593.0,1.7390451431274414,-0.10336665064096451,0.5938293933868408,-0.0020190244540572166,521.0
370377,1737.639466131,594.0,1.714232325553894,-0.13004760444164276,0.5938068628311157,-0.000816801970358938,522.0
370397,1737.65869799,594.0,1.683988332748413,-0.13305307924747467,0.5937879681587219,-0.0010293882805854082,526.0
370417,1737.679488573,594.0,1.696260929107666,-0.11428837478160858,0.593776285648346,-0.0014430368319153786,521.0
370437,1737.699055683,594.0,1.7398087978363037,-0.10579586774110794,0.5937300324440002,-0.003143307054415345,523.0
370457,1737.719069707,598.0,1.7453908920288086,-0.13371159136295319,0.594428539276123,-0.002086309250444174,524.0
370477,1737.739249005,598.0,1.7495571374893188,-0.13353171944618225,0.5943984985351562,-0.0006951273535378277,523.0
370497,1737.759351078,594.0,1.741801142692566,-0.14228136837482452,0.5942566394805908,0.0009254375472664833,521.0
370517,1737.778726644,594.0,1.7431758642196655,-0.16495010256767273,0.5942967534065247,0.0026700496673583984,525.0
370537,1737.79910084,594.0,1.766744613647461,-0.14457115530967712,0.5943397879600525,0.0013466591481119394,535.0
370557,1737.8189959,594.0,1.753556728363037,-0.12751293182373047,0.5941959023475647,-0.00180747639387846,524.0
370577,1737.838942864,594.0,1.7514115571975708,-0.13977135717868805,0.5941413044929504,-0.0033393087796866894,522.0
370597,1737.859534432,592.0,1.7563329935073853,-0.14442868530750275,0.5935945510864258,-0.0035142095293849707,525.0
370617,1737.87906718,592.0,1.7251288890838623,-0.14187592267990112,0.5935431122779846,-0.0017895139753818512,527.0
370637,1737.899298386,595.0,1.6950379610061646,-0.12844006717205048,0.5937115550041199,-0.0017686861101537943,526.0
370657,1737.919521147,595.0,1.6660608053207397,-0.1276165097951889,0.5936630964279175,-0.0029153379146009684,529.0
370677,1737.938996238,594.0,1.653285026550293,-0.11354833841323853,0.5936450958251953,-0.002647091867402196,530.0
370697,1737.95909293,594.0,1.6607270240783691,-0.10384868085384369,0.5935953855514526,-0.0024598264135420322,542.0
370717,1737.979523104,597.0,1.6626765727996826,-0.11247057467699051,0.5941587090492249,-0.0015615698648616672,539.0
370737,1737.99899274,597.0,1.6873315572738647,-0.11676464974880219,0.5941325426101685,-0.000736098678316921,540.0
370757,1738.019565957,598.0,1.6925557851791382,-0.10659755766391754,0.5948346257209778,0.0035531234461814165,515.0
370777,1738.038719526,598.0,1.6911085844039917,-0.09222409129142761,0.5949138402938843,0.004128560423851013,510.0
370797,1738.059734642,592.0,1.690294623374939,-0.08255425840616226,0.5943572521209717,0.0014514292124658823,518.0
370817,1738.078885793,592.0,1.7168432474136353,-0.0929139107465744,0.5943664908409119,-0.0005478912498801947,520.0
370837,1738.099559071,592.0,1.742301106452942,-0.12905114889144897,0.5943346619606018,-0.002347128465771675,521.0
370857,1738.1191147,593.0,1.738791823387146,-0.17394477128982544,0.5939508080482483,-0.0031396811828017235,514.0
370877,1738.139883604,593.0,1.742416262626648,-0.17216037213802338,0.593908429145813,-0.0009706900455057621,510.0
370897,1738.160045596,595.0,1.7731839418411255,-0.11756763607263565,0.5940418243408203,0.0012349424650892615,514.0
370917,1738.179354514,595.0,1.7811808586120605,-0.09508614987134933,0.5940560102462769,-0.00041178183164447546,519.0
370937,1738.199537846,593.0,1.7732030153274536,-0.11682260036468506,0.5937448740005493,-0.0037085048388689756,516.0
370957,1738.219395517,593.0,1.7715328931808472,-0.16903051733970642,0.5936461687088013,-0.005938595626503229,514.0
370977,1738.239548518,593.0,1.765055537223816,-0.21264182031154633,0.5933781862258911,-0.00617580022662878,515.0
370997,1738.258943216,593.0,1.7360743284225464,-0.2329549789428711,0.5932787656784058,-0.0034887015353888273,519.0
371017,1738.2800433,597.0,1.7566373348236084,-0.19375652074813843,0.5939025282859802,-0.00041441310895606875,516.0
371037,1738.298997757,597.0,1.7934112548828125,-0.16176758706569672,0.5938792824745178,-0.0019895879086107016,517.0
371057,1738.31911442,598.0,1.7963306903839111,-0.1649957299232483,0.5945547223091125,-0.002121815923601389,510.0
371077,1738.338894779,598.0,1.7765541076660156,-0.18143311142921448,0.5945152640342712,-0.0015185698866844177,510.0
371097,1738.358958204,597.0,1.7555782794952393,-0.16487902402877808,0.5944922566413879,-0.0008552983636036515,518.0
371117,1738.378817239,597.0,1.7232494354248047,-0.1650521457195282,0.594902753829956,0.0011862816754728556,515.0
371137,1738.400130937,597.0,1.7139506340026855,-0.1553262621164322,0.5949341654777527,0.0018291394226253033,514.0
371157,1738.419375574,593.0,1.7280960083007812,-0.13890917599201202,0.5945048928260803,-0.0012653875164687634,516.0
371177,1738.439091215,593.0,1.722149133682251,-0.1549619883298874,0.5944709181785583,-0.0016337435226887465,515.0
371197,1738.459691733,595.0,1.6914743185043335,-0.1362471878528595,0.5944787263870239,-0.00035363773349672556,516.0
371217,1738.479561642,595.0,1.697494626045227,-0.13708606362342834,0.5944693088531494,-0.0008388441638089716,511.0
371237,1738.499918868,594.0,1.736456036567688,-0.1373784989118576,0.5942865610122681,-0.0019041759660467505,511.0
371257,1738.520107939,594.0,1.7456923723220825,-0.1302955597639084,0.5942338109016418,-0.003344480413943529,514.0
371277,1738.539567248,596.0,1.7137172222137451,-0.14473016560077667,0.5944675207138062,-0.003451300784945488,510.0
371297,1738.560331368,596.0,1.685312032699585,-0.15187431871891022,0.5944057703018188,-0.002657688921317458,510.0
371317,1738.579594592,593.0,1.6902146339416504,-0.1397402584552765,0.594067394733429,-0.0028613319154828787,511.0
371337,1738.599938435,593.0,1.7185699939727783,-0.12394135445356369,0.5939964652061462,-0.004249036777764559,515.0
371357,1738.619357031,593.0,1.7475568056106567,-0.12485846877098083,0.5936964154243469,-0.00499699916690588,511.0
371377,1738.639624141,593.0,1.7662466764450073,-0.13854427635669708,0.5936086177825928,-0.003654884872958064,510.0
371397,1738.658901883,595.0,1.7490142583847046,-0.1539892852306366,0.5935534238815308,-0.0019030842231586576,521.0
371417,1738.679560295,595.0,1.7332009077072144,-0.15489336848258972,0.5937236547470093,-0.0017284579807892442,510.0
371437,1738.700231259,595.0,1.7455483675003052,-0.17553548514842987,0.5936712622642517,-0.003439532360062003,516.0
371457,1738.719571233,596.0,1.763068675994873,-0.20582540333271027,0.593981146812439,-0.0017937080701813102,510.0
371477,1738.739804076,596.0,1.7839100360870361,-0.1629761904478073,0.5939630270004272,-0.00017726481019053608,513.0
371497,1738.758932332,593.0,1.7715200185775757,-0.12975554168224335,0.5936968326568604,-0.0012439368292689323,511.0
371517,1738.780323583,593.0,1.7388314008712769,-0.1176924780011177,0.5936568975448608,-0.0025909089017659426,511.0
371537,1738.79916462,593.0,1.7400031089782715,-0.12837398052215576,0.5934314727783203,-0.005020952317863703,512.0
371557,1738.818779933,593.0,1.7770423889160156,-0.13044725358486176,0.5933063626289368,-0.007285661529749632,516.0
371577,1738.839766728,595.0,1.7830911874771118,-0.13661645352840424,0.5934542417526245,-0.006798170506954193,519.0
371597,1738.85993116,595.0,1.764122724533081,-0.13471627235412598,0.5933473110198975,-0.0035114954225718975,512.0
371617,1738.879797741,593.0,1.7415980100631714,-0.1016065776348114,0.5932253003120422,0.00023155187955126166,520.0
371637,1738.899729124,593.0,1.7231298685073853,-0.04250958934426308,0.5932318568229675,-0.0002806828124448657,520.0
371657,1738.918841582,596.0,1.7070622444152832,-0.036200493574142456,0.5936635732650757,-0.004119832534343004,523.0
371677,1738.939108907,596.0,1.6996296644210815,-0.05251362547278404,0.5935443043708801,-0.007197904866188765,529.0
371697,1738.958647099,596.0,1.714403510093689,-0.06777458637952805,0.5934721231460571,-0.007143364287912846,561.0
371717,1738.978865215,594.0,1.7517788410186768,-0.05216526612639427,0.5933890342712402,-0.005045495927333832,580.0
371737,1738.998071188,594.0,1.7583792209625244,-0.04806135967373848,0.5933107733726501,-0.002995561109855771,559.0
371757,1739.017868244,594.0,1.7284728288650513,-0.04462592303752899,0.5933173298835754,-0.002892014803364873,568.0
371777,1739.038283085,594.0,1.7206958532333374,-0.03343600034713745,0.5932455062866211,-0.004411207977682352,561.0
371797,1739.058064484,594.0,1.735236406326294,-0.05049540475010872,0.5932149887084961,-0.006356514990329742,557.0
371817,1739.078777894,594.0,1.7381377220153809,-0.07812254875898361,0.5930920839309692,-0.005307299550622702,555.0
371837,1739.098777634,590.0,1.7318669557571411,-0.07607553899288177,0.5924170017242432,-0.004212243482470512,558.0
371857,1739.118881483,590.0,1.7161250114440918,-0.060294076800346375,0.5923401117324829,-0.0036037713289260864,555.0
371877,1739.13840629,594.0,1.7167471647262573,-0.04632984846830368,0.592552661895752,-0.0037483747582882643,553.0
371897,1739.158092262,594.0,1.7335273027420044,-0.023034557700157166,0.5924621820449829,-0.005125028546899557,565.0
371917,1739.180271096,597.0,1.7361136674880981,-0.017935773357748985,0.5931659936904907,-0.004317476414144039,564.0
371937,1739.198359382,597.0,1.7378027439117432,-0.030789710581302643,0.5930733680725098,-0.004771069623529911,561.0
371957,1739.217718971,594.0,1.7487788200378418,-0.025201160460710526,0.5929781198501587,-0.0047053443267941475,555.0
371977,1739.238384671,594.0,1.7258809804916382,-0.016951553523540497,0.593036949634552,-0.0019623602274805307,555.0
371997,1739.258831062,594.0,1.7089771032333374,0.0252134557813406,0.5930188894271851,-0.0001066690674633719,561.0
372017,1739.280370995,597.0,1.693809986114502,0.051383182406425476,0.5937011241912842,0.0006477072020061314,560.0
372037,1739.298732551,597.0,1.6889468431472778,0.06237627938389778,0.5936753749847412,-0.003039033617824316,554.0
372057,1739.318823868,593.0,1.6670219898223877,0.016688505187630653,0.593411922454834,-0.004875562619417906,554.0
372077,1739.339245044,593.0,1.6749926805496216,0.03263764828443527,0.5933147668838501,-0.004673462826758623,554.0
372097,1739.358043633,595.0,1.6894104480743408,0.045592330396175385,0.5934743881225586,-0.004402195103466511,559.0
372117,1739.379718814,595.0,1.6882383823394775,0.0439898781478405,0.5933893918991089,-0.003643820760771632,563.0
372137,1739.398589057,596.0,1.6728367805480957,0.06449732929468155,0.5937998294830322,-0.0014057341031730175,556.0
372157,1739.418780576,596.0,1.6706870794296265,0.09428682178258896,0.5937620401382446,-0.002756858477368951,559.0
372177,1739.438766392,596.0,1.6828492879867554,0.06093252822756767,0.5940762758255005,-0.004601333290338516,559.0
372197,1739.457986273,596.0,1.6784993410110474,0.017726946622133255,0.5939734578132629,-0.004953417461365461,556.0
372217,1739.480317143,598.0,1.6580313444137573,0.0038483229000121355,0.594628095626831,0.0004348141374066472,561.0
372237,1739.498973947,598.0,1.6383670568466187,0.03877661004662514,0.5946619510650635,0.0028293551877141,553.0
372257,1739.517963271,598.0,1.6055986881256104,0.08671101927757263,0.5947269201278687,0.003241372760385275,570.0
372277,1739.538149082,598.0,1.6363860368728638,0.127145916223526,0.5953202843666077,0.0011912824120372534,553.0
372297,1739.558590391,598.0,1.6476749181747437,0.0897037535905838,0.5952962636947632,-0.0034049286041408777,560.0
372317,1739.578216015,595.0,1.6817010641098022,0.035132601857185364,0.5950935482978821,-0.005052878987044096,566.0
372337,1739.5980953,595.0,1.7149313688278198,-0.007931246422231197,0.5950127243995667,-0.0020619044080376625,561.0
372357,1739.618059926,594.0,1.6967313289642334,-0.009695724584162235,0.5947630405426025,0.0017269389936700463,553.0
372377,1739.637109424,594.0,1.7012856006622314,0.022608527913689613,0.5948142409324646,0.002852186094969511,553.0
372397,1739.657960577,594.0,1.725089192390442,0.07253307104110718,0.5946242809295654,-0.00073561369208619,558.0
372417,1739.678281445,594.0,1.744299292564392,0.06843393296003342,0.5945583581924438,-0.005677339155226946,563.0
372437,1739.698125522,595.0,1.7511510848999023,0.03047758899629116,0.5944894552230835,-0.008325435221195221,552.0
372457,1739.718912623,595.0,1.7458252906799316,0.017611002549529076,0.5943243503570557,-0.007848619483411312,553.0
372477,1739.737736694,592.0,1.7520321607589722,0.018156446516513824,0.5937479734420776,-0.007477949373424053,559.0
372497,1739.757593625,592.0,1.7581167221069336,0.006717917509377003,0.5936049222946167,-0.006973590701818466,558.0
372517,1739.777779747,595.0,1.7465555667877197,-0.024765251204371452,0.5937137007713318,-0.006026929244399071,553.0
372537,1739.797978282,595.0,1.726946234703064,-0.032705266028642654,0.5935985445976257,-0.0047936392948031425,555.0
372557,1739.818598636,595.0,1.7091953754425049,-0.025010883808135986,0.5935194492340088,-0.003265301464125514,563.0
372577,1739.837700407,595.0,1.727386713027954,-0.012706411071121693,0.5936722755432129,-0.0032132589258253574,556.0
372597,1739.857890667,595.0,1.76848304271698,-0.028822943568229675,0.5935901403427124,-0.005067339166998863,561.0
372617,1739.877857022,595.0,1.7952549457550049,-0.0626467615365982,0.5936725735664368,-0.006429593078792095,559.0
372637,1739.89789093,595.0,1.7855710983276367,-0.09969766438007355,0.5935497879981995,-0.005429998505860567,562.0
372657,1739.917903265,595.0,1.783171534538269,-0.09721531718969345,0.5936710238456726,-0.002741227624937892,566.0
372677,1739.938759809,595.0,1.8119981288909912,-0.0536021888256073,0.5936266183853149,-0.0018922690069302917,563.0
372697,1739.957938805,594.0,1.8156968355178833,-0.04153826832771301,0.5936263799667358,-0.00246987072750926,579.0
372717,1739.978529477,594.0,1.811333179473877,-0.052547525614500046,0.593548059463501,-0.005450285505503416,522.0
372737,1739.998090285,597.0,1.8072394132614136,-0.08399888873100281,0.5940478444099426,-0.005632508080452681,522.0
372757,1740.018821943,597.0,1.8390791416168213,-0.09946738928556442,0.5939353704452515,-0.005201063118875027,521.0
372777,1740.038368677,592.0,1.8633978366851807,-0.11957087367773056,0.5934762954711914,-0.0038687102496623993,514.0
372797,1740.058039197,592.0,1.8548554182052612,-0.13325969874858856,0.5934032201766968,-0.0035287835635244846,512.0
372817,1740.078369421,593.0,1.8459560871124268,-0.13608700037002563,0.5933334827423096,-0.003525356762111187,514.0
372837,1740.098540792,593.0,1.869301199913025,-0.11463363468647003,0.5931456089019775,-0.005254270508885384,515.0
372857,1740.117107158,593.0,1.8760110139846802,-0.13219478726387024,0.5930244326591492,-0.0068851858377456665,519.0
372877,1740.137820306,597.0,1.8851501941680908,-0.16627655923366547,0.5935685634613037,-0.006135811563581228,512.0
372897,1740.157418944,597.0,1.9252146482467651,-0.15463313460350037,0.5934510231018066,-0.0054139201529324055,512.0
372917,1740.177798845,596.0,1.9324431419372559,-0.14711607992649078,0.5937590599060059,-0.003269302425906062,511.0
372937,1740.197425109,596.0,1.8919757604599,-0.1386672407388687,0.5937167406082153,-0.0010980383958667517,514.0
372957,1740.217042771,595.0,1.8796824216842651,-0.12705811858177185,0.5938588380813599,-0.0007386286160908639,515.0
372977,1740.237203934,595.0,1.9006370306015015,-0.09879247844219208,0.593816339969635,-0.0037738506216555834,517.0
372997,1740.256377816,596.0,1.930665135383606,-0.11702367663383484,0.5940911173820496,-0.006061809603124857,511.0
373017,1740.278208184,596.0,1.9544838666915894,-0.14201891422271729,0.5939699411392212,-0.005455187521874905,516.0
373037,1740.29776171,594.0,1.9598757028579712,-0.1290048062801361,0.593864381313324,-0.00257041584700346,510.0
373057,1740.31743226,594.0,1.9471395015716553,-0.1094219833612442,0.5938318967819214,-0.0012396227102726698,509.0
373077,1740.336644996,595.0,1.9263275861740112,-0.13620562851428986,0.5939784646034241,-0.0012143534841015935,516.0
373097,1740.357381923,595.0,1.9280250072479248,-0.10212240368127823,0.5939478874206543,-0.0020730956457555294,513.0
373117,1740.378033278,595.0,1.9202313423156738,-0.11923439055681229,0.5938836336135864,-0.0041996086947619915,517.0
373137,1740.397401096,595.0,1.8900049924850464,-0.17351754009723663,0.5939690470695496,-0.003140190616250038,511.0
373157,1740.417111394,595.0,1.8929378986358643,-0.1386639028787613,0.5939320921897888,-0.0005896253860555589,522.0
373177,1740.437289549,595.0,1.8811755180358887,-0.112583227455616,0.5940519571304321,0.0004099234356544912,520.0
373197,1740.457051748,595.0,1.8832471370697021,-0.08566775918006897,0.5940618515014648,0.00038453229353763163,511.0
373217,1740.477249836,594.0,1.9303345680236816,-0.08278246968984604,0.5939669013023376,-0.0007496120524592698,512.0
373237,1740.498088042,594.0,1.9746294021606445,-0.07633733749389648,0.5939490795135498,-0.001040985225699842,515.0
373257,1740.516560453,596.0,1.9362759590148926,-0.0883665680885315,0.5942283272743225,-0.00011777922918554395,510.0
373277,1740.540140046,596.0,1.9100450277328491,-0.08024302870035172,0.5942336916923523,0.0005128044867888093,510.0
373297,1740.557039481,594.0,1.9421128034591675,-0.061093177646398544,0.5941375494003296,-0.002280781976878643,509.0
373317,1740.577837593,594.0,1.94264554977417,-0.09697001427412033,0.5940556526184082,-0.005538144148886204,509.0
373337,1740.597247693,591.0,1.9287042617797852,-0.13115178048610687,0.5933575630187988,-0.006285546347498894,510.0
373357,1740.617312472,591.0,1.933895230293274,-0.10176479816436768,0.5932646989822388,-0.0029088223818689585,515.0
373377,1740.637112033,598.0,1.9432437419891357,-0.05573451891541481,0.5940461158752441,-0.00036629894748330116,512.0
373397,1740.65721698,598.0,1.9682962894439697,-0.05902731791138649,0.5940114855766296,-0.0030748869758099318,518.0
373417,1740.677245208,598.0,1.9801995754241943,-0.07672207802534103,0.5939316749572754,-0.0046822186559438705,520.0
373437,1740.696963724,597.0,1.9651422500610352,-0.11086273193359375,0.5943503975868225,-0.0029713246040046215,508.0
373457,1740.71687317,597.0,1.951809048652649,-0.11572630703449249,0.5943224430084229,0.0003247303538955748,509.0
373477,1740.736885971,595.0,1.959459900856018,-0.07205391675233841,0.5943982601165771,0.003009418724104762,509.0
373497,1740.757243419,595.0,1.9572590589523315,-0.06236006319522858,0.5944529175758362,0.0018867157632485032,513.0
373517,1740.77776619,596.0,1.9507166147232056,-0.07861712574958801,0.5946671962738037,-0.0004083551757503301,511.0
373537,1740.797854474,596.0,1.9256415367126465,-0.08686845004558563,0.5946397185325623,-0.001710365409962833,509.0
373557,1740.817978052,595.0,1.9086488485336304,-0.09891029447317123,0.594611406326294,9.729387966217473e-05,509.0
373577,1740.838264616,595.0,1.9239815473556519,-0.09026968479156494,0.5946276783943176,0.0011922213016077876,509.0
373597,1740.857829244,590.0,1.9386459589004517,-0.08558259904384613,0.593725860118866,-0.0024374322965741158,512.0
373617,1740.877741487,590.0,1.8937487602233887,-0.1019035205245018,0.5936675071716309,-0.0028399862349033356,512.0
373637,1740.89814195,596.0,1.8793818950653076,-0.07215411216020584,0.5940257906913757,5.9769001381937414e-05,512.0
373657,1740.917106907,596.0,1.8679834604263306,-0.04329880326986313,0.5940312147140503,-0.00014225156337488443,514.0
373677,1740.936971813,596.0,1.887603998184204,-0.07349715381860733,0.5943186283111572,-0.002839129650965333,524.0
373697,1740.957352213,596.0,1.8786317110061646,-0.1106741726398468,0.5942278504371643,-0.005914232227951288,531.0
373717,1740.977617671,596.0,1.8795924186706543,-0.15225066244602203,0.5941212773323059,-0.004090690519660711,528.0
373737,1740.996736838,594.0,1.8748950958251953,-0.13506612181663513,0.5939838886260986,7.818073936505243e-05,543.0
373757,1741.016799501,594.0,1.8601912260055542,-0.1141064390540123,0.5940180420875549,0.0029057334177196026,523.0
373777,1741.036744376,596.0,1.879192590713501,-0.0670996680855751,0.5943467020988464,0.0008703537750989199,526.0
373797,1741.057316773,596.0,1.8997429609298706,-0.03668621927499771,0.5943126678466797,-0.004132425878196955,522.0
373817,1741.077123071,596.0,1.9180169105529785,-0.059698790311813354,0.5944445133209229,-0.006024966947734356,522.0
373837,1741.097086542,596.0,1.9054373502731323,-0.14075815677642822,0.594323456287384,-0.005872432608157396,522.0
373857,1741.116942317,592.0,1.930555820465088,-0.16797414422035217,0.593717634677887,-0.005642295815050602,533.0
373877,1741.137371119,592.0,1.9530564546585083,-0.17773869633674622,0.5936292409896851,-0.0030693146400153637,525.0
373897,1741.15731976,594.0,1.9430028200149536,-0.14756259322166443,0.59361732006073,-0.0015470638172701001,533.0
373917,1741.178078816,594.0,1.9591645002365112,-0.15524150431156158,0.5935737490653992,-0.003180213738232851,524.0
373937,1741.197627758,595.0,1.9549959897994995,-0.194308802485466,0.5937169790267944,-0.005278223194181919,525.0
373957,1741.217861167,595.0,1.95365571975708,-0.24920371174812317,0.5935867428779602,-0.007366994861513376,537.0
373977,1741.236853707,593.0,1.9791022539138794,-0.28147760033607483,0.59344881772995,-0.006005315575748682,531.0
373997,1741.257391804,593.0,2.0109193325042725,-0.23198722302913666,0.5932192802429199,-0.003945709206163883,526.0
374017,1741.276605881,593.0,2.0345511436462402,-0.20343734323978424,0.5931504964828491,-0.0032109180465340614,535.0
374037,1741.297910224,595.0,2.0150392055511475,-0.19959603250026703,0.5933381915092468,-0.0048047578893601894,527.0
374057,1741.316629514,595.0,1.9991812705993652,-0.18939368426799774,0.5932259559631348,-0.006282858084887266,530.0
374077,1741.336880135,595.0,2.001253843307495,-0.18551917374134064,0.5933539271354675,-0.005954985972493887,523.0
374097,1741.357511027,595.0,2.012586832046509,-0.17342571914196014,0.5932520627975464,-0.004103151615709066,525.0
374117,1741.37738056,592.0,2.0355520248413086,-0.15156656503677368,0.5928658843040466,-0.0036655915901064873,527.0
374137,1741.397435957,592.0,2.043081760406494,-0.1255050152540207,0.5928005576133728,-0.0029874304309487343,522.0
374157,1741.416383766,596.0,2.038320779800415,-0.11339162290096283,0.5933037996292114,-0.001363095361739397,524.0
374177,1741.4375732,596.0,2.0510194301605225,-0.0802096426486969,0.5932779312133789,-0.0014380913926288486,522.0
374197,1741.457181551,596.0,2.0785486698150635,-0.06960274279117584,0.5937027335166931,-0.0005410696612671018,523.0
374217,1741.477550658,596.0,2.0999882221221924,-0.040111105889081955,0.593693733215332,-0.00027969881193712354,526.0
374237,1741.497533477,596.0,2.0950167179107666,-0.00701946159824729,0.5940449237823486,-0.000979868695139885,522.0
374257,1741.516513065,596.0,2.088585615158081,0.017019353806972504,0.5940133333206177,-0.002132266527041793,523.0
374277,1741.536905646,595.0,2.123575210571289,0.055949531495571136,0.5939528942108154,-0.0038704590406268835,527.0
374297,1741.557550088,595.0,2.158863067626953,0.060590676963329315,0.5939995646476746,-0.0049734339118003845,522.0
374317,1741.577540009,595.0,2.1509313583374023,0.029674068093299866,0.5939052104949951,-0.004156267270445824,527.0
374337,1741.596811711,599.0,2.1311142444610596,0.036711521446704865,0.5947153568267822,-0.001026846352033317,526.0
374357,1741.616624881,599.0,2.1259284019470215,0.055626533925533295,0.5947044491767883,1.7735774235916324e-05,527.0
374377,1741.63714659,593.0,2.1387619972229004,0.06483258306980133,0.5942937135696411,-0.00029983677086420357,521.0
374397,1741.65677154,593.0,2.139540433883667,0.06185142323374748,0.5942859649658203,-0.0004690315981861204,526.0
374417,1741.677081382,595.0,2.141710042953491,0.06155221536755562,0.5943073034286499,-0.00126965856179595,522.0
374437,1741.695183981,595.0,2.14458966255188,0.07519277930259705,0.5942564606666565,-0.0037362833973020315,533.0
374457,1741.715890459,595.0,2.1282804012298584,0.05249093100428581,0.5942672491073608,-0.004442180972546339,526.0
374477,1741.735989923,595.0,2.127880573272705,0.04447057098150253,0.5941875576972961,-0.003454247023910284,521.0
374497,1741.756379901,593.0,2.1302337646484375,0.0617721825838089,0.5938603281974792,-0.00356926373206079,526.0
374517,1741.776450908,593.0,2.1289260387420654,0.060203660279512405,0.5937740802764893,-0.004638397600501776,531.0
374537,1741.796512195,597.0,2.1168363094329834,0.07919769734144211,0.594234824180603,-0.0029209007043391466,521.0
374557,1741.817161493,597.0,2.1050233840942383,0.07609032094478607,0.5941861867904663,-0.0019653351046144962,527.0
374577,1741.837163672,593.0,2.0983593463897705,0.07936315983533859,0.5941511392593384,-0.001870278618298471,532.0
374597,1741.857080052,593.0,2.1211304664611816,0.08005398511886597,0.5938280820846558,-0.003360387869179249,524.0
374617,1741.87696955,593.0,2.132478952407837,0.09167071431875229,0.5937592387199402,-0.0034233692567795515,540.0
374637,1741.897079191,595.0,2.120974063873291,0.0803033858537674,0.5938479900360107,-0.0016125916736200452,529.0
374657,1741.916341231,595.0,2.090637683868408,0.094992995262146,0.593836784362793,0.0003861919976770878,526.0
374677,1741.936815185,595.0,2.104926347732544,0.12134373188018799,0.5939769744873047,0.0010957377962768078,537.0
374697,1741.955907363,595.0,2.1290509700775146,0.11539328843355179,0.5939753651618958,-0.001374292653053999,540.0
374717,1741.976906019,596.0,2.1237964630126953,0.0805414468050003,0.5942097902297974,-0.0027607991360127926,530.0
374737,1741.996641389,596.0,2.131878614425659,0.06624168157577515,0.594151496887207,-0.002614014782011509,520.0
374757,1742.016892871,594.0,2.138659715652466,0.09144393354654312,0.5940438508987427,2.24668128794292e-05,528.0
374777,1742.035976639,594.0,2.146261692047119,0.15098828077316284,0.5940580368041992,0.0008435738855041564,514.0
374797,1742.05710982,593.0,2.1517906188964844,0.18132208287715912,0.5938019156455994,-0.0017813006415963173,511.0
374817,1742.07650961,593.0,2.1608948707580566,0.17519547045230865,0.5937497019767761,-0.003071060637012124,511.0
374837,1742.096228149,594.0,2.141342878341675,0.18645799160003662,0.5936796069145203,-0.004137194249778986,511.0
374857,1742.115790369,594.0,2.0936975479125977,0.14661304652690887,0.5935937166213989,-0.004035932011902332,514.0
374877,1742.136144103,594.0,2.1130130290985107,0.16771923005580902,0.5935329794883728,-0.0020177620463073254,516.0
374897,1742.156112887,593.0,2.176682949066162,0.23096980154514313,0.5933383703231812,-0.002142820507287979,514.0
374917,1742.176578523,593.0,2.18080735206604,0.2243627905845642,0.5932722091674805,-0.004586480092257261,512.0
374937,1742.196289074,595.0,2.152820348739624,0.17692622542381287,0.5934053063392639,-0.004908443428575993,511.0
374957,1742.215947471,595.0,2.1265006065368652,0.18397755920886993,0.5933021903038025,-0.005669454112648964,517.0
374977,1742.235757989,597.0,2.1192829608917236,0.16153769195079803,0.5937936305999756,-0.004523524548858404,512.0
374997,1742.256363553,597.0,2.139070510864258,0.16929367184638977,0.5937054753303528,-0.004281666129827499,514.0
375017,1742.27612117,597.0,2.1554298400878906,0.18391601741313934,0.5941439270973206,-0.0030011588241904974,513.0
375037,1742.296468251,597.0,2.1192429065704346,0.1748872846364975,0.5940905809402466,-0.002161147305741906,510.0
375057,1742.315832652,595.0,2.078829050064087,0.19269245862960815,0.5941717028617859,-0.001840637531131506,512.0
375077,1742.335836543,595.0,2.113574743270874,0.18186257779598236,0.5941252112388611,-0.002767928410321474,523.0
375097,1742.35542201,596.0,2.154191732406616,0.19643065333366394,0.5943627953529358,-0.002502833493053913,519.0
375117,1742.376547269,596.0,2.1399989128112793,0.1799352467060089,0.5943101644515991,-0.00250288937240839,521.0
375137,1742.396687939,595.0,2.108017921447754,0.15535075962543488,0.5943548083305359,-0.00026871831505559385,519.0
375157,1742.416598253,595.0,2.112833261489868,0.1910496950149536,0.5943665504455566,0.0010400942992419004,510.0
375177,1742.437056325,595.0,2.1068472862243652,0.2005678117275238,0.5943762063980103,-0.0001093190221581608,515.0
375197,1742.457120531,597.0,2.1093647480010986,0.18938584625720978,0.5947738885879517,0.0001880648051155731,512.0
375217,1742.475997832,597.0,2.1180777549743652,0.1926044374704361,0.5947740077972412,-9.610944835003465e-05,518.0
375237,1742.495882054,596.0,2.1130900382995605,0.20722542703151703,0.5949052572250366,6.699594086967409e-05,510.0
375257,1742.516092871,596.0,2.0973708629608154,0.23402246832847595,0.5949040055274963,-0.00025597901549190283,512.0
375277,1742.537092916,599.0,2.0966033935546875,0.2374643236398697,0.5955507159233093,-0.000692381989210844,510.0
375297,1742.557325764,599.0,2.1092445850372314,0.2385905534029007,0.5955290794372559,-0.001322186435572803,509.0
375317,1742.576053911,595.0,2.111170530319214,0.24020567536354065,0.5953062772750854,-0.0022807472851127386,510.0
375337,1742.596861726,595.0,2.0980944633483887,0.24566836655139923,0.5952577590942383,-0.002454661065712571,510.0
375357,1742.61634952,596.0,2.0992305278778076,0.2151929885149002,0.5952962636947632,-0.002646220149472356,513.0
375377,1742.636249537,596.0,2.0949668884277344,0.15326030552387238,0.595247745513916,-0.002052239840850234,515.0
375397,1742.656504732,592.0,2.0869486331939697,0.14584994316101074,0.5945747494697571,-0.0021908958442509174,516.0
375417,1742.677032218,592.0,2.108733654022217,0.17091123759746552,0.5945359468460083,-0.0017348519759252667,510.0
375437,1742.696768274,596.0,2.1118035316467285,0.17412430047988892,0.5944969058036804,-0.0020284857600927353,518.0
375457,1742.716923416,596.0,2.115135431289673,0.17339517176151276,0.5946837663650513,-0.0017436981434002519,512.0
375477,1742.736103325,596.0,2.104748249053955,0.16522666811943054,0.5946415066719055,-0.0021956502459943295,522.0
375497,1742.755841766,595.0,2.097954034805298,0.1769670695066452,0.5945807099342346,-0.0016076505417004228,509.0
375517,1742.776604074,595.0,2.1281850337982178,0.20639275014400482,0.5945461392402649,-0.0018175673903897405,510.0
375537,1742.796105124,595.0,2.122119426727295,0.20625293254852295,0.5944899916648865,-0.0029485090635716915,509.0
375557,1742.815387898,595.0,2.1130387783050537,0.190047025680542,0.594424843788147,-0.003506614826619625,512.0
375577,1742.836636375,593.0,2.118041515350342,0.1850048154592514,0.593995988368988,-0.004517889581620693,517.0
375597,1742.855791445,593.0,2.1048085689544678,0.16268081963062286,0.5939021110534668,-0.00468068802729249,513.0
375617,1742.876369481,595.0,2.100583791732788,0.15855902433395386,0.5939410924911499,-0.0029457733035087585,513.0
375637,1742.895613391,595.0,2.1173791885375977,0.19420211017131805,0.5938804745674133,-0.0033086996991187334,515.0
375657,1742.91659626,594.0,2.1225597858428955,0.18094459176063538,0.5937805771827698,-0.004569720476865768,510.0
375677,1742.935630678,594.0,2.106311321258545,0.13666397333145142,0.5936744809150696,-0.005936736706644297,523.0
375697,1742.955911317,596.0,2.0926976203918457,0.10273414850234985,0.5939501523971558,-0.00488025089725852,527.0
375717,1742.975588191,596.0,2.1013569831848145,0.1096428632736206,0.5938671231269836,-0.0033910598140209913,758.0
375737,1742.996093244,590.0,2.0976812839508057,0.145035520195961,0.5938063263893127,-0.0028446963988244534,757.0
375757,1743.01602217,590.0,2.089463710784912,0.1377691775560379,0.5929602384567261,-0.00538629200309515,752.0
375777,1743.035089647,590.0,2.0704336166381836,0.13015328347682953,0.5928448438644409,-0.006137807387858629,760.0
375797,1743.056437869,596.0,2.053189992904663,0.12068690359592438,0.5932384729385376,-0.005609060171991587,749.0
375817,1743.075550211,596.0,2.0433483123779297,0.09491846710443497,0.5931359529495239,-0.004454541020095348,758.0
375837,1743.096793951,596.0,2.0673139095306396,0.09424665570259094,0.5935206413269043,-0.0019717535469681025,761.0
375857,1743.116887851,596.0,2.097522258758545,0.12133733183145523,0.5934719443321228,-0.0032265710178762674,752.0
375877,1743.134784055,592.0,2.0909276008605957,0.11884703487157822,0.593024730682373,-0.0060259257443249226,752.0
375897,1743.156623856,592.0,2.0707080364227295,0.11739853769540787,0.5928953886032104,-0.006727022118866444,754.0
375917,1743.176146333,597.0,2.0458474159240723,0.11261092126369476,0.5934346318244934,-0.0061552696861326694,751.0
375937,1743.197136153,597.0,2.018983840942383,0.0648849755525589,0.5933075547218323,-0.006113261915743351,758.0
375957,1743.216813759,595.0,2.0148701667785645,0.04519341140985489,0.5934885740280151,-0.0036416032817214727,748.0
375977,1743.236782152,595.0,1.991027593612671,0.04875125735998154,0.5934267640113831,-0.002468822291120887,753.0
375997,1743.25622232,596.0,1.9639164209365845,0.04988566040992737,0.5938256978988647,-0.00015472632367163897,749.0
376017,1743.274262323,596.0,1.9652252197265625,0.07742917537689209,0.5938056111335754,-0.002176891779527068,751.0
376037,1743.293965837,596.0,2.020293712615967,0.08854112774133682,0.5937338471412659,-0.004899829626083374,766.0
376057,1743.314010575,596.0,2.062614679336548,0.0863495022058487,0.5940043926239014,-0.004928641952574253,757.0
376077,1743.335416573,596.0,2.0534255504608154,0.09182903170585632,0.5939140915870667,-0.0038795494474470615,754.0
376097,1743.356793929,594.0,2.0472042560577393,0.09282705932855606,0.5937807559967041,-0.002752449829131365,751.0
376117,1743.375395538,594.0,2.078216314315796,0.14014285802841187,0.5937263369560242,-0.002974078990519047,757.0
376137,1743.397381669,598.0,2.087414264678955,0.14983436465263367,0.594370424747467,-0.0027554621919989586,760.0
376157,1743.415426504,598.0,2.0780797004699707,0.11589807271957397,0.5943091511726379,-0.0033447204623371363,757.0
376177,1743.435692096,596.0,2.102457284927368,0.09013447910547256,0.5944682955741882,-0.002867643255740404,757.0
376197,1743.455245251,596.0,2.105456590652466,0.1144881471991539,0.5944112539291382,-0.0029329778626561165,756.0
376217,1743.475917752,596.0,2.121046304702759,0.1396206021308899,0.5945653915405273,-0.001305378507822752,748.0
376237,1743.496068474,596.0,2.119175672531128,0.1983630210161209,0.5945532321929932,-0.00012828748731408268,748.0
376257,1743.515766276,595.0,2.126464605331421,0.23917458951473236,0.5945687890052795,-0.0012550720712170005,753.0
376277,1743.536157779,595.0,2.109675168991089,0.24446174502372742,0.5945215821266174,-0.003412096993997693,748.0
376297,1743.556106285,595.0,2.0889883041381836,0.21278098225593567,0.5944880247116089,-0.0044011459685862064,750.0
376317,1743.57614569,595.0,2.085853099822998,0.1904485672712326,0.5944069623947144,-0.00356877688318491,751.0
376337,1743.597883548,595.0,2.089163303375244,0.20360146462917328,0.5943428874015808,-0.002875705249607563,764.0
376357,1743.615229974,595.0,2.0980353355407715,0.2044060230255127,0.5943595767021179,-0.0020691233221441507,754.0
376377,1743.634969068,595.0,2.0852487087249756,0.20759829878807068,0.5943280458450317,-0.0010107316775247455,749.0
376397,1743.65553024,597.0,2.0891947746276855,0.1956862360239029,0.5947266817092896,-0.00034209067234769464,767.0
376417,1743.675136196,597.0,2.110105037689209,0.18907126784324646,0.5946981906890869,-0.0026778255123645067,764.0
376437,1743.696767889,595.0,2.1234073638916016,0.14105963706970215,0.5945881009101868,-0.004752471577376127,509.0
376457,1743.715982087,595.0,2.138970136642456,0.10550916194915771,0.5944928526878357,-0.00438291672617197,509.0
376477,1743.734737654,592.0,2.1364314556121826,0.09097126126289368,0.5938767194747925,-0.0029025953263044357,509.0
376497,1743.754518856,592.0,2.1190662384033203,0.10021345317363739,0.5938298106193542,-0.0018566857324913144,509.0
376517,1743.775460384,594.0,2.1243910789489746,0.10566332191228867,0.5937739014625549,-0.0018567303195595741,509.0
376537,1743.797365537,594.0,2.1546685695648193,0.12164759635925293,0.5937299132347107,-0.0027997831348329782,511.0
376557,1743.815242765,594.0,2.1792638301849365,0.11699925363063812,0.5936475396156311,-0.005998040549457073,510.0
376577,1743.835908973,594.0,2.172913074493408,0.07642646878957748,0.5935091972351074,-0.007371651940047741,512.0
376597,1743.855731691,597.0,2.139080286026001,0.05443311482667923,0.593381404876709,-0.004811280407011509,519.0
376617,1743.875537309,597.0,2.133913040161133,0.07861080020666122,0.5939591526985168,0.00025690492475405335,514.0
376637,1743.897377172,597.0,2.1510534286499023,0.08808618038892746,0.5939651131629944,-7.647546226507984e-06,512.0
376657,1743.916258279,600.0,2.162771463394165,0.08382941037416458,0.5950226783752441,-0.00036294932942837477,524.0
376677,1743.935070909,600.0,2.1788530349731445,0.07491233944892883,0.5949973464012146,-0.001903664437122643,518.0
376697,1743.955588516,594.0,2.172898054122925,0.06054362654685974,0.5946643948554993,-0.0030343816615641117,529.0
376717,1743.975044153,594.0,2.1360297203063965,0.027573367580771446,0.59461510181427,-0.0015049363719299436,522.0
376737,1743.997766462,596.0,2.1203572750091553,0.03997961804270744,0.5947722792625427,0.0007896643364802003,518.0
376757,1744.014110762,596.0,2.13836407661438,0.04204631224274635,0.5947897434234619,0.0008686495712026954,518.0
376777,1744.035547691,596.0,2.1595752239227295,0.047443993389606476,0.5949336886405945,0.001039529568515718,510.0
376797,1744.055671755,596.0,2.174893379211426,0.03254977613687515,0.5949450135231018,7.82917340984568e-05,519.0
376817,1744.07504494,593.0,2.172217845916748,0.019842814654111862,0.5945263504981995,0.00020133261568844318,513.0
376837,1744.097141651,593.0,2.1768789291381836,0.06238485500216484,0.5945509076118469,0.0021289996802806854,516.0
376857,1744.115022378,594.0,2.1867330074310303,0.08068295568227768,0.5944209098815918,0.0012423170264810324,512.0
376877,1744.135080961,594.0,2.2143168449401855,0.08237180858850479,0.5944274067878723,-0.0007774365949444473,519.0
376897,1744.156198489,594.0,2.238851547241211,0.10249539464712143,0.594383180141449,-0.0034561199136078358,519.0
376917,1744.17563643,593.0,2.2435896396636963,0.07769765704870224,0.5939871072769165,-0.003254344454035163,512.0
376937,1744.197137446,593.0,2.21409010887146,0.06583669781684875,0.593949556350708,-0.0004376729193609208,513.0
376957,1744.214503688,593.0,2.1850526332855225,0.07940637320280075,0.5936695337295532,0.00011069417087128386,522.0
376977,1744.235291148,593.0,2.1731011867523193,0.07704024016857147,0.5936651229858398,-0.0007477209437638521,514.0
376997,1744.254622518,597.0,2.187408447265625,0.10555338114500046,0.5941680669784546,-0.0008719845209270716,515.0
377017,1744.275075921,597.0,2.2248728275299072,0.12622924149036407,0.5941442251205444,-0.001353006693534553,509.0
377037,1744.295936718,592.0,2.2376790046691895,0.11291871964931488,0.5936011075973511,-0.003978766966611147,510.0
377057,1744.316519225,592.0,2.2060654163360596,0.053280796855688095,0.5935199856758118,-0.0035456144250929356,511.0
377077,1744.335822173,597.0,2.185678482055664,0.02643769234418869,0.5940215587615967,8.076219819486141e-05,514.0
377097,1744.35556626,597.0,2.1856372356414795,0.06426995247602463,0.5940415859222412,0.0014610381331294775,516.0
377117,1744.375717568,592.0,2.20709490776062,0.0649586096405983,0.5936050415039062,-0.001699106185697019,509.0
377137,1744.395247164,592.0,2.220651149749756,0.04379543662071228,0.5935562252998352,-0.0030140168964862823,511.0
377157,1744.414993573,596.0,2.238600730895996,0.02034611441195011,0.5934953689575195,-0.002875878009945154,509.0
377177,1744.4356292,596.0,2.2342257499694824,0.026019688695669174,0.5938646197319031,-0.0006300938548520207,511.0
377197,1744.455028274,596.0,2.2190752029418945,0.05071169137954712,0.5938708186149597,0.001159901381470263,514.0
377217,1744.475626087,600.0,2.243048906326294,0.10283865034580231,0.5949941277503967,0.0031231979373842478,511.0
377237,1744.495104432,600.0,2.238326072692871,0.08667218685150146,0.5950222015380859,-0.00039169640513136983,509.0
377257,1744.514836657,599.0,2.205281972885132,0.04081587865948677,0.5956528186798096,-0.0006104781641624868,509.0
377277,1744.535649639,599.0,2.2062299251556396,0.022967001423239708,0.5956434011459351,1.9194872947991826e-05,509.0
377297,1744.554858941,596.0,2.1859562397003174,0.013335972093045712,0.5956270098686218,0.0019290915224701166,509.0
377317,1744.574544682,596.0,2.184140920639038,0.010600099340081215,0.5956778526306152,0.003281662240624428,511.0
377337,1744.594960063,595.0,2.2047340869903564,0.04553321748971939,0.5955130457878113,0.0026847810950130224,512.0
377357,1744.614603276,595.0,2.2065892219543457,0.07159124314785004,0.5955475568771362,0.000718148541636765,513.0
377377,1744.635642076,593.0,2.1782727241516113,0.04438818618655205,0.5949826836585999,-0.0008141958969645202,509.0
377397,1744.654598073,593.0,2.182708740234375,0.04607038199901581,0.5949794054031372,0.0004373535339254886,510.0
377417,1744.675067739,588.0,2.222130537033081,0.06312362104654312,0.5936213135719299,-0.0031479180324822664,509.0
377437,1744.695509599,588.0,2.223306179046631,0.050421927124261856,0.5935382843017578,-0.005188097711652517,509.0
377457,1744.714564434,591.0,2.1961894035339355,0.009950839914381504,0.5934136509895325,-0.007032918278127909,520.0
377477,1744.734791431,591.0,2.143796682357788,-0.014223973266780376,0.5927460789680481,-0.007642078213393688,512.0
377497,1744.754449507,591.0,2.141815423965454,-0.0019576267804950476,0.5926031470298767,-0.006104189436882734,522.0
377517,1744.774562554,592.0,2.1797237396240234,0.023699583485722542,0.5923096537590027,-0.006281592883169651,511.0
377537,1744.795140996,592.0,2.186264991760254,0.04077233746647835,0.5921794176101685,-0.006844652350991964,509.0
377557,1744.814172321,594.0,2.165071964263916,0.04026635363698006,0.5923060178756714,-0.005934686865657568,513.0
377577,1744.834337476,594.0,2.159287691116333,0.06985317170619965,0.5921916365623474,-0.005528529640287161,513.0
377597,1744.854512589,595.0,2.1511666774749756,0.06353877484798431,0.592521607875824,-0.005091599654406309,512.0
377617,1744.87402851,595.0,2.1614139080047607,0.05544591322541237,0.5924062728881836,-0.0063383616507053375,513.0
377637,1744.894990472,595.0,2.1971843242645264,0.05062629655003548,0.5926708579063416,-0.00612546456977725,509.0
377657,1744.914473535,595.0,2.20831561088562,0.04971658065915108,0.5925374031066895,-0.007152771111577749,518.0
377677,1744.934505574,593.0,2.1634724140167236,0.03407713398337364,0.5924574732780457,-0.005370705388486385,524.0
377697,1744.954998035,593.0,2.154684543609619,0.05082583799958229,0.592382550239563,-0.002326168119907379,536.0
377717,1744.974820574,596.0,2.2242562770843506,0.0923987329006195,0.592948317527771,-0.0018357723020017147,536.0
377737,1744.994090399,596.0,2.282587766647339,0.08701547235250473,0.5928753614425659,-0.005246706306934357,530.0
377757,1745.014051039,596.0,2.317884683609009,0.05521344020962715,0.5927553772926331,-0.006244332529604435,531.0
377777,1745.033592952,598.0,2.3362388610839844,0.041589416563510895,0.5935677289962769,-0.003425704315304756,533.0
377797,1745.054262246,598.0,2.323580026626587,0.017076289281249046,0.5934988856315613,-0.003402745584025979,524.0
377817,1745.07467775,597.0,2.3256311416625977,0.012680480256676674,0.594017505645752,-0.002593866316601634,527.0
377837,1745.094406714,597.0,2.3425724506378174,0.00010555220796959475,0.5939597487449646,-0.0030367926228791475,524.0
377857,1745.113960336,592.0,2.3621387481689453,-0.01910950243473053,0.5934143662452698,-0.00442198570817709,526.0
377877,1745.134581168,592.0,2.3795740604400635,-0.02248253859579563,0.5933111906051636,-0.005890400614589453,532.0
377897,1745.15475683,596.0,2.3868680000305176,-0.07949293404817581,0.5935826301574707,-0.005974464118480682,524.0
377917,1745.173596602,596.0,2.376434087753296,-0.12410157918930054,0.5934721231460571,-0.004847015719860792,531.0
377937,1745.194600184,588.0,2.341277837753296,-0.16647493839263916,0.5922704339027405,-0.005505872890353203,528.0
377957,1745.213648329,588.0,2.3218140602111816,-0.14190924167633057,0.5921660661697388,-0.005045431200414896,524.0
377977,1745.233679995,594.0,2.341407299041748,-0.14012934267520905,0.5923409461975098,-0.006132353097200394,527.0
377997,1745.254317316,594.0,2.345857620239258,-0.19930432736873627,0.5922113656997681,-0.006707808934152126,522.0
378017,1745.274537758,592.0,2.3640830516815186,-0.2136773020029068,0.592072606086731,-0.007135703228414059,526.0
378037,1745.293997102,592.0,2.395695447921753,-0.22031135857105255,0.5918372273445129,-0.007033623289316893,522.0
378057,1745.314130647,592.0,2.3863685131073,-0.2240213006734848,0.5917134284973145,-0.005348451901227236,531.0
378077,1745.333716202,592.0,2.392582416534424,-0.2449333667755127,0.5916023254394531,-0.0033249997068196535,523.0
378097,1745.353804843,592.0,2.431206464767456,-0.24400293827056885,0.5915467739105225,-0.0024372930638492107,530.0
378117,1745.374263008,591.0,2.480306625366211,-0.22442951798439026,0.5912960171699524,-0.004749630112200975,523.0
378137,1745.393896803,591.0,2.468273878097534,-0.23737899959087372,0.5911719799041748,-0.0073640975169837475,531.0
378157,1745.413754927,596.0,2.4460036754608154,-0.2581486105918884,0.5918324589729309,-0.005443646106868982,522.0
378177,1745.434433257,596.0,2.437561511993408,-0.2282082885503769,0.5917384624481201,-0.004070303402841091,523.0
378197,1745.453274683,593.0,2.4276163578033447,-0.21468108892440796,0.5917781591415405,-0.004361670929938555,523.0
378217,1745.473850464,593.0,2.4381585121154785,-0.2096039205789566,0.5916820168495178,-0.0053753056563436985,521.0
378237,1745.494109521,595.0,2.464266300201416,-0.19920513033866882,0.5920595526695251,-0.006557228974997997,522.0
378257,1745.512826868,595.0,2.4481613636016846,-0.2137693613767624,0.5919065475463867,-0.008452276699244976,525.0
378277,1745.533653731,596.0,2.444101572036743,-0.24046072363853455,0.5924632549285889,-0.005127377808094025,527.0
378297,1745.553469081,596.0,2.457252264022827,-0.20954667031764984,0.5923836827278137,-0.003167287912219763,523.0
378317,1745.573168882,596.0,2.465733289718628,-0.21381065249443054,0.592301607131958,-0.00568984542042017,535.0
378337,1745.592525202,596.0,2.4685146808624268,-0.2510260343551636,0.5928228497505188,-0.0028859346639364958,521.0
378357,1745.613548413,596.0,2.482757806777954,-0.1839316338300705,0.5927783250808716,-0.0017053177580237389,528.0
378377,1745.633676802,593.0,2.489068031311035,-0.14104557037353516,0.592711329460144,-0.0007289492059499025,523.0
378397,1745.653976032,593.0,2.483644485473633,-0.14457866549491882,0.5926830768585205,-0.0021977892611175776,525.0
378417,1745.672663253,596.0,2.4769210815429688,-0.1505662351846695,0.5931375622749329,-0.002703870879486203,521.0
378437,1745.693414324,596.0,2.4907264709472656,-0.19117985665798187,0.593074381351471,-0.0031092960853129625,529.0
378457,1745.714269663,592.0,2.470658779144287,-0.17971765995025635,0.5927157402038574,-0.0007872424903325737,521.0
378477,1745.733106859,592.0,2.4500160217285156,-0.1515122354030609,0.5927196741104126,0.000818119035102427,521.0
378497,1745.753276087,595.0,2.4720466136932373,-0.11062975972890854,0.5930259823799133,-0.00045888349995948374,521.0
378517,1745.773094965,595.0,2.5046162605285645,-0.09510726481676102,0.592976987361908,-0.004336528480052948,521.0
378537,1745.793381636,595.0,2.4969773292541504,-0.14057007431983948,0.5931280851364136,-0.005585860926657915,527.0
378557,1745.814057862,595.0,2.4987969398498535,-0.13928863406181335,0.5930310487747192,-0.0037486173678189516,524.0
378577,1745.833245046,590.0,2.5136373043060303,-0.07473423331975937,0.5923346281051636,-0.0031685628928244114,524.0
378597,1745.853504755,590.0,2.4897735118865967,-0.0478518083691597,0.5922696590423584,-0.0037229431327432394,525.0
378617,1745.873551438,590.0,2.466189384460449,-0.08127905428409576,0.5921707153320312,-0.006106930319219828,536.0
378637,1745.893275922,597.0,2.487720489501953,-0.09095802903175354,0.5928722023963928,-0.006510209292173386,529.0
378657,1745.91311443,597.0,2.501703977584839,-0.11158619821071625,0.5927135944366455,-0.009157875552773476,522.0
378677,1745.933349469,597.0,2.4957263469696045,-0.13141393661499023,0.5932588577270508,-0.00706243421882391,538.0
378697,1745.953261808,597.0,2.53218936920166,-0.1362912952899933,0.5931455492973328,-0.004144745413213968,533.0
378717,1745.973635221,594.0,2.5390424728393555,-0.13209913671016693,0.593112587928772,-0.0033363541588187218,527.0
378737,1745.993188402,594.0,2.522860288619995,-0.17568783462047577,0.5930383205413818,-0.004109496250748634,529.0
378757,1746.013953297,596.0,2.5090365409851074,-0.16316640377044678,0.5933844447135925,-0.004208435770124197,521.0
378777,1746.032884255,596.0,2.5196433067321777,-0.16781271994113922,0.5932916402816772,-0.004938912577927113,518.0
378797,1746.053908061,598.0,2.5456435680389404,-0.17831577360630035,0.5939570665359497,-0.002652194816619158,519.0
378817,1746.073771079,598.0,2.569321870803833,-0.16308856010437012,0.5939021706581116,-0.002926285844296217,520.0
378837,1746.092830871,592.0,2.550520420074463,-0.15980622172355652,0.593400776386261,-0.004456573165953159,516.0
378857,1746.112787218,592.0,2.5290067195892334,-0.17384199798107147,0.5933182239532471,-0.003614840330556035,520.0
378877,1746.133741481,594.0,2.5092968940734863,-0.17869028449058533,0.593254029750824,-0.0031888377852737904,520.0
378897,1746.15326662,594.0,2.5271334648132324,-0.17539171874523163,0.5932203531265259,-0.005456394515931606,523.0
378917,1746.173992153,594.0,2.538349151611328,-0.22227632999420166,0.5930843353271484,-0.008192100562155247,526.0
378937,1746.192698612,593.0,2.5193984508514404,-0.27337902784347534,0.5928085446357727,-0.008091350086033344,523.0
378957,1746.213268397,593.0,2.49975323677063,-0.26469698548316956,0.5926764011383057,-0.004960299003869295,520.0
378977,1746.233258929,597.0,2.5246102809906006,-0.227745920419693,0.5933262705802917,-0.0017463649855926633,518.0
378997,1746.253288743,597.0,2.5526154041290283,-0.21917767822742462,0.593286395072937,-0.0023589367046952248,517.0
379017,1746.273772422,598.0,2.545917510986328,-0.23344264924526215,0.5939978957176208,-0.0018651705468073487,516.0
379037,1746.293042308,598.0,2.5224196910858154,-0.25805532932281494,0.5939508080482483,-0.0026316330768167973,516.0
379057,1746.313265598,596.0,2.5108702182769775,-0.2501020133495331,0.594159722328186,-0.002148884115740657,518.0
379077,1746.333457801,596.0,2.5287106037139893,-0.24097146093845367,0.594112753868103,-0.0026302619371563196,524.0
379097,1746.353891269,597.0,2.5242249965667725,-0.2602848708629608,0.594464898109436,-0.00247741537168622,513.0
379117,1746.372724022,597.0,2.5177721977233887,-0.24431192874908447,0.5944154858589172,-0.0025687189772725105,525.0
379137,1746.392693995,596.0,2.49989914894104,-0.22318078577518463,0.5945765376091003,-0.002778910333290696,523.0
379157,1746.412839995,596.0,2.4559743404388428,-0.2477586418390274,0.5945211052894592,-0.0024006785824894905,523.0
379177,1746.433536244,596.0,2.461754083633423,-0.23916274309158325,0.5944898128509521,-0.0006685193511657417,527.0
379197,1746.4535437,596.0,2.5042409896850586,-0.1943780928850174,0.5946758389472961,-0.0012000027345493436,511.0
379217,1746.47353573,596.0,2.5023748874664307,-0.20439817011356354,0.5946248769760132,-0.0036986656486988068,516.0
379237,1746.493210487,593.0,2.486985206604004,-0.24242712557315826,0.5941506028175354,-0.004187050741165876,511.0
379257,1746.513128028,593.0,2.466144561767578,-0.2463521808385849,0.5940805077552795,-0.0028698311652988195,513.0
379277,1746.533717292,594.0,2.4634435176849365,-0.2646717131137848,0.5939361453056335,-0.0015558168524876237,511.0
379297,1746.5527092,594.0,2.4574506282806396,-0.2679028809070587,0.5939156413078308,-0.000529048265889287,513.0
379317,1746.572607714,595.0,2.4777567386627197,-0.2544957995414734,0.5939809679985046,-0.0011903048725798726,511.0
379337,1746.592684742,595.0,2.4881749153137207,-0.2664991617202759,0.5939364433288574,-0.0032281281892210245,513.0
379357,1746.61337202,591.0,2.442042589187622,-0.3063831627368927,0.5932013392448425,-0.004264572635293007,516.0
379377,1746.633772196,591.0,2.426274061203003,-0.30179572105407715,0.59312504529953,-0.0035315765999257565,511.0
379397,1746.65390773,593.0,2.428786277770996,-0.2814173996448517,0.5929141044616699,-0.0041352235712111,511.0
379417,1746.672702555,593.0,2.426642894744873,-0.30732181668281555,0.5928402543067932,-0.003047805977985263,509.0
379437,1746.69280784,594.0,2.460824966430664,-0.2795664966106415,0.5929363369941711,-0.0013491783756762743,515.0
379457,1746.713480742,594.0,2.494234323501587,-0.2496214658021927,0.5928962230682373,-0.0029654200188815594,512.0
379477,1746.7327124,594.0,2.473623514175415,-0.27602070569992065,0.592810332775116,-0.004810614045709372,521.0
379497,1746.753057374,599.0,2.4444260597229004,-0.30538806319236755,0.5938363075256348,-0.0010574802290648222,519.0
379517,1746.773358529,599.0,2.4471256732940674,-0.2860129177570343,0.5938191413879395,-0.0009162950445897877,518.0
379537,1746.793550834,596.0,2.4684269428253174,-0.30095112323760986,0.5941134095191956,-0.002290310338139534,511.0
379557,1746.813127011,596.0,2.452615976333618,-0.3061373829841614,0.5940569639205933,-0.0031058264430612326,524.0
379577,1746.833242413,593.0,2.4394302368164062,-0.28228703141212463,0.5936696529388428,-0.0040640635415911674,523.0
379597,1746.853438137,593.0,2.422834873199463,-0.2769673764705658,0.5935821533203125,-0.004663091152906418,523.0
379617,1746.873792853,594.0,2.4479353427886963,-0.3034266531467438,0.5934476256370544,-0.005196540150791407,514.0
379637,1746.892494914,594.0,2.4771182537078857,-0.31549614667892456,0.593352735042572,-0.0043598138727247715,510.0
379657,1746.912727468,593.0,2.474395275115967,-0.33504152297973633,0.5930871963500977,-0.004046131391078234,527.0
379677,1746.932435853,593.0,2.432999610900879,-0.33612146973609924,0.5930230617523193,-0.0024362585972994566,532.0
379697,1746.953084168,595.0,2.451077699661255,-0.30316293239593506,0.5932296514511108,-0.0015333463670685887,540.0
379717,1746.973133811,595.0,2.480436325073242,-0.2735826075077057,0.5931873321533203,-0.002962964354082942,529.0
379737,1746.992549287,595.0,2.4892513751983643,-0.27322280406951904,0.5930982828140259,-0.005815249402076006,526.0
379757,1747.012522449,595.0,2.466097831726074,-0.31239211559295654,0.5932446122169495,-0.006584798917174339,522.0
379777,1747.033535322,595.0,2.4395017623901367,-0.3323725461959839,0.5931445956230164,-0.003041355637833476,533.0
379797,1747.052800257,593.0,2.4760847091674805,-0.3019605278968811,0.5929984450340271,-0.0008608780335634947,523.0
379817,1747.072351652,593.0,2.498258352279663,-0.293367475271225,0.5929798483848572,-0.0011897773947566748,522.0
379837,1747.092579087,593.0,2.497251272201538,-0.3099905550479889,0.592848002910614,-0.0038481715600937605,530.0
379857,1747.113531959,593.0,2.511356830596924,-0.30074313282966614,0.5927437543869019,-0.006365783512592316,527.0
379877,1747.133495003,595.0,2.522200584411621,-0.3368745446205139,0.5929237008094788,-0.005714458413422108,523.0
379897,1747.153731433,595.0,2.5604097843170166,-0.3540180027484894,0.5928307771682739,-0.00351429870352149,524.0
379917,1747.173259293,594.0,2.585935115814209,-0.3373887538909912,0.5928645133972168,-0.0023539734538644552,528.0
379937,1747.192403325,594.0,2.5839428901672363,-0.35241416096687317,0.5928114652633667,-0.0030566370114684105,528.0
379957,1747.213433628,590.0,2.5558862686157227,-0.35826781392097473,0.5920910835266113,-0.005344631150364876,526.0
379977,1747.232312224,590.0,2.5367629528045654,-0.3692080080509186,0.5919670462608337,-0.007008131593465805,531.0
379997,1747.253089828,597.0,2.555832624435425,-0.36559244990348816,0.5927024483680725,-0.004731638357043266,522.0
380017,1747.273810894,597.0,2.5826919078826904,-0.3371947109699249,0.5926233530044556,-0.0032109932508319616,529.0
380037,1747.293099151,595.0,2.597978115081787,-0.3382357954978943,0.5925596356391907,-0.003406914882361889,530.0
380057,1747.312870746,595.0,2.6339526176452637,-0.32369449734687805,0.5928331017494202,-0.005966685712337494,533.0
380077,1747.333574461,595.0,2.6447999477386475,-0.34580329060554504,0.5926885604858398,-0.008136732503771782,527.0
380097,1747.352620301,593.0,2.6262660026550293,-0.3961378335952759,0.5924924612045288,-0.006595049053430557,534.0
380117,1747.373404525,593.0,2.599271535873413,-0.3999985158443451,0.592397928237915,-0.003110552439466119,522.0
380137,1747.393645814,596.0,2.614123582839966,-0.3667032718658447,0.5929251313209534,-0.0013898353790864348,523.0
380157,1747.413441222,596.0,2.611438035964966,-0.37384942173957825,0.592880129814148,-0.0030450900085270405,522.0
380177,1747.432439069,595.0,2.604518413543701,-0.3898065984249115,0.5930834412574768,-0.003046068362891674,527.0
380197,1747.452585995,595.0,2.6021268367767334,-0.37143659591674805,0.5930190086364746,-0.0033222436904907227,525.0
380217,1747.473435,595.0,2.6053922176361084,-0.38390183448791504,0.5931894183158875,-0.003171611111611128,522.0
380237,1747.492430371,595.0,2.615102529525757,-0.4403982162475586,0.5931382179260254,-0.0014165036845952272,522.0
380257,1747.513406063,594.0,2.6444876194000244,-0.39730212092399597,0.593163788318634,0.0014496840303763747,521.0
380277,1747.533615314,594.0,2.651301383972168,-0.36021557450294495,0.5931884050369263,0.000719166302587837,522.0
380297,1747.552630098,594.0,2.6694281101226807,-0.36483386158943176,0.5932401418685913,-0.0002611466043163091,524.0
380317,1747.573121053,594.0,2.6909027099609375,-0.3645618259906769,0.5932164192199707,-0.001994316466152668,521.0
380337,1747.592121232,594.0,2.7003588676452637,-0.40391382575035095,0.5931791663169861,-0.001364541589282453,534.0
380357,1747.613873626,591.0,2.6940293312072754,-0.41335710883140564,0.5926359295845032,-0.0011838399805128574,521.0
380377,1747.632717372,591.0,2.7144317626953125,-0.41061636805534363,0.5926132798194885,-0.0010904649971053004,525.0
380397,1747.653749596,592.0,2.713923454284668,-0.40836772322654724,0.59235680103302,-0.002369173336774111,522.0
380417,1747.672365965,592.0,2.7357795238494873,-0.3842392563819885,0.5923093557357788,-0.0021086547058075666,521.0
380437,1747.692560146,595.0,2.7624268531799316,-0.3560672998428345,0.5926631689071655,-0.0016374835977330804,523.0
380457,1747.714091253,595.0,2.7604575157165527,-0.36257049441337585,0.5926148891448975,-0.0029020372312515974,522.0
380477,1747.732469719,595.0,2.7527427673339844,-0.37150639295578003,0.5928537249565125,-0.0032733443658798933,523.0
380497,1747.753206622,595.0,2.755002975463867,-0.38779348134994507,0.5927922129631042,-0.0027282622177153826,522.0
380517,1747.772429952,593.0,2.763758659362793,-0.3925541341304779,0.5926445126533508,-0.0010944303357973695,524.0
380537,1747.79269252,593.0,2.752769947052002,-0.37612849473953247,0.5926465392112732,0.0012710010632872581,524.0
380557,1747.813965773,595.0,2.7834625244140625,-0.36091348528862,0.592963695526123,0.0020289579406380653,524.0
380577,1747.832920854,595.0,2.797560930252075,-0.3658868372440338,0.5929635763168335,-0.0022869145032018423,534.0
380597,1747.852898848,594.0,2.794577121734619,-0.4156148135662079,0.5929703712463379,-0.0058737569488584995,524.0
380617,1747.873333175,594.0,2.7990012168884277,-0.44357356429100037,0.5928474068641663,-0.005812058225274086,522.0
380637,1747.892108388,594.0,2.7919392585754395,-0.45611780881881714,0.5927497148513794,-0.0038534614723175764,529.0
380657,1747.913623144,594.0,2.791945219039917,-0.47559118270874023,0.5928083062171936,-0.0024150351528078318,525.0
380677,1747.933338314,594.0,2.8052077293395996,-0.469645231962204,0.5927625298500061,-0.002163597848266363,511.0
380697,1747.952502754,594.0,2.811307430267334,-0.4816628396511078,0.5928290486335754,-0.0024212610442191362,510.0
380717,1747.972621616,594.0,2.794640064239502,-0.5092386603355408,0.5927976965904236,-0.00042997306445613503,514.0
380737,1747.992866568,596.0,2.7912418842315674,-0.48561543226242065,0.5932643413543701,0.002208302728831768,511.0
380757,1748.013874876,596.0,2.78719425201416,-0.47962430119514465,0.5932869911193848,-0.00030095595866441727,514.0
380777,1748.032865416,596.0,2.7774176597595215,-0.5234910249710083,0.5936074256896973,-0.002408173866569996,514.0
380797,1748.051928738,596.0,2.7716541290283203,-0.5463506579399109,0.5935662388801575,-0.001400197739712894,523.0
380817,1748.071642241,594.0,2.8008580207824707,-0.5310928225517273,0.593487024307251,0.0006668096757493913,519.0
380837,1748.093141791,594.0,2.8091089725494385,-0.4910981059074402,0.5935097336769104,0.0014191239606589079,513.0
380857,1748.113855178,595.0,2.7922234535217285,-0.502747654914856,0.593656063079834,0.0015956605784595013,516.0
380877,1748.132612624,595.0,2.7868974208831787,-0.5286184549331665,0.5936859846115112,0.0015501083107665181,517.0
380897,1748.152077628,591.0,2.7756264209747314,-0.5302743315696716,0.5937206149101257,0.0019313625525683165,520.0
380917,1748.173083474,591.0,2.7534379959106445,-0.5621193051338196,0.5931060910224915,0.0003587782266549766,517.0
380937,1748.192461243,591.0,2.7665839195251465,-0.5436191558837891,0.5931159853935242,0.0005821571685373783,520.0
380957,1748.213526342,597.0,2.774966239929199,-0.5187268257141113,0.5937541723251343,0.0015853390796110034,517.0
380977,1748.231885996,597.0,2.779020309448242,-0.503226101398468,0.5937719345092773,0.00029222804005257785,515.0
380997,1748.252044172,592.0,2.77993106842041,-0.5067655444145203,0.593306839466095,-0.002410390181466937,518.0
381017,1748.272923087,592.0,2.779322862625122,-0.5050979852676392,0.5932335257530212,-0.004694315604865551,516.0
381037,1748.291837397,594.0,2.773014545440674,-0.49719899892807007,0.5931307673454285,-0.005205581430345774,515.0
381057,1748.314033845,594.0,2.7604422569274902,-0.5016626119613647,0.5930256843566895,-0.005294045899063349,511.0
381077,1748.332262583,592.0,2.7277417182922363,-0.5343647599220276,0.5925829410552979,-0.006164561491459608,511.0
381097,1748.351849587,592.0,2.7163360118865967,-0.529112696647644,0.5924670696258545,-0.00529125239700079,517.0
381117,1748.371533222,592.0,2.7202134132385254,-0.5032095909118652,0.5921470522880554,-0.004420836456120014,520.0
381137,1748.392237495,592.0,2.723567008972168,-0.48967257142066956,0.5920817255973816,-0.002140033058822155,515.0
381157,1748.413809583,594.0,2.725114583969116,-0.45209169387817383,0.5922380089759827,-0.0039213960990309715,515.0
381177,1748.432378929,594.0,2.7289106845855713,-0.4729372262954712,0.5921029448509216,-0.009118103422224522,510.0
381197,1748.452242235,594.0,2.6834540367126465,-0.5188605189323425,0.5919288396835327,-0.007287892047315836,515.0
381217,1748.472257466,592.0,2.668893337249756,-0.4869322180747986,0.5917338132858276,-0.0031306000892072916,511.0
381237,1748.491881375,592.0,2.665071964263916,-0.454118013381958,0.5916532278060913,-0.0058175004087388515,514.0
381257,1748.513417497,598.0,2.6407907009124756,-0.4757956862449646,0.5925929546356201,-0.008667080663144588,511.0
381277,1748.532246497,598.0,2.6407711505889893,-0.5026724934577942,0.5924280285835266,-0.006904668640345335,509.0
381297,1748.551719537,594.0,2.6650679111480713,-0.46869805455207825,0.5925280451774597,-0.0020483077969402075,511.0
381317,1748.571724562,594.0,2.699856996536255,-0.43146929144859314,0.5925136208534241,3.971434125560336e-05,512.0
381337,1748.592597141,595.0,2.7037549018859863,-0.4184006452560425,0.5928230881690979,-0.0014826500555500388,510.0
381357,1748.614447442,595.0,2.6925840377807617,-0.46034324169158936,0.5927597284317017,-0.004624879918992519,510.0
381377,1748.632510173,596.0,2.683454990386963,-0.4864223003387451,0.5931331515312195,-0.003728877753019333,510.0
381397,1748.652354678,596.0,2.6562933921813965,-0.4852033853530884,0.5930889844894409,-0.0007560244994238019,510.0
381417,1748.671739637,595.0,2.6541764736175537,-0.45202839374542236,0.5933008193969727,0.0004382172483019531,514.0
381437,1748.691771084,595.0,2.693986654281616,-0.4168373644351959,0.5932875871658325,-0.002074959222227335,511.0
381457,1748.71178112,591.0,2.7088773250579834,-0.4390885531902313,0.5926884412765503,-0.005451038479804993,513.0
381477,1748.732236087,591.0,2.726471424102783,-0.4568576216697693,0.5925891399383545,-0.004280271474272013,510.0
381497,1748.751668552,591.0,2.7419018745422363,-0.445479154586792,0.5925203561782837,-0.0025834068655967712,523.0
381517,1748.771698392,592.0,2.742518901824951,-0.4233883023262024,0.5922614336013794,-0.0024240424390882254,519.0
381537,1748.793346647,592.0,2.7585642337799072,-0.3847315311431885,0.592191219329834,-0.005115728359669447,515.0
381557,1748.812550589,594.0,2.7299511432647705,-0.40735122561454773,0.5922779440879822,-0.008554281666874886,511.0
381577,1748.83268519,594.0,2.713080644607544,-0.46059516072273254,0.5921006202697754,-0.00865101721137762,522.0
381597,1748.852681934,594.0,2.716583251953125,-0.4525154232978821,0.5921934247016907,-0.006495389621704817,529.0
381617,1748.872687973,594.0,2.7347614765167236,-0.45486319065093994,0.5921282172203064,-0.006421919446438551,584.0
381637,1748.892622528,592.0,2.7281649112701416,-0.4435999393463135,0.5918487310409546,-0.007002708967775106,567.0
381657,1748.912280686,592.0,2.7097232341766357,-0.45953819155693054,0.5917246341705322,-0.005192511714994907,579.0
381677,1748.931197873,593.0,2.681440830230713,-0.4530259370803833,0.5917444229125977,-0.003756370162591338,569.0
381697,1748.952562639,593.0,2.6719207763671875,-0.4293796122074127,0.5916659832000732,-0.004241170361638069,571.0
381717,1748.971623308,592.0,2.6882264614105225,-0.43480753898620605,0.5915051102638245,-0.005543917883187532,558.0
381737,1748.992574705,592.0,2.714445114135742,-0.4460311532020569,0.5914028286933899,-0.004319530446082354,564.0
381757,1749.012136687,595.0,2.7352354526519775,-0.4296761453151703,0.5913313031196594,-0.0030838141683489084,562.0
381777,1749.031407355,595.0,2.737410306930542,-0.4186364412307739,0.5918678045272827,-0.0014618614222854376,565.0
381797,1749.051833925,595.0,2.7457728385925293,-0.43958616256713867,0.5918374061584473,-0.0013029415858909488,559.0
381817,1749.071954078,593.0,2.7506015300750732,-0.41831129789352417,0.5919376611709595,0.0007796146674081683,568.0
381837,1749.092542035,593.0,2.7659597396850586,-0.4005800485610962,0.5919545888900757,0.000633265997748822,561.0
381857,1749.111263888,594.0,2.7561490535736084,-0.39506083726882935,0.5922291874885559,0.0005841642268933356,565.0
381877,1749.132111569,594.0,2.7417259216308594,-0.38031110167503357,0.5922315716743469,-0.0003982664202339947,556.0
381897,1749.151378199,597.0,2.739699125289917,-0.3588903248310089,0.592951774597168,-0.001054223976098001,574.0
381917,1749.172904197,597.0,2.715596914291382,-0.3850040137767792,0.5929080843925476,-0.003150164382532239,559.0
381937,1749.191692926,594.0,2.7031397819519043,-0.4070793092250824,0.5929118394851685,-0.0029174135997891426,568.0
381957,1749.212115432,594.0,2.696455955505371,-0.3892117142677307,0.5928714275360107,-0.0010505893733352423,556.0
381977,1749.231721057,593.0,2.6957690715789795,-0.3592998683452606,0.5927472114562988,-0.00013801638851873577,564.0
381997,1749.251950965,593.0,2.6902031898498535,-0.322294682264328,0.5927404761314392,-0.0007649544859305024,553.0
382017,1749.271089898,594.0,2.6844065189361572,-0.3045901954174042,0.5927901864051819,-0.003970537334680557,569.0
382037,1749.292092437,594.0,2.658829927444458,-0.35093170404434204,0.5926844477653503,-0.006205533631145954,556.0
382057,1749.312071371,594.0,2.6484975814819336,-0.36474600434303284,0.5925658345222473,-0.005281113553792238,572.0
382077,1749.331576529,595.0,2.643979549407959,-0.34549638628959656,0.5928530693054199,-0.0020739107858389616,553.0
382097,1749.35180418,595.0,2.6166462898254395,-0.3528464734554291,0.5928261876106262,-0.0007278416305780411,564.0
382117,1749.371043591,592.0,2.6263206005096436,-0.3371032774448395,0.5925577282905579,-0.001727735623717308,557.0
382137,1749.391622924,592.0,2.642608642578125,-0.3154154121875763,0.5925015211105347,-0.004007900133728981,572.0
382157,1749.411576724,595.0,2.6309170722961426,-0.3148793876171112,0.5927779078483582,-0.004533538594841957,563.0
382177,1749.43155923,595.0,2.628746747970581,-0.33270347118377686,0.5926902294158936,-0.004156885202974081,573.0
382197,1749.451648082,593.0,2.621868133544922,-0.35424286127090454,0.592543363571167,-0.004297368228435516,553.0
382217,1749.471911368,593.0,2.6152255535125732,-0.3797541558742523,0.5924490690231323,-0.004984560888260603,563.0
382237,1749.490999987,593.0,2.6032326221466064,-0.3994067311286926,0.592345654964447,-0.0032077119685709476,553.0
382257,1749.511686687,593.0,2.6182000637054443,-0.33974581956863403,0.5923047065734863,-0.0011989567428827286,564.0
382277,1749.531141495,592.0,2.6241018772125244,-0.30585289001464844,0.5920899510383606,-0.0025465385988354683,554.0
382297,1749.550982908,592.0,2.593916416168213,-0.32113945484161377,0.5920169353485107,-0.004762712866067886,569.0
382317,1749.570538262,595.0,2.5977206230163574,-0.3437342345714569,0.5923383831977844,-0.004561367444694042,559.0
382337,1749.590874858,595.0,2.6033408641815186,-0.35049712657928467,0.5922472476959229,-0.004350939299911261,564.0
382357,1749.610718948,595.0,2.617678642272949,-0.33087095618247986,0.5921761989593506,-0.0024474691599607468,562.0
382377,1749.631594083,595.0,2.616030693054199,-0.2908039391040802,0.5925785899162292,-0.0008786919061094522,564.0
382397,1749.651800626,595.0,2.6109912395477295,-0.30415165424346924,0.5925570726394653,-0.00114640302490443,552.0
382417,1749.670688683,593.0,2.598635196685791,-0.3352873921394348,0.5925182104110718,-0.0013961716322228312,564.0
382437,1749.689962234,593.0,2.5938289165496826,-0.3177122473716736,0.5924935936927795,-0.0012113185366615653,553.0
382457,1749.71142827,596.0,2.5964341163635254,-0.29146522283554077,0.5930177569389343,-0.0010578702203929424,563.0
382477,1749.730131973,596.0,2.592362403869629,-0.29328107833862305,0.592983603477478,-0.0018565735081210732,557.0
382497,1749.751071937,593.0,2.5977697372436523,-0.29251641035079956,0.5928229689598083,-0.0018960756715387106,568.0
382517,1749.770649281,593.0,2.5925114154815674,-0.3210415840148926,0.5927859544754028,-0.0017630306538194418,565.0
382537,1749.790388273,595.0,2.592745304107666,-0.3129674792289734,0.59303218126297,-0.00118548097088933,568.0
382557,1749.810672761,595.0,2.600633382797241,-0.29761406779289246,0.5929979085922241,-0.0022824741899967194,555.0
382577,1749.831595415,597.0,2.6033518314361572,-0.34786713123321533,0.5935457944869995,-0.0023729298263788223,566.0
382597,1749.851378557,597.0,2.6082351207733154,-0.3923528790473938,0.5935012102127075,-0.0018518931465223432,554.0
382617,1749.871675329,594.0,2.613593339920044,-0.40343010425567627,0.5934721827507019,-0.0010450482368469238,586.0
382637,1749.891797071,594.0,2.6230876445770264,-0.4058869183063507,0.5934661030769348,0.0005892328335903585,532.0
382657,1749.911103515,594.0,2.643569231033325,-0.3562184274196625,0.593498706817627,0.002408522879704833,514.0
382677,1749.930761161,595.0,2.6533939838409424,-0.34696295857429504,0.593711256980896,0.0012599136680364609,516.0
382697,1749.950771876,595.0,2.628272771835327,-0.39103245735168457,0.5937171578407288,-0.00030849475297145545,510.0
382717,1749.971384652,598.0,2.610689640045166,-0.41347023844718933,0.5944185256958008,0.0020801278296858072,513.0
382737,1749.991338325,598.0,2.602416753768921,-0.38821500539779663,0.5944720506668091,0.003463128348812461,509.0
382757,1750.01090891,591.0,2.6227922439575195,-0.35298556089401245,0.5938074588775635,0.0030964647885411978,511.0
382777,1750.031415503,591.0,2.652400493621826,-0.3137229084968567,0.5938717126846313,0.002907072426751256,510.0
382797,1750.051577011,594.0,2.6570167541503906,-0.32630249857902527,0.59377521276474,-0.0006182901561260223,510.0
382817,1750.07070908,594.0,2.6227049827575684,-0.33610522747039795,0.5937529802322388,-0.0011706819059327245,517.0
382837,1750.091484655,597.0,2.595022201538086,-0.3127219080924988,0.594200849533081,1.953192986547947e-05,511.0
382857,1750.110763808,597.0,2.606201648712158,-0.3009722828865051,0.5941758155822754,-0.0024804312270134687,519.0
382877,1750.131199609,594.0,2.6127402782440186,-0.3162350654602051,0.5941174626350403,-0.0030491501092910767,518.0
382897,1750.150690877,594.0,2.5806655883789062,-0.3487265408039093,0.5939072370529175,-0.001769786118529737,510.0
382917,1750.170775606,594.0,2.5349009037017822,-0.3421327769756317,0.5938974618911743,0.0006573487189598382,516.0
382937,1750.19071509,593.0,2.5380403995513916,-0.33398592472076416,0.5936513543128967,0.0007167987641878426,518.0
382957,1750.211500803,593.0,2.575369119644165,-0.28698983788490295,0.593654990196228,-0.0005300667835399508,510.0
382977,1750.23088157,596.0,2.5950329303741455,-0.2760588824748993,0.5939781069755554,-0.0010466519743204117,512.0
382997,1750.251099228,596.0,2.588881015777588,-0.2775309979915619,0.5939536690711975,-0.0011472319019958377,517.0
383017,1750.270924893,593.0,2.59027361869812,-0.26964882016181946,0.5936653017997742,-0.0011977513786405325,510.0
383037,1750.291324285,593.0,2.6009504795074463,-0.2515314519405365,0.593641996383667,-0.001314744004048407,510.0
383057,1750.310387973,594.0,2.6129374504089355,-0.2677471339702606,0.5935408473014832,-0.002632513642311096,524.0
383077,1750.331143593,594.0,2.6170997619628906,-0.278058260679245,0.5934774279594421,-0.0036078463308513165,513.0
383097,1750.351436324,599.0,2.5995326042175293,-0.2886050045490265,0.5943074226379395,-0.0012334557250142097,521.0
383117,1750.3706591,599.0,2.577561855316162,-0.3265244960784912,0.5942923426628113,4.465901292860508e-05,517.0
383137,1750.391369869,595.0,2.555662155151367,-0.3222499489784241,0.5943108797073364,0.0019831322133541107,511.0
383157,1750.411605677,595.0,2.548614740371704,-0.2940216362476349,0.5943577885627747,0.002572799799963832,516.0
383177,1750.430089058,596.0,2.5412755012512207,-0.2693449854850769,0.5943988561630249,0.001319643808528781,522.0
383197,1750.450136717,596.0,2.548245429992676,-0.2590857148170471,0.5945678949356079,-0.0010799336014315486,510.0
383217,1750.470278084,596.0,2.5498504638671875,-0.25109055638313293,0.5945245623588562,-0.002968653803691268,515.0
383237,1750.490941546,593.0,2.5360052585601807,-0.284259557723999,0.5940852761268616,-0.0036759115755558014,511.0
383257,1750.511506243,593.0,2.5187551975250244,-0.30588579177856445,0.5940312743186951,-0.001357513596303761,510.0
383277,1750.530936062,593.0,2.49990177154541,-0.2855425775051117,0.593739926815033,-0.0005668303929269314,510.0
383297,1750.550866497,593.0,2.4843592643737793,-0.27404433488845825,0.5937185883522034,-0.0016381272580474615,514.0
383317,1750.570405815,595.0,2.4676525592803955,-0.2668582499027252,0.5938277840614319,-0.002868897281587124,509.0
383337,1750.591122576,595.0,2.436815023422241,-0.2609962821006775,0.5937493443489075,-0.004652902018278837,509.0
383357,1750.610858819,593.0,2.432511806488037,-0.26742929220199585,0.5934231281280518,-0.0034401752054691315,518.0
383377,1750.63041059,593.0,2.4245283603668213,-0.22748816013336182,0.5933809280395508,-0.0010138696525245905,516.0
383397,1750.650610838,596.0,2.411832332611084,-0.21941088140010834,0.5937327146530151,0.00010862102499231696,510.0
383417,1750.671052728,596.0,2.435776948928833,-0.19407150149345398,0.5937349200248718,-0.00012275445624254644,509.0
383437,1750.690145414,596.0,2.4545655250549316,-0.1726856231689453,0.5940117239952087,-0.0013723670272156596,511.0
383457,1750.709660496,596.0,2.4369359016418457,-0.2007819265127182,0.593967616558075,-0.002801900962367654,509.0
383477,1750.730061365,596.0,2.4039525985717773,-0.2277199625968933,0.5939069986343384,-0.0030179035384207964,520.0
383497,1750.75051898,594.0,2.3925015926361084,-0.2274472862482071,0.5938008427619934,-0.0018735715420916677,509.0
383517,1750.770917473,594.0,2.413623571395874,-0.215220108628273,0.5937777161598206,-0.00020953132479917258,511.0
383537,1750.790059194,595.0,2.445540189743042,-0.18381470441818237,0.5939355492591858,0.0012622819049283862,516.0
383557,1750.810727065,595.0,2.4774105548858643,-0.15287436544895172,0.5939586162567139,0.0009742793627083302,517.0
383577,1750.829884895,598.0,2.4754793643951416,-0.14513340592384338,0.5946248769760132,7.695538079133257e-05,512.0
383597,1750.851079036,598.0,2.4549074172973633,-0.17662587761878967,0.5945994257926941,-0.0025009941309690475,526.0
383617,1750.870686709,593.0,2.4416160583496094,-0.21871855854988098,0.5941615700721741,-0.0044271862134337425,522.0
383637,1750.891378934,593.0,2.409149646759033,-0.24150729179382324,0.5940746068954468,-0.004137454554438591,524.0
383657,1750.910872828,596.0,2.394990921020508,-0.23653483390808105,0.5942527651786804,-0.0030310610309243202,536.0
383677,1750.931366544,596.0,2.397608518600464,-0.21660441160202026,0.5941954851150513,-0.0026592914946377277,535.0
383697,1750.949629446,592.0,2.3881192207336426,-0.21998831629753113,0.5936291217803955,-0.0043439543806016445,529.0
383717,1750.970149562,592.0,2.403545379638672,-0.20240649580955505,0.5935395359992981,-0.004582937341183424,523.0
383737,1750.990893052,598.0,2.412048101425171,-0.1708352416753769,0.5934443473815918,-0.00486524123698473,523.0
383757,1751.010618894,598.0,2.3850882053375244,-0.1705337017774582,0.5940830111503601,-0.004269489552825689,522.0
383777,1751.030139067,598.0,2.3464431762695312,-0.22320207953453064,0.5939962863922119,-0.004054925870150328,531.0
383797,1751.049828346,592.0,2.351022720336914,-0.22031377255916595,0.593474805355072,-0.004033825360238552,535.0
383817,1751.069601899,592.0,2.3414759635925293,-0.22336195409297943,0.5933891534805298,-0.004527905024588108,532.0
383837,1751.090138142,595.0,2.349374771118164,-0.2604203224182129,0.5935404896736145,-0.0032202245201915503,524.0
383857,1751.110524534,595.0,2.3811473846435547,-0.24492698907852173,0.5934773087501526,-0.0033350184094160795,526.0
383877,1751.129803873,594.0,2.397789716720581,-0.28622275590896606,0.5934261083602905,-0.004113467410206795,532.0
383897,1751.150034661,594.0,2.4019768238067627,-0.3104301393032074,0.593357264995575,-0.002324311062693596,528.0
383917,1751.170031439,596.0,2.40049409866333,-0.2951076626777649,0.5937138795852661,0.0002528151962906122,525.0
383937,1751.190074519,596.0,2.383615732192993,-0.29208454489707947,0.5937075018882751,-0.000952121801674366,521.0
383957,1751.210591523,592.0,2.3990139961242676,-0.2833598554134369,0.593246579170227,-0.0035600662231445312,522.0
383977,1751.230682199,592.0,2.39766788482666,-0.29217737913131714,0.5931562781333923,-0.005212102085351944,529.0
383997,1751.250060922,597.0,2.3867037296295166,-0.335711807012558,0.5936627984046936,-0.0027657197788357735,522.0
384017,1751.269797782,597.0,2.394718885421753,-0.31240537762641907,0.5936205387115479,-0.0018076783744618297,529.0
384037,1751.290060458,591.0,2.395585536956787,-0.29035815596580505,0.5935741662979126,-0.0027043723966926336,524.0
384057,1751.309107434,591.0,2.3761074542999268,-0.3193575441837311,0.5929132699966431,-0.003900169162079692,527.0
384077,1751.329779371,591.0,2.3990535736083984,-0.30827802419662476,0.5928460955619812,-0.0028179632499814034,529.0
384097,1751.349895185,596.0,2.431446075439453,-0.29975229501724243,0.5933101177215576,-0.0021618688479065895,529.0
384117,1751.370439283,596.0,2.435715675354004,-0.33784720301628113,0.593259871006012,-0.0025516075547784567,527.0
384137,1751.390806506,594.0,2.4154212474823,-0.35766151547431946,0.5932788252830505,-0.0014391073491424322,527.0
384157,1751.410463222,594.0,2.3961827754974365,-0.3613780438899994,0.5932552218437195,-0.0010541765950620174,525.0
384177,1751.430595588,596.0,2.389557361602783,-0.3521321415901184,0.5936498045921326,-0.0021396914962679148,522.0
384197,1751.449845633,596.0,2.3925700187683105,-0.3533211946487427,0.5935752391815186,-0.005314123351126909,526.0
384217,1751.469783596,594.0,2.4068939685821533,-0.3864654302597046,0.5934317111968994,-0.006966642569750547,528.0
384237,1751.49007903,594.0,2.4195992946624756,-0.43241676688194275,0.5932974219322205,-0.005819442681968212,532.0
384257,1751.51025819,595.0,2.4078290462493896,-0.4240804612636566,0.5934317111968994,-0.0013529489515349269,522.0
384277,1751.530521042,595.0,2.3965187072753906,-0.3901580572128296,0.5934119820594788,-0.0010263448348268867,521.0
384297,1751.550371713,596.0,2.370706558227539,-0.4030129611492157,0.5937338471412659,-0.002628074958920479,521.0
384317,1751.570331376,596.0,2.360928773880005,-0.4340134561061859,0.5936542749404907,-0.004839352332055569,522.0
384337,1751.590242488,596.0,2.3976900577545166,-0.4516557455062866,0.5935593247413635,-0.00433390261605382,527.0
384357,1751.609596827,595.0,2.4275903701782227,-0.4566047787666321,0.5936416983604431,-0.002015124773606658,526.0
384377,1751.630998112,595.0,2.4301047325134277,-0.4677066206932068,0.5936200618743896,-0.00024446164024993777,526.0
384397,1751.649935481,593.0,2.4347128868103027,-0.457969605922699,0.5934210419654846,0.0004895319580100477,522.0
384417,1751.669943057,593.0,2.4375083446502686,-0.43343010544776917,0.5934341549873352,0.0005157142877578735,525.0
384437,1751.689599187,597.0,2.449470043182373,-0.4207141697406769,0.5940066576004028,-0.000831669254694134,525.0
384457,1751.709698338,597.0,2.4552254676818848,-0.4635900557041168,0.5939613580703735,-0.0032663019374012947,524.0
384477,1751.730893517,593.0,2.4582834243774414,-0.484144926071167,0.5936354994773865,-0.0035711026284843683,521.0
384497,1751.750558878,593.0,2.4803106784820557,-0.45313355326652527,0.5935810804367065,-0.0017626996850594878,524.0
384517,1751.77037999,594.0,2.480125904083252,-0.43474775552749634,0.5935133695602417,-0.000843772548250854,524.0
384537,1751.789303518,594.0,2.479248523712158,-0.42778676748275757,0.5934845805168152,-0.002267050091177225,524.0
384557,1751.809986219,593.0,2.4664080142974854,-0.44878923892974854,0.5932075381278992,-0.0057910131290555,529.0
384577,1751.830743908,593.0,2.4558167457580566,-0.48757606744766235,0.5930835604667664,-0.005978495813906193,524.0
384597,1751.851055384,595.0,2.4569170475006104,-0.47369110584259033,0.5932299494743347,-0.0032868310809135437,532.0
384617,1751.869960544,595.0,2.4506571292877197,-0.4397119879722595,0.5931779742240906,-0.002327784663066268,530.0
384637,1751.890514733,595.0,2.43648362159729,-0.42019185423851013,0.593116283416748,-0.003836061805486679,515.0
384657,1751.909172069,589.0,2.4485325813293457,-0.41194650530815125,0.5921220779418945,-0.006918666884303093,524.0
384677,1751.930888105,589.0,2.4438507556915283,-0.4163029193878174,0.5919820666313171,-0.007030028384178877,516.0
384697,1751.949611216,592.0,2.3959081172943115,-0.44190409779548645,0.5917730331420898,-0.007040577940642834,514.0
384717,1751.969995881,592.0,2.3623158931732178,-0.4184969663619995,0.5916438102722168,-0.005607930477708578,510.0
384737,1751.989226038,595.0,2.3361213207244873,-0.3880182206630707,0.5920997262001038,-0.004515917506068945,514.0
384757,1752.009685615,595.0,2.3334176540374756,-0.41919153928756714,0.5919814109802246,-0.0072915153577923775,510.0
384777,1752.030897508,594.0,2.3573951721191406,-0.4292743504047394,0.5921313762664795,-0.008098917081952095,515.0
384797,1752.049756744,594.0,2.357701063156128,-0.4491022527217865,0.5919762253761292,-0.00703437952324748,512.0
384817,1752.069713551,593.0,2.350208044052124,-0.4549912214279175,0.5919580459594727,-0.004321468994021416,513.0
384837,1752.090149039,593.0,2.3575379848480225,-0.42564451694488525,0.5918834805488586,-0.0033183719497174025,518.0
384857,1752.108920064,593.0,2.3909223079681396,-0.40842610597610474,0.5919113755226135,-0.004272391553968191,515.0
384877,1752.130802594,593.0,2.4031982421875,-0.4115664064884186,0.5917996764183044,-0.006853718310594559,514.0
384897,1752.149203533,595.0,2.3936078548431396,-0.4198606610298157,0.5916571021080017,-0.006890215910971165,516.0
384917,1752.169039796,595.0,2.3948400020599365,-0.3986966907978058,0.5920534729957581,-0.00392638286575675,517.0
384937,1752.190053442,595.0,2.3986644744873047,-0.36706361174583435,0.5919772982597351,-0.003943237476050854,511.0
384957,1752.209186016,592.0,2.3904924392700195,-0.3871116042137146,0.591812252998352,-0.005769470240920782,512.0
384977,1752.231543019,592.0,2.3959898948669434,-0.3808366656303406,0.5916785597801208,-0.0073472438380122185,509.0
384997,1752.249793425,595.0,2.4131388664245605,-0.3912983238697052,0.5920786261558533,-0.007362809497863054,510.0
385017,1752.269422281,595.0,2.4051220417022705,-0.4251899719238281,0.5919259786605835,-0.0075369589030742645,510.0
385037,1752.288785898,591.0,2.382291555404663,-0.45252305269241333,0.5915479063987732,-0.006557649467140436,515.0
385057,1752.309656039,591.0,2.39350962638855,-0.4297218918800354,0.5914276242256165,-0.005767983850091696,514.0
385077,1752.331028918,596.0,2.363154649734497,-0.42808279395103455,0.5920760631561279,-0.0053897155448794365,517.0
385097,1752.349334947,596.0,2.3515141010284424,-0.45167797803878784,0.5919622778892517,-0.005820795428007841,514.0
385117,1752.369213585,594.0,2.3287174701690674,-0.48260653018951416,0.5921312570571899,-0.005386976525187492,514.0
385137,1752.38997988,594.0,2.2810041904449463,-0.4877578616142273,0.5920241475105286,-0.0050281076692044735,511.0
385157,1752.409549068,593.0,2.298072338104248,-0.48565566539764404,0.5920184254646301,-0.004035127814859152,509.0
385177,1752.430882919,593.0,2.3153250217437744,-0.48033323884010315,0.5919315218925476,-0.004566900432109833,515.0
385197,1752.449038114,593.0,2.331890106201172,-0.5027608871459961,0.5918422341346741,-0.004101381171494722,516.0
385217,1752.468701929,593.0,2.367628574371338,-0.4870659410953522,0.5918652415275574,-0.0037924591451883316,510.0
385237,1752.489507978,593.0,2.3654379844665527,-0.49021416902542114,0.5917811989784241,-0.004524370655417442,509.0
385257,1752.50991551,594.0,2.333317279815674,-0.516180694103241,0.5920518636703491,-0.0026169372722506523,509.0
385277,1752.531024879,594.0,2.3439769744873047,-0.5094903707504272,0.592006266117096,-0.0021781185641884804,511.0
385297,1752.549296873,596.0,2.3920297622680664,-0.49598217010498047,0.5926309823989868,-0.0017822778318077326,509.0
385317,1752.568767187,596.0,2.382197856903076,-0.5230169296264648,0.592585027217865,-0.002617650432512164,510.0
385337,1752.589662127,595.0,2.3782119750976562,-0.5132640600204468,0.5929034948348999,-0.0022216911893337965,509.0
385357,1752.608505702,595.0,2.388463020324707,-0.5163723230361938,0.5928489565849304,-0.0031746781896799803,509.0
385377,1752.629541471,594.0,2.3673593997955322,-0.5490792989730835,0.5929214358329773,-0.0029158147517591715,510.0
385397,1752.648493689,594.0,2.3659284114837646,-0.5532769560813904,0.5928674340248108,-0.0023615804966539145,509.0
385417,1752.669094083,595.0,2.3733341693878174,-0.5205633044242859,0.5931153893470764,-0.00084469880675897,518.0
385437,1752.689696902,595.0,2.3745129108428955,-0.5097296833992004,0.5930904746055603,-0.0016798649448901415,509.0
385457,1752.709783942,596.0,2.378699779510498,-0.5146855115890503,0.5934735536575317,-0.0017054182244464755,509.0
385477,1752.729810813,596.0,2.379258394241333,-0.5235838890075684,0.5934316515922546,-0.0022623769473284483,509.0
385497,1752.749366559,596.0,2.362757444381714,-0.5414595603942871,0.5933908224105835,-0.0016980263171717525,519.0
385517,1752.769394299,593.0,2.3570473194122314,-0.5495993494987488,0.5931654572486877,-0.0017765274969860911,512.0
385537,1752.789143656,593.0,2.348524808883667,-0.5625805854797363,0.5931267738342285,-0.0021471139043569565,515.0
385557,1752.808777634,594.0,2.358405828475952,-0.5731580853462219,0.5931692123413086,-0.0023781443014740944,516.0
385577,1752.82872543,594.0,2.3814873695373535,-0.5488593578338623,0.5931175351142883,-0.0025971976574510336,514.0
385597,1752.84990337,592.0,2.3865933418273926,-0.5530543327331543,0.5927746295928955,-0.003514970187097788,523.0
385617,1752.869148349,592.0,2.371446132659912,-0.5659558773040771,0.5927048921585083,-0.003153847064822912,536.0
385637,1752.888788871,597.0,2.369607448577881,-0.5684236884117126,0.5933799743652344,-0.0003322680131532252,534.0
385657,1752.90816936,597.0,2.386362314224243,-0.5514160394668579,0.5933732986450195,-0.0003331000334583223,523.0
385677,1752.92853921,592.0,2.40691876411438,-0.5373913645744324,0.5929854512214661,-0.001354664796963334,523.0
385697,1752.94943333,592.0,2.405531167984009,-0.5299296379089355,0.5929532647132874,-0.0019517072942107916,522.0
385717,1752.968794842,598.0,2.3952465057373047,-0.5600278377532959,0.5937190651893616,-0.002106030471622944,524.0
385737,1752.989376639,598.0,2.382890224456787,-0.580973744392395,0.5936568975448608,-0.0037232281174510717,525.0
385757,1753.008874411,595.0,2.3636667728424072,-0.5900588631629944,0.5935850143432617,-0.003158848499879241,531.0
385777,1753.028892856,595.0,2.337958574295044,-0.6039400100708008,0.5936815738677979,-0.0017118715913966298,522.0
385797,1753.048350531,595.0,2.3133153915405273,-0.5979154109954834,0.5936511754989624,-0.001291134743951261,538.0
385817,1753.068920312,591.0,2.3111605644226074,-0.5502092838287354,0.5929993391036987,-0.003469116287305951,527.0
385837,1753.088116771,591.0,2.329408884048462,-0.5428221821784973,0.5929186940193176,-0.004463702905923128,537.0
385857,1753.108906172,596.0,2.3190762996673584,-0.5486820936203003,0.5933564901351929,-0.0016911820275709033,527.0
385877,1753.128078993,596.0,2.320448160171509,-0.5170414447784424,0.593352198600769,0.0007980676600709558,524.0
385897,1753.148048323,593.0,2.3416035175323486,-0.5104385018348694,0.5932227373123169,0.00030082379817031324,522.0
385917,1753.1683859,593.0,2.3419852256774902,-0.4968315660953522,0.5932015776634216,-0.0024549514055252075,522.0
385937,1753.188051503,594.0,2.34993839263916,-0.5624091029167175,0.5932250022888184,-0.001951854326762259,528.0
385957,1753.208822901,594.0,2.3532912731170654,-0.5701227784156799,0.5931955575942993,-0.0010945465182885528,523.0
385977,1753.228398525,592.0,2.3938777446746826,-0.6091805100440979,0.5928342938423157,-0.001213912619277835,530.0
385997,1753.248446711,592.0,2.4234442710876465,-0.5841846466064453,0.592831015586853,0.0011007305001839995,529.0
386017,1753.269021928,592.0,2.440782070159912,-0.5234527587890625,0.5925869941711426,0.00184532068669796,522.0
386037,1753.289039929,592.0,2.4700284004211426,-0.4738010764122009,0.5926148891448975,0.0007122067618183792,527.0
386057,1753.308354555,592.0,2.5181515216827393,-0.46070969104766846,0.5925983786582947,-0.0024784544948488474,529.0
386077,1753.32920107,597.0,2.5471160411834717,-0.4817076623439789,0.5932345390319824,-0.0026436985936015844,526.0
386097,1753.348379442,597.0,2.5561485290527344,-0.4891378879547119,0.5931774377822876,-0.002896431367844343,521.0
386117,1753.368676668,594.0,2.548750400543213,-0.5010671615600586,0.5931485295295715,-0.0016195563366636634,521.0
386137,1753.388946345,594.0,2.5394885540008545,-0.47552207112312317,0.593155562877655,0.002323939697816968,522.0
386157,1753.408631324,595.0,2.5919060707092285,-0.40226778388023376,0.5934494137763977,0.0019465623190626502,521.0
386177,1753.428822481,595.0,2.5995025634765625,-0.45184430480003357,0.5934509038925171,-0.002022627042606473,522.0
386197,1753.448295694,594.0,2.5861926078796387,-0.48217910528182983,0.5933728814125061,-0.00660300487652421,528.0
386217,1753.4691358,594.0,2.6026480197906494,-0.5231636762619019,0.5932113528251648,-0.00918220728635788,521.0
386237,1753.488890552,592.0,2.625551223754883,-0.5549885034561157,0.5927305221557617,-0.007999397814273834,521.0
386257,1753.50908996,592.0,2.648543357849121,-0.5225859880447388,0.5926069617271423,-0.0043564788065850735,522.0
386277,1753.528272128,593.0,2.6662449836730957,-0.48475882411003113,0.5924860239028931,-0.002433055778965354,523.0
386297,1753.549064776,593.0,2.670067548751831,-0.48066696524620056,0.5924290418624878,-0.003684756113216281,521.0
386317,1753.568023328,593.0,2.6941888332366943,-0.49490267038345337,0.5923064947128296,-0.006545505486428738,523.0
386337,1753.587694579,593.0,2.716120958328247,-0.5192957520484924,0.5921525955200195,-0.008410093374550343,523.0
386357,1753.608060962,593.0,2.7404966354370117,-0.5530390739440918,0.5919943451881409,-0.006748306564986706,533.0
386377,1753.628273084,592.0,2.782299280166626,-0.5327891707420349,0.5917444229125977,-0.0032332262489944696,531.0
386397,1753.647826271,592.0,2.810814619064331,-0.4779721200466156,0.5916980504989624,-0.0020705482456833124,525.0
386417,1753.667108087,592.0,2.776400566101074,-0.5175808072090149,0.5915036201477051,-0.007791333366185427,521.0
386437,1753.689094866,592.0,2.768474817276001,-0.59784334897995,0.591299831867218,-0.012096951715648174,525.0
386457,1753.708104063,594.0,2.780663251876831,-0.637635350227356,0.5914648771286011,-0.012098703533411026,524.0
386477,1753.728371746,594.0,2.784640312194824,-0.6708493828773499,0.5912349224090576,-0.010416661389172077,528.0
386497,1753.74804742,595.0,2.794306755065918,-0.6593707203865051,0.5916774272918701,-0.004367250017821789,526.0
386517,1753.768328251,595.0,2.810426950454712,-0.6212945580482483,0.5916212201118469,-0.0018001996213570237,533.0
386537,1753.788895322,593.0,2.811739921569824,-0.6034829020500183,0.591715395450592,-0.002940418664366007,536.0
386557,1753.807797701,593.0,2.839017868041992,-0.6059063076972961,0.5916195511817932,-0.006686626002192497,537.0
386577,1753.828095902,592.0,2.8629956245422363,-0.6283526420593262,0.5913904905319214,-0.009826951660215855,520.0
386597,1753.848790591,592.0,2.8573901653289795,-0.6686269640922546,0.5911937952041626,-0.009187942370772362,524.0
386617,1753.868769076,590.0,2.859546422958374,-0.7050694227218628,0.5910371541976929,-0.006306082475930452,515.0
386637,1753.88809035,590.0,2.8540313243865967,-0.715191662311554,0.5905596017837524,-0.005370285827666521,523.0
386657,1753.90762782,590.0,2.8443734645843506,-0.7082391381263733,0.5904397964477539,-0.0068251402117311954,516.0
386677,1753.928582496,595.0,2.842604637145996,-0.7185346484184265,0.5909844040870667,-0.007326402235776186,514.0
386697,1753.948895848,595.0,2.837003469467163,-0.7167388200759888,0.5908243060112,-0.008504924364387989,512.0
386717,1753.967915031,591.0,2.825421094894409,-0.7373824715614319,0.590573787689209,-0.00877559743821621,510.0
386737,1753.988620372,591.0,2.816298246383667,-0.7404653429985046,0.5904078483581543,-0.007665384095162153,510.0
386757,1754.008348852,591.0,2.8164451122283936,-0.7424641251564026,0.5902643203735352,-0.006755098234862089,510.0
386777,1754.028969894,591.0,2.8022642135620117,-0.7193044424057007,0.5901439189910889,-0.005448868498206139,514.0
386797,1754.048627838,593.0,2.808145761489868,-0.709211528301239,0.5904557704925537,-0.0047035813331604,514.0
386817,1754.067806484,593.0,2.8223648071289062,-0.6994239687919617,0.590336799621582,-0.007564204279333353,517.0
386837,1754.088065284,595.0,2.8325631618499756,-0.7602909207344055,0.5908908247947693,-0.009821896441280842,513.0
386857,1754.108339752,595.0,2.8142266273498535,-0.8121305704116821,0.5906839966773987,-0.010148129425942898,512.0
386877,1754.128566572,596.0,2.813199758529663,-0.8158313632011414,0.5913651585578918,-0.004762853495776653,512.0
386897,1754.148123681,596.0,2.8248744010925293,-0.7710262537002563,0.5913018584251404,-0.0018076017731800675,515.0
386917,1754.168453037,596.0,2.832146644592285,-0.7321762442588806,0.5912708044052124,-0.0017353696748614311,516.0
386937,1754.188847828,595.0,2.847867488861084,-0.7155974507331848,0.5917631387710571,-0.0024705438409000635,513.0
386957,1754.20817891,595.0,2.8564651012420654,-0.7252524495124817,0.5916875004768372,-0.0050884741358459,519.0
386977,1754.228805374,591.0,2.8259785175323486,-0.7748887538909912,0.5912724733352661,-0.0068986667320132256,510.0
386997,1754.24841329,591.0,2.8023629188537598,-0.782227635383606,0.5911423563957214,-0.00589066743850708,510.0
387017,1754.269128613,592.0,2.7978663444519043,-0.7562974691390991,0.5910919308662415,-0.0038716397248208523,512.0
387037,1754.288049974,592.0,2.7896487712860107,-0.7310783267021179,0.5910338163375854,-0.002009874675422907,510.0
387057,1754.307874398,591.0,2.764460563659668,-0.6906014680862427,0.5908725261688232,-0.0025854846462607384,522.0
387077,1754.327869584,591.0,2.7325685024261475,-0.6819230318069458,0.590794563293457,-0.0052015334367752075,513.0
387097,1754.348057229,596.0,2.720917224884033,-0.7095551490783691,0.5915315747261047,-0.005397187080234289,516.0
387117,1754.368811354,596.0,2.7116987705230713,-0.7324460744857788,0.5914169549942017,-0.005829258356243372,517.0
387137,1754.387927553,596.0,2.6943297386169434,-0.7474205493927002,0.5920381546020508,-0.0027807557489722967,513.0
387157,1754.408449314,596.0,2.705216884613037,-0.6883175373077393,0.5920079350471497,-0.000265927315922454,509.0
387177,1754.428766639,593.0,2.71990704536438,-0.6251628994941711,0.5920404195785522,-0.0001816927397157997,509.0
387197,1754.448050801,593.0,2.708913803100586,-0.621817409992218,0.5920202732086182,-0.001864182879216969,509.0
387217,1754.468423277,593.0,2.707401990890503,-0.6318149566650391,0.5919610857963562,-0.004121371544897556,515.0
387237,1754.487374805,593.0,2.71541166305542,-0.6731893420219421,0.5919074416160583,-0.00533964391797781,510.0
387257,1754.507780705,593.0,2.7334280014038086,-0.7119238376617432,0.5918099880218506,-0.0039201769977808,510.0
387277,1754.528288403,593.0,2.7293739318847656,-0.6968073844909668,0.5918291807174683,-0.0009189369739033282,510.0
387297,1754.547788922,593.0,2.7175207138061523,-0.6936856508255005,0.5918248891830444,0.00037905655335634947,509.0
387317,1754.56765963,594.0,2.701598644256592,-0.65907883644104,0.5921295881271362,0.0005751746939495206,514.0
387337,1754.588145085,594.0,2.7239205837249756,-0.621985673904419,0.5921065807342529,-0.003089748090133071,509.0
387357,1754.607332305,595.0,2.7413418292999268,-0.6529945731163025,0.5924361348152161,-0.006286033894866705,517.0
387377,1754.627707017,595.0,2.720442295074463,-0.7313899993896484,0.592301607131958,-0.006359313149005175,509.0
387397,1754.647446719,595.0,2.7241814136505127,-0.7291187644004822,0.5926105380058289,-0.0015258644707500935,514.0
387417,1754.668026215,595.0,2.7320187091827393,-0.6917864680290222,0.5926043391227722,0.0005808933055959642,509.0
387437,1754.688378622,594.0,2.713184356689453,-0.662092387676239,0.5927220582962036,0.00035182549618184566,509.0
387457,1754.707454518,594.0,2.731055974960327,-0.636353611946106,0.5927001237869263,-0.0026998298708349466,512.0
387477,1754.72795373,593.0,2.7389655113220215,-0.6652286648750305,0.5926206111907959,-0.005101803224533796,513.0
387497,1754.74777042,593.0,2.730069875717163,-0.6961859464645386,0.5924261212348938,-0.00551904970780015,512.0
387517,1754.767940073,593.0,2.734410285949707,-0.7039679288864136,0.5923355221748352,-0.0033472885843366385,517.0
387537,1754.788059191,595.0,2.72867488861084,-0.6993712782859802,0.592637300491333,-0.001070692902430892,512.0
387557,1754.808261531,595.0,2.7141737937927246,-0.6907880902290344,0.5926104784011841,-0.0018355026841163635,509.0
387577,1754.82688657,593.0,2.7177300453186035,-0.6976524591445923,0.5925173759460449,-0.0036953699309378862,520.0
387597,1754.847429367,593.0,2.725170612335205,-0.7212945818901062,0.5924468636512756,-0.003088296391069889,535.0
387617,1754.867121408,593.0,2.7339935302734375,-0.7040623426437378,0.5923870801925659,-0.0023108101449906826,534.0
387637,1754.887319646,593.0,2.7385151386260986,-0.7000556588172913,0.592337965965271,-0.002555899089202285,539.0
387657,1754.907634348,591.0,2.7321550846099854,-0.7106168270111084,0.5919298529624939,-0.0028119925409555435,527.0
387677,1754.927574084,591.0,2.7360026836395264,-0.7000722885131836,0.5918759703636169,-0.0028961659409105778,522.0
387697,1754.947315094,594.0,2.727512836456299,-0.7125392556190491,0.5920557379722595,-0.004528033547103405,522.0
387717,1754.967362323,594.0,2.68803071975708,-0.7643446922302246,0.5919449329376221,-0.006337297149002552,523.0
387737,1754.987403565,593.0,2.6910400390625,-0.7880045771598816,0.5918857455253601,-0.006005627103149891,522.0
