cf_timestamp_ms,host_monotonic_s,sensorFilter.distPred,sensorFilter.distMeas,sensorFilter.baroHeight,sensorFilter.innoChFlow_x,sensorFilter.innoChFlow_y,sensorFilter.innoChTof
183768,1977.308943,0.8970000147819519,-1.6108330488204956,0.0,0.0,0.0,275.6744079589844
183788,1977.328920,0.8970000147819519,-1.6108330488204956,0.0,0.0,0.0,275.6744079589844
183808,1977.348925,0.8970000147819519,-1.6070705652236938,0.0,0.0,0.0,274.8244934082031
183828,1977.368964,0.8970000147819519,-1.6070705652236938,0.0,0.0,0.0,274.8244934082031
183848,1977.388918,0.8940000534057617,-1.5947751998901367,0.0,0.0,0.0,272.4559326171875
183868,1977.408919,0.8940000534057617,-1.5947751998901367,0.0,0.0,0.0,272.4559326171875
183888,1977.428913,0.8970000147819519,-1.5933982133865356,0.0,0.0,0.0,272.50341796875
183908,1977.449922,0.8970000147819519,-1.5933982133865356,0.0,0.0,0.0,272.50341796875
183928,1977.468922,0.8970000147819519,-1.5901271104812622,0.0,0.0,0.0,271.7215576171875
183948,1977.488921,0.8970000147819519,-1.5901271104812622,0.0,0.0,0.0,271.7215576171875
183968,1977.507933,0.8960000276565552,-1.5863497257232666,0.0,0.0,0.0,270.60748291015625
183988,1977.527912,0.8960000276565552,-1.5863497257232666,0.0,0.0,0.0,270.60748291015625
184008,1977.548921,0.8960000276565552,-1.5863497257232666,0.0,0.0,0.0,270.60748291015625
184028,1977.567910,0.8940000534057617,-1.5862340927124023,0.0,0.0,0.0,269.4798583984375
184048,1977.587911,0.8940000534057617,-1.5862340927124023,0.0,0.0,0.0,269.4798583984375
184068,1977.607934,0.8970000147819519,-1.5832186937332153,0.0,0.0,0.0,269.40325927734375
184088,1977.627910,0.8970000147819519,-1.5832186937332153,0.0,0.0,0.0,269.40325927734375
184108,1977.648917,0.9010000228881836,-1.5794366598129272,0.0,0.0,0.0,269.4728698730469
184128,1977.667905,0.9010000228881836,-1.5794366598129272,0.0,0.0,0.0,269.4728698730469
184148,1977.687915,0.8970000147819519,-1.5760667324066162,0.0,0.0,0.0,267.8912658691406
184168,1977.707928,0.8970000147819519,-1.5760667324066162,0.0,0.0,0.0,267.8912658691406
184188,1977.727912,0.8920000195503235,-1.5643502473831177,0.0,0.0,0.0,265.23052978515625
184208,1977.747911,0.8920000195503235,-1.5643502473831177,0.0,0.0,0.0,265.23052978515625
184228,1977.767907,0.8970000147819519,-1.563293218612671,0.0,0.0,0.0,265.799072265625
184248,1977.787905,0.8970000147819519,-1.563293218612671,0.0,0.0,0.0,265.799072265625
184268,1977.807910,0.8960000276565552,-1.5604605674743652,0.0,0.0,0.0,264.9391784667969
184288,1977.827904,0.8960000276565552,-1.5604605674743652,0.0,0.0,0.0,264.9391784667969
184308,1977.848905,0.8990000486373901,-1.5572222471237183,0.0,0.0,0.0,264.876953125
184328,1977.867902,0.8990000486373901,-1.5572222471237183,0.0,0.0,0.0,264.876953125
184348,1977.887907,0.8950000405311584,-1.554249882698059,0.0,0.0,0.0,263.36175537109375
184368,1977.908911,0.8950000405311584,-1.554249882698059,0.0,0.0,0.0,263.36175537109375
184388,1977.927901,0.8950000405311584,-1.554249882698059,0.0,0.0,0.0,263.36175537109375
184408,1977.947921,0.8970000147819519,-1.5511912107467651,0.0,0.0,0.0,263.0877685546875
184428,1977.967872,0.8970000147819519,-1.5511912107467651,0.0,0.0,0.0,263.0877685546875
184448,1977.987905,0.8990000486373901,-1.5512890815734863,0.0,0.0,0.0,262.88916015625
184468,1978.007920,0.8990000486373901,-1.5512890815734863,0.0,0.0,0.0,262.88916015625
184488,1978.027900,0.8980000615119934,-1.548022985458374,0.0,0.0,0.0,261.9564208984375
184508,1978.047901,0.8980000615119934,-1.548022985458374,0.0,0.0,0.0,261.9564208984375
184528,1978.067897,0.8950000405311584,-1.5443007946014404,0.0,0.0,0.0,260.5093688964844
184548,1978.087899,0.8950000405311584,-1.5443007946014404,0.0,0.0,0.0,260.5093688964844
184568,1978.107941,0.8980000615119934,-1.5408329963684082,0.0,0.0,0.0,260.4052429199219
184588,1978.127898,0.8980000615119934,-1.5408329963684082,0.0,0.0,0.0,260.4052429199219
184608,1978.147902,0.9030000567436218,-1.5302753448486328,0.0,0.0,0.0,260.1347961425781
184628,1978.167897,0.9030000567436218,-1.5302753448486328,0.0,0.0,0.0,260.1347961425781
184648,1978.187899,0.8940000534057617,-1.528627634048462,0.0,0.0,0.0,257.5674743652344
184668,1978.207914,0.8940000534057617,-1.528627634048462,0.0,0.0,0.0,257.5674743652344
184688,1978.227895,0.8950000405311584,-1.5243043899536133,0.0,0.0,0.0,256.8787536621094
184708,1978.247900,0.8950000405311584,-1.5243043899536133,0.0,0.0,0.0,256.8787536621094
184728,1978.267893,0.8960000276565552,-1.5210680961608887,0.0,0.0,0.0,256.3624572753906
184748,1978.287894,0.8960000276565552,-1.5210680961608887,0.0,0.0,0.0,256.3624572753906
184768,1978.307910,0.8950000405311584,-1.5175433158874512,0.0,0.0,0.0,255.42274475097656
184788,1978.327900,0.8950000405311584,-1.5175433158874512,0.0,0.0,0.0,255.42274475097656
184808,1978.347900,0.8950000405311584,-1.5175433158874512,0.0,0.0,0.0,255.42274475097656
184828,1978.367901,0.8970000147819519,-1.513936161994934,0.0,0.0,0.0,255.09596252441406
184848,1978.387897,0.8970000147819519,-1.513936161994934,0.0,0.0,0.0,255.09596252441406
184868,1978.407910,0.8970000147819519,-1.513985514640808,0.0,0.0,0.0,254.4454345703125
184888,1978.427891,0.8970000147819519,-1.513985514640808,0.0,0.0,0.0,254.4454345703125
184908,1978.447894,0.8950000405311584,-1.5105994939804077,0.0,0.0,0.0,253.34397888183594
184928,1978.467892,0.8950000405311584,-1.5105994939804077,0.0,0.0,0.0,253.34397888183594
184948,1978.487891,0.8990000486373901,-1.506778597831726,0.0,0.0,0.0,253.365234375
184968,1978.507916,0.8990000486373901,-1.506778597831726,0.0,0.0,0.0,253.365234375
184988,1978.527925,0.8960000276565552,-1.4952211380004883,0.0,0.0,0.0,251.23036193847656
185008,1978.547888,0.8960000276565552,-1.4952211380004883,0.0,0.0,0.0,251.23036193847656
185028,1978.567889,0.8970000147819519,-1.4936777353286743,0.0,0.0,0.0,250.84535217285156
185048,1978.587889,0.8970000147819519,-1.4936777353286743,0.0,0.0,0.0,250.84535217285156
185068,1978.607903,0.893000066280365,-1.489657998085022,0.0,0.0,0.0,249.16806030273438
185088,1978.627890,0.893000066280365,-1.489657998085022,0.0,0.0,0.0,249.16806030273438
185108,1978.647883,0.893000066280365,-1.489657998085022,0.0,0.0,0.0,249.16806030273438
185128,1978.667884,0.8940000534057617,-1.4859933853149414,0.0,0.0,0.0,248.61497497558594
185148,1978.687889,0.8940000534057617,-1.4859933853149414,0.0,0.0,0.0,248.61497497558594
185168,1978.707903,0.8950000405311584,-1.48655366897583,0.0,0.0,0.0,248.31402587890625
185188,1978.727528,0.8950000405311584,-1.48655366897583,0.0,0.0,0.0,248.31402587890625
185208,1978.747464,0.893000066280365,-1.483962059020996,0.0,0.0,0.0,247.3206329345703
185228,1978.767466,0.893000066280365,-1.483962059020996,0.0,0.0,0.0,247.3206329345703
185248,1978.787462,0.893000066280365,-1.4810810089111328,0.0,0.0,0.0,246.7287139892578
185268,1978.807483,0.893000066280365,-1.4810810089111328,0.0,0.0,0.0,246.7287139892578
185288,1978.827458,0.8940000534057617,-1.4782613515853882,0.0,0.0,0.0,246.3301544189453
185308,1978.847458,0.8940000534057617,-1.4782613515853882,0.0,0.0,0.0,246.3301544189453
185328,1978.867459,0.8940000534057617,-1.4699679613113403,0.0,0.0,0.0,245.2126007080078
185348,1978.887457,0.8940000534057617,-1.4699679613113403,0.0,0.0,0.0,245.2126007080078
185368,1978.907479,0.89000004529953,-1.466439127922058,0.0,0.0,0.0,243.62698364257812
185388,1978.927462,0.89000004529953,-1.466439127922058,0.0,0.0,0.0,243.62698364257812
185408,1978.947483,0.8920000195503235,-1.462938904762268,0.0,0.0,0.0,243.30926513671875
185428,1978.967459,0.8920000195503235,-1.462938904762268,0.0,0.0,0.0,243.30926513671875
185448,1978.987456,0.8940000534057617,-1.4589349031448364,0.0,0.0,0.0,242.90065002441406
185468,1979.007431,0.8940000534057617,-1.4589349031448364,0.0,0.0,0.0,242.90065002441406
185488,1979.027457,0.8940000534057617,-1.4589349031448364,0.0,0.0,0.0,242.90065002441406
185508,1979.047456,0.8910000324249268,-1.454919695854187,0.0,0.0,0.0,241.41969299316406
185528,1979.067454,0.8910000324249268,-1.454919695854187,0.0,0.0,0.0,241.41969299316406
185548,1979.087457,0.8970000147819519,-1.4541622400283813,0.0,0.0,0.0,241.92601013183594
185568,1979.107455,0.8970000147819519,-1.4541622400283813,0.0,0.0,0.0,241.92601013183594
185588,1979.127456,0.8970000147819519,-1.4507583379745483,0.0,0.0,0.0,241.19577026367188
185608,1979.147452,0.8970000147819519,-1.4507583379745483,0.0,0.0,0.0,241.19577026367188
185628,1979.167487,0.8980000615119934,-1.4477200508117676,0.0,0.0,0.0,240.7621307373047
185648,1979.187455,0.8980000615119934,-1.4477200508117676,0.0,0.0,0.0,240.7621307373047
185668,1979.207452,0.8960000276565552,-1.4440709352493286,0.0,0.0,0.0,239.57009887695312
185688,1979.227451,0.8960000276565552,-1.4440709352493286,0.0,0.0,0.0,239.57009887695312
185708,1979.247448,0.8910000324249268,-1.4362713098526,0.0,0.0,0.0,237.5377655029297
185728,1979.267447,0.8910000324249268,-1.4362713098526,0.0,0.0,0.0,237.5377655029297
185748,1979.287451,0.8960000276565552,-1.4330435991287231,0.0,0.0,0.0,237.8665313720703
185768,1979.307484,0.8960000276565552,-1.4330435991287231,0.0,0.0,0.0,237.8665313720703
185788,1979.327448,0.8970000147819519,-1.4298133850097656,0.0,0.0,0.0,237.39498901367188
185808,1979.347446,0.8970000147819519,-1.4298133850097656,0.0,0.0,0.0,237.39498901367188
185828,1979.367474,0.8970000147819519,-1.4298133850097656,0.0,0.0,0.0,237.39498901367188
185848,1979.387455,0.8950000405311584,-1.42671799659729,0.0,0.0,0.0,236.40643310546875
185868,1979.407469,0.8950000405311584,-1.42671799659729,0.0,0.0,0.0,236.40643310546875
185888,1979.427445,0.9000000357627869,-1.4263536930084229,0.0,0.0,0.0,236.73011779785156
185908,1979.447444,0.9000000357627869,-1.4263536930084229,0.0,0.0,0.0,236.73011779785156
185928,1979.467444,0.8940000534057617,-1.4231951236724854,0.0,0.0,0.0,234.86203002929688
185948,1979.487451,0.8940000534057617,-1.4231951236724854,0.0,0.0,0.0,234.86203002929688
185968,1979.507442,0.8940000534057617,-1.4210587739944458,0.0,0.0,0.0,234.4228057861328
185988,1979.526443,0.8940000534057617,-1.4210587739944458,0.0,0.0,0.0,234.4228057861328
186008,1979.546440,0.8950000405311584,-1.4186862707138062,0.0,0.0,0.0,234.15101623535156
186028,1979.566444,0.8950000405311584,-1.4186862707138062,0.0,0.0,0.0,234.15101623535156
186048,1979.586453,0.8940000534057617,-1.4121204614639282,0.0,0.0,0.0,233.2034149169922
186068,1979.606449,0.8940000534057617,-1.4121204614639282,0.0,0.0,0.0,233.2034149169922
186088,1979.626442,0.8960000276565552,-1.4094778299331665,0.0,0.0,0.0,233.1040802001953
186108,1979.646442,0.8960000276565552,-1.4094778299331665,0.0,0.0,0.0,233.1040802001953
186128,1979.666446,0.8940000534057617,-1.4068087339401245,0.0,0.0,0.0,232.18020629882812
186148,1979.686446,0.8940000534057617,-1.4068087339401245,0.0,0.0,0.0,232.18020629882812
186168,1979.706441,0.8940000534057617,-1.4068087339401245,0.0,0.0,0.0,232.18020629882812
186188,1979.726440,0.8940000534057617,-1.4035193920135498,0.0,0.0,0.0,231.51258850097656
186208,1979.746443,0.8940000534057617,-1.4035193920135498,0.0,0.0,0.0,231.51258850097656
186228,1979.766439,0.8990000486373901,-1.4030793905258179,0.0,0.0,0.0,231.90354919433594
186248,1979.786449,0.8990000486373901,-1.4030793905258179,0.0,0.0,0.0,231.90354919433594
186268,1979.806862,0.89000004529953,-1.399251937866211,0.0,0.0,0.0,229.29981994628906
186288,1979.826861,0.89000004529953,-1.399251937866211,0.0,0.0,0.0,229.29981994628906
186308,1979.846866,0.893000066280365,-1.3960262537002563,0.0,0.0,0.0,229.28814697265625
186328,1979.866860,0.893000066280365,-1.3960262537002563,0.0,0.0,0.0,229.28814697265625
186348,1979.886863,0.8950000405311584,-1.3931128978729248,0.0,0.0,0.0,229.06336975097656
186368,1979.906858,0.8950000405311584,-1.3931128978729248,0.0,0.0,0.0,229.06336975097656
186388,1979.927448,0.89000004529953,-1.3829442262649536,0.0,0.0,0.0,226.84645080566406
186408,1979.946441,0.89000004529953,-1.3829442262649536,0.0,0.0,0.0,226.84645080566406
186428,1979.966437,0.8830000162124634,-1.3818389177322388,0.0,0.0,0.0,224.9267578125
186448,1979.986441,0.8830000162124634,-1.3818389177322388,0.0,0.0,0.0,224.9267578125
186468,1980.006434,0.8950000405311584,-1.3782809972763062,0.0,0.0,0.0,226.61000061035156
186488,1980.026434,0.8950000405311584,-1.3782809972763062,0.0,0.0,0.0,226.61000061035156
186508,1980.046432,0.8920000195503235,-1.3749206066131592,0.0,0.0,0.0,225.28102111816406
186528,1980.066427,0.8920000195503235,-1.3749206066131592,0.0,0.0,0.0,225.28102111816406
186548,1980.086430,0.8920000195503235,-1.3749206066131592,0.0,0.0,0.0,225.28102111816406
186568,1980.106428,0.8890000581741333,-1.3715083599090576,0.0,0.0,0.0,224.0152130126953
186588,1980.126427,0.8890000581741333,-1.3715083599090576,0.0,0.0,0.0,224.0152130126953
186608,1980.146430,0.8970000147819519,-1.3680813312530518,0.0,0.0,0.0,224.91136169433594
186628,1980.166430,0.8970000147819519,-1.3680813312530518,0.0,0.0,0.0,224.91136169433594
186648,1980.186430,0.8940000534057617,-1.367538332939148,0.0,0.0,0.0,223.66018676757812
186668,1980.206428,0.8940000534057617,-1.367538332939148,0.0,0.0,0.0,223.66018676757812
186688,1980.226424,0.8960000276565552,-1.3641915321350098,0.0,0.0,0.0,223.3789520263672
186708,1980.246426,0.8960000276565552,-1.3641915321350098,0.0,0.0,0.0,223.3789520263672
186728,1980.266429,0.8920000195503235,-1.3609143495559692,0.0,0.0,0.0,221.9150390625
186748,1980.286428,0.8920000195503235,-1.3609143495559692,0.0,0.0,0.0,221.9150390625
186768,1980.306427,0.8970000147819519,-1.357766032218933,0.0,0.0,0.0,222.22938537597656
186788,1980.326422,0.8970000147819519,-1.357766032218933,0.0,0.0,0.0,222.22938537597656
186808,1980.346420,0.8960000276565552,-1.3500577211380005,0.0,0.0,0.0,221.0849151611328
186828,1980.366420,0.8960000276565552,-1.3500577211380005,0.0,0.0,0.0,221.0849151611328
186848,1980.386428,0.8940000534057617,-1.3464264869689941,0.0,0.0,0.0,219.98159790039062
186868,1980.406422,0.8940000534057617,-1.3464264869689941,0.0,0.0,0.0,219.98159790039062
186888,1980.426425,0.8960000276565552,-1.3421586751937866,0.0,0.0,0.0,219.53346252441406
186908,1980.446440,0.8960000276565552,-1.3421586751937866,0.0,0.0,0.0,219.53346252441406
186928,1980.466425,0.8960000276565552,-1.3421586751937866,0.0,0.0,0.0,219.53346252441406
186948,1980.486428,0.8940000534057617,-1.3382760286331177,0.0,0.0,0.0,218.3917694091797
186968,1980.506419,0.8940000534057617,-1.3382760286331177,0.0,0.0,0.0,218.3917694091797
186988,1980.526419,0.8950000405311584,-1.334604024887085,0.0,0.0,0.0,217.8476104736328
187008,1980.546420,0.8950000405311584,-1.334604024887085,0.0,0.0,0.0,217.8476104736328
187028,1980.566420,0.8920000195503235,-1.3340238332748413,0.0,0.0,0.0,216.6002960205078
187048,1980.586430,0.8920000195503235,-1.3340238332748413,0.0,0.0,0.0,216.6002960205078
187068,1980.606415,0.8950000405311584,-1.330858588218689,0.0,0.0,0.0,216.57540893554688
187088,1980.626418,0.8950000405311584,-1.330858588218689,0.0,0.0,0.0,216.57540893554688
187108,1980.646425,0.893000066280365,-1.327577829360962,0.0,0.0,0.0,215.52699279785156
187128,1980.666431,0.893000066280365,-1.327577829360962,0.0,0.0,0.0,215.52699279785156
187148,1980.686419,0.8970000147819519,-1.316645622253418,0.0,0.0,0.0,214.96241760253906
187168,1980.706413,0.8970000147819519,-1.316645622253418,0.0,0.0,0.0,214.96241760253906
187188,1980.726416,0.89000004529953,-1.314953327178955,0.0,0.0,0.0,213.04595947265625
187208,1980.746413,0.89000004529953,-1.314953327178955,0.0,0.0,0.0,213.04595947265625
187228,1980.766416,0.893000066280365,-1.3120044469833374,0.0,0.0,0.0,213.04286193847656
187248,1980.786412,0.893000066280365,-1.3120044469833374,0.0,0.0,0.0,213.04286193847656
187268,1980.805413,0.893000066280365,-1.3120044469833374,0.0,0.0,0.0,213.04286193847656
187288,1980.826415,0.8940000534057617,-1.3087897300720215,0.0,0.0,0.0,212.6116180419922
187308,1980.845409,0.8940000534057617,-1.3087897300720215,0.0,0.0,0.0,212.6116180419922
187328,1980.865417,0.8920000195503235,-1.305369257926941,0.0,0.0,0.0,211.5608367919922
187348,1980.886411,0.8920000195503235,-1.305369257926941,0.0,0.0,0.0,211.5608367919922
187368,1980.906412,0.89000004529953,-1.3045099973678589,0.0,0.0,0.0,210.46182250976562
187388,1980.925413,0.89000004529953,-1.3045099973678589,0.0,0.0,0.0,210.46182250976562
187408,1980.945414,0.8940000534057617,-1.3007524013519287,0.0,0.0,0.0,210.50392150878906
187428,1980.965411,0.8940000534057617,-1.3007524013519287,0.0,0.0,0.0,210.50392150878906
187448,1980.985409,0.89000004529953,-1.2972495555877686,0.0,0.0,0.0,209.0619659423828
187468,1981.005408,0.89000004529953,-1.2972495555877686,0.0,0.0,0.0,209.0619659423828
187488,1981.025410,0.8970000147819519,-1.2943503856658936,0.0,0.0,0.0,209.85093688964844
187508,1981.045406,0.8970000147819519,-1.2943503856658936,0.0,0.0,0.0,209.85093688964844
187528,1981.065409,0.8970000147819519,-1.2853509187698364,0.0,0.0,0.0,208.89447021484375
187548,1981.085412,0.8970000147819519,-1.2853509187698364,0.0,0.0,0.0,208.89447021484375
187568,1981.105406,0.8880000710487366,-1.28380286693573,0.0,0.0,0.0,206.64752197265625
187588,1981.125406,0.8880000710487366,-1.28380286693573,0.0,0.0,0.0,206.64752197265625
187608,1981.145403,0.8960000276565552,-1.2808927297592163,0.0,0.0,0.0,207.5998992919922
187628,1981.165404,0.8960000276565552,-1.2808927297592163,0.0,0.0,0.0,207.5998992919922
187648,1981.185404,0.8960000276565552,-1.2808927297592163,0.0,0.0,0.0,207.5998992919922
187668,1981.205402,0.893000066280365,-1.2774016857147217,0.0,0.0,0.0,206.36892700195312
187688,1981.225403,0.893000066280365,-1.2774016857147217,0.0,0.0,0.0,206.36892700195312
187708,1981.245401,0.8950000405311584,-1.2740229368209839,0.0,0.0,0.0,206.09190368652344
187728,1981.265405,0.8950000405311584,-1.2740229368209839,0.0,0.0,0.0,206.09190368652344
187748,1981.285408,0.8950000405311584,-1.2732439041137695,0.0,0.0,0.0,205.35931396484375
187768,1981.305404,0.8950000405311584,-1.2732439041137695,0.0,0.0,0.0,205.35931396484375
187788,1981.325389,0.8940000534057617,-1.2692815065383911,0.0,0.0,0.0,204.41026306152344
187808,1981.345360,0.8940000534057617,-1.2692815065383911,0.0,0.0,0.0,204.41026306152344
187828,1981.365377,0.893000066280365,-1.2654800415039062,0.0,0.0,0.0,203.48509216308594
187848,1981.385378,0.893000066280365,-1.2654800415039062,0.0,0.0,0.0,203.48509216308594
187868,1981.405373,0.8940000534057617,-1.2623001337051392,0.0,0.0,0.0,203.10206604003906
187888,1981.425374,0.8940000534057617,-1.2623001337051392,0.0,0.0,0.0,203.10206604003906
187908,1981.445373,0.893000066280365,-1.2535983324050903,0.0,0.0,0.0,201.9833984375
187928,1981.465370,0.893000066280365,-1.2535983324050903,0.0,0.0,0.0,201.9833984375
187948,1981.485371,0.8940000534057617,-1.2522400617599487,0.0,0.0,0.0,201.68667602539062
187968,1981.505377,0.8940000534057617,-1.2522400617599487,0.0,0.0,0.0,201.68667602539062
187988,1981.525373,0.8940000534057617,-1.2522400617599487,0.0,0.0,0.0,201.68667602539062
188008,1981.545370,0.893000066280365,-1.2493613958358765,0.0,0.0,0.0,200.9795379638672
188028,1981.565371,0.893000066280365,-1.2493613958358765,0.0,0.0,0.0,200.9795379638672
188048,1981.585369,0.8940000534057617,-1.2461717128753662,0.0,0.0,0.0,200.5681915283203
188068,1981.605369,0.8940000534057617,-1.2461717128753662,0.0,0.0,0.0,200.5681915283203
188088,1981.625368,0.8950000405311584,-1.2454431056976318,0.0,0.0,0.0,200.11477661132812
188108,1981.645365,0.8950000405311584,-1.2454431056976318,0.0,0.0,0.0,200.11477661132812
188128,1981.665368,0.8950000405311584,-1.2411749362945557,0.0,0.0,0.0,199.31471252441406
188148,1981.685366,0.8950000405311584,-1.2411749362945557,0.0,0.0,0.0,199.31471252441406
188168,1981.705369,0.8880000710487366,-1.2365390062332153,0.0,0.0,0.0,197.14520263671875
188188,1981.725372,0.8880000710487366,-1.2365390062332153,0.0,0.0,0.0,197.14520263671875
188208,1981.745361,0.893000066280365,-1.2313745021820068,0.0,0.0,0.0,197.09628295898438
188228,1981.765366,0.893000066280365,-1.2313745021820068,0.0,0.0,0.0,197.09628295898438
188248,1981.785363,0.893000066280365,-1.2221264839172363,0.0,0.0,0.0,195.89920043945312
188268,1981.805364,0.893000066280365,-1.2221264839172363,0.0,0.0,0.0,195.89920043945312
188288,1981.825365,0.8950000405311584,-1.2176017761230469,0.0,0.0,0.0,195.40408325195312
188308,1981.845398,0.8950000405311584,-1.2176017761230469,0.0,0.0,0.0,195.40408325195312
188328,1981.865396,0.8950000405311584,-1.2176017761230469,0.0,0.0,0.0,195.40408325195312
188348,1981.885395,0.8970000147819519,-1.2133758068084717,0.0,0.0,0.0,194.99920654296875
188368,1981.905392,0.8970000147819519,-1.2133758068084717,0.0,0.0,0.0,194.99920654296875
188388,1981.925406,0.8960000276565552,-1.2092978954315186,0.0,0.0,0.0,194.05023193359375
188408,1981.945393,0.8960000276565552,-1.2092978954315186,0.0,0.0,0.0,194.05023193359375
188428,1981.965398,0.8920000195503235,-1.2077832221984863,0.0,0.0,0.0,192.54364013671875
188448,1981.985392,0.8920000195503235,-1.2077832221984863,0.0,0.0,0.0,192.54364013671875
188468,1982.005396,0.89000004529953,-1.2039271593093872,0.0,0.0,0.0,191.45870971679688
188488,1982.025396,0.89000004529953,-1.2039271593093872,0.0,0.0,0.0,191.45870971679688
188508,1982.045390,0.8960000276565552,-1.1996169090270996,0.0,0.0,0.0,191.7736358642578
188528,1982.065390,0.8960000276565552,-1.1996169090270996,0.0,0.0,0.0,191.7736358642578
188548,1982.085390,0.8970000147819519,-1.1947671175003052,0.0,0.0,0.0,191.05496215820312
188568,1982.105392,0.8970000147819519,-1.1947671175003052,0.0,0.0,0.0,191.05496215820312
188588,1982.125397,0.8920000195503235,-1.1827590465545654,0.0,0.0,0.0,188.639892578125
188608,1982.145394,0.8920000195503235,-1.1827590465545654,0.0,0.0,0.0,188.639892578125
188628,1982.165392,0.8950000405311584,-1.1795605421066284,0.0,0.0,0.0,188.392578125
188648,1982.185387,0.8950000405311584,-1.1795605421066284,0.0,0.0,0.0,188.392578125
188668,1982.205386,0.8940000534057617,-1.1748464107513428,0.0,0.0,0.0,187.35784912109375
188688,1982.225395,0.8940000534057617,-1.1748464107513428,0.0,0.0,0.0,187.35784912109375
188708,1982.244389,0.8940000534057617,-1.1748464107513428,0.0,0.0,0.0,187.35784912109375
188728,1982.265384,0.8970000147819519,-1.1698094606399536,0.0,0.0,0.0,187.00157165527344
188748,1982.284383,0.8970000147819519,-1.1698094606399536,0.0,0.0,0.0,187.00157165527344
188768,1982.304382,0.8940000534057617,-1.165848731994629,0.0,0.0,0.0,185.70875549316406
188788,1982.324405,0.8940000534057617,-1.165848731994629,0.0,0.0,0.0,185.70875549316406
188808,1982.344384,0.8940000534057617,-1.163520336151123,0.0,0.0,0.0,184.82469177246094
188828,1982.364386,0.8940000534057617,-1.163520336151123,0.0,0.0,0.0,184.82469177246094
188848,1982.384382,0.8970000147819519,-1.1590067148208618,0.0,0.0,0.0,184.54759216308594
188868,1982.404382,0.8970000147819519,-1.1590067148208618,0.0,0.0,0.0,184.54759216308594
188888,1982.424388,0.8940000534057617,-1.1550400257110596,0.0,0.0,0.0,183.3157196044922
188908,1982.445384,0.8940000534057617,-1.1550400257110596,0.0,0.0,0.0,183.3157196044922
188928,1982.464380,0.8950000405311584,-1.1507866382598877,0.0,0.0,0.0,182.77099609375
188948,1982.484381,0.8950000405311584,-1.1507866382598877,0.0,0.0,0.0,182.77099609375
188968,1982.505380,0.8970000147819519,-1.1399779319763184,0.0,0.0,0.0,181.8762969970703
188988,1982.524406,0.8970000147819519,-1.1399779319763184,0.0,0.0,0.0,181.8762969970703
189008,1982.544386,0.8940000534057617,-1.1364195346832275,0.0,0.0,0.0,180.49655151367188
189028,1982.564386,0.8940000534057617,-1.1364195346832275,0.0,0.0,0.0,180.49655151367188
189048,1982.584377,0.8940000534057617,-1.1364195346832275,0.0,0.0,0.0,180.49655151367188
189068,1982.604377,0.8970000147819519,-1.130712628364563,0.0,0.0,0.0,179.99322509765625
189088,1982.624386,0.8970000147819519,-1.130712628364563,0.0,0.0,0.0,179.99322509765625
189108,1982.644379,0.8970000147819519,-1.125158667564392,0.0,0.0,0.0,179.0170440673828
189128,1982.664377,0.8970000147819519,-1.125158667564392,0.0,0.0,0.0,179.0170440673828
189148,1982.684372,0.8980000615119934,-1.1222689151763916,0.0,0.0,0.0,178.2487030029297
189168,1982.704382,0.8980000615119934,-1.1222689151763916,0.0,0.0,0.0,178.2487030029297
189188,1982.724406,0.8970000147819519,-1.117175817489624,0.0,0.0,0.0,177.1639862060547
189208,1982.744381,0.8970000147819519,-1.117175817489624,0.0,0.0,0.0,177.1639862060547
189228,1982.764378,0.8970000147819519,-1.1123212575912476,0.0,0.0,0.0,176.30517578125
189248,1982.784374,0.8970000147819519,-1.1123212575912476,0.0,0.0,0.0,176.30517578125
189268,1982.804374,0.9000000357627869,-1.1072019338607788,0.0,0.0,0.0,175.92112731933594
189288,1982.824385,0.9000000357627869,-1.1072019338607788,0.0,0.0,0.0,175.92112731933594
189308,1982.844370,0.9000000357627869,-1.0969924926757812,0.0,0.0,0.0,174.56707763671875
189328,1982.864797,0.9000000357627869,-1.0969924926757812,0.0,0.0,0.0,174.56707763671875
189348,1982.884790,0.8980000615119934,-1.09208345413208,0.0,0.0,0.0,173.37466430664062
189368,1982.904789,0.8980000615119934,-1.09208345413208,0.0,0.0,0.0,173.37466430664062
189388,1982.924826,0.8980000615119934,-1.09208345413208,0.0,0.0,0.0,173.37466430664062
189408,1982.944800,0.8960000276565552,-1.0867011547088623,0.0,0.0,0.0,172.1215057373047
189428,1982.964791,0.8960000276565552,-1.0867011547088623,0.0,0.0,0.0,172.1215057373047
189448,1982.984793,0.8940000534057617,-1.080714464187622,0.0,0.0,0.0,170.77938842773438
189468,1983.004793,0.8940000534057617,-1.080714464187622,0.0,0.0,0.0,170.77938842773438
189488,1983.024799,0.9010000228881836,-1.0750452280044556,0.0,0.0,0.0,171.03060913085938
189508,1983.044793,0.9010000228881836,-1.0750452280044556,0.0,0.0,0.0,171.03060913085938
189528,1983.064788,0.8990000486373901,-1.0712130069732666,0.0,0.0,0.0,169.58265686035156
189548,1983.084787,0.8990000486373901,-1.0712130069732666,0.0,0.0,0.0,169.58265686035156
189568,1983.104787,0.9030000567436218,-1.064827561378479,0.0,0.0,0.0,169.12493896484375
189588,1983.124800,0.9030000567436218,-1.064827561378479,0.0,0.0,0.0,169.12493896484375
189608,1983.144405,0.9010000228881836,-1.058175802230835,0.0,0.0,0.0,167.5957489013672
189628,1983.164369,0.9010000228881836,-1.058175802230835,0.0,0.0,0.0,167.5957489013672
189648,1983.184364,0.9050000309944153,-1.051539421081543,0.0,0.0,0.0,167.15682983398438
189668,1983.204366,0.9050000309944153,-1.051539421081543,0.0,0.0,0.0,167.15682983398438
189688,1983.224397,0.906000018119812,-1.0398013591766357,0.0,0.0,0.0,165.7084503173828
189708,1983.244362,0.906000018119812,-1.0398013591766357,0.0,0.0,0.0,165.7084503173828
189728,1983.264360,0.906000018119812,-1.0337603092193604,0.0,0.0,0.0,164.60086059570312
189748,1983.284360,0.906000018119812,-1.0337603092193604,0.0,0.0,0.0,164.60086059570312
189768,1983.305366,0.906000018119812,-1.0337603092193604,0.0,0.0,0.0,164.60086059570312
189788,1983.325363,0.906000018119812,-1.0279288291931152,0.0,0.0,0.0,163.56314086914062
189808,1983.344396,0.906000018119812,-1.0279288291931152,0.0,0.0,0.0,163.56314086914062
189828,1983.364361,0.9100000262260437,-1.0216516256332397,0.0,0.0,0.0,163.1771240234375
189848,1983.384355,0.9100000262260437,-1.0216516256332397,0.0,0.0,0.0,163.1771240234375
189868,1983.404361,0.9120000600814819,-1.017591953277588,0.0,0.0,0.0,162.425537109375
189888,1983.424363,0.9120000600814819,-1.017591953277588,0.0,0.0,0.0,162.425537109375
189908,1983.444362,0.9140000343322754,-1.011462688446045,0.0,0.0,0.0,161.7508544921875
189928,1983.464355,0.9140000343322754,-1.011462688446045,0.0,0.0,0.0,161.7508544921875
189948,1983.484358,0.9080000519752502,-1.0054885149002075,0.0,0.0,0.0,159.7198944091797
189968,1983.504356,0.9080000519752502,-1.0054885149002075,0.0,0.0,0.0,159.7198944091797
189988,1983.524369,0.9110000729560852,-0.9999259114265442,0.0,0.0,0.0,159.27801513671875
190008,1983.544395,0.9110000729560852,-0.9999259114265442,0.0,0.0,0.0,159.27801513671875
190028,1983.564359,0.9160000681877136,-0.9880884885787964,0.0,0.0,0.0,158.6656951904297
190048,1983.584354,0.9160000681877136,-0.9880884885787964,0.0,0.0,0.0,158.6656951904297
190068,1983.604356,0.9160000681877136,-0.9880884885787964,0.0,0.0,0.0,158.6656951904297
190088,1983.624366,0.9140000343322754,-0.984260082244873,0.0,0.0,0.0,157.45578002929688
190108,1983.644353,0.9140000343322754,-0.984260082244873,0.0,0.0,0.0,157.45578002929688
190128,1983.664360,0.9150000214576721,-0.9783563017845154,0.0,0.0,0.0,156.6318817138672
190148,1983.684349,0.9150000214576721,-0.9783563017845154,0.0,0.0,0.0,156.6318817138672
190168,1983.704353,0.9230000376701355,-0.9723784923553467,0.0,0.0,0.0,156.95375061035156
190188,1983.723350,0.9230000376701355,-0.9723784923553467,0.0,0.0,0.0,156.95375061035156
190208,1983.743351,0.9140000343322754,-0.9667930006980896,0.0,0.0,0.0,154.51808166503906
190228,1983.764802,0.9140000343322754,-0.9667930006980896,0.0,0.0,0.0,154.51808166503906
190248,1983.783771,0.9150000214576721,-0.9631853699684143,0.0,0.0,0.0,153.71449279785156
190268,1983.803773,0.9150000214576721,-0.9631853699684143,0.0,0.0,0.0,153.71449279785156
190288,1983.823799,0.921000063419342,-0.9575952887535095,0.0,0.0,0.0,153.79005432128906
190308,1983.843766,0.921000063419342,-0.9575952887535095,0.0,0.0,0.0,153.79005432128906
190328,1983.864779,0.9220000505447388,-0.9515529870986938,0.0,0.0,0.0,152.95162963867188
190348,1983.883768,0.9220000505447388,-0.9515529870986938,0.0,0.0,0.0,152.95162963867188
190368,1983.903782,0.921000063419342,-0.9449182748794556,0.0,0.0,0.0,151.689208984375
190388,1983.923764,0.921000063419342,-0.9449182748794556,0.0,0.0,0.0,151.689208984375
190408,1983.943769,0.9200000166893005,-0.932702898979187,0.0,0.0,0.0,149.91111755371094
190428,1983.964787,0.9200000166893005,-0.932702898979187,0.0,0.0,0.0,149.91111755371094
190448,1983.983770,0.9200000166893005,-0.9261389374732971,0.0,0.0,0.0,148.84584045410156
190468,1984.003767,0.9200000166893005,-0.9261389374732971,0.0,0.0,0.0,148.84584045410156
190488,1984.023773,0.9200000166893005,-0.9261389374732971,0.0,0.0,0.0,148.84584045410156
190508,1984.043766,0.921000063419342,-0.9197604656219482,0.0,0.0,0.0,147.9970245361328
190528,1984.063774,0.921000063419342,-0.9197604656219482,0.0,0.0,0.0,147.9970245361328
190548,1984.083763,0.9300000667572021,-0.9139572978019714,0.0,0.0,0.0,148.48654174804688
190568,1984.103761,0.9300000667572021,-0.9139572978019714,0.0,0.0,0.0,148.48654174804688
190588,1984.123759,0.9230000376701355,-0.9079222083091736,0.0,0.0,0.0,146.3666534423828
190608,1984.143762,0.9230000376701355,-0.9079222083091736,0.0,0.0,0.0,146.3666534423828
190628,1984.163787,0.9230000376701355,-0.9019550681114197,0.0,0.0,0.0,145.35659790039062
190648,1984.183760,0.9230000376701355,-0.9019550681114197,0.0,0.0,0.0,145.35659790039062
190668,1984.203767,0.9290000200271606,-0.8976088166236877,0.0,0.0,0.0,145.23046875
190688,1984.223769,0.9290000200271606,-0.8976088166236877,0.0,0.0,0.0,145.23046875
190708,1984.243760,0.9310000538825989,-0.891278862953186,0.0,0.0,0.0,144.464111328125
190728,1984.264767,0.9310000538825989,-0.891278862953186,0.0,0.0,0.0,144.464111328125
190748,1984.283759,0.9290000200271606,-0.8852317929267883,0.0,0.0,0.0,143.15740966796875
190768,1984.303760,0.9290000200271606,-0.8852317929267883,0.0,0.0,0.0,143.15740966796875
190788,1984.323778,0.9350000619888306,-0.8786786794662476,0.0,0.0,0.0,143.0444793701172
190808,1984.343754,0.9350000619888306,-0.8786786794662476,0.0,0.0,0.0,143.0444793701172
190828,1984.363363,0.9360000491142273,-0.8668506741523743,0.0,0.0,0.0,141.65301513671875
190848,1984.383340,0.9360000491142273,-0.8668506741523743,0.0,0.0,0.0,141.65301513671875
190868,1984.403340,0.9360000491142273,-0.8668506741523743,0.0,0.0,0.0,141.65301513671875
190888,1984.423339,0.9310000538825989,-0.8606610894203186,0.0,0.0,0.0,139.8585662841797
190908,1984.443335,0.9310000538825989,-0.8606610894203186,0.0,0.0,0.0,139.8585662841797
190928,1984.464342,0.9340000152587891,-0.8543570041656494,0.0,0.0,0.0,139.39234924316406
190948,1984.483332,0.9340000152587891,-0.8543570041656494,0.0,0.0,0.0,139.39234924316406
190968,1984.503387,0.9330000281333923,-0.8482961058616638,0.0,0.0,0.0,138.20323181152344
190988,1984.523334,0.9330000281333923,-0.8482961058616638,0.0,0.0,0.0,138.20323181152344
191008,1984.543331,0.9390000700950623,-0.8425031900405884,0.0,0.0,0.0,138.19607543945312
191028,1984.564341,0.9390000700950623,-0.8425031900405884,0.0,0.0,0.0,138.19607543945312
191048,1984.583367,0.9440000653266907,-0.8376180529594421,0.0,0.0,0.0,137.911865234375
191068,1984.603338,0.9440000653266907,-0.8376180529594421,0.0,0.0,0.0,137.911865234375
191088,1984.623331,0.9430000185966492,-0.8316499590873718,0.0,0.0,0.0,136.7150115966797
191108,1984.643335,0.9430000185966492,-0.8316499590873718,0.0,0.0,0.0,136.7150115966797
191128,1984.663325,0.9450000524520874,-0.8251340389251709,0.0,0.0,0.0,136.07582092285156
191148,1984.683332,0.9450000524520874,-0.8251340389251709,0.0,0.0,0.0,136.07582092285156
191168,1984.703333,0.9460000395774841,-0.8144980072975159,0.0,0.0,0.0,134.8914031982422
191188,1984.723332,0.9460000395774841,-0.8144980072975159,0.0,0.0,0.0,134.8914031982422
191208,1984.743326,0.9460000395774841,-0.8144980072975159,0.0,0.0,0.0,134.8914031982422
191228,1984.763324,0.9490000605583191,-0.809245228767395,0.0,0.0,0.0,134.5355682373047
191248,1984.783360,0.9490000605583191,-0.809245228767395,0.0,0.0,0.0,134.5355682373047
191268,1984.803334,0.9500000476837158,-0.8043037056922913,0.0,0.0,0.0,133.96856689453125
191288,1984.823329,0.9500000476837158,-0.8043037056922913,0.0,0.0,0.0,133.96856689453125
191308,1984.843327,0.9540000557899475,-0.7995250225067139,0.0,0.0,0.0,133.84657287597656
191328,1984.864327,0.9540000557899475,-0.7995250225067139,0.0,0.0,0.0,133.84657287597656
191348,1984.883322,0.9480000734329224,-0.796420693397522,0.0,0.0,0.0,132.1372528076172
191368,1984.903331,0.9480000734329224,-0.796420693397522,0.0,0.0,0.0,132.1372528076172
191388,1984.923324,0.9520000219345093,-0.7916366457939148,0.0,0.0,0.0,131.99842834472656
191408,1984.943322,0.9520000219345093,-0.7916366457939148,0.0,0.0,0.0,131.99842834472656
191428,1984.964320,0.9510000348091125,-0.7867812514305115,0.0,0.0,0.0,131.10960388183594
191448,1984.983374,0.9510000348091125,-0.7867812514305115,0.0,0.0,0.0,131.10960388183594
191468,1985.003331,0.9540000557899475,-0.7815734148025513,0.0,0.0,0.0,130.75352478027344
191488,1985.023330,0.9540000557899475,-0.7815734148025513,0.0,0.0,0.0,130.75352478027344
191508,1985.043322,0.9570000171661377,-0.7755246758460999,0.0,0.0,0.0,130.26344299316406
191528,1985.064319,0.9570000171661377,-0.7755246758460999,0.0,0.0,0.0,130.26344299316406
191548,1985.083330,0.9570000171661377,-0.7755246758460999,0.0,0.0,0.0,130.26344299316406
191568,1985.103326,0.9550000429153442,-0.7635922431945801,0.0,0.0,0.0,128.45997619628906
191588,1985.123319,0.9550000429153442,-0.7635922431945801,0.0,0.0,0.0,128.45997619628906
191608,1985.143317,0.9590000510215759,-0.7571768760681152,0.0,0.0,0.0,128.11891174316406
191628,1985.163318,0.9590000510215759,-0.7571768760681152,0.0,0.0,0.0,128.11891174316406
191648,1985.183359,0.9610000252723694,-0.7510930299758911,0.0,0.0,0.0,127.43660736083984
191668,1985.203325,0.9610000252723694,-0.7510930299758911,0.0,0.0,0.0,127.43660736083984
191688,1985.223317,0.9620000720024109,-0.7452434301376343,0.0,0.0,0.0,126.64461517333984
191708,1985.243318,0.9620000720024109,-0.7452434301376343,0.0,0.0,0.0,126.64461517333984
191728,1985.263324,0.9640000462532043,-0.7407238483428955,0.0,0.0,0.0,125.9540023803711
191748,1985.283314,0.9640000462532043,-0.7407238483428955,0.0,0.0,0.0,125.9540023803711
191768,1985.303326,0.9660000205039978,-0.7351995706558228,0.0,0.0,0.0,125.24227142333984
191788,1985.323313,0.9660000205039978,-0.7351995706558228,0.0,0.0,0.0,125.24227142333984
191808,1985.343316,0.9700000286102295,-0.7295370697975159,0.0,0.0,0.0,125.02054595947266
191828,1985.363313,0.9700000286102295,-0.7295370697975159,0.0,0.0,0.0,125.02054595947266
191848,1985.383311,0.9670000672340393,-0.7234257459640503,0.0,0.0,0.0,123.7121810913086
191868,1985.403329,0.9670000672340393,-0.7234257459640503,0.0,0.0,0.0,123.7121810913086
191888,1985.423311,0.9790000319480896,-0.7125559449195862,0.0,0.0,0.0,124.16925048828125
191908,1985.443313,0.9790000319480896,-0.7125559449195862,0.0,0.0,0.0,124.16925048828125
191928,1985.463314,0.9790000319480896,-0.7125559449195862,0.0,0.0,0.0,124.16925048828125
191948,1985.483310,0.9750000238418579,-0.7067816257476807,0.0,0.0,0.0,122.78819274902344
191968,1985.502307,0.9750000238418579,-0.7067816257476807,0.0,0.0,0.0,122.78819274902344
191988,1985.522306,0.9730000495910645,-0.7015545964241028,0.0,0.0,0.0,121.8227310180664
192008,1985.542307,0.9730000495910645,-0.7015545964241028,0.0,0.0,0.0,121.8227310180664
192028,1985.562308,0.9770000576972961,-0.6961464285850525,0.0,0.0,0.0,121.64813995361328
192048,1985.582309,0.9770000576972961,-0.6961464285850525,0.0,0.0,0.0,121.64813995361328
192068,1985.602322,0.9740000367164612,-0.6917954683303833,0.0,0.0,0.0,120.33277893066406
192088,1985.622311,0.9740000367164612,-0.6917954683303833,0.0,0.0,0.0,120.33277893066406
192108,1985.642308,0.9780000448226929,-0.6859266757965088,0.0,0.0,0.0,120.13985443115234
192128,1985.662307,0.9780000448226929,-0.6859266757965088,0.0,0.0,0.0,120.13985443115234
192148,1985.682302,0.9830000400543213,-0.6799194812774658,0.0,0.0,0.0,119.96122741699219
192168,1985.702305,0.9830000400543213,-0.6799194812774658,0.0,0.0,0.0,119.96122741699219
192188,1985.722306,0.984000027179718,-0.6739612817764282,0.0,0.0,0.0,119.37409210205078
192208,1985.742307,0.984000027179718,-0.6739612817764282,0.0,0.0,0.0,119.37409210205078
192228,1985.762325,0.984000027179718,-0.6630752086639404,0.0,0.0,0.0,118.23804473876953
192248,1985.782303,0.984000027179718,-0.6630752086639404,0.0,0.0,0.0,118.23804473876953
192268,1985.802320,0.984000027179718,-0.6630752086639404,0.0,0.0,0.0,118.23804473876953
192288,1985.822303,0.984000027179718,-0.657891035079956,0.0,0.0,0.0,117.39279174804688
192308,1985.842309,0.984000027179718,-0.657891035079956,0.0,0.0,0.0,117.39279174804688
192328,1985.862300,0.9900000691413879,-0.6516621708869934,0.0,0.0,0.0,117.39118194580078
192348,1985.882300,0.9900000691413879,-0.6516621708869934,0.0,0.0,0.0,117.39118194580078
192368,1985.902298,0.9860000610351562,-0.6454441547393799,0.0,0.0,0.0,115.84388732910156
192388,1985.922297,0.9860000610351562,-0.6454441547393799,0.0,0.0,0.0,115.84388732910156
192408,1985.942305,0.9950000643730164,-0.639211118221283,0.0,0.0,0.0,116.33370208740234
192428,1985.962297,0.9950000643730164,-0.639211118221283,0.0,0.0,0.0,116.33370208740234
192448,1985.982297,0.9880000352859497,-0.6334452033042908,0.0,0.0,0.0,114.48210144042969
192468,1986.002315,0.9880000352859497,-0.6334452033042908,0.0,0.0,0.0,114.48210144042969
192488,1986.022300,0.9920000433921814,-0.6294518113136292,0.0,0.0,0.0,114.07552337646484
192508,1986.042304,0.9920000433921814,-0.6294518113136292,0.0,0.0,0.0,114.07552337646484
192528,1986.062302,1.0010000467300415,-0.6235731244087219,0.0,0.0,0.0,114.58203887939453
192548,1986.082294,1.0010000467300415,-0.6235731244087219,0.0,0.0,0.0,114.58203887939453
192568,1986.102294,1.0,-0.617612898349762,0.0,0.0,0.0,113.37332153320312
192588,1986.122293,1.0,-0.617612898349762,0.0,0.0,0.0,113.37332153320312
192608,1986.142297,1.00600004196167,-0.6111264228820801,0.0,0.0,0.0,113.27562713623047
192628,1986.162294,1.00600004196167,-0.6111264228820801,0.0,0.0,0.0,113.27562713623047
192648,1986.182295,1.0080000162124634,-0.599940299987793,0.0,0.0,0.0,112.37251281738281
192668,1986.202293,1.0080000162124634,-0.599940299987793,0.0,0.0,0.0,112.37251281738281
192688,1986.222297,1.0080000162124634,-0.599940299987793,0.0,0.0,0.0,112.37251281738281
192708,1986.242300,1.0130000114440918,-0.5958412885665894,0.0,0.0,0.0,112.03438568115234
192728,1986.262291,1.0130000114440918,-0.5958412885665894,0.0,0.0,0.0,112.03438568115234
192748,1986.282297,1.0200001001358032,-0.5899121165275574,0.0,0.0,0.0,112.2450942993164
192768,1986.301291,1.0200001001358032,-0.5899121165275574,0.0,0.0,0.0,112.2450942993164
192788,1986.322288,1.0170000791549683,-0.5846155881881714,0.0,0.0,0.0,110.93855285644531
192808,1986.341313,1.0170000791549683,-0.5846155881881714,0.0,0.0,0.0,110.93855285644531
192828,1986.361267,1.0250000953674316,-0.5789930820465088,0.0,0.0,0.0,111.15043640136719
192848,1986.382244,1.0250000953674316,-0.5789930820465088,0.0,0.0,0.0,111.15043640136719
192868,1986.402249,1.027000069618225,-0.5741849541664124,0.0,0.0,0.0,110.55465698242188
192888,1986.422247,1.027000069618225,-0.5741849541664124,0.0,0.0,0.0,110.55465698242188
192908,1986.443260,1.0250000953674316,-0.5687159895896912,0.0,0.0,0.0,109.29373931884766
192928,1986.462256,1.0250000953674316,-0.5687159895896912,0.0,0.0,0.0,109.29373931884766
192948,1986.482256,1.0200001001358032,-0.5625663995742798,0.0,0.0,0.0,107.81062316894531
192968,1986.502254,1.0200001001358032,-0.5625663995742798,0.0,0.0,0.0,107.81062316894531
192988,1986.522255,1.0260000228881836,-0.5567817687988281,0.0,0.0,0.0,107.87034606933594
193008,1986.542256,1.0260000228881836,-0.5567817687988281,0.0,0.0,0.0,107.87034606933594
193028,1986.561254,1.0260000228881836,-0.5567817687988281,0.0,0.0,0.0,107.87034606933594
193048,1986.581254,1.0329999923706055,-0.5468951463699341,0.0,0.0,0.0,107.72576904296875
193068,1986.601251,1.0329999923706055,-0.5468951463699341,0.0,0.0,0.0,107.72576904296875
193088,1986.621254,1.027999997138977,-0.5400335192680359,0.0,0.0,0.0,106.15227508544922
193108,1986.641282,1.027999997138977,-0.5400335192680359,0.0,0.0,0.0,106.15227508544922
193128,1986.662252,1.0430001020431519,-0.5336164236068726,0.0,0.0,0.0,107.22674560546875
193148,1986.681249,1.0430001020431519,-0.5336164236068726,0.0,0.0,0.0,107.22674560546875
193168,1986.701255,1.0390000343322754,-0.5272417068481445,0.0,0.0,0.0,105.66410064697266
193188,1986.722250,1.0390000343322754,-0.5272417068481445,0.0,0.0,0.0,105.66410064697266
193208,1986.742251,1.0440000295639038,-0.5223006010055542,0.0,0.0,0.0,105.43744659423828
193228,1986.761247,1.0440000295639038,-0.5223006010055542,0.0,0.0,0.0,105.43744659423828
193248,1986.782246,1.0470000505447388,-0.5167243480682373,0.0,0.0,0.0,105.00350952148438
193268,1986.801250,1.0470000505447388,-0.5167243480682373,0.0,0.0,0.0,105.00350952148438
193288,1986.821255,1.0520000457763672,-0.5116752982139587,0.0,0.0,0.0,104.8733139038086
193308,1986.842314,1.0520000457763672,-0.5116752982139587,0.0,0.0,0.0,104.8733139038086
193328,1986.861282,1.0520000457763672,-0.5116752982139587,0.0,0.0,0.0,104.8733139038086
193348,1986.881279,1.0540000200271606,-0.5031290650367737,0.0,0.0,0.0,104.17382049560547
193368,1986.901283,1.0540000200271606,-0.5031290650367737,0.0,0.0,0.0,104.17382049560547
193388,1986.921279,1.0520000457763672,-0.49874934554100037,0.0,0.0,0.0,103.53311157226562
193408,1986.941284,1.0520000457763672,-0.49874934554100037,0.0,0.0,0.0,103.53311157226562
193428,1986.961277,1.0500000715255737,-0.4946666359901428,0.0,0.0,0.0,102.77784729003906
193448,1986.981275,1.0500000715255737,-0.4946666359901428,0.0,0.0,0.0,102.77784729003906
193468,1987.001274,1.0500000715255737,-0.4897938370704651,0.0,0.0,0.0,102.18746948242188
193488,1987.021278,1.0500000715255737,-0.4897938370704651,0.0,0.0,0.0,102.18746948242188
193508,1987.041286,1.0540000200271606,-0.486003041267395,0.0,0.0,0.0,102.08979034423828
193528,1987.061297,1.0540000200271606,-0.486003041267395,0.0,0.0,0.0,102.08979034423828
193548,1987.081284,1.0490000247955322,-0.48090314865112305,0.0,0.0,0.0,100.82050323486328
193568,1987.101286,1.0490000247955322,-0.48090314865112305,0.0,0.0,0.0,100.82050323486328
193588,1987.121285,1.0540000200271606,-0.47583556175231934,0.0,0.0,0.0,101.00982666015625
193608,1987.141287,1.0540000200271606,-0.47583556175231934,0.0,0.0,0.0,101.00982666015625
193628,1987.161283,1.0570000410079956,-0.4706650376319885,0.0,0.0,0.0,100.79779815673828
193648,1987.181281,1.0570000410079956,-0.4706650376319885,0.0,0.0,0.0,100.79779815673828
193668,1987.201279,1.0570000410079956,-0.4706650376319885,0.0,0.0,0.0,100.79779815673828
193688,1987.221282,1.059000015258789,-0.46148812770843506,0.0,0.0,0.0,100.23640441894531
193708,1987.241297,1.059000015258789,-0.46148812770843506,0.0,0.0,0.0,100.23640441894531
193728,1987.261279,1.055999994277954,-0.45704102516174316,0.0,0.0,0.0,99.27489471435547
193748,1987.281282,1.055999994277954,-0.45704102516174316,0.0,0.0,0.0,99.27489471435547
193768,1987.301282,1.0600000619888306,-0.45218387246131897,0.0,0.0,0.0,99.13065338134766
193788,1987.321280,1.0600000619888306,-0.45218387246131897,0.0,0.0,0.0,99.13065338134766
193808,1987.341277,1.0600000619888306,-0.44740116596221924,0.0,0.0,0.0,98.5106430053711
193828,1987.361278,1.0600000619888306,-0.44740116596221924,0.0,0.0,0.0,98.5106430053711
193848,1987.381277,1.058000087738037,-0.44470056891441345,0.0,0.0,0.0,97.69315338134766
193868,1987.401278,1.058000087738037,-0.44470056891441345,0.0,0.0,0.0,97.69315338134766
193888,1987.421279,1.0600000619888306,-0.44042450189590454,0.0,0.0,0.0,97.37523651123047
193908,1987.441277,1.0600000619888306,-0.44042450189590454,0.0,0.0,0.0,97.37523651123047
193928,1987.461281,1.069000005722046,-0.4354678988456726,0.0,0.0,0.0,97.84104919433594
193948,1987.481276,1.069000005722046,-0.4354678988456726,0.0,0.0,0.0,97.84104919433594
193968,1987.501276,1.0600000619888306,-0.4300372898578644,0.0,0.0,0.0,95.939697265625
193988,1987.521275,1.0600000619888306,-0.4300372898578644,0.0,0.0,0.0,95.939697265625
194008,1987.541275,1.0600000619888306,-0.4300372898578644,0.0,0.0,0.0,95.939697265625
194028,1987.561276,1.0640000104904175,-0.4195164144039154,0.0,0.0,0.0,95.45037841796875
194048,1987.581274,1.0640000104904175,-0.4195164144039154,0.0,0.0,0.0,95.45037841796875
194068,1987.601262,1.0670000314712524,-0.4152522087097168,0.0,0.0,0.0,95.13443756103516
194088,1987.621258,1.0670000314712524,-0.4152522087097168,0.0,0.0,0.0,95.13443756103516
194108,1987.641284,1.0670000314712524,-0.4099821150302887,0.0,0.0,0.0,94.3693618774414
194128,1987.661268,1.0670000314712524,-0.4099821150302887,0.0,0.0,0.0,94.3693618774414
194148,1987.681299,1.0850000381469727,-0.4041779041290283,0.0,0.0,0.0,95.91631317138672
194168,1987.701259,1.0850000381469727,-0.4041779041290283,0.0,0.0,0.0,95.91631317138672
194188,1987.721257,1.0760000944137573,-0.40027886629104614,0.0,0.0,0.0,93.99302673339844
194208,1987.741271,1.0760000944137573,-0.40027886629104614,0.0,0.0,0.0,93.99302673339844
194228,1987.761255,1.0789999961853027,-0.3960506319999695,0.0,0.0,0.0,93.81866455078125
194248,1987.781260,1.0789999961853027,-0.3960506319999695,0.0,0.0,0.0,93.81866455078125
194268,1987.801258,1.0770000219345093,-0.3912178874015808,0.0,0.0,0.0,92.9017105102539
194288,1987.821266,1.0770000219345093,-0.3912178874015808,0.0,0.0,0.0,92.9017105102539
194308,1987.841269,1.090000033378601,-0.38650277256965637,0.0,0.0,0.0,93.98272705078125
194328,1987.861255,1.090000033378601,-0.38650277256965637,0.0,0.0,0.0,93.98272705078125
194348,1987.880270,1.090000033378601,-0.38650277256965637,0.0,0.0,0.0,93.98272705078125
194368,1987.901260,1.0810000896453857,-0.37843966484069824,0.0,0.0,0.0,91.99040985107422
194388,1987.921253,1.0810000896453857,-0.37843966484069824,0.0,0.0,0.0,91.99040985107422
194408,1987.941276,1.0880000591278076,-0.3741489052772522,0.0,0.0,0.0,92.25790405273438
194428,1987.961250,1.0880000591278076,-0.3741489052772522,0.0,0.0,0.0,92.25790405273438
194448,1987.981258,1.0880000591278076,-0.3699459433555603,0.0,0.0,0.0,91.69766998291016
194468,1988.001250,1.0880000591278076,-0.3699459433555603,0.0,0.0,0.0,91.69766998291016
194488,1988.021249,1.0860000848770142,-0.3655441105365753,0.0,0.0,0.0,90.87043762207031
194508,1988.041272,1.0860000848770142,-0.3655441105365753,0.0,0.0,0.0,90.87043762207031
194528,1988.060249,1.096000075340271,-0.3612225651741028,0.0,0.0,0.0,91.4607925415039
194548,1988.080250,1.096000075340271,-0.3612225651741028,0.0,0.0,0.0,91.4607925415039
194568,1988.100283,1.1019999980926514,-0.35810691118240356,0.0,0.0,0.0,91.59896850585938
194588,1988.120258,1.1019999980926514,-0.35810691118240356,0.0,0.0,0.0,91.59896850585938
194608,1988.140245,1.097000002861023,-0.35344573855400085,0.0,0.0,0.0,90.39252471923828
194628,1988.160247,1.097000002861023,-0.35344573855400085,0.0,0.0,0.0,90.39252471923828
194648,1988.180249,1.1040000915527344,-0.3492237329483032,0.0,0.0,0.0,90.76445770263672
194668,1988.200248,1.1040000915527344,-0.3492237329483032,0.0,0.0,0.0,90.76445770263672
194688,1988.220255,1.1040000915527344,-0.3492237329483032,0.0,0.0,0.0,90.76445770263672
194708,1988.240252,1.1030000448226929,-0.3452099859714508,0.0,0.0,0.0,90.13375854492188
194728,1988.260253,1.1030000448226929,-0.3452099859714508,0.0,0.0,0.0,90.13375854492188
194748,1988.280243,1.1019999980926514,-0.3377838730812073,0.0,0.0,0.0,89.37818908691406
194768,1988.300282,1.1019999980926514,-0.3377838730812073,0.0,0.0,0.0,89.37818908691406
194788,1988.320250,1.0950000286102295,-0.33425161242485046,0.0,0.0,0.0,88.04451751708984
194808,1988.340243,1.0950000286102295,-0.33425161242485046,0.0,0.0,0.0,88.04451751708984
194828,1988.360241,1.1019999980926514,-0.3301956355571747,0.0,0.0,0.0,88.43681335449219
194848,1988.380243,1.1019999980926514,-0.3301956355571747,0.0,0.0,0.0,88.43681335449219
194868,1988.400245,1.099000096321106,-0.3278495967388153,0.0,0.0,0.0,87.60269927978516
194888,1988.420246,1.099000096321106,-0.3278495967388153,0.0,0.0,0.0,87.60269927978516
194908,1988.440248,1.100000023841858,-0.3249717056751251,0.0,0.0,0.0,87.40545654296875
194928,1988.460241,1.100000023841858,-0.3249717056751251,0.0,0.0,0.0,87.40545654296875
194948,1988.480240,1.1069999933242798,-0.3217141032218933,0.0,0.0,0.0,87.94611358642578
194968,1988.500702,1.1069999933242798,-0.3217141032218933,0.0,0.0,0.0,87.94611358642578
194988,1988.520660,1.1019999980926514,-0.31856009364128113,0.0,0.0,0.0,87.04295349121094
195008,1988.540676,1.1019999980926514,-0.31856009364128113,0.0,0.0,0.0,87.04295349121094
195028,1988.560654,1.1019999980926514,-0.31856009364128113,0.0,0.0,0.0,87.04295349121094
195048,1988.580662,1.1080000400543213,-0.31089773774147034,0.0,0.0,0.0,87.17613220214844
195068,1988.600655,1.1080000400543213,-0.31089773774147034,0.0,0.0,0.0,87.17613220214844
195088,1988.620656,1.100000023841858,-0.30859267711639404,0.0,0.0,0.0,85.8829116821289
195108,1988.640652,1.100000023841858,-0.30859267711639404,0.0,0.0,0.0,85.8829116821289
195128,1988.660661,1.1069999933242798,-0.30479559302330017,0.0,0.0,0.0,86.24657440185547
195148,1988.680655,1.1069999933242798,-0.30479559302330017,0.0,0.0,0.0,86.24657440185547
195168,1988.700653,1.1060000658035278,-0.30081427097320557,0.0,0.0,0.0,85.63162994384766
195188,1988.720667,1.1060000658035278,-0.30081427097320557,0.0,0.0,0.0,85.63162994384766
195208,1988.740659,1.1120001077651978,-0.29764074087142944,0.0,0.0,0.0,85.83680725097656
195228,1988.761235,1.1120001077651978,-0.29764074087142944,0.0,0.0,0.0,85.83680725097656
195248,1988.780233,1.1080000400543213,-0.29293161630630493,0.0,0.0,0.0,84.75967407226562
195268,1988.800231,1.1080000400543213,-0.29293161630630493,0.0,0.0,0.0,84.75967407226562
195288,1988.820263,1.1080000400543213,-0.288568913936615,0.0,0.0,0.0,84.26929473876953
195308,1988.840231,1.1080000400543213,-0.288568913936615,0.0,0.0,0.0,84.26929473876953
195328,1988.860232,1.1080000400543213,-0.288568913936615,0.0,0.0,0.0,84.26929473876953
195348,1988.880232,1.1050000190734863,-0.2843477427959442,0.0,0.0,0.0,83.43585968017578
195368,1988.900230,1.1050000190734863,-0.2843477427959442,0.0,0.0,0.0,83.43585968017578
195388,1988.920248,1.1200000047683716,-0.278266966342926,0.0,0.0,0.0,84.64656829833984
195408,1988.940234,1.1200000047683716,-0.278266966342926,0.0,0.0,0.0,84.64656829833984
195428,1988.960226,1.121000051498413,-0.2748415172100067,0.0,0.0,0.0,84.39076232910156
195448,1988.980233,1.121000051498413,-0.2748415172100067,0.0,0.0,0.0,84.39076232910156
195468,1989.000230,1.1069999933242798,-0.2706468403339386,0.0,0.0,0.0,82.16011047363281
195488,1989.020243,1.1069999933242798,-0.2706468403339386,0.0,0.0,0.0,82.16011047363281
195508,1989.040236,1.1150000095367432,-0.2662244141101837,0.0,0.0,0.0,82.59147644042969
195528,1989.060226,1.1150000095367432,-0.2662244141101837,0.0,0.0,0.0,82.59147644042969
195548,1989.080226,1.1140000820159912,-0.2641872465610504,0.0,0.0,0.0,82.05043029785156
195568,1989.100227,1.1140000820159912,-0.2641872465610504,0.0,0.0,0.0,82.05043029785156
195588,1989.120250,1.1230000257492065,-0.2605796456336975,0.0,0.0,0.0,82.66687774658203
195608,1989.140225,1.1230000257492065,-0.2605796456336975,0.0,0.0,0.0,82.66687774658203
195628,1989.160225,1.1220000982284546,-0.25673967599868774,0.0,0.0,0.0,82.11796569824219
195648,1989.180227,1.1220000982284546,-0.25673967599868774,0.0,0.0,0.0,82.11796569824219
195668,1989.200230,1.1220000982284546,-0.25673967599868774,0.0,0.0,0.0,82.11796569824219
195688,1989.220237,1.1140000820159912,-0.2530701160430908,0.0,0.0,0.0,80.76127624511719
195708,1989.240222,1.1140000820159912,-0.2530701160430908,0.0,0.0,0.0,80.76127624511719
195728,1989.260232,1.1150000095367432,-0.24746929109096527,0.0,0.0,0.0,80.41705322265625
195748,1989.280220,1.1150000095367432,-0.24746929109096527,0.0,0.0,0.0,80.41705322265625
195768,1989.300217,1.1190000772476196,-0.24511928856372833,0.0,0.0,0.0,80.5761947631836
195788,1989.320242,1.1190000772476196,-0.24511928856372833,0.0,0.0,0.0,80.5761947631836
195808,1989.340224,1.1220000982284546,-0.2423916608095169,0.0,0.0,0.0,80.549560546875
195828,1989.360223,1.1220000982284546,-0.2423916608095169,0.0,0.0,0.0,80.549560546875
195848,1989.380221,1.1170001029968262,-0.2394315004348755,0.0,0.0,0.0,79.57420349121094
195868,1989.400225,1.1170001029968262,-0.2394315004348755,0.0,0.0,0.0,79.57420349121094
195888,1989.420237,1.1200000047683716,-0.23794999718666077,0.0,0.0,0.0,79.55101013183594
195908,1989.440223,1.1200000047683716,-0.23794999718666077,0.0,0.0,0.0,79.55101013183594
195928,1989.460219,1.1190000772476196,-0.23463809490203857,0.0,0.0,0.0,79.05288696289062
195948,1989.480217,1.1190000772476196,-0.23463809490203857,0.0,0.0,0.0,79.05288696289062
195968,1989.500217,1.1160000562667847,-0.23050189018249512,0.0,0.0,0.0,78.18535614013672
195988,1989.520233,1.1160000562667847,-0.23050189018249512,0.0,0.0,0.0,78.18535614013672
196008,1989.540223,1.1160000562667847,-0.23050189018249512,0.0,0.0,0.0,78.18535614013672
196028,1989.560220,1.1200000047683716,-0.22618776559829712,0.0,0.0,0.0,78.17401123046875
196048,1989.579238,1.1200000047683716,-0.22618776559829712,0.0,0.0,0.0,78.17401123046875
196068,1989.599214,1.124000072479248,-0.21780440211296082,0.0,0.0,0.0,77.83888244628906
196088,1989.619212,1.124000072479248,-0.21780440211296082,0.0,0.0,0.0,77.83888244628906
196108,1989.639211,1.1290000677108765,-0.21389834582805634,0.0,0.0,0.0,77.948974609375
196128,1989.659215,1.1290000677108765,-0.21389834582805634,0.0,0.0,0.0,77.948974609375
196148,1989.679212,1.13100004196167,-0.2097465544939041,0.0,0.0,0.0,77.66651916503906
196168,1989.699212,1.13100004196167,-0.2097465544939041,0.0,0.0,0.0,77.66651916503906
196188,1989.719210,1.1299999952316284,-0.20576606690883636,0.0,0.0,0.0,77.11849212646484
196208,1989.739214,1.1299999952316284,-0.20576606690883636,0.0,0.0,0.0,77.11849212646484
196228,1989.759217,1.13100004196167,-0.20382241904735565,0.0,0.0,0.0,76.85452270507812
196248,1989.779214,1.13100004196167,-0.20382241904735565,0.0,0.0,0.0,76.85452270507812
196268,1989.799208,1.1350001096725464,-0.200737863779068,0.0,0.0,0.0,76.9772720336914
196288,1989.819231,1.1350001096725464,-0.200737863779068,0.0,0.0,0.0,76.9772720336914
196308,1989.839217,1.125,-0.19730915129184723,0.0,0.0,0.0,75.50834655761719
196328,1989.859212,1.125,-0.19730915129184723,0.0,0.0,0.0,75.50834655761719
196348,1989.879209,1.125,-0.19730915129184723,0.0,0.0,0.0,75.50834655761719
196368,1989.899204,1.127000093460083,-0.19406680762767792,0.0,0.0,0.0,75.34464263916016
196388,1989.919207,1.127000093460083,-0.19406680762767792,0.0,0.0,0.0,75.34464263916016
196408,1989.939207,1.127000093460083,-0.18690982460975647,0.0,0.0,0.0,74.79728698730469
196428,1989.959212,1.127000093460083,-0.18690982460975647,0.0,0.0,0.0,74.79728698730469
196448,1989.979207,1.1299999952316284,-0.18547697365283966,0.0,0.0,0.0,74.86665344238281
196468,1989.999205,1.1299999952316284,-0.18547697365283966,0.0,0.0,0.0,74.86665344238281
196488,1990.019203,1.1390000581741333,-0.18178853392601013,0.0,0.0,0.0,75.51921081542969
196508,1990.039202,1.1390000581741333,-0.18178853392601013,0.0,0.0,0.0,75.51921081542969
196528,1990.059209,1.1290000677108765,-0.17854706943035126,0.0,0.0,0.0,73.99469757080078
196548,1990.079204,1.1290000677108765,-0.17854706943035126,0.0,0.0,0.0,73.99469757080078
196568,1990.099200,1.127000093460083,-0.1757984310388565,0.0,0.0,0.0,73.43240356445312
196588,1990.119199,1.127000093460083,-0.1757984310388565,0.0,0.0,0.0,73.43240356445312
196608,1990.139202,1.1230000257492065,-0.17337344586849213,0.0,0.0,0.0,72.70015716552734
196628,1990.159210,1.1230000257492065,-0.17337344586849213,0.0,0.0,0.0,72.70015716552734
196648,1990.179202,1.1230000257492065,-0.172532856464386,0.0,0.0,0.0,72.42198181152344
196668,1990.199196,1.1230000257492065,-0.172532856464386,0.0,0.0,0.0,72.42198181152344
196688,1990.219197,1.1320000886917114,-0.1693631410598755,0.0,0.0,0.0,73.06197357177734
196708,1990.239198,1.1320000886917114,-0.1693631410598755,0.0,0.0,0.0,73.06197357177734
196728,1990.259215,1.1360000371932983,-0.16650567948818207,0.0,0.0,0.0,73.21041107177734
196748,1990.279197,1.1360000371932983,-0.16650567948818207,0.0,0.0,0.0,73.21041107177734
196768,1990.299196,1.1360000371932983,-0.16650567948818207,0.0,0.0,0.0,73.21041107177734
196788,1990.319198,1.1320000886917114,-0.16331714391708374,0.0,0.0,0.0,72.42620849609375
196808,1990.339196,1.1320000886917114,-0.16331714391708374,0.0,0.0,0.0,72.42620849609375
196828,1990.359231,1.127000093460083,-0.15591639280319214,0.0,0.0,0.0,71.2594223022461
196848,1990.378625,1.127000093460083,-0.15591639280319214,0.0,0.0,0.0,71.2594223022461
196868,1990.398632,1.1290000677108765,-0.15369613468647003,0.0,0.0,0.0,71.15494537353516
196888,1990.418616,1.1290000677108765,-0.15369613468647003,0.0,0.0,0.0,71.15494537353516
196908,1990.439560,1.1299999952316284,-0.1501404047012329,0.0,0.0,0.0,70.85383605957031
196928,1990.459585,1.1299999952316284,-0.1501404047012329,0.0,0.0,0.0,70.85383605957031
196948,1990.479582,1.1290000677108765,-0.14664354920387268,0.0,0.0,0.0,70.37040710449219
196968,1990.499587,1.1290000677108765,-0.14664354920387268,0.0,0.0,0.0,70.37040710449219
196988,1990.519628,1.1290000677108765,-0.14339756965637207,0.0,0.0,0.0,70.00010681152344
197008,1990.538612,1.1290000677108765,-0.14339756965637207,0.0,0.0,0.0,70.00010681152344
197028,1990.558654,1.1330000162124634,-0.1415209174156189,0.0,0.0,0.0,70.02462005615234
197048,1990.578639,1.1330000162124634,-0.1415209174156189,0.0,0.0,0.0,70.02462005615234
197068,1990.598616,1.1330000162124634,-0.1415209174156189,0.0,0.0,0.0,70.02462005615234
197088,1990.618609,1.1330000162124634,-0.13805286586284637,0.0,0.0,0.0,69.66891479492188
197108,1990.638613,1.1330000162124634,-0.13805286586284637,0.0,0.0,0.0,69.66891479492188
197128,1990.658613,1.1320000886917114,-0.13463741540908813,0.0,0.0,0.0,69.19039916992188
197148,1990.678611,1.1320000886917114,-0.13463741540908813,0.0,0.0,0.0,69.19039916992188
197168,1990.698610,1.1320000886917114,-0.1286141723394394,0.0,0.0,0.0,68.71289825439453
197188,1990.718607,1.1320000886917114,-0.1286141723394394,0.0,0.0,0.0,68.71289825439453
197208,1990.738608,1.1299999952316284,-0.12571851909160614,0.0,0.0,0.0,68.17350006103516
197228,1990.758660,1.1299999952316284,-0.12571851909160614,0.0,0.0,0.0,68.17350006103516
197248,1990.778618,1.1330000162124634,-0.1221991702914238,0.0,0.0,0.0,68.1392593383789
197268,1990.798609,1.1330000162124634,-0.1221991702914238,0.0,0.0,0.0,68.1392593383789
197288,1990.818609,1.127000093460083,-0.11843764036893845,0.0,0.0,0.0,67.08699798583984
197308,1990.838607,1.127000093460083,-0.11843764036893845,0.0,0.0,0.0,67.08699798583984
197328,1990.858605,1.1370000839233398,-0.11676860600709915,0.0,0.0,0.0,67.82772827148438
197348,1990.878606,1.1370000839233398,-0.11676860600709915,0.0,0.0,0.0,67.82772827148438
197368,1990.898604,1.1340000629425049,-0.11371295899152756,0.0,0.0,0.0,67.16338348388672
197388,1990.918602,1.1340000629425049,-0.11371295899152756,0.0,0.0,0.0,67.16338348388672
197408,1990.938603,1.1340000629425049,-0.11371295899152756,0.0,0.0,0.0,67.16338348388672
197428,1990.958648,1.128000020980835,-0.11073780804872513,0.0,0.0,0.0,66.18212890625
197448,1990.978606,1.128000020980835,-0.11073780804872513,0.0,0.0,0.0,66.18212890625
197468,1990.998606,1.1330000162124634,-0.10788308829069138,0.0,0.0,0.0,66.43744659423828
197488,1991.018601,1.1330000162124634,-0.10788308829069138,0.0,0.0,0.0,66.43744659423828
197508,1991.038604,1.1360000371932983,-0.10220134258270264,0.0,0.0,0.0,66.31796264648438
197528,1991.058605,1.1360000371932983,-0.10220134258270264,0.0,0.0,0.0,66.31796264648438
197548,1991.078601,1.1330000162124634,-0.09850761294364929,0.0,0.0,0.0,65.5915756225586
197568,1991.098600,1.1330000162124634,-0.09850761294364929,0.0,0.0,0.0,65.5915756225586
197588,1991.118602,1.1340000629425049,-0.09461541473865509,0.0,0.0,0.0,65.2585678100586
197608,1991.138599,1.1340000629425049,-0.09461541473865509,0.0,0.0,0.0,65.2585678100586
197628,1991.158604,1.1340000629425049,-0.0911252349615097,0.0,0.0,0.0,64.89409637451172
197648,1991.179213,1.1340000629425049,-0.0911252349615097,0.0,0.0,0.0,64.89409637451172
197668,1991.198179,1.1370000839233398,-0.08787760883569717,0.0,0.0,0.0,64.83244323730469
197688,1991.218173,1.1370000839233398,-0.08787760883569717,0.0,0.0,0.0,64.83244323730469
197708,1991.238174,1.1290000677108765,-0.08653552085161209,0.0,0.0,0.0,63.67894744873047
197728,1991.258191,1.1290000677108765,-0.08653552085161209,0.0,0.0,0.0,63.67894744873047
197748,1991.278184,1.1320000886917114,-0.08306659013032913,0.0,0.0,0.0,63.632896423339844
197768,1991.298171,1.1320000886917114,-0.08306659013032913,0.0,0.0,0.0,63.632896423339844
197788,1991.318171,1.1299999952316284,-0.07977902144193649,0.0,0.0,0.0,63.03908157348633
197808,1991.338169,1.1299999952316284,-0.07977902144193649,0.0,0.0,0.0,63.03908157348633
197828,1991.358173,1.1299999952316284,-0.07977902144193649,0.0,0.0,0.0,63.03908157348633
197848,1991.378631,1.1350001096725464,-0.076144739985466,0.0,0.0,0.0,63.16572189331055
197868,1991.398549,1.1350001096725464,-0.076144739985466,0.0,0.0,0.0,63.16572189331055
197888,1991.418587,1.1330000162124634,-0.06906858086585999,0.0,0.0,0.0,62.386199951171875
197908,1991.438545,1.1330000162124634,-0.06906858086585999,0.0,0.0,0.0,62.386199951171875
197928,1991.458558,1.1320000886917114,-0.06534849107265472,0.0,0.0,0.0,61.91006088256836
197948,1991.478594,1.1320000886917114,-0.06534849107265472,0.0,0.0,0.0,61.91006088256836
197968,1991.498558,1.1350001096725464,-0.062472350895404816,0.0,0.0,0.0,61.941429138183594
197988,1991.518553,1.1350001096725464,-0.062472350895404816,0.0,0.0,0.0,61.941429138183594
198008,1991.538553,1.1330000162124634,-0.05948523059487343,0.0,0.0,0.0,61.423030853271484
198028,1991.558140,1.1330000162124634,-0.05948523059487343,0.0,0.0,0.0,61.423030853271484
198048,1991.578170,1.1320000886917114,-0.058151476085186005,0.0,0.0,0.0,61.023136138916016
198068,1991.598135,1.1320000886917114,-0.058151476085186005,0.0,0.0,0.0,61.023136138916016
198088,1991.618126,1.1330000162124634,-0.055740099400281906,0.0,0.0,0.0,60.887020111083984
198108,1991.638126,1.1330000162124634,-0.055740099400281906,0.0,0.0,0.0,60.887020111083984
198128,1991.658130,1.1330000162124634,-0.055740099400281906,0.0,0.0,0.0,60.887020111083984
198148,1991.678129,1.1290000677108765,-0.05285797268152237,0.0,0.0,0.0,60.17127990722656
198168,1991.698126,1.1290000677108765,-0.05285797268152237,0.0,0.0,0.0,60.17127990722656
198188,1991.718130,1.1350001096725464,-0.04477153718471527,0.0,0.0,0.0,60.19136047363281
198208,1991.738124,1.1350001096725464,-0.04477153718471527,0.0,0.0,0.0,60.19136047363281
198228,1991.758131,1.1360000371932983,-0.043664250522851944,0.0,0.0,0.0,60.11750030517578
198248,1991.778132,1.1360000371932983,-0.043664250522851944,0.0,0.0,0.0,60.11750030517578
198268,1991.798138,1.1340000629425049,-0.041346803307533264,0.0,0.0,0.0,59.67837142944336
198288,1991.818121,1.1340000629425049,-0.041346803307533264,0.0,0.0,0.0,59.67837142944336
198308,1991.838159,1.13100004196167,-0.038984354585409164,0.0,0.0,0.0,59.1392822265625
198328,1991.858166,1.13100004196167,-0.038984354585409164,0.0,0.0,0.0,59.1392822265625
198348,1991.878168,1.1350001096725464,-0.03645548224449158,0.0,0.0,0.0,59.2564697265625
198368,1991.898152,1.1350001096725464,-0.03645548224449158,0.0,0.0,0.0,59.2564697265625
198388,1991.918152,1.13100004196167,-0.03567484766244888,0.0,0.0,0.0,58.62336730957031
198408,1991.938148,1.13100004196167,-0.03567484766244888,0.0,0.0,0.0,58.62336730957031
198428,1991.957585,1.1370000839233398,-0.03289225697517395,0.0,0.0,0.0,58.94166946411133
198448,1991.977583,1.1370000839233398,-0.03289225697517395,0.0,0.0,0.0,58.94166946411133
198468,1991.997593,1.1370000839233398,-0.03289225697517395,0.0,0.0,0.0,58.94166946411133
198488,1992.017572,1.13100004196167,-0.029622256755828857,0.0,0.0,0.0,58.038700103759766
198508,1992.037575,1.13100004196167,-0.029622256755828857,0.0,0.0,0.0,58.038700103759766
198528,1992.057576,1.1320000886917114,-0.026266280561685562,0.0,0.0,0.0,57.80270004272461
198548,1992.077589,1.1320000886917114,-0.026266280561685562,0.0,0.0,0.0,57.80270004272461
198568,1992.097570,1.1260000467300415,-0.018034039065241814,0.0,0.0,0.0,56.61265563964844
198588,1992.117568,1.1260000467300415,-0.018034039065241814,0.0,0.0,0.0,56.61265563964844
198608,1992.137567,1.13100004196167,-0.0171771589666605,0.0,0.0,0.0,56.95280075073242
198628,1992.157568,1.13100004196167,-0.0171771589666605,0.0,0.0,0.0,56.95280075073242
198648,1992.178581,1.1320000886917114,-0.014886964112520218,0.0,0.0,0.0,56.795265197753906
198668,1992.197568,1.1320000886917114,-0.014886964112520218,0.0,0.0,0.0,56.795265197753906
198688,1992.217584,1.13100004196167,-0.012580916285514832,0.0,0.0,0.0,56.43211364746094
198708,1992.237568,1.13100004196167,-0.012580916285514832,0.0,0.0,0.0,56.43211364746094
198728,1992.257549,1.1330000162124634,-0.010188410058617592,0.0,0.0,0.0,56.407196044921875
198748,1992.278581,1.1330000162124634,-0.010188410058617592,0.0,0.0,0.0,56.407196044921875
198768,1992.297564,1.1340000629425049,-0.008958186954259872,0.0,0.0,0.0,56.259918212890625
198788,1992.317602,1.1340000629425049,-0.008958186954259872,0.0,0.0,0.0,56.259918212890625
198808,1992.337567,1.1360000371932983,-0.006201296113431454,0.0,0.0,0.0,56.215919494628906
198828,1992.357563,1.1360000371932983,-0.006201296113431454,0.0,0.0,0.0,56.215919494628906
198848,1992.377576,1.1360000371932983,-0.006201296113431454,0.0,0.0,0.0,56.215919494628906
198868,1992.397563,1.13100004196167,-0.0032716207206249237,0.0,0.0,0.0,55.440887451171875
198888,1992.417563,1.13100004196167,-0.0032716207206249237,0.0,0.0,0.0,55.440887451171875
198908,1992.437572,1.125,-0.0002317052858415991,0.0,0.0,0.0,54.57590866088867
198928,1992.457582,1.125,-0.0002317052858415991,0.0,0.0,0.0,54.57590866088867
198948,1992.477577,1.1290000677108765,0.006065369118005037,0.0,0.0,0.0,54.50474166870117
198968,1992.497563,1.1290000677108765,0.006065369118005037,0.0,0.0,0.0,54.50474166870117
198988,1992.517559,1.1390000581741333,0.007886908948421478,0.0,0.0,0.0,55.320655822753906
199008,1992.537561,1.1390000581741333,0.007886908948421478,0.0,0.0,0.0,55.320655822753906
199028,1992.557586,1.1290000677108765,0.009928566403687,0.0,0.0,0.0,54.14383316040039
199048,1992.578571,1.1290000677108765,0.009928566403687,0.0,0.0,0.0,54.14383316040039
199068,1992.597562,1.1320000886917114,0.012335536070168018,0.0,0.0,0.0,54.22576904296875
199088,1992.617562,1.1320000886917114,0.012335536070168018,0.0,0.0,0.0,54.22576904296875
199108,1992.637555,1.128000020980835,0.015368553809821606,0.0,0.0,0.0,53.532371520996094
199128,1992.657568,1.128000020980835,0.015368553809821606,0.0,0.0,0.0,53.532371520996094
199148,1992.677559,1.1360000371932983,0.016555536538362503,0.0,0.0,0.0,54.087928771972656
199168,1992.697558,1.1360000371932983,0.016555536538362503,0.0,0.0,0.0,54.087928771972656
199188,1992.717556,1.1360000371932983,0.016555536538362503,0.0,0.0,0.0,54.087928771972656
199208,1992.737555,1.127000093460083,0.01924624852836132,0.0,0.0,0.0,52.98301315307617
199228,1992.757571,1.127000093460083,0.01924624852836132,0.0,0.0,0.0,52.98301315307617
199248,1992.777554,1.1330000162124634,0.021753696724772453,0.0,0.0,0.0,53.34391403198242
199268,1992.797558,1.1330000162124634,0.021753696724772453,0.0,0.0,0.0,53.34391403198242
199288,1992.817553,1.127000093460083,0.027829546481370926,0.0,0.0,0.0,52.39194107055664
199308,1992.837553,1.127000093460083,0.027829546481370926,0.0,0.0,0.0,52.39194107055664
199328,1992.857573,1.1290000677108765,0.027779441326856613,0.0,0.0,0.0,52.559478759765625
199348,1992.877559,1.1290000677108765,0.027779441326856613,0.0,0.0,0.0,52.559478759765625
199368,1992.897552,1.13100004196167,0.02969946153461933,0.0,0.0,0.0,52.575767517089844
199388,1992.917613,1.13100004196167,0.02969946153461933,0.0,0.0,0.0,52.575767517089844
199408,1992.937555,1.1299999952316284,0.03194430470466614,0.0,0.0,0.0,52.26985549926758
199428,1992.957556,1.1299999952316284,0.03194430470466614,0.0,0.0,0.0,52.26985549926758
199448,1992.976555,1.13100004196167,0.03436746820807457,0.0,0.0,0.0,52.13931655883789
199468,1992.997551,1.13100004196167,0.03436746820807457,0.0,0.0,0.0,52.13931655883789
199488,1993.017570,1.1330000162124634,0.03493782505393028,0.0,0.0,0.0,52.147029876708984
199508,1993.037550,1.1330000162124634,0.03493782505393028,0.0,0.0,0.0,52.147029876708984
199528,1993.057549,1.1320000886917114,0.037246380001306534,0.0,0.0,0.0,51.86777114868164
199548,1993.076557,1.1320000886917114,0.037246380001306534,0.0,0.0,0.0,51.86777114868164
199568,1993.097548,1.1320000886917114,0.037246380001306534,0.0,0.0,0.0,51.86777114868164
199588,1993.117548,1.1330000162124634,0.04034546762704849,0.0,0.0,0.0,51.664306640625
199608,1993.137548,1.1330000162124634,0.04034546762704849,0.0,0.0,0.0,51.664306640625
199628,1993.157574,1.13100004196167,0.04290555790066719,0.0,0.0,0.0,51.24336624145508
199648,1993.177551,1.13100004196167,0.04290555790066719,0.0,0.0,0.0,51.24336624145508
199668,1993.197547,1.1260000467300415,0.048114288598299026,0.0,0.0,0.0,50.46687316894531
199688,1993.216544,1.1260000467300415,0.048114288598299026,0.0,0.0,0.0,50.46687316894531
199708,1993.236546,1.125,0.047823600471019745,0.0,0.0,0.0,50.37004470825195
199728,1993.256544,1.125,0.047823600471019745,0.0,0.0,0.0,50.37004470825195
199748,1993.276546,1.1299999952316284,0.049309056252241135,0.0,0.0,0.0,50.7054557800293
199768,1993.296548,1.1299999952316284,0.049309056252241135,0.0,0.0,0.0,50.7054557800293
199788,1993.316542,1.1260000467300415,0.05125141143798828,0.0,0.0,0.0,50.172279357910156
199808,1993.336544,1.1260000467300415,0.05125141143798828,0.0,0.0,0.0,50.172279357910156
199828,1993.356545,1.128000020980835,0.0524868369102478,0.0,0.0,0.0,50.25822448730469
199848,1993.376549,1.128000020980835,0.0524868369102478,0.0,0.0,0.0,50.25822448730469
199868,1993.396546,1.1330000162124634,0.05219721049070358,0.0,0.0,0.0,50.6427116394043
199888,1993.416546,1.1330000162124634,0.05219721049070358,0.0,0.0,0.0,50.6427116394043
199908,1993.436544,1.127000093460083,0.053455572575330734,0.0,0.0,0.0,49.95742416381836
199928,1993.456540,1.127000093460083,0.053455572575330734,0.0,0.0,0.0,49.95742416381836
199948,1993.476546,1.127000093460083,0.053455572575330734,0.0,0.0,0.0,49.95742416381836
199968,1993.497122,1.127000093460083,0.05426490679383278,0.0,0.0,0.0,49.88044357299805
199988,1993.517120,1.127000093460083,0.05426490679383278,0.0,0.0,0.0,49.88044357299805
200008,1993.537124,1.1299999952316284,0.054819025099277496,0.0,0.0,0.0,50.11309051513672
200028,1993.557117,1.1299999952316284,0.054819025099277496,0.0,0.0,0.0,50.11309051513672
200048,1993.577120,1.1230000257492065,0.06008244678378105,0.0,0.0,0.0,49.13866424560547
200068,1993.597124,1.1230000257492065,0.06008244678378105,0.0,0.0,0.0,49.13866424560547
200088,1993.617119,1.13100004196167,0.05982372909784317,0.0,0.0,0.0,49.857933044433594
200108,1993.637121,1.13100004196167,0.05982372909784317,0.0,0.0,0.0,49.857933044433594
200128,1993.657120,1.124000072479248,0.06090613827109337,0.0,0.0,0.0,49.10299301147461
200148,1993.678169,1.124000072479248,0.06090613827109337,0.0,0.0,0.0,49.10299301147461
200168,1993.697118,1.1299999952316284,0.06229569762945175,0.0,0.0,0.0,49.54999923706055
200188,1993.717118,1.1299999952316284,0.06229569762945175,0.0,0.0,0.0,49.54999923706055
200208,1993.737116,1.1299999952316284,0.06393593549728394,0.0,0.0,0.0,49.399105072021484
200228,1993.757115,1.1299999952316284,0.06393593549728394,0.0,0.0,0.0,49.399105072021484
200248,1993.776127,1.1299999952316284,0.06393593549728394,0.0,0.0,0.0,49.399105072021484
200268,1993.796114,1.128000020980835,0.06443744897842407,0.0,0.0,0.0,49.036556243896484
200288,1993.816116,1.128000020980835,0.06443744897842407,0.0,0.0,0.0,49.036556243896484
200308,1993.836114,1.1299999952316284,0.06581532955169678,0.0,0.0,0.0,49.083106994628906
200328,1993.856114,1.1299999952316284,0.06581532955169678,0.0,0.0,0.0,49.083106994628906
200348,1993.876123,1.1320000886917114,0.06752856075763702,0.0,0.0,0.0,49.13115692138672
200368,1993.896145,1.1320000886917114,0.06752856075763702,0.0,0.0,0.0,49.13115692138672
200388,1993.916115,1.1230000257492065,0.07196827977895737,0.0,0.0,0.0,48.03581237792969
200408,1993.936113,1.1230000257492065,0.07196827977895737,0.0,0.0,0.0,48.03581237792969
200428,1993.956110,1.1320000886917114,0.073475182056427,0.0,0.0,0.0,48.72468566894531
200448,1993.976124,1.1320000886917114,0.073475182056427,0.0,0.0,0.0,48.72468566894531
200468,1993.996120,1.125,0.07456782460212708,0.0,0.0,0.0,47.9884033203125
200488,1994.016118,1.125,0.07456782460212708,0.0,0.0,0.0,47.9884033203125
200508,1994.036120,1.13100004196167,0.07579591870307922,0.0,0.0,0.0,48.42823791503906
200528,1994.056110,1.13100004196167,0.07579591870307922,0.0,0.0,0.0,48.42823791503906
200548,1994.076122,1.125,0.0772400051355362,0.0,0.0,0.0,47.74669647216797
200568,1994.096115,1.125,0.0772400051355362,0.0,0.0,0.0,47.74669647216797
200588,1994.116118,1.13100004196167,0.07675720751285553,0.0,0.0,0.0,48.22536087036133
200608,1994.136132,1.13100004196167,0.07675720751285553,0.0,0.0,0.0,48.22536087036133
200628,1994.156109,1.13100004196167,0.07675720751285553,0.0,0.0,0.0,48.22536087036133
200648,1994.176108,1.1200000047683716,0.07818976044654846,0.0,0.0,0.0,47.1047248840332
200668,1994.196119,1.1200000047683716,0.07818976044654846,0.0,0.0,0.0,47.1047248840332
200688,1994.216108,1.1299999952316284,0.07973793894052505,0.0,0.0,0.0,47.86115264892578
200708,1994.236110,1.1299999952316284,0.07973793894052505,0.0,0.0,0.0,47.86115264892578
200728,1994.256108,1.127000093460083,0.08107893913984299,0.0,0.0,0.0,47.470062255859375
200748,1994.276107,1.127000093460083,0.08107893913984299,0.0,0.0,0.0,47.470062255859375
200768,1994.296130,1.1290000677108765,0.08577536791563034,0.0,0.0,0.0,47.4034538269043
200788,1994.316123,1.1290000677108765,0.08577536791563034,0.0,0.0,0.0,47.4034538269043
200808,1994.336141,1.125,0.08538442105054855,0.0,0.0,0.0,47.00917434692383
200828,1994.356124,1.125,0.08538442105054855,0.0,0.0,0.0,47.00917434692383
200848,1994.376126,1.1260000467300415,0.08725668489933014,0.0,0.0,0.0,46.92753982543945
200868,1994.396120,1.1260000467300415,0.08725668489933014,0.0,0.0,0.0,46.92753982543945
200888,1994.416122,1.128000020980835,0.08857573568820953,0.0,0.0,0.0,46.99795150756836
200908,1994.436125,1.128000020980835,0.08857573568820953,0.0,0.0,0.0,46.99795150756836
200928,1994.456118,1.1260000467300415,0.08937163650989532,0.0,0.0,0.0,46.74681854248047
200948,1994.476127,1.1260000467300415,0.08937163650989532,0.0,0.0,0.0,46.74681854248047
200968,1994.496120,1.1320000886917114,0.09022199362516403,0.0,0.0,0.0,47.20779800415039
200988,1994.516121,1.1320000886917114,0.09022199362516403,0.0,0.0,0.0,47.20779800415039
201008,1994.536125,1.125,0.08924359083175659,0.0,0.0,0.0,46.54801940917969
201028,1994.556119,1.125,0.08924359083175659,0.0,0.0,0.0,46.54801940917969
201048,1994.576118,1.125,0.08924359083175659,0.0,0.0,0.0,46.54801940917969
201068,1994.596359,1.124000072479248,0.08960622549057007,0.0,0.0,0.0,46.430389404296875
201088,1994.615513,1.124000072479248,0.08960622549057007,0.0,0.0,0.0,46.430389404296875
201108,1994.635517,1.124000072479248,0.08986445516347885,0.0,0.0,0.0,46.4089469909668
201128,1994.655512,1.124000072479248,0.08986445516347885,0.0,0.0,0.0,46.4089469909668
201148,1994.675521,1.1290000677108765,0.09077617526054382,0.0,0.0,0.0,46.77671432495117
201168,1994.695512,1.1290000677108765,0.09077617526054382,0.0,0.0,0.0,46.77671432495117
201188,1994.715508,1.1260000467300415,0.0937667265534401,0.0,0.0,0.0,46.36213302612305
201208,1994.735512,1.1260000467300415,0.0937667265534401,0.0,0.0,0.0,46.36213302612305
201228,1994.755515,1.1290000677108765,0.09451057016849518,0.0,0.0,0.0,46.56301498413086
201248,1994.775509,1.1290000677108765,0.09451057016849518,0.0,0.0,0.0,46.56301498413086
201268,1994.795509,1.128000020980835,0.09590251743793488,0.0,0.0,0.0,46.352115631103516
201288,1994.815508,1.128000020980835,0.09590251743793488,0.0,0.0,0.0,46.352115631103516
201308,1994.835507,1.1330000162124634,0.0978914350271225,0.0,0.0,0.0,46.619564056396484
201328,1994.855504,1.1330000162124634,0.0978914350271225,0.0,0.0,0.0,46.619564056396484
201348,1994.875509,1.121000051498413,0.09834491461515427,0.0,0.0,0.0,45.374183654785156
201368,1994.895507,1.121000051498413,0.09834491461515427,0.0,0.0,0.0,45.374183654785156
201388,1994.915506,1.121000051498413,0.09834491461515427,0.0,0.0,0.0,45.374183654785156
201408,1994.935511,1.1260000467300415,0.10027693957090378,0.0,0.0,0.0,45.6312141418457
201428,1994.955501,1.1260000467300415,0.10027693957090378,0.0,0.0,0.0,45.6312141418457
201448,1994.975512,1.1330000162124634,0.10111217945814133,0.0,0.0,0.0,46.199928283691406
201468,1994.995505,1.1330000162124634,0.10111217945814133,0.0,0.0,0.0,46.199928283691406
201488,1995.015503,1.1290000677108765,0.10265398025512695,0.0,0.0,0.0,45.694576263427734
201508,1995.035505,1.1290000677108765,0.10265398025512695,0.0,0.0,0.0,45.694576263427734
201528,1995.055505,1.1260000467300415,0.10461103916168213,0.0,0.0,0.0,45.26283645629883
201548,1995.075505,1.1260000467300415,0.10461103916168213,0.0,0.0,0.0,45.26283645629883
201568,1995.095502,1.1260000467300415,0.10878424346446991,0.0,0.0,0.0,45.00965118408203
201588,1995.115501,1.1260000467300415,0.10878424346446991,0.0,0.0,0.0,45.00965118408203
201608,1995.135507,1.1230000257492065,0.11108289659023285,0.0,0.0,0.0,44.54258346557617
201628,1995.155519,1.1230000257492065,0.11108289659023285,0.0,0.0,0.0,44.54258346557617
201648,1995.175500,1.1290000677108765,0.11326882988214493,0.0,0.0,0.0,44.88352966308594
201668,1995.195503,1.1290000677108765,0.11326882988214493,0.0,0.0,0.0,44.88352966308594
201688,1995.215494,1.13100004196167,0.11511676013469696,0.0,0.0,0.0,44.90565872192383
201708,1995.235494,1.13100004196167,0.11511676013469696,0.0,0.0,0.0,44.90565872192383
201728,1995.255505,1.128000020980835,0.11779780685901642,0.0,0.0,0.0,44.40081024169922
201748,1995.275495,1.128000020980835,0.11779780685901642,0.0,0.0,0.0,44.40081024169922
201768,1995.295494,1.13100004196167,0.11864925175905228,0.0,0.0,0.0,44.47847366333008
201788,1995.315492,1.13100004196167,0.11864925175905228,0.0,0.0,0.0,44.47847366333008
201808,1995.335499,1.13100004196167,0.11864925175905228,0.0,0.0,0.0,44.47847366333008
201828,1995.355495,1.1260000467300415,0.11994872987270355,0.0,0.0,0.0,43.92841720581055
201848,1995.375501,1.1260000467300415,0.11994872987270355,0.0,0.0,0.0,43.92841720581055
201868,1995.395524,1.1330000162124634,0.1216888278722763,0.0,0.0,0.0,44.379058837890625
201888,1995.415494,1.1330000162124634,0.1216888278722763,0.0,0.0,0.0,44.379058837890625
201908,1995.435491,1.1299999952316284,0.1234220638871193,0.0,0.0,0.0,43.97981262207031
201928,1995.455491,1.1299999952316284,0.1234220638871193,0.0,0.0,0.0,43.97981262207031
201948,1995.475492,1.1350001096725464,0.1272292286157608,0.0,0.0,0.0,44.20401382446289
201968,1995.495522,1.1350001096725464,0.1272292286157608,0.0,0.0,0.0,44.20401382446289
201988,1995.515495,1.1340000629425049,0.1277964860200882,0.0,0.0,0.0,44.06832504272461
202008,1995.535490,1.1340000629425049,0.1277964860200882,0.0,0.0,0.0,44.06832504272461
202028,1995.555486,1.1340000629425049,0.12822020053863525,0.0,0.0,0.0,44.02680206298828
202048,1995.575488,1.1340000629425049,0.12822020053863525,0.0,0.0,0.0,44.02680206298828
202068,1995.595492,1.1320000886917114,0.12810587882995605,0.0,0.0,0.0,43.8680534362793
202088,1995.615491,1.1320000886917114,0.12810587882995605,0.0,0.0,0.0,43.8680534362793
202108,1995.635489,1.1320000886917114,0.12762995064258575,0.0,0.0,0.0,43.91437530517578
202128,1995.655486,1.1320000886917114,0.12762995064258575,0.0,0.0,0.0,43.91437530517578
202148,1995.675489,1.1320000886917114,0.12762995064258575,0.0,0.0,0.0,43.91437530517578
202168,1995.695491,1.127000093460083,0.12550432980060577,0.0,0.0,0.0,43.56698989868164
202188,1995.715486,1.127000093460083,0.12550432980060577,0.0,0.0,0.0,43.56698989868164
202208,1995.735487,1.1340000629425049,0.1260889619588852,0.0,0.0,0.0,44.130428314208984
202228,1995.755481,1.1340000629425049,0.1260889619588852,0.0,0.0,0.0,44.130428314208984
202248,1995.775482,1.1370000839233398,0.12743377685546875,0.0,0.0,0.0,44.28902816772461
202268,1995.795488,1.1370000839233398,0.12743377685546875,0.0,0.0,0.0,44.28902816772461
202288,1995.815484,1.1330000162124634,0.13315856456756592,0.0,0.0,0.0,43.58984375
202308,1995.835490,1.1330000162124634,0.13315856456756592,0.0,0.0,0.0,43.58984375
202328,1995.855485,1.1370000839233398,0.13301339745521545,0.0,0.0,0.0,43.915626525878906
202348,1995.875487,1.1370000839233398,0.13301339745521545,0.0,0.0,0.0,43.915626525878906
202368,1995.895483,1.124000072479248,0.13402067124843597,0.0,0.0,0.0,42.701873779296875
202388,1995.915480,1.124000072479248,0.13402067124843597,0.0,0.0,0.0,42.701873779296875
202408,1995.935484,1.1320000886917114,0.13471297919750214,0.0,0.0,0.0,43.331424713134766
202428,1995.955486,1.1320000886917114,0.13471297919750214,0.0,0.0,0.0,43.331424713134766
202448,1995.975481,1.13100004196167,0.13499151170253754,0.0,0.0,0.0,43.23997116088867
202468,1995.995483,1.13100004196167,0.13499151170253754,0.0,0.0,0.0,43.23997116088867
202488,1996.015482,1.13100004196167,0.13499151170253754,0.0,0.0,0.0,43.23997116088867
202508,1996.034486,1.1330000162124634,0.13320475816726685,0.0,0.0,0.0,43.460243225097656
202528,1996.054483,1.1330000162124634,0.13320475816726685,0.0,0.0,0.0,43.460243225097656
202548,1996.074489,1.124000072479248,0.13385576009750366,0.0,0.0,0.0,42.636695861816406
202568,1996.094480,1.124000072479248,0.13385576009750366,0.0,0.0,0.0,42.636695861816406
202588,1996.114477,1.127000093460083,0.1335211545228958,0.0,0.0,0.0,42.92000961303711
202608,1996.134473,1.127000093460083,0.1335211545228958,0.0,0.0,0.0,42.92000961303711
202628,1996.154478,1.1220000982284546,0.13340745866298676,0.0,0.0,0.0,42.51310729980469
202648,1996.174486,1.1220000982284546,0.13340745866298676,0.0,0.0,0.0,42.51310729980469
202668,1996.194479,1.1230000257492065,0.13439494371414185,0.0,0.0,0.0,42.607601165771484
202688,1996.214472,1.1230000257492065,0.13439494371414185,0.0,0.0,0.0,42.607601165771484
202708,1996.234489,1.1190000772476196,0.13387955725193024,0.0,0.0,0.0,42.30528259277344
202728,1996.254481,1.1190000772476196,0.13387955725193024,0.0,0.0,0.0,42.30528259277344
202748,1996.274478,1.1230000257492065,0.13294431567192078,0.0,0.0,0.0,42.73626708984375
202768,1996.294476,1.1230000257492065,0.13294431567192078,0.0,0.0,0.0,42.73626708984375
202788,1996.314470,1.1200000047683716,0.1319383680820465,0.0,0.0,0.0,42.57383346557617
202808,1996.334475,1.1200000047683716,0.1319383680820465,0.0,0.0,0.0,42.57383346557617
202828,1996.354471,1.1200000047683716,0.1319383680820465,0.0,0.0,0.0,42.57383346557617
202848,1996.374491,1.1200000047683716,0.12775932252407074,0.0,0.0,0.0,42.8217887878418
202868,1996.394475,1.1200000047683716,0.12775932252407074,0.0,0.0,0.0,42.8217887878418
202888,1996.414469,1.1170001029968262,0.12624818086624146,0.0,0.0,0.0,42.68236541748047
202908,1996.434420,1.1170001029968262,0.12624818086624146,0.0,0.0,0.0,42.68236541748047
202928,1996.454443,1.1150000095367432,0.12477566301822662,0.0,0.0,0.0,42.64583969116211
202948,1996.474443,1.1150000095367432,0.12477566301822662,0.0,0.0,0.0,42.64583969116211
202968,1996.494432,1.1140000820159912,0.12383457273244858,0.0,0.0,0.0,42.64423751831055
202988,1996.514431,1.1140000820159912,0.12383457273244858,0.0,0.0,0.0,42.64423751831055
203008,1996.534434,1.1120001077651978,0.1236252561211586,0.0,0.0,0.0,42.600379943847656
203028,1996.554437,1.1120001077651978,0.1236252561211586,0.0,0.0,0.0,42.600379943847656
203048,1996.574450,1.1120001077651978,0.12206796556711197,0.0,0.0,0.0,42.726566314697266
203068,1996.594433,1.1120001077651978,0.12206796556711197,0.0,0.0,0.0,42.726566314697266
203088,1996.614427,1.1150000095367432,0.1210358738899231,0.0,0.0,0.0,43.07683563232422
203108,1996.634430,1.1150000095367432,0.1210358738899231,0.0,0.0,0.0,43.07683563232422
203128,1996.654427,1.1060000658035278,0.1192534938454628,0.0,0.0,0.0,42.44764709472656
203148,1996.674431,1.1060000658035278,0.1192534938454628,0.0,0.0,0.0,42.44764709472656
203168,1996.694429,1.1060000658035278,0.1192534938454628,0.0,0.0,0.0,42.44764709472656
203188,1996.714424,1.1010000705718994,0.1160307452082634,0.0,0.0,0.0,42.189247131347656
203208,1996.734422,1.1010000705718994,0.1160307452082634,0.0,0.0,0.0,42.189247131347656
203228,1996.754423,1.1010000705718994,0.11497700959444046,0.0,0.0,0.0,42.291378021240234
203248,1996.774425,1.1010000705718994,0.11497700959444046,0.0,0.0,0.0,42.291378021240234
203268,1996.794426,1.100000023841858,0.11423664540052414,0.0,0.0,0.0,42.261287689208984
203288,1996.814426,1.100000023841858,0.11423664540052414,0.0,0.0,0.0,42.261287689208984
203308,1996.834428,1.1010000705718994,0.11404954642057419,0.0,0.0,0.0,42.360389709472656
203328,1996.854011,1.1010000705718994,0.11404954642057419,0.0,0.0,0.0,42.360389709472656
203348,1996.874019,1.1060000658035278,0.11489614844322205,0.0,0.0,0.0,42.83069610595703
203368,1996.894046,1.1060000658035278,0.11489614844322205,0.0,0.0,0.0,42.83069610595703
203388,1996.914044,1.096000075340271,0.11388421803712845,0.0,0.0,0.0,42.05854797363281
203408,1996.934039,1.096000075340271,0.11388421803712845,0.0,0.0,0.0,42.05854797363281
203428,1996.954043,1.1040000915527344,0.11284484714269638,0.0,0.0,0.0,42.824180603027344
203448,1996.974041,1.1040000915527344,0.11284484714269638,0.0,0.0,0.0,42.824180603027344
203468,1996.994041,1.090000033378601,0.11230365186929703,0.0,0.0,0.0,41.67677688598633
203488,1997.014041,1.090000033378601,0.11230365186929703,0.0,0.0,0.0,41.67677688598633
203508,1997.034038,1.090000033378601,0.11230365186929703,0.0,0.0,0.0,41.67677688598633
203528,1997.054038,1.096000075340271,0.10967577248811722,0.0,0.0,0.0,42.30080795288086
203548,1997.074043,1.096000075340271,0.10967577248811722,0.0,0.0,0.0,42.30080795288086
203568,1997.094046,1.0920000076293945,0.10894093662500381,0.0,0.0,0.0,42.01372146606445
203588,1997.114041,1.0920000076293945,0.10894093662500381,0.0,0.0,0.0,42.01372146606445
203608,1997.134042,1.090000033378601,0.10847654193639755,0.0,0.0,0.0,41.88346862792969
203628,1997.154038,1.090000033378601,0.10847654193639755,0.0,0.0,0.0,41.88346862792969
203648,1997.174044,1.090000033378601,0.10762046277523041,0.0,0.0,0.0,41.95885467529297
203668,1997.194041,1.090000033378601,0.10762046277523041,0.0,0.0,0.0,41.95885467529297
203688,1997.214037,1.0940001010894775,0.10642917454242706,0.0,0.0,0.0,42.39802169799805
203708,1997.234038,1.0940001010894775,0.10642917454242706,0.0,0.0,0.0,42.39802169799805
203728,1997.254038,1.0920000076293945,0.10701523721218109,0.0,0.0,0.0,42.28074264526367
203748,1997.274062,1.0920000076293945,0.10701523721218109,0.0,0.0,0.0,42.28074264526367
203768,1997.294039,1.0850000381469727,0.10623276978731155,0.0,0.0,0.0,41.75794219970703
203788,1997.314034,1.0850000381469727,0.10623276978731155,0.0,0.0,0.0,41.75794219970703
203808,1997.334030,1.0860000848770142,0.10488948971033096,0.0,0.0,0.0,41.95539855957031
203828,1997.354040,1.0860000848770142,0.10488948971033096,0.0,0.0,0.0,41.95539855957031
203848,1997.374041,1.0800000429153442,0.10288558155298233,0.0,0.0,0.0,41.61100387573242
203868,1997.394034,1.0800000429153442,0.10288558155298233,0.0,0.0,0.0,41.61100387573242
203888,1997.414026,1.0800000429153442,0.10288558155298233,0.0,0.0,0.0,41.61100387573242
203908,1997.434025,1.0760000944137573,0.09899604320526123,0.0,0.0,0.0,41.505638122558594
203928,1997.454028,1.0760000944137573,0.09899604320526123,0.0,0.0,0.0,41.505638122558594
203948,1997.474061,1.0740000009536743,0.09720542281866074,0.0,0.0,0.0,41.49931335449219
203968,1997.494035,1.0740000009536743,0.09720542281866074,0.0,0.0,0.0,41.49931335449219
203988,1997.514029,1.0800000429153442,0.09558559209108353,0.0,0.0,0.0,42.169761657714844
204008,1997.534027,1.0800000429153442,0.09558559209108353,0.0,0.0,0.0,42.169761657714844
204028,1997.554033,1.0730000734329224,0.09373154491186142,0.0,0.0,0.0,41.73192596435547
204048,1997.574030,1.0730000734329224,0.09373154491186142,0.0,0.0,0.0,41.73192596435547
204068,1997.594035,1.0760000944137573,0.09580232948064804,0.0,0.0,0.0,41.980648040771484
204088,1997.614025,1.0760000944137573,0.09580232948064804,0.0,0.0,0.0,41.980648040771484
204108,1997.634023,1.0770000219345093,0.09238117933273315,0.0,0.0,0.0,42.31290817260742
204128,1997.654020,1.0770000219345093,0.09238117933273315,0.0,0.0,0.0,42.31290817260742
204148,1997.674024,1.0720000267028809,0.09144587069749832,0.0,0.0,0.0,41.96674728393555
204168,1997.694030,1.0720000267028809,0.09144587069749832,0.0,0.0,0.0,41.96674728393555
204188,1997.714023,1.0720000267028809,0.09144587069749832,0.0,0.0,0.0,41.96674728393555
204208,1997.734028,1.0640000104904175,0.08949249982833862,0.0,0.0,0.0,41.442726135253906
204228,1997.754022,1.0640000104904175,0.08949249982833862,0.0,0.0,0.0,41.442726135253906
204248,1997.774033,1.058000087738037,0.08447470515966415,0.0,0.0,0.0,41.2518424987793
204268,1997.794021,1.058000087738037,0.08447470515966415,0.0,0.0,0.0,41.2518424987793
204288,1997.814017,1.0660001039505005,0.08226315677165985,0.0,0.0,0.0,42.12700271606445
204308,1997.834019,1.0660001039505005,0.08226315677165985,0.0,0.0,0.0,42.12700271606445
204328,1997.854019,1.062000036239624,0.0808325856924057,0.0,0.0,0.0,41.90714645385742
204348,1997.874018,1.062000036239624,0.0808325856924057,0.0,0.0,0.0,41.90714645385742
204368,1997.894019,1.065000057220459,0.07874774932861328,0.0,0.0,0.0,42.33738708496094
204388,1997.914016,1.065000057220459,0.07874774932861328,0.0,0.0,0.0,42.33738708496094
204408,1997.934016,1.0570000410079956,0.07749464362859726,0.0,0.0,0.0,41.87266540527344
204428,1997.954021,1.0570000410079956,0.07749464362859726,0.0,0.0,0.0,41.87266540527344
204448,1997.974047,1.0600000619888306,0.07522193342447281,0.0,0.0,0.0,42.33274841308594
204468,1997.994020,1.0600000619888306,0.07522193342447281,0.0,0.0,0.0,42.33274841308594
204488,1998.014016,1.0520000457763672,0.0727793276309967,0.0,0.0,0.0,41.86414337158203
204508,1998.034018,1.0520000457763672,0.0727793276309967,0.0,0.0,0.0,41.86414337158203
204528,1998.054022,1.0500000715255737,0.07004917412996292,0.0,0.0,0.0,41.93425750732422
204548,1998.073017,1.0500000715255737,0.07004917412996292,0.0,0.0,0.0,41.93425750732422
204568,1998.094019,1.0500000715255737,0.07004917412996292,0.0,0.0,0.0,41.93425750732422
204588,1998.113017,1.0520000457763672,0.06689934432506561,0.0,0.0,0.0,42.36807632446289
204608,1998.133013,1.0520000457763672,0.06689934432506561,0.0,0.0,0.0,42.36807632446289
204628,1998.153015,1.0509999990463257,0.061505913734436035,0.0,0.0,0.0,42.64167785644531
204648,1998.173024,1.0509999990463257,0.061505913734436035,0.0,0.0,0.0,42.64167785644531
204668,1998.193017,1.0430001020431519,0.05754969269037247,0.0,0.0,0.0,42.2983283996582
204688,1998.213017,1.0430001020431519,0.05754969269037247,0.0,0.0,0.0,42.2983283996582
204708,1998.233012,1.0480000972747803,0.05536077544093132,0.0,0.0,0.0,42.92587661743164
204728,1998.253011,1.0480000972747803,0.05536077544093132,0.0,0.0,0.0,42.92587661743164
204748,1998.273014,1.040000081062317,0.05341702699661255,0.0,0.0,0.0,42.40651321411133
204768,1998.293014,1.040000081062317,0.05341702699661255,0.0,0.0,0.0,42.40651321411133
204788,1998.313045,1.0329999923706055,0.05442646145820618,0.0,0.0,0.0,41.86403274536133
204808,1998.333048,1.0329999923706055,0.05442646145820618,0.0,0.0,0.0,41.86403274536133
204828,1998.353021,1.0320000648498535,0.049575258046388626,0.0,0.0,0.0,42.15046691894531
204848,1998.373014,1.0320000648498535,0.049575258046388626,0.0,0.0,0.0,42.15046691894531
204868,1998.393019,1.0320000648498535,0.04655163362622261,0.0,0.0,0.0,42.40945053100586
204888,1998.413014,1.0320000648498535,0.04655163362622261,0.0,0.0,0.0,42.40945053100586
204908,1998.433010,1.0230000019073486,0.043288350105285645,0.0,0.0,0.0,41.922794342041016
204928,1998.453012,1.0230000019073486,0.043288350105285645,0.0,0.0,0.0,41.922794342041016
204948,1998.473011,1.0220000743865967,0.03982076421380043,0.0,0.0,0.0,42.12724304199219
204968,1998.493017,1.0220000743865967,0.03982076421380043,0.0,0.0,0.0,42.12724304199219
204988,1998.513011,1.0220000743865967,0.03982076421380043,0.0,0.0,0.0,42.12724304199219
205008,1998.533039,1.0190000534057617,0.03623463213443756,0.0,0.0,0.0,42.17063522338867
205028,1998.553012,1.0190000534057617,0.03623463213443756,0.0,0.0,0.0,42.17063522338867
205048,1998.573015,1.0200001001358032,0.030125118792057037,0.0,0.0,0.0,42.66265869140625
205068,1998.593022,1.0200001001358032,0.030125118792057037,0.0,0.0,0.0,42.66265869140625
205088,1998.613013,1.0160000324249268,0.026070650666952133,0.0,0.0,0.0,42.6726188659668
205108,1998.633009,1.0160000324249268,0.026070650666952133,0.0,0.0,0.0,42.6726188659668
205128,1998.652999,1.0090000629425049,0.02222483977675438,0.0,0.0,0.0,42.38615798950195
205148,1998.673006,1.0090000629425049,0.02222483977675438,0.0,0.0,0.0,42.38615798950195
205168,1998.693008,1.0120000839233398,0.020756540820002556,0.0,0.0,0.0,42.920005798339844
205188,1998.713007,1.0120000839233398,0.020756540820002556,0.0,0.0,0.0,42.920005798339844
205208,1998.733441,1.0090000629425049,0.01449897326529026,0.0,0.0,0.0,43.14069747924805
205228,1998.753423,1.0090000629425049,0.01449897326529026,0.0,0.0,0.0,43.14069747924805
205248,1998.773418,1.0130000114440918,0.010766151361167431,0.0,0.0,0.0,43.777400970458984
205268,1998.793421,1.0130000114440918,0.010766151361167431,0.0,0.0,0.0,43.777400970458984
205288,1998.813418,1.0,0.00789663940668106,0.0,0.0,0.0,42.88825607299805
205308,1998.833418,1.0,0.00789663940668106,0.0,0.0,0.0,42.88825607299805
205328,1998.853419,1.0,0.00789663940668106,0.0,0.0,0.0,42.88825607299805
205348,1998.873415,1.0040000677108765,0.005682742688804865,0.0,0.0,0.0,43.41382598876953
205368,1998.892417,1.0040000677108765,0.005682742688804865,0.0,0.0,0.0,43.41382598876953
205388,1998.912419,1.00600004196167,0.0011516959639266133,0.0,0.0,0.0,43.870399475097656
205408,1998.932423,1.00600004196167,0.0011516959639266133,0.0,0.0,0.0,43.870399475097656
205428,1998.953419,0.9940000176429749,-0.000724896090105176,0.0,0.0,0.0,43.004905700683594
205448,1998.972415,0.9940000176429749,-0.000724896090105176,0.0,0.0,0.0,43.004905700683594
205468,1998.992418,0.9950000643730164,-0.003146842820569873,0.0,0.0,0.0,43.30540466308594
205488,1999.012413,0.9950000643730164,-0.003146842820569873,0.0,0.0,0.0,43.30540466308594
205508,1999.032416,0.9960000514984131,-0.005474196746945381,0.0,0.0,0.0,43.608699798583984
205528,1999.052411,0.9960000514984131,-0.005474196746945381,0.0,0.0,0.0,43.608699798583984
205548,1999.072412,0.9930000305175781,-0.007048435043543577,0.0,0.0,0.0,43.606929779052734
205568,1999.092417,0.9930000305175781,-0.007048435043543577,0.0,0.0,0.0,43.606929779052734
205588,1999.112412,0.9940000176429749,-0.009527811780571938,0.0,0.0,0.0,43.9117431640625
205608,1999.132411,0.9940000176429749,-0.009527811780571938,0.0,0.0,0.0,43.9117431640625
205628,1999.152418,0.9820000529289246,-0.012188192456960678,0.0,0.0,0.0,43.107093811035156
205648,1999.172415,0.9820000529289246,-0.012188192456960678,0.0,0.0,0.0,43.107093811035156
205668,1999.192412,0.9820000529289246,-0.012188192456960678,0.0,0.0,0.0,43.107093811035156
205688,1999.212408,0.9910000562667847,-0.014878187328577042,0.0,0.0,0.0,44.15013885498047
205708,1999.232409,0.9910000562667847,-0.014878187328577042,0.0,0.0,0.0,44.15013885498047
205728,1999.252412,0.9830000400543213,-0.02057071216404438,0.0,0.0,0.0,43.83575439453125
205748,1999.272406,0.9830000400543213,-0.02057071216404438,0.0,0.0,0.0,43.83575439453125
205768,1999.292411,0.984000027179718,-0.024480314925312996,0.0,0.0,0.0,44.269996643066406
205788,1999.312404,0.984000027179718,-0.024480314925312996,0.0,0.0,0.0,44.269996643066406
205808,1999.332403,0.9760000705718994,-0.028812140226364136,0.0,0.0,0.0,43.961788177490234
205828,1999.352408,0.9760000705718994,-0.028812140226364136,0.0,0.0,0.0,43.961788177490234
205848,1999.372408,0.971000075340271,-0.03333212062716484,0.0,0.0,0.0,43.90018081665039
205868,1999.392409,0.971000075340271,-0.03333212062716484,0.0,0.0,0.0,43.90018081665039
205888,1999.412403,0.9670000672340393,-0.03842085227370262,0.0,0.0,0.0,43.99062728881836
205908,1999.432402,0.9670000672340393,-0.03842085227370262,0.0,0.0,0.0,43.99062728881836
205928,1999.452403,0.9730000495910645,-0.04287507385015488,0.0,0.0,0.0,45.016326904296875
205948,1999.472401,0.9730000495910645,-0.04287507385015488,0.0,0.0,0.0,45.016326904296875
205968,1999.492407,0.9630000591278076,-0.04778054729104042,0.0,0.0,0.0,44.56498336791992
205988,1999.512403,0.9630000591278076,-0.04778054729104042,0.0,0.0,0.0,44.56498336791992
206008,1999.532407,0.9600000381469727,-0.05261225253343582,0.0,0.0,0.0,44.713321685791016
206028,1999.552402,0.9600000381469727,-0.05261225253343582,0.0,0.0,0.0,44.713321685791016
206048,1999.572405,0.9600000381469727,-0.05261225253343582,0.0,0.0,0.0,44.713321685791016
206068,1999.592406,0.9570000171661377,-0.05704176053404808,0.0,0.0,0.0,44.82603073120117
206088,1999.612396,0.9570000171661377,-0.05704176053404808,0.0,0.0,0.0,44.82603073120117
206108,1999.632399,0.9570000171661377,-0.06380931288003922,0.0,0.0,0.0,45.310813903808594
206128,1999.652395,0.9570000171661377,-0.06380931288003922,0.0,0.0,0.0,45.310813903808594
206148,1999.672396,0.9520000219345093,-0.06772752851247787,0.0,0.0,0.0,45.210994720458984
206168,1999.692403,0.9520000219345093,-0.06772752851247787,0.0,0.0,0.0,45.210994720458984
206188,1999.712396,0.9510000348091125,-0.0714474618434906,0.0,0.0,0.0,45.456207275390625
206208,1999.732396,0.9510000348091125,-0.0714474618434906,0.0,0.0,0.0,45.456207275390625
206228,1999.752394,0.9480000734329224,-0.07499758154153824,0.0,0.0,0.0,45.53138732910156
206248,1999.772400,0.9480000734329224,-0.07499758154153824,0.0,0.0,0.0,45.53138732910156
206268,1999.792398,0.9430000185966492,-0.0771729126572609,0.0,0.0,0.0,45.42609786987305
206288,1999.812395,0.9430000185966492,-0.0771729126572609,0.0,0.0,0.0,45.42609786987305
206308,1999.832395,0.9430000185966492,-0.07984291017055511,0.0,0.0,0.0,45.678340911865234
206328,1999.852391,0.9430000185966492,-0.07984291017055511,0.0,0.0,0.0,45.678340911865234
206348,1999.872392,0.9390000700950623,-0.08202439546585083,0.0,0.0,0.0,45.53982925415039
206368,1999.892394,0.9390000700950623,-0.08202439546585083,0.0,0.0,0.0,45.53982925415039
206388,1999.912974,0.9390000700950623,-0.08202439546585083,0.0,0.0,0.0,45.53982925415039
206408,1999.931970,0.940000057220459,-0.08403758704662323,0.0,0.0,0.0,45.82256317138672
206428,1999.951970,0.940000057220459,-0.08403758704662323,0.0,0.0,0.0,45.82256317138672
206448,1999.971966,0.940000057220459,-0.0891338661313057,0.0,0.0,0.0,46.171451568603516
206468,1999.992397,0.940000057220459,-0.0891338661313057,0.0,0.0,0.0,46.171451568603516
206488,2000.012397,0.9380000233650208,-0.09221124649047852,0.0,0.0,0.0,46.27971267700195
206508,2000.032390,0.9380000233650208,-0.09221124649047852,0.0,0.0,0.0,46.27971267700195
206528,2000.052393,0.9340000152587891,-0.09649080038070679,0.0,0.0,0.0,46.30388259887695
206548,2000.072388,0.9340000152587891,-0.09649080038070679,0.0,0.0,0.0,46.30388259887695
206568,2000.092393,0.9350000619888306,-0.10070919245481491,0.0,0.0,0.0,46.77375030517578
206588,2000.112969,0.9350000619888306,-0.10070919245481491,0.0,0.0,0.0,46.77375030517578
206608,2000.132008,0.9200000166893005,-0.10459445416927338,0.0,0.0,0.0,45.77416229248047
206628,2000.151967,0.9200000166893005,-0.10459445416927338,0.0,0.0,0.0,45.77416229248047
206648,2000.171969,0.9220000505447388,-0.1046375036239624,0.0,0.0,0.0,46.098793029785156
206668,2000.191976,0.9220000505447388,-0.1046375036239624,0.0,0.0,0.0,46.098793029785156
206688,2000.211967,0.9190000295639038,-0.11130006611347198,0.0,0.0,0.0,46.37401580810547
206708,2000.231963,0.9190000295639038,-0.11130006611347198,0.0,0.0,0.0,46.37401580810547
206728,2000.251964,0.9180000424385071,-0.11560115218162537,0.0,0.0,0.0,46.67179870605469
206748,2000.271963,0.9180000424385071,-0.11560115218162537,0.0,0.0,0.0,46.67179870605469
206768,2000.291968,0.9170000553131104,-0.12024866789579391,0.0,0.0,0.0,46.983604431152344
206788,2000.311963,0.9170000553131104,-0.12024866789579391,0.0,0.0,0.0,46.983604431152344
206808,2000.331964,0.9170000553131104,-0.12024866789579391,0.0,0.0,0.0,46.983604431152344
206828,2000.351962,0.909000039100647,-0.12375211715698242,0.0,0.0,0.0,46.57261657714844
206848,2000.371961,0.909000039100647,-0.12375211715698242,0.0,0.0,0.0,46.57261657714844
206868,2000.391968,0.9050000309944153,-0.1272357553243637,0.0,0.0,0.0,46.520816802978516
206888,2000.411966,0.9050000309944153,-0.1272357553243637,0.0,0.0,0.0,46.520816802978516
206908,2000.431963,0.8970000147819519,-0.13314378261566162,0.0,0.0,0.0,46.20613479614258
206928,2000.451965,0.8970000147819519,-0.13314378261566162,0.0,0.0,0.0,46.20613479614258
206948,2000.471961,0.8990000486373901,-0.13685564696788788,0.0,0.0,0.0,46.73186111450195
206968,2000.491965,0.8990000486373901,-0.13685564696788788,0.0,0.0,0.0,46.73186111450195
206988,2000.511962,0.8990000486373901,-0.14095914363861084,0.0,0.0,0.0,47.123390197753906
207008,2000.531960,0.8990000486373901,-0.14095914363861084,0.0,0.0,0.0,47.123390197753906
207028,2000.551961,0.8980000615119934,-0.14489731192588806,0.0,0.0,0.0,47.39134216308594
207048,2000.571956,0.8980000615119934,-0.14489731192588806,0.0,0.0,0.0,47.39134216308594
207068,2000.591968,0.9010000228881836,-0.14420129358768463,0.0,0.0,0.0,47.77375411987305
207088,2000.611964,0.9010000228881836,-0.14420129358768463,0.0,0.0,0.0,47.77375411987305
207108,2000.630961,0.8920000195503235,-0.149403914809227,0.0,0.0,0.0,47.373573303222656
207128,2000.651959,0.8920000195503235,-0.149403914809227,0.0,0.0,0.0,47.373573303222656
207148,2000.671953,0.8920000195503235,-0.1521819829940796,0.0,0.0,0.0,47.62950134277344
207168,2000.691959,0.8920000195503235,-0.1521819829940796,0.0,0.0,0.0,47.62950134277344
207188,2000.711951,0.8920000195503235,-0.1521819829940796,0.0,0.0,0.0,47.62950134277344
207208,2000.730997,0.8940000534057617,-0.15565890073776245,0.0,0.0,0.0,48.134315490722656
207228,2000.751954,0.8940000534057617,-0.15565890073776245,0.0,0.0,0.0,48.134315490722656
207248,2000.771961,0.8910000324249268,-0.15913251042366028,0.0,0.0,0.0,48.18738555908203
207268,2000.791961,0.8910000324249268,-0.15913251042366028,0.0,0.0,0.0,48.18738555908203
207288,2000.811972,0.8820000290870667,-0.1653832644224167,0.0,0.0,0.0,47.84565353393555
207308,2000.831959,0.8820000290870667,-0.1653832644224167,0.0,0.0,0.0,47.84565353393555
207328,2000.851953,0.8880000710487366,-0.16934910416603088,0.0,0.0,0.0,48.75771713256836
207348,2000.871955,0.8880000710487366,-0.16934910416603088,0.0,0.0,0.0,48.75771713256836
207368,2000.891958,0.8820000290870667,-0.17221613228321075,0.0,0.0,0.0,48.50326919555664
207388,2000.910955,0.8820000290870667,-0.17221613228321075,0.0,0.0,0.0,48.50326919555664
207408,2000.931951,0.8830000162124634,-0.17503349483013153,0.0,0.0,0.0,48.84549331665039
207428,2000.951949,0.8830000162124634,-0.17503349483013153,0.0,0.0,0.0,48.84549331665039
207448,2000.971949,0.878000020980835,-0.17713673412799835,0.0,0.0,0.0,48.68935012817383
207468,2000.991959,0.878000020980835,-0.17713673412799835,0.0,0.0,0.0,48.68935012817383
207488,2001.011967,0.8800000548362732,-0.18041104078292847,0.0,0.0,0.0,49.15057373046875
207508,2001.031948,0.8800000548362732,-0.18041104078292847,0.0,0.0,0.0,49.15057373046875
207528,2001.051950,0.8770000338554382,-0.18392494320869446,0.0,0.0,0.0,49.19588088989258
207548,2001.071945,0.8770000338554382,-0.18392494320869446,0.0,0.0,0.0,49.19588088989258
207568,2001.091956,0.8770000338554382,-0.18392494320869446,0.0,0.0,0.0,49.19588088989258
207588,2001.111942,0.8700000643730164,-0.18704114854335785,0.0,0.0,0.0,48.83220672607422
207608,2001.131920,0.8700000643730164,-0.18704114854335785,0.0,0.0,0.0,48.83220672607422
207628,2001.151947,0.8640000224113464,-0.19001375138759613,0.0,0.0,0.0,48.5548095703125
207648,2001.171942,0.8640000224113464,-0.19001375138759613,0.0,0.0,0.0,48.5548095703125
207668,2001.191953,0.8680000305175781,-0.19640690088272095,0.0,0.0,0.0,49.39619445800781
207688,2001.211966,0.8680000305175781,-0.19640690088272095,0.0,0.0,0.0,49.39619445800781
207708,2001.231380,0.8640000224113464,-0.1996447592973709,0.0,0.0,0.0,49.31656265258789
207728,2001.251362,0.8640000224113464,-0.1996447592973709,0.0,0.0,0.0,49.31656265258789
207748,2001.271364,0.8560000658035278,-0.20298071205615997,0.0,0.0,0.0,48.87596893310547
207768,2001.292401,0.8560000658035278,-0.20298071205615997,0.0,0.0,0.0,48.87596893310547
207788,2001.311368,0.859000027179718,-0.20624102652072906,0.0,0.0,0.0,49.4765510559082
207808,2001.331433,0.859000027179718,-0.20624102652072906,0.0,0.0,0.0,49.4765510559082
207828,2001.351360,0.8570000529289246,-0.20799030363559723,0.0,0.0,0.0,49.575504302978516
207848,2001.371363,0.8570000529289246,-0.20799030363559723,0.0,0.0,0.0,49.575504302978516
207868,2001.391374,0.8520000576972961,-0.21070456504821777,0.0,0.0,0.0,49.35112762451172
207888,2001.411357,0.8520000576972961,-0.21070456504821777,0.0,0.0,0.0,49.35112762451172
207908,2001.431364,0.8520000576972961,-0.21070456504821777,0.0,0.0,0.0,49.35112762451172
207928,2001.451374,0.8540000319480896,-0.21318836510181427,0.0,0.0,0.0,49.77376174926758
207948,2001.471310,0.8540000319480896,-0.21318836510181427,0.0,0.0,0.0,49.77376174926758
207968,2001.492320,0.8480000495910645,-0.2155262529850006,0.0,0.0,0.0,49.418540954589844
207988,2001.511330,0.8480000495910645,-0.2155262529850006,0.0,0.0,0.0,49.418540954589844
208008,2001.531322,0.8480000495910645,-0.22063471376895905,0.0,0.0,0.0,49.76405334472656
208028,2001.551900,0.8480000495910645,-0.22063471376895905,0.0,0.0,0.0,49.76405334472656
208048,2001.571899,0.8450000286102295,-0.22295480966567993,0.0,0.0,0.0,49.70169448852539
208068,2001.592327,0.8450000286102295,-0.22295480966567993,0.0,0.0,0.0,49.70169448852539
208088,2001.611900,0.843000054359436,-0.225678950548172,0.0,0.0,0.0,49.76599884033203
208108,2001.631899,0.843000054359436,-0.225678950548172,0.0,0.0,0.0,49.76599884033203
208128,2001.651899,0.8420000672340393,-0.2285580039024353,0.0,0.0,0.0,49.9344482421875
208148,2001.671899,0.8420000672340393,-0.2285580039024353,0.0,0.0,0.0,49.9344482421875
208168,2001.691906,0.8380000591278076,-0.23000884056091309,0.0,0.0,0.0,49.81850814819336
208188,2001.711897,0.8380000591278076,-0.23000884056091309,0.0,0.0,0.0,49.81850814819336
208208,2001.731901,0.8340000510215759,-0.23255640268325806,0.0,0.0,0.0,49.652156829833984
208228,2001.751894,0.8340000510215759,-0.23255640268325806,0.0,0.0,0.0,49.652156829833984
208248,2001.771895,0.8340000510215759,-0.23255640268325806,0.0,0.0,0.0,49.652156829833984
208268,2001.791935,0.8320000171661377,-0.23474238812923431,0.0,0.0,0.0,49.668460845947266
208288,2001.811930,0.8320000171661377,-0.23474238812923431,0.0,0.0,0.0,49.668460845947266
208308,2001.831930,0.8350000381469727,-0.23700225353240967,0.0,0.0,0.0,50.1859245300293
208328,2001.851926,0.8350000381469727,-0.23700225353240967,0.0,0.0,0.0,50.1859245300293
208348,2001.871928,0.8350000381469727,-0.24165502190589905,0.0,0.0,0.0,50.51128005981445
208368,2001.891941,0.8350000381469727,-0.24165502190589905,0.0,0.0,0.0,50.51128005981445
208388,2001.911928,0.8250000476837158,-0.24391673505306244,0.0,0.0,0.0,49.83375930786133
208408,2001.931941,0.8250000476837158,-0.24391673505306244,0.0,0.0,0.0,49.83375930786133
208428,2001.951934,0.8300000429153442,-0.2454816848039627,0.0,0.0,0.0,50.443939208984375
208448,2001.971928,0.8300000429153442,-0.2454816848039627,0.0,0.0,0.0,50.443939208984375
208468,2001.991932,0.8260000348091125,-0.24428845942020416,0.0,0.0,0.0,50.07062911987305
208488,2002.011930,0.8260000348091125,-0.24428845942020416,0.0,0.0,0.0,50.07062911987305
208508,2002.031922,0.8260000348091125,-0.24499192833900452,0.0,0.0,0.0,50.1552619934082
208528,2002.051929,0.8260000348091125,-0.24499192833900452,0.0,0.0,0.0,50.1552619934082
208548,2002.071924,0.8260000348091125,-0.24499192833900452,0.0,0.0,0.0,50.1552619934082
208568,2002.091925,0.8320000171661377,-0.2460290789604187,0.0,0.0,0.0,50.82390213012695
208588,2002.110346,0.8320000171661377,-0.2460290789604187,0.0,0.0,0.0,50.82390213012695
208608,2002.130344,0.8290000557899475,-0.24748975038528442,0.0,0.0,0.0,50.69749450683594
208628,2002.150346,0.8290000557899475,-0.24748975038528442,0.0,0.0,0.0,50.69749450683594
208648,2002.170346,0.8260000348091125,-0.25129157304763794,0.0,0.0,0.0,50.62929916381836
208668,2002.190343,0.8260000348091125,-0.25129157304763794,0.0,0.0,0.0,50.62929916381836
208688,2002.210339,0.8190000653266907,-0.2523806095123291,0.0,0.0,0.0,50.09190368652344
208708,2002.230338,0.8190000653266907,-0.2523806095123291,0.0,0.0,0.0,50.09190368652344
208728,2002.250341,0.8240000605583191,-0.2535276412963867,0.0,0.0,0.0,50.67377853393555
208748,2002.270337,0.8240000605583191,-0.2535276412963867,0.0,0.0,0.0,50.67377853393555
208768,2002.291347,0.8190000653266907,-0.25400882959365845,0.0,0.0,0.0,50.382076263427734
208788,2002.310343,0.8190000653266907,-0.25400882959365845,0.0,0.0,0.0,50.382076263427734
208808,2002.330340,0.8190000653266907,-0.25400882959365845,0.0,0.0,0.0,50.382076263427734
208828,2002.350338,0.8160000443458557,-0.2565019428730011,0.0,0.0,0.0,50.311378479003906
208848,2002.370343,0.8160000443458557,-0.2565019428730011,0.0,0.0,0.0,50.311378479003906
208868,2002.391345,0.815000057220459,-0.2587665617465973,0.0,0.0,0.0,50.37499237060547
208888,2002.410336,0.815000057220459,-0.2587665617465973,0.0,0.0,0.0,50.37499237060547
208908,2002.430336,0.8180000185966492,-0.2624465823173523,0.0,0.0,0.0,50.90415954589844
208928,2002.450335,0.8180000185966492,-0.2624465823173523,0.0,0.0,0.0,50.90415954589844
208948,2002.470335,0.8130000233650208,-0.2639934718608856,0.0,0.0,0.0,50.583412170410156
208968,2002.491350,0.8130000233650208,-0.2639934718608856,0.0,0.0,0.0,50.583412170410156
208988,2002.510342,0.8100000619888306,-0.2655315697193146,0.0,0.0,0.0,50.43820571899414
209008,2002.530334,0.8100000619888306,-0.2655315697193146,0.0,0.0,0.0,50.43820571899414
209028,2002.550336,0.8090000152587891,-0.2616800367832184,0.0,0.0,0.0,50.173946380615234
209048,2002.570331,0.8090000152587891,-0.2616800367832184,0.0,0.0,0.0,50.173946380615234
209068,2002.590348,0.8100000619888306,-0.2634960114955902,0.0,0.0,0.0,50.36418151855469
209088,2002.610331,0.8100000619888306,-0.2634960114955902,0.0,0.0,0.0,50.36418151855469
209108,2002.630329,0.8100000619888306,-0.2634960114955902,0.0,0.0,0.0,50.36418151855469
209128,2002.650330,0.8070000410079956,-0.2639100253582001,0.0,0.0,0.0,50.11973571777344
209148,2002.670328,0.8070000410079956,-0.2639100253582001,0.0,0.0,0.0,50.11973571777344
209168,2002.690332,0.8040000200271606,-0.2639676034450531,0.0,0.0,0.0,49.84336471557617
209188,2002.710335,0.8040000200271606,-0.2639676034450531,0.0,0.0,0.0,49.84336471557617
209208,2002.730330,0.8050000667572021,-0.2658308744430542,0.0,0.0,0.0,49.986270904541016
209228,2002.750327,0.8050000667572021,-0.2658308744430542,0.0,0.0,0.0,49.986270904541016
209248,2002.770326,0.8080000281333923,-0.2650242745876312,0.0,0.0,0.0,50.197845458984375
209268,2002.790331,0.8080000281333923,-0.2650242745876312,0.0,0.0,0.0,50.197845458984375
209288,2002.810333,0.8060000538825989,-0.2641461491584778,0.0,0.0,0.0,49.95679473876953
209308,2002.830329,0.8060000538825989,-0.2641461491584778,0.0,0.0,0.0,49.95679473876953
209328,2002.850323,0.8050000667572021,-0.2606316804885864,0.0,0.0,0.0,49.668025970458984
209348,2002.870325,0.8050000667572021,-0.2606316804885864,0.0,0.0,0.0,49.668025970458984
209368,2002.890349,0.8050000667572021,-0.2606316804885864,0.0,0.0,0.0,49.668025970458984
209388,2002.910324,0.8040000200271606,-0.26016828417778015,0.0,0.0,0.0,49.538429260253906
209408,2002.930326,0.8040000200271606,-0.26016828417778015,0.0,0.0,0.0,49.538429260253906
209428,2002.950323,0.8060000538825989,-0.25989869236946106,0.0,0.0,0.0,49.714561462402344
209448,2002.970323,0.8060000538825989,-0.25989869236946106,0.0,0.0,0.0,49.714561462402344
209468,2002.990326,0.8060000538825989,-0.2620120942592621,0.0,0.0,0.0,49.788055419921875
209488,2003.010322,0.8060000538825989,-0.2620120942592621,0.0,0.0,0.0,49.788055419921875
209508,2003.030326,0.8070000410079956,-0.26146772503852844,0.0,0.0,0.0,49.83165740966797
209528,2003.050319,0.8070000410079956,-0.26146772503852844,0.0,0.0,0.0,49.83165740966797
209548,2003.070317,0.7980000376701355,-0.2602831721305847,0.0,0.0,0.0,48.8704948425293
209568,2003.090326,0.7980000376701355,-0.2602831721305847,0.0,0.0,0.0,48.8704948425293
209588,2003.110318,0.7980000376701355,-0.25431692600250244,0.0,0.0,0.0,48.485416412353516
209608,2003.129910,0.7980000376701355,-0.25431692600250244,0.0,0.0,0.0,48.485416412353516
209628,2003.149902,0.8080000281333923,-0.2555239498615265,0.0,0.0,0.0,49.46776580810547
209648,2003.169903,0.8080000281333923,-0.2555239498615265,0.0,0.0,0.0,49.46776580810547
209668,2003.189911,0.8080000281333923,-0.2555239498615265,0.0,0.0,0.0,49.46776580810547
209688,2003.209898,0.8090000152587891,-0.25555893778800964,0.0,0.0,0.0,49.58250045776367
209708,2003.229895,0.8090000152587891,-0.25555893778800964,0.0,0.0,0.0,49.58250045776367
209728,2003.249892,0.8060000538825989,-0.2548503279685974,0.0,0.0,0.0,49.239891052246094
209748,2003.269894,0.8060000538825989,-0.2548503279685974,0.0,0.0,0.0,49.239891052246094
209768,2003.289900,0.8030000329017639,-0.25593164563179016,0.0,0.0,0.0,48.95503234863281
209788,2003.309897,0.8030000329017639,-0.25593164563179016,0.0,0.0,0.0,48.95503234863281
209808,2003.329895,0.8030000329017639,-0.25581055879592896,0.0,0.0,0.0,48.953834533691406
209828,2003.349899,0.8030000329017639,-0.25581055879592896,0.0,0.0,0.0,48.953834533691406
209848,2003.369893,0.8090000152587891,-0.2550854980945587,0.0,0.0,0.0,49.42219543457031
209868,2003.390903,0.8090000152587891,-0.2550854980945587,0.0,0.0,0.0,49.42219543457031
209888,2003.409891,0.8060000538825989,-0.2497696578502655,0.0,0.0,0.0,48.840354919433594
209908,2003.430888,0.8060000538825989,-0.2497696578502655,0.0,0.0,0.0,48.840354919433594
209928,2003.449894,0.8010000586509705,-0.25074517726898193,0.0,0.0,0.0,48.40850067138672
209948,2003.470895,0.8010000586509705,-0.25074517726898193,0.0,0.0,0.0,48.40850067138672
209968,2003.489900,0.8010000586509705,-0.25074517726898193,0.0,0.0,0.0,48.40850067138672
209988,2003.509888,0.8050000667572021,-0.2505500912666321,0.0,0.0,0.0,48.7480583190918
210008,2003.529918,0.8050000667572021,-0.2505500912666321,0.0,0.0,0.0,48.7480583190918
210028,2003.549950,0.8020000457763672,-0.250198632478714,0.0,0.0,0.0,48.44256591796875
210048,2003.569894,0.8020000457763672,-0.250198632478714,0.0,0.0,0.0,48.44256591796875
210068,2003.589899,0.8080000281333923,-0.25139445066452026,0.0,0.0,0.0,48.99008560180664
210088,2003.609887,0.8080000281333923,-0.25139445066452026,0.0,0.0,0.0,48.99008560180664
210108,2003.629885,0.8080000281333923,-0.25038087368011475,0.0,0.0,0.0,48.92348098754883
210128,2003.649886,0.8080000281333923,-0.25038087368011475,0.0,0.0,0.0,48.92348098754883
210148,2003.669885,0.8060000538825989,-0.24924436211585999,0.0,0.0,0.0,48.63837432861328
210168,2003.689885,0.8060000538825989,-0.24924436211585999,0.0,0.0,0.0,48.63837432861328
210188,2003.709885,0.8040000200271606,-0.24522291123867035,0.0,0.0,0.0,48.21870040893555
210208,2003.729885,0.8040000200271606,-0.24522291123867035,0.0,0.0,0.0,48.21870040893555
210228,2003.748914,0.8040000200271606,-0.24522291123867035,0.0,0.0,0.0,48.21870040893555
210248,2003.769883,0.812000036239624,-0.24484539031982422,0.0,0.0,0.0,48.921592712402344
210268,2003.789890,0.812000036239624,-0.24484539031982422,0.0,0.0,0.0,48.921592712402344
210288,2003.809880,0.8060000538825989,-0.24468426406383514,0.0,0.0,0.0,48.36081314086914
210308,2003.829881,0.8060000538825989,-0.24468426406383514,0.0,0.0,0.0,48.36081314086914
210328,2003.848880,0.812000036239624,-0.24604906141757965,0.0,0.0,0.0,48.919986724853516
210348,2003.868881,0.812000036239624,-0.24604906141757965,0.0,0.0,0.0,48.919986724853516
210368,2003.888886,0.8040000200271606,-0.24551039934158325,0.0,0.0,0.0,48.12894058227539
210388,2003.908880,0.8040000200271606,-0.24551039934158325,0.0,0.0,0.0,48.12894058227539
210408,2003.928881,0.8050000667572021,-0.24555926024913788,0.0,0.0,0.0,48.22816467285156
210428,2003.948899,0.8050000667572021,-0.24555926024913788,0.0,0.0,0.0,48.22816467285156
210448,2003.968886,0.8040000200271606,-0.24261297285556793,0.0,0.0,0.0,47.9805793762207
210468,2003.988880,0.8040000200271606,-0.24261297285556793,0.0,0.0,0.0,47.9805793762207
210488,2004.008879,0.8040000200271606,-0.24261297285556793,0.0,0.0,0.0,47.9805793762207
210508,2004.028877,0.8070000410079956,-0.2411954551935196,0.0,0.0,0.0,48.12672424316406
210528,2004.048880,0.8070000410079956,-0.2411954551935196,0.0,0.0,0.0,48.12672424316406
210548,2004.068882,0.8060000538825989,-0.23958933353424072,0.0,0.0,0.0,47.87813186645508
210568,2004.088876,0.8060000538825989,-0.23958933353424072,0.0,0.0,0.0,47.87813186645508
210588,2004.108881,0.8040000200271606,-0.2381671667098999,0.0,0.0,0.0,47.5724983215332
210608,2004.128875,0.8040000200271606,-0.2381671667098999,0.0,0.0,0.0,47.5724983215332
210628,2004.148873,0.8050000667572021,-0.23939868807792664,0.0,0.0,0.0,47.641326904296875
210648,2004.168872,0.8050000667572021,-0.23939868807792664,0.0,0.0,0.0,47.641326904296875
210668,2004.188873,0.8070000410079956,-0.238778755068779,0.0,0.0,0.0,47.76460647583008
210688,2004.208877,0.8070000410079956,-0.238778755068779,0.0,0.0,0.0,47.76460647583008
210708,2004.228870,0.8050000667572021,-0.23800873756408691,0.0,0.0,0.0,47.51439666748047
210728,2004.248875,0.8050000667572021,-0.23800873756408691,0.0,0.0,0.0,47.51439666748047
210748,2004.268870,0.8090000152587891,-0.23404651880264282,0.0,0.0,0.0,47.63555145263672
210768,2004.288877,0.8090000152587891,-0.23404651880264282,0.0,0.0,0.0,47.63555145263672
210788,2004.309293,0.8090000152587891,-0.23404651880264282,0.0,0.0,0.0,47.63555145263672
210808,2004.329295,0.8060000538825989,-0.23405101895332336,0.0,0.0,0.0,47.364051818847656
210828,2004.349292,0.8060000538825989,-0.23405101895332336,0.0,0.0,0.0,47.364051818847656
210848,2004.369293,0.8040000200271606,-0.2335481494665146,0.0,0.0,0.0,47.12137222290039
210868,2004.389296,0.8040000200271606,-0.2335481494665146,0.0,0.0,0.0,47.12137222290039
210888,2004.409292,0.8030000329017639,-0.2329624891281128,0.0,0.0,0.0,46.974365234375
210908,2004.429256,0.8030000329017639,-0.2329624891281128,0.0,0.0,0.0,46.974365234375
210928,2004.449294,0.8030000329017639,-0.23521335422992706,0.0,0.0,0.0,47.045570373535156
210948,2004.469291,0.8030000329017639,-0.23521335422992706,0.0,0.0,0.0,47.045570373535156
210968,2004.489286,0.7990000247955322,-0.23485435545444489,0.0,0.0,0.0,46.65727233886719
210988,2004.509285,0.7990000247955322,-0.23485435545444489,0.0,0.0,0.0,46.65727233886719
211008,2004.529285,0.8080000281333923,-0.2345881313085556,0.0,0.0,0.0,47.4496955871582
211028,2004.549291,0.8080000281333923,-0.2345881313085556,0.0,0.0,0.0,47.4496955871582
211048,2004.569292,0.8050000667572021,-0.2325960397720337,0.0,0.0,0.0,47.11933517456055
211068,2004.589285,0.8050000667572021,-0.2325960397720337,0.0,0.0,0.0,47.11933517456055
211088,2004.609288,0.8050000667572021,-0.2325960397720337,0.0,0.0,0.0,47.11933517456055
211108,2004.629281,0.8020000457763672,-0.2322014719247818,0.0,0.0,0.0,46.80887222290039
211128,2004.648288,0.8020000457763672,-0.2322014719247818,0.0,0.0,0.0,46.80887222290039
211148,2004.668285,0.8030000329017639,-0.23117326200008392,0.0,0.0,0.0,46.793025970458984
211168,2004.688281,0.8030000329017639,-0.23117326200008392,0.0,0.0,0.0,46.793025970458984
211188,2004.708288,0.8010000586509705,-0.23032701015472412,0.0,0.0,0.0,46.53489685058594
211208,2004.728282,0.8010000586509705,-0.23032701015472412,0.0,0.0,0.0,46.53489685058594
211228,2004.749290,0.8020000457763672,-0.23081785440444946,0.0,0.0,0.0,46.539119720458984
211248,2004.768278,0.8020000457763672,-0.23081785440444946,0.0,0.0,0.0,46.539119720458984
211268,2004.788277,0.8040000200271606,-0.22937579452991486,0.0,0.0,0.0,46.55706024169922
211288,2004.808284,0.8040000200271606,-0.22937579452991486,0.0,0.0,0.0,46.55706024169922
211308,2004.828281,0.7980000376701355,-0.2235448956489563,0.0,0.0,0.0,45.66183853149414
211328,2004.849278,0.7980000376701355,-0.2235448956489563,0.0,0.0,0.0,45.66183853149414
211348,2004.868282,0.7980000376701355,-0.2235448956489563,0.0,0.0,0.0,45.66183853149414
211368,2004.888277,0.7980000376701355,-0.22498826682567596,0.0,0.0,0.0,45.73168182373047
211388,2004.908278,0.7980000376701355,-0.22498826682567596,0.0,0.0,0.0,45.73168182373047
211408,2004.929277,0.8040000200271606,-0.22456860542297363,0.0,0.0,0.0,46.213600158691406
211428,2004.948280,0.8040000200271606,-0.22456860542297363,0.0,0.0,0.0,46.213600158691406
211448,2004.968275,0.8020000457763672,-0.22390972077846527,0.0,0.0,0.0,45.98323059082031
211468,2004.988272,0.8020000457763672,-0.22390972077846527,0.0,0.0,0.0,45.98323059082031
211488,2005.008275,0.8080000281333923,-0.22564643621444702,0.0,0.0,0.0,46.561851501464844
211508,2005.028275,0.8080000281333923,-0.22564643621444702,0.0,0.0,0.0,46.561851501464844
211528,2005.048276,0.8020000457763672,-0.2253030389547348,0.0,0.0,0.0,45.992637634277344
211548,2005.068276,0.8020000457763672,-0.2253030389547348,0.0,0.0,0.0,45.992637634277344
211568,2005.088271,0.8020000457763672,-0.22434556484222412,0.0,0.0,0.0,45.92151641845703
211588,2005.108281,0.8020000457763672,-0.22434556484222412,0.0,0.0,0.0,45.92151641845703
211608,2005.128270,0.7980000376701355,-0.2211286872625351,0.0,0.0,0.0,45.38119125366211
211628,2005.148273,0.7980000376701355,-0.2211286872625351,0.0,0.0,0.0,45.38119125366211
211648,2005.168272,0.7980000376701355,-0.2211286872625351,0.0,0.0,0.0,45.38119125366211
211668,2005.188274,0.8030000329017639,-0.22082620859146118,0.0,0.0,0.0,45.798431396484375
211688,2005.208278,0.8030000329017639,-0.22082620859146118,0.0,0.0,0.0,45.798431396484375
211708,2005.228273,0.8010000586509705,-0.22011470794677734,0.0,0.0,0.0,45.54301452636719
211728,2005.248266,0.8010000586509705,-0.22011470794677734,0.0,0.0,0.0,45.54301452636719
211748,2005.268266,0.7970000505447388,-0.2193027138710022,0.0,0.0,0.0,45.11598587036133
211768,2005.288273,0.7970000505447388,-0.2193027138710022,0.0,0.0,0.0,45.11598587036133
211788,2005.308268,0.796000063419342,-0.22086545825004578,0.0,0.0,0.0,45.04951858520508
211808,2005.328264,0.796000063419342,-0.22086545825004578,0.0,0.0,0.0,45.04951858520508
211828,2005.348266,0.7990000247955322,-0.2194129228591919,0.0,0.0,0.0,45.1837158203125
211848,2005.368265,0.7990000247955322,-0.2194129228591919,0.0,0.0,0.0,45.1837158203125
211868,2005.388282,0.7990000247955322,-0.21730877459049225,0.0,0.0,0.0,44.99036407470703
211888,2005.408286,0.7990000247955322,-0.21730877459049225,0.0,0.0,0.0,44.99036407470703
211908,2005.428284,0.7990000247955322,-0.21730877459049225,0.0,0.0,0.0,44.99036407470703
211928,2005.448266,0.796000063419342,-0.21134106814861298,0.0,0.0,0.0,44.30508041381836
211948,2005.468263,0.796000063419342,-0.21134106814861298,0.0,0.0,0.0,44.30508041381836
211968,2005.488263,0.7990000247955322,-0.2086043655872345,0.0,0.0,0.0,44.32712936401367
211988,2005.508267,0.7990000247955322,-0.2086043655872345,0.0,0.0,0.0,44.32712936401367
212008,2005.528267,0.7990000247955322,-0.20716308057308197,0.0,0.0,0.0,44.18934631347656
212028,2005.548264,0.7990000247955322,-0.20716308057308197,0.0,0.0,0.0,44.18934631347656
212048,2005.568261,0.800000011920929,-0.20825107395648956,0.0,0.0,0.0,44.263553619384766
212068,2005.588266,0.800000011920929,-0.20825107395648956,0.0,0.0,0.0,44.263553619384766
212088,2005.608263,0.7980000376701355,-0.20734477043151855,0.0,0.0,0.0,44.02042770385742
212108,2005.628288,0.7980000376701355,-0.20734477043151855,0.0,0.0,0.0,44.02042770385742
212128,2005.648261,0.7990000247955322,-0.2072821706533432,0.0,0.0,0.0,44.09716796875
212148,2005.668258,0.7990000247955322,-0.2072821706533432,0.0,0.0,0.0,44.09716796875
212168,2005.688256,0.7970000505447388,-0.20220504701137543,0.0,0.0,0.0,43.63747024536133
212188,2005.708265,0.7970000505447388,-0.20220504701137543,0.0,0.0,0.0,43.63747024536133
212208,2005.728260,0.7970000505447388,-0.20220504701137543,0.0,0.0,0.0,43.63747024536133
212228,2005.748257,0.8010000586509705,-0.20344042778015137,0.0,0.0,0.0,44.0678825378418
212248,2005.768259,0.8010000586509705,-0.20344042778015137,0.0,0.0,0.0,44.0678825378418
212268,2005.788257,0.7970000505447388,-0.20348770916461945,0.0,0.0,0.0,43.7342414855957
212288,2005.808261,0.7970000505447388,-0.20348770916461945,0.0,0.0,0.0,43.7342414855957
212308,2005.828263,0.8020000457763672,-0.2032511830329895,0.0,0.0,0.0,44.158843994140625
212328,2005.848269,0.8020000457763672,-0.2032511830329895,0.0,0.0,0.0,44.158843994140625
212348,2005.868253,0.7920000553131104,-0.20461614429950714,0.0,0.0,0.0,43.2884407043457
212368,2005.888254,0.7920000553131104,-0.20461614429950714,0.0,0.0,0.0,43.2884407043457
212388,2005.908259,0.7990000247955322,-0.20339138805866241,0.0,0.0,0.0,43.797115325927734
212408,2005.928256,0.7990000247955322,-0.20339138805866241,0.0,0.0,0.0,43.797115325927734
212428,2005.948252,0.7950000166893005,-0.20102907717227936,0.0,0.0,0.0,43.23211669921875
212448,2005.968252,0.7950000166893005,-0.20102907717227936,0.0,0.0,0.0,43.23211669921875
212468,2005.988251,0.7950000166893005,-0.20102907717227936,0.0,0.0,0.0,43.23211669921875
212488,2006.008255,0.7930000424385071,-0.19664083421230316,0.0,0.0,0.0,42.798919677734375
212508,2006.028255,0.7930000424385071,-0.19664083421230316,0.0,0.0,0.0,42.798919677734375
212528,2006.048263,0.7950000166893005,-0.19566796720027924,0.0,0.0,0.0,42.88827133178711
212548,2006.068254,0.7950000166893005,-0.19566796720027924,0.0,0.0,0.0,42.88827133178711
212568,2006.088252,0.7940000295639038,-0.19463856518268585,0.0,0.0,0.0,42.70813751220703
212588,2006.108252,0.7940000295639038,-0.19463856518268585,0.0,0.0,0.0,42.70813751220703
212608,2006.127247,0.7980000376701355,-0.1937752068042755,0.0,0.0,0.0,42.98579788208008
212628,2006.147258,0.7980000376701355,-0.1937752068042755,0.0,0.0,0.0,42.98579788208008
212648,2006.167247,0.7940000295639038,-0.19453638792037964,0.0,0.0,0.0,42.58662414550781
212668,2006.187246,0.7940000295639038,-0.19453638792037964,0.0,0.0,0.0,42.58662414550781
212688,2006.207249,0.7950000166893005,-0.1929018795490265,0.0,0.0,0.0,42.53602600097656
212708,2006.227246,0.7950000166893005,-0.1929018795490265,0.0,0.0,0.0,42.53602600097656
212728,2006.247248,0.796000063419342,-0.1916639655828476,0.0,0.0,0.0,42.52640151977539
212748,2006.267263,0.796000063419342,-0.1916639655828476,0.0,0.0,0.0,42.52640151977539
212768,2006.287244,0.796000063419342,-0.1916639655828476,0.0,0.0,0.0,42.52640151977539
212788,2006.307265,0.796000063419342,-0.187869131565094,0.0,0.0,0.0,42.311363220214844
212808,2006.327245,0.796000063419342,-0.187869131565094,0.0,0.0,0.0,42.311363220214844
212828,2006.347244,0.7940000295639038,-0.18745620548725128,0.0,0.0,0.0,42.09417724609375
212848,2006.367244,0.7940000295639038,-0.18745620548725128,0.0,0.0,0.0,42.09417724609375
212868,2006.387243,0.7920000553131104,-0.1871805042028427,0.0,0.0,0.0,41.90813446044922
212888,2006.407242,0.7920000553131104,-0.1871805042028427,0.0,0.0,0.0,41.90813446044922
212908,2006.427243,0.7950000166893005,-0.18633536994457245,0.0,0.0,0.0,42.07987976074219
212928,2006.447239,0.7950000166893005,-0.18633536994457245,0.0,0.0,0.0,42.07987976074219
212948,2006.467263,0.7910000085830688,-0.18806275725364685,0.0,0.0,0.0,41.78948211669922
212968,2006.487244,0.7910000085830688,-0.18806275725364685,0.0,0.0,0.0,41.78948211669922
212988,2006.507197,0.796000063419342,-0.18802757561206818,0.0,0.0,0.0,42.201385498046875
213008,2006.527203,0.796000063419342,-0.18802757561206818,0.0,0.0,0.0,42.201385498046875
213028,2006.547210,0.7910000085830688,-0.1880016326904297,0.0,0.0,0.0,41.78205871582031
213048,2006.567207,0.7910000085830688,-0.1880016326904297,0.0,0.0,0.0,41.78205871582031
213068,2006.587206,0.7910000085830688,-0.1880016326904297,0.0,0.0,0.0,41.78205871582031
213088,2006.607212,0.7990000247955322,-0.18411247432231903,0.0,0.0,0.0,42.23739242553711
213108,2006.627205,0.7990000247955322,-0.18411247432231903,0.0,0.0,0.0,42.23739242553711
213128,2006.647204,0.7970000505447388,-0.1828927844762802,0.0,0.0,0.0,41.972755432128906
213148,2006.667210,0.7970000505447388,-0.1828927844762802,0.0,0.0,0.0,41.972755432128906
213168,2006.687244,0.7970000505447388,-0.18147893249988556,0.0,0.0,0.0,41.856101989746094
213188,2006.707236,0.7970000505447388,-0.18147893249988556,0.0,0.0,0.0,41.856101989746094
213208,2006.727236,0.7900000214576721,-0.18239587545394897,0.0,0.0,0.0,41.236576080322266
213228,2006.747236,0.7900000214576721,-0.18239587545394897,0.0,0.0,0.0,41.236576080322266
213248,2006.767235,0.7920000553131104,-0.1813701093196869,0.0,0.0,0.0,41.3135986328125
213268,2006.787234,0.7920000553131104,-0.1813701093196869,0.0,0.0,0.0,41.3135986328125
213288,2006.807270,0.7920000553131104,-0.17988231778144836,0.0,0.0,0.0,41.19144058227539
213308,2006.827236,0.7920000553131104,-0.17988231778144836,0.0,0.0,0.0,41.19144058227539
213328,2006.847232,0.7920000553131104,-0.17988231778144836,0.0,0.0,0.0,41.19144058227539
213348,2006.867233,0.7930000424385071,-0.17539723217487335,0.0,0.0,0.0,40.98694610595703
213368,2006.887238,0.7930000424385071,-0.17539723217487335,0.0,0.0,0.0,40.98694610595703
213388,2006.907237,0.7930000424385071,-0.1744236946105957,0.0,0.0,0.0,40.90494155883789
213408,2006.927241,0.7930000424385071,-0.1744236946105957,0.0,0.0,0.0,40.90494155883789
213428,2006.947229,0.7910000085830688,-0.1741524040699005,0.0,0.0,0.0,40.713096618652344
213448,2006.967231,0.7910000085830688,-0.1741524040699005,0.0,0.0,0.0,40.713096618652344
213468,2006.987236,0.7940000295639038,-0.17391233146190643,0.0,0.0,0.0,40.949710845947266
213488,2007.007240,0.7940000295639038,-0.17391233146190643,0.0,0.0,0.0,40.949710845947266
213508,2007.027229,0.7910000085830688,-0.1759297102689743,0.0,0.0,0.0,40.76104736328125
213528,2007.047229,0.7910000085830688,-0.1759297102689743,0.0,0.0,0.0,40.76104736328125
213548,2007.067227,0.7950000166893005,-0.1753610521554947,0.0,0.0,0.0,41.0589714050293
213568,2007.087228,0.7950000166893005,-0.1753610521554947,0.0,0.0,0.0,41.0589714050293
213588,2007.107242,0.7940000295639038,-0.17450568079948425,0.0,0.0,0.0,40.901390075683594
213608,2007.127227,0.7940000295639038,-0.17450568079948425,0.0,0.0,0.0,40.901390075683594
213628,2007.147227,0.7940000295639038,-0.17450568079948425,0.0,0.0,0.0,40.901390075683594
213648,2007.167228,0.7910000085830688,-0.16986021399497986,0.0,0.0,0.0,40.41116714477539
213668,2007.187225,0.7910000085830688,-0.16986021399497986,0.0,0.0,0.0,40.41116714477539
213688,2007.207229,0.7880000472068787,-0.17207680642604828,0.0,0.0,0.0,40.292049407958984
213708,2007.227224,0.7880000472068787,-0.17207680642604828,0.0,0.0,0.0,40.292049407958984
213728,2007.247225,0.7900000214576721,-0.17188338935375214,0.0,0.0,0.0,40.439292907714844
213748,2007.267221,0.7900000214576721,-0.17188338935375214,0.0,0.0,0.0,40.439292907714844
213768,2007.287224,0.7890000343322754,-0.17115391790866852,0.0,0.0,0.0,40.292503356933594
213788,2007.307240,0.7890000343322754,-0.17115391790866852,0.0,0.0,0.0,40.292503356933594
213808,2007.327222,0.7930000424385071,-0.1731133759021759,0.0,0.0,0.0,40.70216369628906
213828,2007.347223,0.7930000424385071,-0.1731133759021759,0.0,0.0,0.0,40.70216369628906
213848,2007.367221,0.7930000424385071,-0.17318207025527954,0.0,0.0,0.0,40.70357131958008
213868,2007.387223,0.7930000424385071,-0.17318207025527954,0.0,0.0,0.0,40.70357131958008
213888,2007.407220,0.7930000424385071,-0.1732800453901291,0.0,0.0,0.0,40.719581604003906
213908,2007.427228,0.7930000424385071,-0.1732800453901291,0.0,0.0,0.0,40.719581604003906
213928,2007.447222,0.7930000424385071,-0.1732800453901291,0.0,0.0,0.0,40.719581604003906
213948,2007.467217,0.7910000085830688,-0.17119431495666504,0.0,0.0,0.0,40.484642028808594
213968,2007.487215,0.7910000085830688,-0.17119431495666504,0.0,0.0,0.0,40.484642028808594
213988,2007.507227,0.7930000424385071,-0.17101901769638062,0.0,0.0,0.0,40.63315200805664
214008,2007.527221,0.7930000424385071,-0.17101901769638062,0.0,0.0,0.0,40.63315200805664
214028,2007.547219,0.7870000600814819,-0.17114555835723877,0.0,0.0,0.0,40.141536712646484
214048,2007.567214,0.7870000600814819,-0.17114555835723877,0.0,0.0,0.0,40.141536712646484
214068,2007.587213,0.7850000262260437,-0.17126862704753876,0.0,0.0,0.0,39.983097076416016
214088,2007.607238,0.7850000262260437,-0.17126862704753876,0.0,0.0,0.0,39.983097076416016
214108,2007.626238,0.7880000472068787,-0.17415767908096313,0.0,0.0,0.0,40.37338638305664
214128,2007.646217,0.7880000472068787,-0.17415767908096313,0.0,0.0,0.0,40.37338638305664
214148,2007.666212,0.7880000472068787,-0.17438572645187378,0.0,0.0,0.0,40.40099334716797
214168,2007.686214,0.7880000472068787,-0.17438572645187378,0.0,0.0,0.0,40.40099334716797
214188,2007.706212,0.7880000472068787,-0.17438572645187378,0.0,0.0,0.0,40.40099334716797
214208,2007.726216,0.7890000343322754,-0.17412085831165314,0.0,0.0,0.0,40.454776763916016
214228,2007.746217,0.7890000343322754,-0.17412085831165314,0.0,0.0,0.0,40.454776763916016
214248,2007.766209,0.7870000600814819,-0.17197610437870026,0.0,0.0,0.0,40.21616744995117
214268,2007.786213,0.7870000600814819,-0.17197610437870026,0.0,0.0,0.0,40.21616744995117
214288,2007.806212,0.7910000085830688,-0.17264249920845032,0.0,0.0,0.0,40.60765075683594
214308,2007.826213,0.7910000085830688,-0.17264249920845032,0.0,0.0,0.0,40.60765075683594
214328,2007.846210,0.7870000600814819,-0.17313356697559357,0.0,0.0,0.0,40.31190872192383
214348,2007.866206,0.7870000600814819,-0.17313356697559357,0.0,0.0,0.0,40.31190872192383
214368,2007.886211,0.7860000133514404,-0.17559914290905,0.0,0.0,0.0,40.32688903808594
214388,2007.906208,0.7860000133514404,-0.17559914290905,0.0,0.0,0.0,40.32688903808594
214408,2007.926265,0.7870000600814819,-0.17580583691596985,0.0,0.0,0.0,40.425933837890625
214428,2007.946244,0.7870000600814819,-0.17580583691596985,0.0,0.0,0.0,40.425933837890625
214448,2007.966216,0.7870000600814819,-0.17580583691596985,0.0,0.0,0.0,40.425933837890625
214468,2007.986206,0.7870000600814819,-0.1761634796857834,0.0,0.0,0.0,40.46173095703125
214488,2008.006214,0.7870000600814819,-0.1761634796857834,0.0,0.0,0.0,40.46173095703125
214508,2008.026202,0.7900000214576721,-0.17423753440380096,0.0,0.0,0.0,40.66246032714844
214528,2008.046201,0.7900000214576721,-0.17423753440380096,0.0,0.0,0.0,40.66246032714844
214548,2008.066207,0.7890000343322754,-0.17353230714797974,0.0,0.0,0.0,40.52729797363281
214568,2008.086203,0.7890000343322754,-0.17353230714797974,0.0,0.0,0.0,40.52729797363281
214588,2008.106202,0.7850000262260437,-0.172287717461586,0.0,0.0,0.0,40.098960876464844
214608,2008.126204,0.7850000262260437,-0.172287717461586,0.0,0.0,0.0,40.098960876464844
214628,2008.146209,0.7930000424385071,-0.17073006927967072,0.0,0.0,0.0,40.657081604003906
214648,2008.166202,0.7930000424385071,-0.17073006927967072,0.0,0.0,0.0,40.657081604003906
214668,2008.186210,0.7950000166893005,-0.17063955962657928,0.0,0.0,0.0,40.72332000732422
214688,2008.206202,0.7950000166893005,-0.17063955962657928,0.0,0.0,0.0,40.72332000732422
214708,2008.226203,0.7930000424385071,-0.1689194291830063,0.0,0.0,0.0,40.407188415527344
214728,2008.246199,0.7930000424385071,-0.1689194291830063,0.0,0.0,0.0,40.407188415527344
214748,2008.266201,0.7930000424385071,-0.1689194291830063,0.0,0.0,0.0,40.407188415527344
214768,2008.286206,0.7930000424385071,-0.16757400333881378,0.0,0.0,0.0,40.29861831665039
214788,2008.306199,0.7930000424385071,-0.16757400333881378,0.0,0.0,0.0,40.29861831665039
214808,2008.326198,0.7920000553131104,-0.1640562266111374,0.0,0.0,0.0,40.024940490722656
214828,2008.346238,0.7920000553131104,-0.1640562266111374,0.0,0.0,0.0,40.024940490722656
214848,2008.366200,0.796000063419342,-0.16276998817920685,0.0,0.0,0.0,40.2529411315918
214868,2008.386201,0.796000063419342,-0.16276998817920685,0.0,0.0,0.0,40.2529411315918
214888,2008.406194,0.796000063419342,-0.16240628063678741,0.0,0.0,0.0,40.21815872192383
214908,2008.426196,0.796000063419342,-0.16240628063678741,0.0,0.0,0.0,40.21815872192383
214928,2008.446194,0.8010000586509705,-0.1634540855884552,0.0,0.0,0.0,40.62327575683594
214948,2008.466194,0.8010000586509705,-0.1634540855884552,0.0,0.0,0.0,40.62327575683594
214968,2008.486195,0.7910000085830688,-0.16298305988311768,0.0,0.0,0.0,39.74296569824219
214988,2008.506198,0.7910000085830688,-0.16298305988311768,0.0,0.0,0.0,39.74296569824219
215008,2008.526193,0.7950000166893005,-0.16289032995700836,0.0,0.0,0.0,40.0683479309082
215028,2008.546242,0.7950000166893005,-0.16289032995700836,0.0,0.0,0.0,40.0683479309082
215048,2008.566267,0.7950000166893005,-0.16289032995700836,0.0,0.0,0.0,40.0683479309082
215068,2008.586196,0.800000011920929,-0.16006380319595337,0.0,0.0,0.0,40.356815338134766
215088,2008.606199,0.800000011920929,-0.16006380319595337,0.0,0.0,0.0,40.356815338134766
215108,2008.626190,0.8030000329017639,-0.1595427691936493,0.0,0.0,0.0,40.57474899291992
215128,2008.646186,0.8030000329017639,-0.1595427691936493,0.0,0.0,0.0,40.57474899291992
215148,2008.666187,0.7950000166893005,-0.15993665158748627,0.0,0.0,0.0,39.9446907043457
215168,2008.686186,0.7950000166893005,-0.15993665158748627,0.0,0.0,0.0,39.9446907043457
215188,2008.706188,0.7980000376701355,-0.16184265911579132,0.0,0.0,0.0,40.25950241088867
215208,2008.726195,0.7980000376701355,-0.16184265911579132,0.0,0.0,0.0,40.25950241088867
215228,2008.746186,0.7950000166893005,-0.1619785875082016,0.0,0.0,0.0,40.032569885253906
215248,2008.766228,0.7950000166893005,-0.1619785875082016,0.0,0.0,0.0,40.032569885253906
215268,2008.786183,0.800000011920929,-0.16203643381595612,0.0,0.0,0.0,40.448097229003906
215288,2008.806182,0.800000011920929,-0.16203643381595612,0.0,0.0,0.0,40.448097229003906
215308,2008.826193,0.800000011920929,-0.16203643381595612,0.0,0.0,0.0,40.448097229003906
215328,2008.846188,0.796000063419342,-0.15797308087348938,0.0,0.0,0.0,39.896995544433594
215348,2008.866182,0.796000063419342,-0.15797308087348938,0.0,0.0,0.0,39.896995544433594
215368,2008.886185,0.800000011920929,-0.1612032949924469,0.0,0.0,0.0,40.4559440612793
215388,2008.906182,0.800000011920929,-0.1612032949924469,0.0,0.0,0.0,40.4559440612793
