cf_timestamp_ms,host_monotonic_s,stateEstimate.x,stateEstimate.y,stateEstimate.z,stateEstimate.vx,stateEstimate.vy,stateEstimate.vz
183766,1977.306924,1.0533086061477661,5.678558349609375,-1.598667025566101,0.02442730776965618,0.00690776901319623,-0.30851754546165466
183786,1977.326929,1.0545945167541504,5.6785502433776855,-1.5968403816223145,0.0277127493172884,0.006516751833260059,-0.30702295899391174
183806,1977.346917,1.055952787399292,5.678542613983154,-1.59464693069458,0.02970084547996521,0.006618752609938383,-0.3044522702693939
183826,1977.366964,1.0573453903198242,5.678520679473877,-1.5926743745803833,0.03391910716891289,0.004949439782649279,-0.3028285801410675
183846,1977.386926,1.0588009357452393,5.678471565246582,-1.5907220840454102,0.036487869918346405,0.0036999813746660948,-0.3021188974380493
183866,1977.406917,1.0602686405181885,5.678417205810547,-1.5887165069580078,0.03594242408871651,0.004372894298285246,-0.30207136273384094
183886,1977.426916,1.0617202520370483,5.678389072418213,-1.5869252681732178,0.03782898187637329,0.0052803982980549335,-0.2991478145122528
183906,1977.447917,1.0632084608078003,5.678360939025879,-1.5852851867675781,0.04163943976163864,0.0037129151169210672,-0.2955993115901947
183926,1977.466919,1.064745545387268,5.678281784057617,-1.5835204124450684,0.042196281254291534,0.000303122797049582,-0.29607632756233215
183946,1977.486931,1.0636378526687622,5.6790571212768555,-1.5815578699111938,0.04195377603173256,-0.004007830750197172,-0.29874324798583984
183966,1977.505917,1.0781022310256958,5.673226356506348,-1.579593539237976,0.046747755259275436,-0.009785987436771393,-0.3027348518371582
183986,1977.525917,1.0710691213607788,5.67449951171875,-1.5775656700134277,0.04128940403461456,-0.00907229259610176,-0.30474528670310974
184006,1977.545911,1.0878636837005615,5.672641277313232,-1.5759668350219727,0.04612079635262489,-0.008691981434822083,-0.3047562539577484
184026,1977.565913,1.0742229223251343,5.664152145385742,-1.574512004852295,0.039288945496082306,-0.013225741684436798,-0.3009791672229767
184046,1977.585913,1.0880303382873535,5.659355163574219,-1.5729070901870728,0.045270297676324844,-0.016981977969408035,-0.29799598455429077
184066,1977.605911,1.0877039432525635,5.669301509857178,-1.5709456205368042,0.04121328890323639,-0.014108582399785519,-0.2986108958721161
184086,1977.625912,1.090914249420166,5.65472936630249,-1.5692384243011475,0.040146756917238235,-0.01863175630569458,-0.2983414828777313
184106,1977.645910,1.085288405418396,5.653957366943359,-1.567501187324524,0.0372931994497776,-0.01578042469918728,-0.29570937156677246
184126,1977.665909,1.0796221494674683,5.660678386688232,-1.565955400466919,0.03462139144539833,-0.010067638009786606,-0.29246464371681213
184146,1977.685925,1.080244779586792,5.6592841148376465,-1.5641324520111084,0.03397785499691963,-0.008676595985889435,-0.29057034850120544
184166,1977.705911,1.08112633228302,5.666022300720215,-1.5620750188827515,0.03135436028242111,-0.005464944988489151,-0.290856271982193
184186,1977.725913,1.0760977268218994,5.665866374969482,-1.5601853132247925,0.028722653165459633,-0.006456452887505293,-0.2913574278354645
184206,1977.745918,1.0773134231567383,5.665626049041748,-1.5583410263061523,0.029882239177823067,-0.007371144834905863,-0.2907736599445343
184226,1977.765917,1.0785247087478638,5.665369510650635,-1.5568528175354004,0.031926944851875305,-0.008519822731614113,-0.2889711558818817
184246,1977.785906,1.0797555446624756,5.665095329284668,-1.555553913116455,0.03363543003797531,-0.009770020842552185,-0.28791946172714233
184266,1977.805912,1.0810096263885498,5.664801597595215,-1.5539790391921997,0.032875627279281616,-0.009601963683962822,-0.288320392370224
184286,1977.825908,1.0822423696517944,5.664530277252197,-1.552498459815979,0.032798927277326584,-0.008760868571698666,-0.2887248396873474
184306,1977.845907,1.089943289756775,5.6650800704956055,-1.5507649183273315,0.036889757961034775,-0.00879835244268179,-0.28912249207496643
184326,1977.865903,1.0823715925216675,5.665234088897705,-1.549209475517273,0.032558076083660126,-0.00834070798009634,-0.2903992831707001
184346,1977.885920,1.0835875272750854,5.664957046508789,-1.5478061437606812,0.03294220566749573,-0.010821355506777763,-0.29064658284187317
184366,1977.905910,1.0848236083984375,5.664628505706787,-1.5462566614151,0.03423275798559189,-0.01327699888497591,-0.2892536520957947
184386,1977.925909,1.086084246635437,5.664283752441406,-1.5446670055389404,0.0352342464029789,-0.01221016701310873,-0.2884055972099304
184406,1977.946927,1.0873361825942993,5.663957595825195,-1.5430866479873657,0.03433365747332573,-0.012642329558730125,-0.2893596887588501
184426,1977.965906,1.0891075134277344,5.669800281524658,-1.5414050817489624,0.03517002612352371,-0.011657467111945152,-0.2898213565349579
184446,1977.985902,1.0898202657699585,5.663039207458496,-1.5399335622787476,0.035331953316926956,-0.017297007143497467,-0.2892954647541046
184466,1978.005908,1.0910866260528564,5.662603378295898,-1.5381540060043335,0.03561669588088989,-0.01767236366868019,-0.28863558173179626
184486,1978.025902,1.0923737287521362,5.66216516494751,-1.5362919569015503,0.037051718682050705,-0.01830475404858589,-0.2884610891342163
184506,1978.045900,1.0936800241470337,5.661696910858154,-1.5344610214233398,0.038504354655742645,-0.020479213446378708,-0.2887316644191742
184526,1978.065898,1.0950003862380981,5.6612091064453125,-1.532772183418274,0.03965824842453003,-0.020405543968081474,-0.28847628831863403
184546,1978.085898,1.096335768699646,5.660731315612793,-1.5310463905334473,0.04037347435951233,-0.020180294290184975,-0.28815358877182007
184566,1978.105908,1.0976885557174683,5.660259246826172,-1.5293800830841064,0.04261677339673042,-0.019455622881650925,-0.28607168793678284
184586,1978.125900,1.1137807369232178,5.659006118774414,-1.5279008150100708,0.04887501522898674,-0.01943017542362213,-0.2847379446029663
184606,1978.145900,1.0989491939544678,5.658249855041504,-1.5262324810028076,0.040270283818244934,-0.020192282274365425,-0.28492510318756104
184626,1978.165898,1.1002823114395142,5.657773494720459,-1.524341344833374,0.04073478654026985,-0.020305167883634567,-0.2850123941898346
184646,1978.185897,1.0990917682647705,5.651369571685791,-1.5221998691558838,0.0377933643758297,-0.022592108696699142,-0.2860197424888611
184666,1978.205897,1.1168403625488281,5.658073902130127,-1.5201802253723145,0.04268395155668259,-0.020301468670368195,-0.28690654039382935
184686,1978.225899,1.10300874710083,5.658151626586914,-1.5180797576904297,0.033488642424345016,-0.021286267787218094,-0.28809964656829834
184706,1978.245895,1.1042017936706543,5.657646179199219,-1.5165609121322632,0.032690346240997314,-0.020396091043949127,-0.287150502204895
184726,1978.265894,1.119940161705017,5.6579461097717285,-1.5149098634719849,0.039437174797058105,-0.019497007131576538,-0.2857905626296997
184746,1978.285892,1.1133816242218018,5.658170700073242,-1.5131603479385376,0.03413094952702522,-0.018209995701909065,-0.28534287214279175
184766,1978.305893,1.108258605003357,5.656771183013916,-1.5114936828613281,0.030006051063537598,-0.017303334549069405,-0.28587350249290466
184786,1978.325906,1.109358549118042,5.656376838684082,-1.509735107421875,0.03170926123857498,-0.01692105457186699,-0.2842506468296051
184806,1978.345895,1.110454797744751,5.655958652496338,-1.5079779624938965,0.030564850196242332,-0.019076049327850342,-0.28324902057647705
184826,1978.365891,1.1115375757217407,5.655516624450684,-1.5062378644943237,0.03116004727780819,-0.019469112157821655,-0.281571626663208
184846,1978.385892,1.112612247467041,5.655092716217041,-1.504685401916504,0.031185364350676537,-0.01746317930519581,-0.2796989977359772
184866,1978.405892,1.1143215894699097,5.661960124969482,-1.503074049949646,0.030872425064444542,-0.014095988124608994,-0.27933570742607117
184886,1978.425891,1.1153795719146729,5.6616315841674805,-1.501452088356018,0.03085586614906788,-0.013247987255454063,-0.2796654999256134
184906,1978.445894,1.1164703369140625,5.661344528198242,-1.4994536638259888,0.03214917704463005,-0.01042154524475336,-0.27889296412467957
184926,1978.465891,1.1175400018692017,5.661128044128418,-1.4976387023925781,0.03019232302904129,-0.006493375636637211,-0.27922776341438293
184946,1978.485889,1.11858069896698,5.660953998565674,-1.49568772315979,0.02941993810236454,-0.006980699021369219,-0.27863025665283203
184966,1978.505889,1.1196248531341553,5.660724639892578,-1.4935956001281738,0.030119773000478745,-0.0112778814509511,-0.2781745493412018
184986,1978.525919,1.120652675628662,5.66042947769165,-1.491791844367981,0.029313761740922928,-0.013577885925769806,-0.2793452739715576
185006,1978.545891,1.123268485069275,5.6762800216674805,-1.489945888519287,0.029281625524163246,-0.007964853197336197,-0.27944913506507874
185026,1978.565887,1.1242860555648804,5.67606782913208,-1.4880540370941162,0.029897214844822884,-0.009034620597958565,-0.27757179737091064
185046,1978.585888,1.125308871269226,5.675832271575928,-1.4860894680023193,0.030328327789902687,-0.010512256063520908,-0.27567803859710693
185066,1978.605886,1.1258997917175293,5.67447566986084,-1.4840927124023438,0.031184501945972443,-0.012276887893676758,-0.27571916580200195
185086,1978.625890,1.1269264221191406,5.674164772033691,-1.4822769165039062,0.03083372302353382,-0.015476765111088753,-0.2770180404186249
185106,1978.645887,1.127568006515503,5.666690826416016,-1.480487585067749,0.03253589943051338,-0.020228901877999306,-0.2771742343902588
185126,1978.665884,1.1286050081253052,5.666248321533203,-1.4791330099105835,0.03304719924926758,-0.02090132050216198,-0.27747175097465515
185146,1978.685887,1.122366189956665,5.665631294250488,-1.4777662754058838,0.02630089968442917,-0.022552136331796646,-0.27917858958244324
185166,1978.705886,1.1254881620407104,5.6739091873168945,-1.4764289855957031,0.028084097430109978,-0.021570362150669098,-0.27941882610321045
185186,1978.725923,1.1252200603485107,5.667663097381592,-1.4751073122024536,0.027955787256360054,-0.0261551346629858,-0.2796308696269989
185206,1978.745466,1.1261438131332397,5.66710901260376,-1.4736157655715942,0.02796504832804203,-0.026117360219359398,-0.2785259783267975
185226,1978.765472,1.1270637512207031,5.666555881500244,-1.4723211526870728,0.02879941835999489,-0.026876799762248993,-0.27726322412490845
185246,1978.785461,1.127994179725647,5.665976524353027,-1.4709218740463257,0.028937524184584618,-0.028432143852114677,-0.27575477957725525
185266,1978.805460,1.1289185285568237,5.665391445159912,-1.4695425033569336,0.029250359162688255,-0.027220699936151505,-0.2743494510650635
185286,1978.825466,1.1295247077941895,5.673854827880859,-1.4680089950561523,0.028958601877093315,-0.021304946392774582,-0.2730162441730499
185306,1978.845459,1.1306666135787964,5.663819313049316,-1.4661831855773926,0.029318878427147865,-0.027399837970733643,-0.27193763852119446
185326,1978.865464,1.131614327430725,5.663218975067139,-1.4645119905471802,0.030835464596748352,-0.030659569427371025,-0.27121299505233765
185346,1978.885456,1.1325788497924805,5.662571430206299,-1.46273672580719,0.03102603740990162,-0.03134460002183914,-0.27088654041290283
185366,1978.905458,1.1335426568984985,5.661942005157471,-1.4609512090682983,0.031484976410865784,-0.029980164021253586,-0.26956263184547424
185386,1978.925461,1.1344923973083496,5.661340713500977,-1.4593778848648071,0.03086250089108944,-0.028295915573835373,-0.2696875035762787
185406,1978.945490,1.1354550123214722,5.660773754119873,-1.4574737548828125,0.03177841752767563,-0.02690981701016426,-0.26952019333839417
185426,1978.965463,1.136435866355896,5.660224914550781,-1.4553782939910889,0.03210876137018204,-0.02683776430785656,-0.26951828598976135
185446,1978.985460,1.1374034881591797,5.659660339355469,-1.4535338878631592,0.03228674456477165,-0.02812192030251026,-0.26825278997421265
185466,1979.005458,1.138380527496338,5.659082412719727,-1.45164155960083,0.033376310020685196,-0.028586560860276222,-0.2660020887851715
185486,1979.025459,1.1393829584121704,5.65848970413208,-1.4494613409042358,0.03385988995432854,-0.02967810072004795,-0.26488521695137024
185506,1979.045464,1.1403557062149048,5.657876491546631,-1.4475505352020264,0.032042741775512695,-0.030745476484298706,-0.26640698313713074
185526,1979.065456,1.1412984132766724,5.657241344451904,-1.4456607103347778,0.03155709058046341,-0.03191225975751877,-0.2678614854812622
185546,1979.085454,1.1422492265701294,5.6566081047058105,-1.4437901973724365,0.03310420736670494,-0.03044574148952961,-0.26782405376434326
185566,1979.105462,1.1432020664215088,5.655993461608887,-1.442206859588623,0.03328467160463333,-0.030859095975756645,-0.26832666993141174
185586,1979.125457,1.1441490650177002,5.655363082885742,-1.4407556056976318,0.033511728048324585,-0.031883783638477325,-0.26862308382987976
185606,1979.145466,1.14509916305542,5.654697418212891,-1.439182996749878,0.03356792777776718,-0.0347474031150341,-0.26724883913993835
185626,1979.165464,1.146051287651062,5.653975009918213,-1.437386393547058,0.03325691819190979,-0.036970023065805435,-0.26577359437942505
185646,1979.185456,1.1469961404800415,5.65323543548584,-1.4354928731918335,0.03324912115931511,-0.03654041141271591,-0.26500561833381653
185666,1979.205453,1.1479146480560303,5.652525901794434,-1.4339141845703125,0.03165452927350998,-0.03485947102308273,-0.2668638527393341
185686,1979.225456,1.1488381624221802,5.651792526245117,-1.4325076341629028,0.03137386217713356,-0.03558322787284851,-0.26632022857666016
185706,1979.245451,1.1491037607192993,5.663446426391602,-1.4309699535369873,0.03216354548931122,-0.03182560205459595,-0.26430052518844604
185726,1979.265451,1.1488255262374878,5.655665874481201,-1.4293723106384277,0.03181366249918938,-0.033593062311410904,-0.2631304860115051
185746,1979.285447,1.1496968269348145,5.655035018920898,-1.427720069885254,0.030062418431043625,-0.030485376715660095,-0.2632664442062378
185766,1979.305450,1.1505467891693115,5.6544318199157715,-1.4261122941970825,0.030753983184695244,-0.03054499812424183,-0.2628200054168701
185786,1979.325453,1.149929165840149,5.64518928527832,-1.4244821071624756,0.029525090008974075,-0.03429684042930603,-0.2634464502334595
185806,1979.345448,1.150733470916748,5.64450740814209,-1.4230490922927856,0.027483977377414703,-0.03507111966609955,-0.265132874250412
185826,1979.365454,1.1534768342971802,5.652748107910156,-1.4215776920318604,0.029589496552944183,-0.03546573221683502,-0.2638411819934845
185846,1979.385466,1.1543254852294922,5.652011394500732,-1.4198832511901855,0.0311586856842041,-0.03892279043793678,-0.26162880659103394
185866,1979.405446,1.1551854610443115,5.651257514953613,-1.4180887937545776,0.031764015555381775,-0.03751055896282196,-0.2588804364204407
185886,1979.425452,1.1560438871383667,5.650538444519043,-1.4164535999298096,0.03170064836740494,-0.03588680550456047,-0.25747036933898926
185906,1979.445448,1.1568892002105713,5.649846076965332,-1.4149516820907593,0.03174032270908356,-0.03497694432735443,-0.2577134370803833
185926,1979.465449,1.1577244997024536,5.649166584014893,-1.413830280303955,0.03169167786836624,-0.034623291343450546,-0.2593550682067871
185946,1979.485447,1.158522129058838,5.648473262786865,-1.4127953052520752,0.028766263276338577,-0.03670187294483185,-0.2618666887283325
185966,1979.505446,1.1592884063720703,5.647745609283447,-1.4117249250411987,0.02926379255950451,-0.037264030426740646,-0.26114121079444885
185986,1979.524461,1.1600674390792847,5.647025108337402,-1.4104994535446167,0.029153695330023766,-0.036961767822504044,-0.26003628969192505
186006,1979.544448,1.1608353853225708,5.6463117599487305,-1.409157395362854,0.02858053334057331,-0.03636826574802399,-0.2590087652206421
186026,1979.564445,1.1615936756134033,5.645599842071533,-1.4079949855804443,0.029238641262054443,-0.0370459109544754,-0.2576366364955902
186046,1979.584468,1.1623486280441284,5.6448893547058105,-1.4070751667022705,0.029270710423588753,-0.035640276968479156,-0.2573275566101074
186066,1979.604453,1.1631138324737549,5.644233703613281,-1.4058032035827637,0.029292330145835876,-0.03251992166042328,-0.258013516664505
186086,1979.624462,1.1638679504394531,5.643603324890137,-1.404561996459961,0.02895563282072544,-0.03358595818281174,-0.2593916356563568
186106,1979.644443,1.1646132469177246,5.642922878265381,-1.4033279418945312,0.028485842049121857,-0.03715669363737106,-0.2604001760482788
186126,1979.664445,1.1669642925262451,5.653656959533691,-1.4019865989685059,0.0287038404494524,-0.034684158861637115,-0.2599458694458008
186146,1979.684448,1.158174991607666,5.6533284187316895,-1.4003554582595825,0.02511940710246563,-0.036294322460889816,-0.2580043375492096
186166,1979.704444,1.1581181287765503,5.644659996032715,-1.3987215757369995,0.024980004876852036,-0.039520226418972015,-0.2564181089401245
186186,1979.724457,1.1587879657745361,5.643949508666992,-1.3970140218734741,0.024504154920578003,-0.034864384680986404,-0.2560743987560272
186206,1979.744438,1.1594123840332031,5.643280029296875,-1.3954135179519653,0.022279569879174232,-0.035821471363306046,-0.2576296031475067
186226,1979.764441,1.1605885028839111,5.656056880950928,-1.3934930562973022,0.02404158003628254,-0.03307882323861122,-0.25696536898612976
186246,1979.784439,1.1597495079040527,5.648262977600098,-1.3915281295776367,0.022831005975604057,-0.0384625606238842,-0.2585146427154541
186266,1979.804867,1.1603376865386963,5.647544860839844,-1.3898171186447144,0.020989710465073586,-0.03705887123942375,-0.26006701588630676
186286,1979.824864,1.1615687608718872,5.65884256362915,-1.3884398937225342,0.02297401987016201,-0.0328730046749115,-0.2583877146244049
186306,1979.844873,1.1609519720077515,5.649100303649902,-1.387035608291626,0.024390719830989838,-0.03778267279267311,-0.2547990381717682
186326,1979.864861,1.1615818738937378,5.648378372192383,-1.3855255842208862,0.024445367977023125,-0.037953246384859085,-0.25331586599349976
186346,1979.884859,1.1628631353378296,5.650167942047119,-1.3838797807693481,0.025728465989232063,-0.03683239221572876,-0.2524617910385132
186366,1979.904854,1.1635323762893677,5.649460315704346,-1.382211446762085,0.027241308242082596,-0.03771848604083061,-0.2520805895328522
186386,1979.924872,1.1624079942703247,5.652688026428223,-1.3804186582565308,0.02788378670811653,-0.03612658008933067,-0.2512298822402954
186406,1979.944443,1.1631097793579102,5.652012348175049,-1.378570795059204,0.02883412316441536,-0.03570275753736496,-0.25009265542030334
186426,1979.964440,1.1638020277023315,5.651329517364502,-1.3771367073059082,0.027715133503079414,-0.03659023344516754,-0.25042790174484253
186446,1979.984434,1.1644721031188965,5.650641918182373,-1.3755402565002441,0.02728675864636898,-0.036369286477565765,-0.2488732635974884
186466,1980.004443,1.1651411056518555,5.649952411651611,-1.3736262321472168,0.027537817135453224,-0.03731924295425415,-0.24560748040676117
186486,1980.024439,1.1658352613449097,5.6492414474487305,-1.371767520904541,0.02954198606312275,-0.0385834202170372,-0.24293774366378784
186506,1980.044432,1.1665164232254028,5.648501396179199,-1.3701107501983643,0.027303265407681465,-0.03942436724901199,-0.24477402865886688
186526,1980.064431,1.1681146621704102,5.659148216247559,-1.3684325218200684,0.02646160125732422,-0.033613741397857666,-0.24602678418159485
186546,1980.084435,1.1771552562713623,5.649405479431152,-1.3667548894882202,0.02906705252826214,-0.03642020374536514,-0.2460421323776245
186566,1980.104429,1.1778249740600586,5.648743629455566,-1.3649812936782837,0.027391094714403152,-0.03499029949307442,-0.2461353987455368
186586,1980.124455,1.1784570217132568,5.64807653427124,-1.3633304834365845,0.025910040363669395,-0.036673810333013535,-0.24767856299877167
186606,1980.144433,1.179070234298706,5.647383213043213,-1.3616124391555786,0.025442536920309067,-0.03786824271082878,-0.24864736199378967
186626,1980.164431,1.1796636581420898,5.646655559539795,-1.3598957061767578,0.02463386580348015,-0.040207989513874054,-0.2490861415863037
186646,1980.184432,1.180253267288208,5.64588737487793,-1.3582168817520142,0.025215212255716324,-0.041883934289216995,-0.24765412509441376
186666,1980.204433,1.1808604001998901,5.645081520080566,-1.3565696477890015,0.026738451793789864,-0.04394647851586342,-0.2461562156677246
186686,1980.224424,1.1814911365509033,5.644256591796875,-1.3549047708511353,0.0278942734003067,-0.043807532638311386,-0.2452537566423416
186706,1980.244431,1.1826199293136597,5.656351566314697,-1.3533885478973389,0.02891675941646099,-0.03854338079690933,-0.2442428022623062
186726,1980.264429,1.1832948923110962,5.6556291580200195,-1.35193932056427,0.03131192550063133,-0.039009273052215576,-0.2417907565832138
186746,1980.284424,1.1670714616775513,5.647876739501953,-1.3501415252685547,0.025666208937764168,-0.04164702445268631,-0.24098962545394897
186766,1980.304428,1.1676359176635742,5.6470866203308105,-1.3485661745071411,0.02343924529850483,-0.04292741045355797,-0.24355244636535645
186786,1980.324430,1.1699764728546143,5.658278465270996,-1.3469440937042236,0.02204221300780773,-0.038744568824768066,-0.2467295527458191
186806,1980.344422,1.1704888343811035,5.657538414001465,-1.3454209566116333,0.022799110040068626,-0.04123299568891525,-0.24744760990142822
186826,1980.364434,1.1705694198608398,5.649564266204834,-1.343690037727356,0.02287904918193817,-0.044400423765182495,-0.2479424923658371
186846,1980.384428,1.1710976362228394,5.6487555503845215,-1.3418351411819458,0.023701773956418037,-0.04323366656899452,-0.24753378331661224
186866,1980.404423,1.171635389328003,5.647944927215576,-1.3396179676055908,0.02394736558198929,-0.04462591931223869,-0.2465755194425583
186886,1980.424441,1.1721786260604858,5.647119522094727,-1.3375943899154663,0.02468574419617653,-0.0445408970117569,-0.2447120100259781
186906,1980.444424,1.1727181673049927,5.646294593811035,-1.335675835609436,0.023832356557250023,-0.04458239674568176,-0.2443815916776657
186926,1980.464428,1.173231601715088,5.645462989807129,-1.3337796926498413,0.02292252890765667,-0.04558994993567467,-0.24407438933849335
186946,1980.484423,1.1736633777618408,5.636017322540283,-1.3319629430770874,0.023812860250473022,-0.050666578114032745,-0.24212682247161865
186966,1980.504418,1.1848329305648804,5.638375759124756,-1.330074429512024,0.02818681299686432,-0.04775978624820709,-0.2397838979959488
186986,1980.524427,1.1854262351989746,5.6375203132629395,-1.3281946182250977,0.027488717809319496,-0.04466664418578148,-0.23850798606872559
187006,1980.544418,1.1860125064849854,5.63672399520874,-1.3266710042953491,0.027589038014411926,-0.04191625118255615,-0.23738785088062286
187026,1980.564424,1.186586618423462,5.635965347290039,-1.3250274658203125,0.026664556935429573,-0.04052552580833435,-0.23763951659202576
187046,1980.584454,1.1871440410614014,5.635254859924316,-1.3235783576965332,0.026623619720339775,-0.037526752799749374,-0.23619765043258667
187066,1980.604415,1.1877104043960571,5.634566783905029,-1.3219783306121826,0.02760607749223709,-0.03866393119096756,-0.2341526448726654
187086,1980.624416,1.1882857084274292,5.633853435516357,-1.3202903270721436,0.027486860752105713,-0.039559610188007355,-0.23284772038459778
187106,1980.644420,1.1888436079025269,5.633143424987793,-1.31846284866333,0.02606203965842724,-0.038554683327674866,-0.23350831866264343
187126,1980.664438,1.1884100437164307,5.645420074462891,-1.3163272142410278,0.024456076323986053,-0.032797329127788544,-0.23339302837848663
187146,1980.684421,1.1887967586517334,5.656500339508057,-1.3140660524368286,0.02251066267490387,-0.03107498213648796,-0.23385675251483917
187166,1980.704416,1.1893452405929565,5.644942760467529,-1.3122020959854126,0.02249648980796337,-0.03730827197432518,-0.23441274464130402
187186,1980.724424,1.1907037496566772,5.647792339324951,-1.3105665445327759,0.023466074839234352,-0.03615459427237511,-0.23443923890590668
187206,1980.744414,1.1791701316833496,5.6605939865112305,-1.308910846710205,0.017369026318192482,-0.031694356352090836,-0.23534920811653137
187226,1980.764420,1.179541826248169,5.650204658508301,-1.30760657787323,0.014921938069164753,-0.03652087226510048,-0.23756307363510132
187246,1980.784414,1.179837703704834,5.649525165557861,-1.3061566352844238,0.01448837947100401,-0.039051029831171036,-0.23801317811012268
187266,1980.803413,1.1812890768051147,5.662817001342773,-1.30441153049469,0.014444640837609768,-0.03431311994791031,-0.23715253174304962
187286,1980.824424,1.1815719604492188,5.662219524383545,-1.3026583194732666,0.01418177131563425,-0.033583883196115494,-0.2346208095550537
187306,1980.843412,1.1925972700119019,5.650786399841309,-1.3010040521621704,0.01804228499531746,-0.03892303630709648,-0.2326425164937973
187326,1980.863462,1.192946434020996,5.65008020401001,-1.2991513013839722,0.0177274439483881,-0.03984870761632919,-0.23218058049678802
187346,1980.884412,1.1823935508728027,5.652276039123535,-1.29732346534729,0.012193389236927032,-0.038596052676439285,-0.23318785429000854
187366,1980.904415,1.1837596893310547,5.6642231941223145,-1.2956207990646362,0.01227249950170517,-0.031653713434934616,-0.23238159716129303
187386,1980.923414,1.1961791515350342,5.6544671058654785,-1.2936538457870483,0.018398478627204895,-0.03276680409908295,-0.23087556660175323
187406,1980.944411,1.1848844289779663,5.6547369956970215,-1.291715383529663,0.013616597279906273,-0.03228089585900307,-0.23133288323879242
187426,1980.963414,1.1851327419281006,5.6541666984558105,-1.2901039123535156,0.013272358104586601,-0.03322490304708481,-0.2323671579360962
187446,1980.983409,1.18537437915802,5.653562545776367,-1.2886509895324707,0.01280685793608427,-0.035350553691387177,-0.23279069364070892
187466,1981.003408,1.1855933666229248,5.6529221534729,-1.2872626781463623,0.011699828319251537,-0.03694021701812744,-0.23223504424095154
187486,1981.023405,1.1873269081115723,5.663071155548096,-1.2859916687011719,0.010876989923417568,-0.03458540514111519,-0.2313174605369568
187506,1981.043410,1.1875118017196655,5.662447929382324,-1.2845180034637451,0.011019040830433369,-0.03620822727680206,-0.23021237552165985
187526,1981.063415,1.1873992681503296,5.654003620147705,-1.2829492092132568,0.011425343342125416,-0.04031291604042053,-0.23031893372535706
187546,1981.083423,1.1875815391540527,5.653299808502197,-1.2813361883163452,0.010729637928307056,-0.0387214794754982,-0.22993794083595276
187566,1981.103408,1.1898765563964844,5.663741588592529,-1.2795685529708862,0.013774511404335499,-0.034204013645648956,-0.22963343560695648
187586,1981.123403,1.1886907815933228,5.655425071716309,-1.278072476387024,0.01183949876576662,-0.03857545927166939,-0.23287129402160645
187606,1981.143406,1.1888717412948608,5.6547346115112305,-1.2766330242156982,0.010892543941736221,-0.03932895138859749,-0.23507913947105408
187626,1981.163412,1.189048171043396,5.654038906097412,-1.2750554084777832,0.011646579019725323,-0.0396408885717392,-0.23390372097492218
187646,1981.183405,1.1892471313476562,5.653322219848633,-1.2731866836547852,0.013391430489718914,-0.04173998534679413,-0.22988027334213257
187666,1981.203403,1.189014196395874,5.644689559936523,-1.2715234756469727,0.015080482698976994,-0.044537246227264404,-0.2274143248796463
187686,1981.223403,1.188321828842163,5.656857013702393,-1.269790768623352,0.014734740369021893,-0.038692109286785126,-0.22713060677051544
187706,1981.243404,1.1885840892791748,5.656178951263428,-1.268090844154358,0.017152152955532074,-0.038817256689071655,-0.22591446340084076
187726,1981.263407,1.1888847351074219,5.655458450317383,-1.266235589981079,0.017072299495339394,-0.039262816309928894,-0.22619017958641052
187746,1981.283421,1.1891640424728394,5.654788494110107,-1.2642379999160767,0.017521213740110397,-0.03814766928553581,-0.225508913397789
187766,1981.303403,1.1894534826278687,5.654111862182617,-1.2622911930084229,0.017999999225139618,-0.0399012453854084,-0.22462771832942963
187786,1981.323364,1.1897451877593994,5.653404235839844,-1.2603893280029297,0.018089381977915764,-0.040800973773002625,-0.22353626787662506
187806,1981.343363,1.1900397539138794,5.6526970863342285,-1.2584763765335083,0.018358174711465836,-0.0397617369890213,-0.22278134524822235
187826,1981.363372,1.1897292137145996,5.663433074951172,-1.2567672729492188,0.016279760748147964,-0.03295571729540825,-0.22323021292686462
187846,1981.383371,1.1918011903762817,5.650987148284912,-1.2553977966308594,0.016788838431239128,-0.03861653059720993,-0.22398747503757477
187866,1981.403379,1.1920677423477173,5.650290489196777,-1.2542134523391724,0.01680290885269642,-0.04016445577144623,-0.22388949990272522
187886,1981.423373,1.2032285928726196,5.6528191566467285,-1.2528793811798096,0.021009517833590508,-0.0381535068154335,-0.223405659198761
187906,1981.443374,1.192168116569519,5.65482234954834,-1.2511346340179443,0.01467955857515335,-0.037086665630340576,-0.2232033610343933
187926,1981.463379,1.192370891571045,5.654164791107178,-1.2494001388549805,0.013999726623296738,-0.039227358996868134,-0.22387215495109558
187946,1981.483373,1.192561149597168,5.6534624099731445,-1.247991919517517,0.01313086785376072,-0.0405249260365963,-0.22533820569515228
187966,1981.503388,1.192726969718933,5.652765274047852,-1.2465901374816895,0.01209170836955309,-0.03901487588882446,-0.22553424537181854
187986,1981.523377,1.1956886053085327,5.64284086227417,-1.2452038526535034,0.0143821332603693,-0.0411638543009758,-0.22281654179096222
188006,1981.543370,1.195879340171814,5.64212703704834,-1.243519902229309,0.013616341166198254,-0.041117992252111435,-0.22140571475028992
188026,1981.563373,1.1960422992706299,5.641396522521973,-1.2420374155044556,0.011956238187849522,-0.042478449642658234,-0.22233037650585175
188046,1981.583367,1.196182131767273,5.64063024520874,-1.240435242652893,0.0117710055783391,-0.04450402781367302,-0.22247326374053955
188066,1981.603374,1.1963098049163818,5.639854431152344,-1.238671064376831,0.011136761866509914,-0.043731994926929474,-0.22145822644233704
188086,1981.623373,1.1977232694625854,5.6444010734558105,-1.2366222143173218,0.010869035497307777,-0.03912690654397011,-0.21954672038555145
188106,1981.643368,1.1978094577789307,5.643761157989502,-1.2344567775726318,0.008129059337079525,-0.03727724030613899,-0.21885454654693604
188126,1981.663369,1.197861909866333,5.643144607543945,-1.2322717905044556,0.009148748591542244,-0.0364212766289711,-0.21845495700836182
188146,1981.683372,1.188753604888916,5.637616157531738,-1.2298340797424316,0.006517055910080671,-0.03566880151629448,-0.21742208302021027
188166,1981.703370,1.199634075164795,5.648647308349609,-1.2272305488586426,0.010556481778621674,-0.030048057436943054,-0.2159205973148346
188186,1981.723371,1.1997120380401611,5.648172378540039,-1.224673867225647,0.009997470304369926,-0.030239243060350418,-0.2159002423286438
188206,1981.743366,1.1997716426849365,5.6476850509643555,-1.2224540710449219,0.008218053728342056,-0.030688971281051636,-0.2187446504831314
188226,1981.763369,1.1997957229614258,5.647210121154785,-1.2201993465423584,0.007172273937612772,-0.029356760904192924,-0.22085270285606384
188246,1981.783367,1.1998183727264404,5.646725654602051,-1.2181432247161865,0.008108709007501602,-0.031627289950847626,-0.22024387121200562
188266,1981.803368,1.199870228767395,5.6461992263793945,-1.2159019708633423,0.010655776597559452,-0.03336818516254425,-0.2174709290266037
188286,1981.823369,1.1999620199203491,5.645639419555664,-1.213561773300171,0.011671263724565506,-0.03542023524641991,-0.2160491794347763
188306,1981.843401,1.2000527381896973,5.645041465759277,-1.211393117904663,0.011045846156775951,-0.03687532991170883,-0.2155640423297882
188326,1981.863401,1.2001209259033203,5.644409656524658,-1.2093842029571533,0.009334071539342403,-0.03858434036374092,-0.2153560072183609
188346,1981.883394,1.2001774311065674,5.643748760223389,-1.2073941230773926,0.010484058409929276,-0.03957442566752434,-0.21459947526454926
188366,1981.903404,1.2002581357955933,5.643078804016113,-1.2052966356277466,0.01137006375938654,-0.040097925812006,-0.21431973576545715
188386,1981.923401,1.2003300189971924,5.64240026473999,-1.2031843662261963,0.010282709263265133,-0.04024359583854675,-0.21622954308986664
188406,1981.943395,1.2003852128982544,5.641735553741455,-1.2011809349060059,0.009932094253599644,-0.03878917172551155,-0.21800649166107178
188426,1981.963400,1.2004438638687134,5.641097545623779,-1.1992366313934326,0.010776788927614689,-0.037929732352495193,-0.21773234009742737
188446,1981.983391,1.2004982233047485,5.640462875366211,-1.1973017454147339,0.009183984249830246,-0.038223542273044586,-0.21824823319911957
188466,1982.003399,1.2002882957458496,5.630785942077637,-1.1952776908874512,0.008394936099648476,-0.04097858443856239,-0.2165907770395279
188486,1982.023392,1.203004002571106,5.6430463790893555,-1.1930962800979614,0.010632113553583622,-0.034734200686216354,-0.21388176083564758
188506,1982.043392,1.2030506134033203,5.6424994468688965,-1.190703272819519,0.010428164154291153,-0.03387284278869629,-0.2118716686964035
188526,1982.063392,1.2030879259109497,5.641952991485596,-1.188252329826355,0.010202371515333652,-0.03459629788994789,-0.21115033328533173
188546,1982.083389,1.2031069993972778,5.641400337219238,-1.1857084035873413,0.008852779865264893,-0.034729283303022385,-0.21151107549667358
188566,1982.103408,1.2030950784683228,5.640848159790039,-1.1831175088882446,0.007800622843205929,-0.03497018665075302,-0.21144042909145355
188586,1982.123398,1.203068733215332,5.640282154083252,-1.1805135011672974,0.007613077759742737,-0.03616959601640701,-0.21138924360275269
188606,1982.143391,1.2030391693115234,5.639693260192871,-1.178017020225525,0.007733881939202547,-0.036712221801280975,-0.21092787384986877
188626,1982.163391,1.2030177116394043,5.639105319976807,-1.1756384372711182,0.007847300730645657,-0.03611064329743385,-0.21068793535232544
188646,1982.183388,1.202991008758545,5.638537406921387,-1.173226237297058,0.007725140545517206,-0.03513828665018082,-0.21070115268230438
188666,1982.203392,1.2029668092727661,5.637969493865967,-1.1709576845169067,0.008066831156611443,-0.03590022400021553,-0.21034644544124603
188686,1982.223385,1.2029393911361694,5.637402534484863,-1.1682957410812378,0.008648119866847992,-0.0354674868285656,-0.21000342071056366
188706,1982.242388,1.202938199043274,5.636847019195557,-1.1659884452819824,0.00981893390417099,-0.03448794037103653,-0.20942364633083344
188726,1982.262388,1.203324556350708,5.6484832763671875,-1.1641031503677368,0.00984394270926714,-0.02931119315326214,-0.2082226574420929
188746,1982.283384,1.2033367156982422,5.64805269241333,-1.1620467901229858,0.009546804241836071,-0.027516555041074753,-0.20724856853485107
188766,1982.303387,1.2033354043960571,5.647653579711914,-1.159711480140686,0.00963746476918459,-0.027152804657816887,-0.2071944624185562
188786,1982.323392,1.2033367156982422,5.647246837615967,-1.1572799682617188,0.010589506477117538,-0.028235886245965958,-0.20618197321891785
188806,1982.342389,1.2033724784851074,5.646817207336426,-1.1551145315170288,0.01213546097278595,-0.028697874397039413,-0.20352764427661896
188826,1982.363387,1.2034271955490112,5.646389484405518,-1.1528120040893555,0.012925170361995697,-0.028515715152025223,-0.20193862915039062
188846,1982.382385,1.216651201248169,5.644403457641602,-1.1507861614227295,0.017333051189780235,-0.02886062301695347,-0.2026371955871582
188866,1982.403390,1.2182936668395996,5.656994819641113,-1.1489030122756958,0.019349467009305954,-0.024515988305211067,-0.20335228741168976
188886,1982.423380,1.2184807062149048,5.656641960144043,-1.1469011306762695,0.01829182729125023,-0.0244763046503067,-0.20590481162071228
188906,1982.442393,1.2068417072296143,5.657887935638428,-1.144813895225525,0.016701599583029747,-0.024949274957180023,-0.20264555513858795
188926,1982.462387,1.2070143222808838,5.65755558013916,-1.1424574851989746,0.01981716975569725,-0.022856809198856354,-0.199899822473526
188946,1982.482379,1.2072076797485352,5.657241344451904,-1.1402881145477295,0.02023661509156227,-0.023360295221209526,-0.19809021055698395
188966,1982.503387,1.207431674003601,5.656909942626953,-1.1380916833877563,0.02252657525241375,-0.024082593619823456,-0.19637766480445862
188986,1982.522376,1.216159701347351,5.658316612243652,-1.1335638761520386,0.02592250518500805,-0.023539764806628227,-0.19547972083091736
189006,1982.542394,1.21616792678833,5.6722941398620605,-1.1310056447982788,0.02494431473314762,-0.01637435518205166,-0.19526098668575287
189026,1982.562383,1.216448187828064,5.67213773727417,-1.128218173980713,0.02649177424609661,-0.015212309546768665,-0.1940779685974121
189046,1982.582379,1.2124533653259277,5.683428764343262,-1.1252936124801636,0.028277313336730003,-0.010562059469521046,-0.1911504566669464
189066,1982.602378,1.211267113685608,5.694859027862549,-1.1225314140319824,0.025676801800727844,-0.006978729274123907,-0.19247442483901978
189086,1982.622377,1.2115505933761597,5.694889545440674,-1.1197750568389893,0.02663961611688137,-0.0055779688991606236,-0.19307440519332886
189106,1982.642379,1.2118631601333618,5.694930076599121,-1.1171338558197021,0.027417292818427086,-0.006174657493829727,-0.1931372433900833
189126,1982.662378,1.225008249282837,5.704584121704102,-1.1146351099014282,0.03217772766947746,-0.0029368912801146507,-0.19245699048042297
189146,1982.682374,1.236994743347168,5.712894916534424,-1.1119853258132935,0.03706151992082596,-1.4447476132772863e-05,-0.19279925525188446
189166,1982.702388,1.2375247478485107,5.713033676147461,-1.109573245048523,0.03921589255332947,-0.001695881481282413,-0.19160786271095276
189186,1982.722373,1.2380908727645874,5.713124752044678,-1.1070574522018433,0.04022078588604927,-0.004417716059833765,-0.19015249609947205
189206,1982.742385,1.2495625019073486,5.7135233879089355,-1.1047399044036865,0.043380290269851685,-0.003212285228073597,-0.19005221128463745
189226,1982.762384,1.2501912117004395,5.713648319244385,-1.102188229560852,0.04369603469967842,-0.00012139791215304285,-0.18982422351837158
189246,1982.782374,1.2612042427062988,5.710322856903076,-1.0995937585830688,0.048621803522109985,-0.0026526416186243296,-0.18971696496009827
189266,1982.802371,1.2619075775146484,5.710418224334717,-1.0968571901321411,0.04673061892390251,-0.003636326175183058,-0.19167092442512512
189286,1982.822373,1.2625731229782104,5.710501670837402,-1.094185471534729,0.04491269588470459,-0.004428850021213293,-0.193448007106781
189306,1982.842374,1.263211727142334,5.710560321807861,-1.0916591882705688,0.04386524483561516,-0.005788133945316076,-0.19493909180164337
189326,1982.862797,1.2603720426559448,5.712458610534668,-1.089081883430481,0.04074293375015259,-0.008285320363938808,-0.195062056183815
189346,1982.882793,1.2609325647354126,5.712425708770752,-1.08682382106781,0.03967868164181709,-0.009610936976969242,-0.19466902315616608
189366,1982.902799,1.261466383934021,5.712398052215576,-1.084332823753357,0.03940339386463165,-0.009388124570250511,-0.1928541213274002
189386,1982.922789,1.261987566947937,5.712345123291016,-1.0815850496292114,0.039228323847055435,-0.013037229888141155,-0.19213911890983582
189406,1982.942801,1.2624765634536743,5.712224006652832,-1.0786011219024658,0.03738263249397278,-0.015959301963448524,-0.19184216856956482
189426,1982.962796,1.2704282999038696,5.723644733428955,-1.0757797956466675,0.040665823966264725,-0.012970641255378723,-0.19048018753528595
189446,1982.982794,1.2564771175384521,5.726675510406494,-1.0730684995651245,0.038151439279317856,-0.00940764881670475,-0.18802109360694885
189466,1983.002799,1.2569966316223145,5.726668834686279,-1.0702818632125854,0.040922995656728745,-0.007949385792016983,-0.18269945681095123
189486,1983.022789,1.266098976135254,5.726719379425049,-1.0671935081481934,0.04858328402042389,-0.005954061634838581,-0.17839908599853516
189506,1983.042791,1.266817569732666,5.7267913818359375,-1.0643290281295776,0.04938218370079994,-0.00360045675188303,-0.17691653966903687
189526,1983.062794,1.2680710554122925,5.71846866607666,-1.0612889528274536,0.05008990317583084,-0.006874235346913338,-0.17703162133693695
189546,1983.082789,1.292467474937439,5.7222466468811035,-1.05793297290802,0.06179104745388031,-0.008994401432573795,-0.17607934772968292
189566,1983.102795,1.2867794036865234,5.728906631469727,-1.0543749332427979,0.06315930932760239,-0.009685324504971504,-0.17303980886936188
189586,1983.122785,1.2831354141235352,5.726822376251221,-1.0511667728424072,0.06264203786849976,-0.009400537237524986,-0.17164196074008942
189606,1983.142818,1.2809875011444092,5.7156829833984375,-1.0477081537246704,0.06166085973381996,-0.012224807403981686,-0.17174269258975983
189626,1983.162375,1.2819442749023438,5.715622425079346,-1.0445473194122314,0.06275947391986847,-0.011050711385905743,-0.1719340980052948
189646,1983.182362,1.3032268285751343,5.714779853820801,-1.0413001775741577,0.07382016628980637,-0.012080684304237366,-0.17067164182662964
189666,1983.202367,1.314892292022705,5.7152605056762695,-1.0379230976104736,0.07759533077478409,-0.013617818243801594,-0.17078326642513275
189686,1983.222362,1.316152811050415,5.715142726898193,-1.034882664680481,0.07773254066705704,-0.015026106499135494,-0.1716218888759613
189706,1983.242366,1.3174446821212769,5.7150187492370605,-1.0316141843795776,0.08131270110607147,-0.015112338587641716,-0.1709394007921219
189726,1983.262367,1.318838357925415,5.714876651763916,-1.0286865234375,0.07873066514730453,-0.014556245878338814,-0.17357341945171356
189746,1983.282361,1.320115566253662,5.714770793914795,-1.0256685018539429,0.07933655381202698,-0.013676672242581844,-0.17363226413726807
189766,1983.302394,1.3214162588119507,5.714656352996826,-1.0227199792861938,0.07937314361333847,-0.014865095727145672,-0.1740039736032486
189786,1983.322362,1.3285754919052124,5.7151899337768555,-1.019532561302185,0.07749862223863602,-0.015974290668964386,-0.17526023089885712
189806,1983.342394,1.329805850982666,5.715058326721191,-1.0164715051651,0.07641291618347168,-0.014757777564227581,-0.17429770529270172
189826,1983.362373,1.3366773128509521,5.704484939575195,-1.0133947134017944,0.07770291715860367,-0.01752549223601818,-0.17357462644577026
189846,1983.382359,1.3379040956497192,5.704314708709717,-1.0103561878204346,0.07607948035001755,-0.01757758855819702,-0.1742025464773178
189866,1983.402356,1.3574150800704956,5.712310791015625,-1.0073878765106201,0.08299461752176285,-0.014982972294092178,-0.17274433374404907
189886,1983.422360,1.3440016508102417,5.716578960418701,-1.0043447017669678,0.07601766288280487,-0.013182301074266434,-0.1687125265598297
189906,1983.442361,1.3669601678848267,5.711581707000732,-1.001168131828308,0.08983680605888367,-0.015024605207145214,-0.17079351842403412
189926,1983.462364,1.3747224807739258,5.7170257568359375,-0.9983368515968323,0.09135787189006805,-0.009242108091711998,-0.17124910652637482
189946,1983.482355,1.376239538192749,5.717049598693848,-0.9957193732261658,0.09074774384498596,-0.005165174137800932,-0.17154866456985474
189966,1983.502354,1.399910569190979,5.710546016693115,-0.9928231239318848,0.1017945185303688,-0.009732130914926529,-0.16990156471729279
189986,1983.522354,1.3966373205184937,5.7217230796813965,-0.9899207949638367,0.09979333728551865,-0.009579222649335861,-0.1686546355485916
190006,1983.542393,1.4174280166625977,5.726226329803467,-0.9869791269302368,0.10945861786603928,-0.009537703357636929,-0.16646838188171387
190026,1983.561357,1.4193191528320312,5.726189613342285,-0.9842491149902344,0.10959547758102417,-0.010668622329831123,-0.16491134464740753
190046,1983.582354,1.419661521911621,5.7246785163879395,-0.9817143082618713,0.11046498268842697,-0.010100503452122211,-0.16356602311134338
190066,1983.602352,1.4215810298919678,5.724675178527832,-0.9789520502090454,0.11173304170370102,-0.006922991015017033,-0.16320914030075073
190086,1983.622351,1.4281281232833862,5.722115516662598,-0.9760094285011292,0.11371000111103058,-0.005763884633779526,-0.16319161653518677
190106,1983.642360,1.4301080703735352,5.72214937210083,-0.9730536341667175,0.11561685800552368,-0.00883103534579277,-0.16185727715492249
190126,1983.661354,1.432082176208496,5.722107887268066,-0.9699311256408691,0.11409307271242142,-0.012739771977066994,-0.16346637904644012
190146,1983.682351,1.4317607879638672,5.714625835418701,-0.9670466184616089,0.11320902407169342,-0.015499689616262913,-0.1640399843454361
190166,1983.702351,1.4268625974655151,5.708240032196045,-0.9640993475914001,0.11275278776884079,-0.017273955047130585,-0.16320304572582245
190186,1983.721348,1.431588888168335,5.692544937133789,-0.961378812789917,0.10808704048395157,-0.02447902038693428,-0.1656009703874588
190206,1983.741359,1.4334421157836914,5.692221164703369,-0.9585756659507751,0.1100434958934784,-0.024933239445090294,-0.16475893557071686
190226,1983.762364,1.429023027420044,5.684779167175293,-0.9558454155921936,0.10941421240568161,-0.02884349599480629,-0.16422925889492035
190246,1983.781771,1.4308662414550781,5.684355735778809,-0.9532129168510437,0.10640852153301239,-0.03051186352968216,-0.16616564989089966
190266,1983.801766,1.4318764209747314,5.677875518798828,-0.950292706489563,0.10766465961933136,-0.034811098128557205,-0.16646280884742737
190286,1983.821775,1.4337331056594849,5.677363872528076,-0.9473412036895752,0.11097726225852966,-0.03397899121046066,-0.16522948443889618
190306,1983.841781,1.4316610097885132,5.672053337097168,-0.9443259835243225,0.11030937731266022,-0.033069152384996414,-0.16278845071792603
190326,1983.862788,1.4335417747497559,5.671621322631836,-0.9410702586174011,0.11315800994634628,-0.028939073905348778,-0.15995077788829803
190346,1983.881769,1.4354749917984009,5.671278476715088,-0.9377323389053345,0.11483301967382431,-0.02498878352344036,-0.15800239145755768
190366,1983.901807,1.437404990196228,5.670979022979736,-0.9342568516731262,0.11459381878376007,-0.02487511746585369,-0.15839654207229614
190386,1983.921766,1.4393423795700073,5.670678615570068,-0.9307141304016113,0.11567056179046631,-0.025184456259012222,-0.15789298713207245
190406,1983.941770,1.4603110551834106,5.646828651428223,-0.9274632334709167,0.12413165718317032,-0.0347534604370594,-0.15676595270633698
190426,1983.962791,1.4585390090942383,5.658168792724609,-0.9241814017295837,0.1250428557395935,-0.028585752472281456,-0.15496043860912323
190446,1983.981771,1.4607069492340088,5.657790660858154,-0.9209555387496948,0.12644550204277039,-0.02794777974486351,-0.15233995020389557
190466,1984.001766,1.466496229171753,5.672277450561523,-0.9177845120429993,0.12774333357810974,-0.021166754886507988,-0.15311455726623535
190486,1984.021766,1.4742872714996338,5.671123027801514,-0.9146407246589661,0.12910284101963043,-0.022848419845104218,-0.1543489247560501
190506,1984.041790,1.4765443801879883,5.6708502769470215,-0.9115432500839233,0.13135173916816711,-0.023003730922937393,-0.15370476245880127
190526,1984.061774,1.5026657581329346,5.662090301513672,-0.9087923765182495,0.14255885779857635,-0.02637520618736744,-0.15393845736980438
190546,1984.081764,1.5051828622817993,5.661762714385986,-0.9058449864387512,0.14420336484909058,-0.024845777079463005,-0.1528490036725998
190566,1984.101760,1.5077253580093384,5.661433219909668,-0.9027197957038879,0.14470210671424866,-0.02738833613693714,-0.1517963856458664
190586,1984.121763,1.533113956451416,5.662744998931885,-0.8997188806533813,0.15344323217868805,-0.02767014317214489,-0.1512291580438614
190606,1984.141764,1.5365850925445557,5.664758682250977,-0.8966238498687744,0.1587054282426834,-0.02588200569152832,-0.14956869184970856
190626,1984.161804,1.5394009351730347,5.6644463539123535,-0.8935529589653015,0.15722787380218506,-0.024254493415355682,-0.15096212923526764
190646,1984.181770,1.5421369075775146,5.664166450500488,-0.8903515934944153,0.15312857925891876,-0.023507781326770782,-0.1529807448387146
190666,1984.201763,1.548560619354248,5.663818836212158,-0.8870410323143005,0.1562103033065796,-0.023351402953267097,-0.15219412744045258
190686,1984.221758,1.5512542724609375,5.66337776184082,-0.8837283849716187,0.15511669218540192,-0.022703666239976883,-0.15264520049095154
190706,1984.241785,1.564467430114746,5.662187576293945,-0.8809241652488708,0.15523883700370789,-0.02385743521153927,-0.15391048789024353
190726,1984.262759,1.5597130060195923,5.653497219085693,-0.8777053952217102,0.14937463402748108,-0.02729576826095581,-0.15611861646175385
190746,1984.281759,1.5649315118789673,5.653567314147949,-0.8744535446166992,0.14942805469036102,-0.02275816909968853,-0.15661752223968506
190766,1984.301759,1.5691126585006714,5.653323650360107,-0.8711116909980774,0.150038480758667,-0.02143867127597332,-0.15655659139156342
190786,1984.321760,1.5717134475708008,5.653112888336182,-0.867880642414093,0.14867179095745087,-0.020332947373390198,-0.15599334239959717
190806,1984.341759,1.5742977857589722,5.652913570404053,-0.8643979430198669,0.14955377578735352,-0.02094769850373268,-0.15478742122650146
190826,1984.362394,1.604759693145752,5.652046203613281,-0.8610809445381165,0.15870997309684753,-0.023108208552002907,-0.15613000094890594
190846,1984.381339,1.6110812425613403,5.644867897033691,-0.8578163385391235,0.16077199578285217,-0.026423059403896332,-0.15691396594047546
190866,1984.401342,1.6139562129974365,5.644553184509277,-0.8547961115837097,0.16379068791866302,-0.02490621618926525,-0.15655162930488586
190886,1984.421337,1.616837501525879,5.644289016723633,-0.8516906499862671,0.16312992572784424,-0.022051384672522545,-0.15672674775123596
190906,1984.441353,1.623695969581604,5.641204357147217,-0.8487080931663513,0.16903986036777496,-0.0223741065710783,-0.15458625555038452
190926,1984.461337,1.6127108335494995,5.639398097991943,-0.845696747303009,0.16871795058250427,-0.024766717106103897,-0.15026770532131195
190946,1984.481334,1.633690357208252,5.639813423156738,-0.8424996733665466,0.1814315766096115,-0.026392990723252296,-0.14552569389343262
190966,1984.501334,1.6351572275161743,5.635162353515625,-0.8395233154296875,0.18190039694309235,-0.02839694917201996,-0.14410719275474548
190986,1984.521336,1.6387972831726074,5.6346435546875,-0.8424111008644104,0.1824377328157425,-0.022888369858264923,-0.14420752227306366
191006,1984.541346,1.6447988748550415,5.629910469055176,-0.8395029306411743,0.18510368466377258,-0.01895260065793991,-0.14595915377140045
191026,1984.561335,1.644182562828064,5.634282112121582,-0.836219310760498,0.18448029458522797,-0.019607454538345337,-0.14412790536880493
191046,1984.581355,1.6475764513015747,5.634037494659424,-0.8330522775650024,0.193034827709198,-0.02474934048950672,-0.13690541684627533
191066,1984.601332,1.6560781002044678,5.639442443847656,-0.8299948573112488,0.19561640918254852,-0.02435922995209694,-0.13551174104213715
191086,1984.621335,1.661226511001587,5.643494129180908,-0.8267562389373779,0.1963169127702713,-0.020640356466174126,-0.1368340253829956
191106,1984.641343,1.664781928062439,5.64333438873291,-0.8235521912574768,0.19767916202545166,-0.015834307298064232,-0.13861516118049622
191126,1984.661333,1.6636474132537842,5.6476054191589355,-0.820449948310852,0.19836725294589996,-0.013700645416975021,-0.13821014761924744
191146,1984.681327,1.6750108003616333,5.6458282470703125,-0.817297637462616,0.20490127801895142,-0.01754848286509514,-0.13807308673858643
191166,1984.701326,1.6952279806137085,5.645878791809082,-0.8143381476402283,0.2117845118045807,-0.022074973210692406,-0.13804449141025543
191186,1984.721328,1.7087857723236084,5.650347709655762,-0.8114178776741028,0.214330792427063,-0.021329551935195923,-0.13951833546161652
191206,1984.741340,1.7053542137145996,5.646125316619873,-0.80866938829422,0.20891450345516205,-0.019561415538191795,-0.1434151977300644
191226,1984.761331,1.7128782272338867,5.6496405601501465,-0.8062224984169006,0.21056318283081055,-0.012782640755176544,-0.14435096085071564
191246,1984.781352,1.71707022190094,5.6471171379089355,-0.8038035035133362,0.21280010044574738,-0.014882346615195274,-0.14384694397449493
191266,1984.801324,1.7203314304351807,5.645388126373291,-0.801410436630249,0.20998413860797882,-0.01660514995455742,-0.1455782949924469
191286,1984.821335,1.7241564989089966,5.645246505737305,-0.799008846282959,0.20894643664360046,-0.016222862526774406,-0.14555548131465912
191306,1984.841344,1.720037817955017,5.659849643707275,-0.7967161536216736,0.20388013124465942,-0.0101889967918396,-0.14809533953666687
191326,1984.861331,1.7244008779525757,5.6579389572143555,-0.794364333152771,0.200710266828537,-0.011019040830433369,-0.15314450860023499
191346,1984.881325,1.7280057668685913,5.657901763916016,-0.7918733954429626,0.19863717257976532,-0.012388219125568867,-0.1554633378982544
191366,1984.901323,1.731616735458374,5.6578288078308105,-0.7895544171333313,0.19911512732505798,-0.014212057925760746,-0.15463393926620483
191386,1984.921326,1.7352157831192017,5.657731533050537,-0.7870598435401917,0.1989951729774475,-0.014892040751874447,-0.15487678349018097
191406,1984.941339,1.7399821281433105,5.656744003295898,-0.7846980690956116,0.2003472000360489,-0.014348660595715046,-0.15523302555084229
191426,1984.961326,1.7435991764068604,5.656656742095947,-0.7822240591049194,0.1998608261346817,-0.014380129054188728,-0.15404994785785675
191446,1984.981350,1.7578812837600708,5.670819282531738,-0.7797253727912903,0.20564043521881104,-0.010232597589492798,-0.15188828110694885
191466,1985.001323,1.7619503736495972,5.671796798706055,-0.7769802808761597,0.20716716349124908,-0.011213075369596481,-0.1504696160554886
191486,1985.021324,1.7588834762573242,5.657890319824219,-0.7741075158119202,0.20634153485298157,-0.018693266436457634,-0.1477241963148117
191506,1985.041343,1.7547770738601685,5.65377950668335,-0.7708775401115417,0.20223285257816315,-0.02097342722117901,-0.14733156561851501
191526,1985.061330,1.7623058557510376,5.65511417388916,-0.7674047350883484,0.2097110003232956,-0.019696827977895737,-0.1431950032711029
191546,1985.081323,1.7880266904830933,5.652892112731934,-0.7639197707176208,0.22407972812652588,-0.020782331004738808,-0.1389407366514206
191566,1985.101320,1.7921010255813599,5.652730941772461,-0.7605293989181519,0.22609937191009521,-0.017804143950343132,-0.1360020488500595
191586,1985.121323,1.804227590560913,5.651144027709961,-0.7573152184486389,0.2283656746149063,-0.018361425027251244,-0.13532599806785583
191606,1985.141340,1.8116941452026367,5.637823104858398,-0.754138171672821,0.23486050963401794,-0.026157140731811523,-0.13083386421203613
191626,1985.161324,1.8160440921783447,5.637506484985352,-0.7509472370147705,0.24107518792152405,-0.026447363197803497,-0.12579140067100525
191646,1985.181369,1.8180437088012695,5.632021903991699,-0.7478039860725403,0.2428673356771469,-0.026619134470820427,-0.12227297574281693
191666,1985.201319,1.8199645280838013,5.631378173828125,-0.7447308897972107,0.24362966418266296,-0.02187417447566986,-0.12014789134263992
191686,1985.221318,1.8244342803955078,5.631186485290527,-0.7417739629745483,0.2424003630876541,-0.01795733906328678,-0.12077175080776215
191706,1985.241340,1.823334813117981,5.636227130889893,-0.7388820648193359,0.24225005507469177,-0.016306566074490547,-0.1213710829615593
191726,1985.261407,1.8413190841674805,5.635190963745117,-0.7357979416847229,0.2511582374572754,-0.018633397296071053,-0.12085192650556564
191746,1985.281320,1.8401682376861572,5.628058910369873,-0.7326130867004395,0.2506590187549591,-0.025031978264451027,-0.11806654930114746
191766,1985.301313,1.8294219970703125,5.626289367675781,-0.7298520803451538,0.24655964970588684,-0.0231038685888052,-0.1165824756026268
191786,1985.320321,1.833905577659607,5.626082897186279,-0.7269654870033264,0.24021506309509277,-0.017702102661132812,-0.12211401760578156
191806,1985.340320,1.8448702096939087,5.637335300445557,-0.7242934107780457,0.2422557771205902,-0.012665461748838425,-0.12447205930948257
191826,1985.360314,1.849405288696289,5.630691051483154,-0.7213733196258545,0.24032630026340485,-0.02022279053926468,-0.12916769087314606
191846,1985.380319,1.8538005352020264,5.630500316619873,-0.7183104157447815,0.24232231080532074,-0.020222416147589684,-0.13016058504581451
191866,1985.400350,1.8568873405456543,5.629256248474121,-0.7152890563011169,0.24436691403388977,-0.018787167966365814,-0.13047726452350616
191886,1985.420321,1.873691201210022,5.625293254852295,-0.7122021317481995,0.2526400089263916,-0.01835465058684349,-0.12951701879501343
191906,1985.440313,1.8702377080917358,5.630321979522705,-0.7090758681297302,0.2434839904308319,-0.01633065938949585,-0.13406670093536377
191926,1985.460312,1.8747037649154663,5.63021183013916,-0.7062356472015381,0.2448101043701172,-0.016080789268016815,-0.13393916189670563
191946,1985.480310,1.872171401977539,5.635079383850098,-0.7035051584243774,0.24019238352775574,-0.013651282526552677,-0.13716354966163635
191966,1985.500310,1.8765605688095093,5.635028839111328,-0.701026201248169,0.23942941427230835,-0.012394476681947708,-0.14030729234218597
191986,1985.520313,1.8722445964813232,5.635354995727539,-0.6985648274421692,0.23810413479804993,-0.01216115616261959,-0.1390943080186844
192006,1985.540307,1.876617431640625,5.635347843170166,-0.6960280537605286,0.2393282651901245,-0.009461015462875366,-0.13729698956012726
192026,1985.560306,1.8809932470321655,5.635400772094727,-0.6932475566864014,0.24107693135738373,-0.006927775219082832,-0.13514740765094757
192046,1985.580310,1.8854016065597534,5.635519981384277,-0.6903728246688843,0.24253708124160767,-0.0033379404339939356,-0.1331443041563034
192066,1985.600348,1.8842341899871826,5.64082670211792,-0.68748939037323,0.24169562757015228,0.0018990753451362252,-0.13107150793075562
192086,1985.620318,1.888602614402771,5.641072750091553,-0.6846691370010376,0.23717360198497772,0.00020711201068479568,-0.1326056569814682
192106,1985.640306,1.8929280042648315,5.641272068023682,-0.6818698644638062,0.2388412207365036,-0.0019324342720210552,-0.12961022555828094
192126,1985.660305,1.8916738033294678,5.6380510330200195,-0.6787024736404419,0.24065516889095306,-0.0055370512418448925,-0.12687163054943085
192146,1985.680302,1.8960812091827393,5.638211727142334,-0.6758062243461609,0.24204693734645844,0.0010614022612571716,-0.12645681202411652
192166,1985.700306,1.9004757404327393,5.638512134552002,-0.6728864312171936,0.2400440126657486,0.005477074068039656,-0.1270991414785385
192186,1985.720319,1.903169870376587,5.641371726989746,-0.6702423691749573,0.24217139184474945,0.0024881816934794188,-0.12451379001140594
192206,1985.740303,1.9076672792434692,5.64157247543335,-0.6675698161125183,0.2479628026485443,-0.003258121432736516,-0.12207205593585968
192226,1985.760305,1.9122843742370605,5.64166259765625,-0.664840817451477,0.2544330954551697,-0.008085053414106369,-0.1175471767783165
192246,1985.781302,1.9211697578430176,5.644519329071045,-0.6617736220359802,0.25414302945137024,-0.004246041178703308,-0.11895778775215149
192266,1985.800340,1.925736427307129,5.644739627838135,-0.6588437557220459,0.2462736815214157,0.004521571099758148,-0.12379136681556702
192286,1985.820333,1.9198589324951172,5.640362739562988,-0.6557404398918152,0.2473451793193817,0.004233988001942635,-0.12074404209852219
192306,1985.840314,1.9255268573760986,5.6441731452941895,-0.6527085900306702,0.2523764669895172,-0.0005920164403505623,-0.11816596984863281
192326,1985.861301,1.9244743585586548,5.642314910888672,-0.6495936512947083,0.24940384924411774,-0.009052649140357971,-0.11529463529586792
192346,1985.880301,1.9400463104248047,5.636788845062256,-0.6462879180908203,0.2597161531448364,-0.011478847824037075,-0.11216075718402863
192366,1985.900302,1.9410370588302612,5.635390758514404,-0.6431822776794434,0.2555467188358307,-0.00380710163153708,-0.11778826266527176
192386,1985.920307,1.9440089464187622,5.6417036056518555,-0.6402290463447571,0.24962349236011505,0.006003478541970253,-0.12125221639871597
192406,1985.940305,1.9470230340957642,5.641589641571045,-0.6372780203819275,0.2527289092540741,-0.003032450098544359,-0.11865674704313278
192426,1985.960300,1.9409503936767578,5.626087188720703,-0.6343173980712891,0.2512020766735077,-0.01731358841061592,-0.11551376432180405
192446,1985.980301,1.9638233184814453,5.622800350189209,-0.6314278841018677,0.2632148265838623,-0.024340089410543442,-0.11234967410564423
192466,1986.000367,1.9493588209152222,5.6168599128723145,-0.6285039782524109,0.25406613945961,-0.022036481648683548,-0.11222395300865173
192486,1986.020314,1.9532016515731812,5.614131927490234,-0.6257016658782959,0.25363659858703613,-0.015796251595020294,-0.11228509992361069
192506,1986.040319,1.954844355583191,5.617005825042725,-0.622882068157196,0.2513439655303955,-0.01252714917063713,-0.1125577762722969
192526,1986.060298,1.9595069885253906,5.616894245147705,-0.6200536489486694,0.2565518915653229,-0.020795226097106934,-0.10644034296274185
192546,1986.080296,1.9653524160385132,5.6113080978393555,-0.616927444934845,0.26425355672836304,-0.03233646601438522,-0.0988207682967186
192566,1986.100301,1.9606691598892212,5.616168022155762,-0.613508403301239,0.26179417967796326,-0.02669641003012657,-0.0981207937002182
192586,1986.120302,1.9632861614227295,5.615504741668701,-0.6101698279380798,0.26138004660606384,-0.012719560414552689,-0.10045095533132553
192606,1986.140309,1.9644765853881836,5.606257438659668,-0.6069867014884949,0.2591589093208313,-0.010133123956620693,-0.10347668826580048
192626,1986.160293,1.9710288047790527,5.615405559539795,-0.6040604710578918,0.26253071427345276,-0.009209791198372841,-0.10237885266542435
192646,1986.180297,1.966745376586914,5.604733943939209,-0.6008430123329163,0.26206132769584656,-0.02366148866713047,-0.10014177113771439
192666,1986.200296,1.983223557472229,5.602320671081543,-0.5977854132652283,0.26986244320869446,-0.030095232650637627,-0.09833211451768875
192686,1986.220314,1.9810502529144287,5.6090989112854,-0.5950700044631958,0.266853004693985,-0.017939377576112747,-0.10098801553249359
192706,1986.240296,1.9899320602416992,5.611708164215088,-0.5921186804771423,0.26842001080513,-0.00045252047129906714,-0.10427994281053543
192726,1986.260300,1.9957197904586792,5.616846084594727,-0.589203417301178,0.2701604664325714,0.00982777401804924,-0.10430927574634552
192746,1986.280292,1.9956068992614746,5.624637603759766,-0.5864542722702026,0.2696513235569,0.007499116938561201,-0.1005992591381073
192766,1986.300296,1.986911654472351,5.614024639129639,-0.5834981799125671,0.2658568024635315,-0.005022981204092503,-0.09892549365758896
192786,1986.320303,1.9965333938598633,5.611345291137695,-0.5806795954704285,0.26456305384635925,-0.004749839659780264,-0.10290200263261795
192806,1986.340290,1.99280846118927,5.604828357696533,-0.577827513217926,0.259455144405365,0.001327126519754529,-0.10652879625558853
192826,1986.360249,1.9898122549057007,5.610984802246094,-0.5749719142913818,0.25363388657569885,0.01334152091294527,-0.11136534065008163
192846,1986.380242,1.9872825145721436,5.624107360839844,-0.5721071362495422,0.24759165942668915,0.02218177169561386,-0.11341548711061478
192866,1986.400250,1.9917902946472168,5.6247148513793945,-0.5690669417381287,0.24841299653053284,0.013980856165289879,-0.11028779298067093
192886,1986.420251,2.002601146697998,5.616433143615723,-0.5660389065742493,0.25257331132888794,0.003656291402876377,-0.10645326226949692
192906,1986.440264,1.9973247051239014,5.6132073402404785,-0.5630006790161133,0.2483968287706375,0.00757827702909708,-0.10807423293590546
192926,1986.460258,2.00626540184021,5.617066860198975,-0.5598801970481873,0.2519075870513916,0.025595540180802345,-0.1101926788687706
192946,1986.480257,2.006333112716675,5.620996475219727,-0.5570659637451172,0.24807150661945343,0.033298343420028687,-0.11169739067554474
192966,1986.500253,2.00421142578125,5.622243404388428,-0.5542356967926025,0.24718011915683746,0.02366965264081955,-0.10571810603141785
192986,1986.520261,2.0050315856933594,5.621387481689453,-0.5514154434204102,0.2462901771068573,0.017516670748591423,-0.10362058132886887
193006,1986.540255,2.009488582611084,5.621944904327393,-0.5486282110214233,0.24254800379276276,0.01569550298154354,-0.1039089486002922
193026,1986.560254,2.013913869857788,5.622502326965332,-0.545796811580658,0.243406280875206,0.017677389085292816,-0.10446176677942276
193046,1986.580258,2.018371105194092,5.623161792755127,-0.5427906513214111,0.24678651988506317,0.024560928344726562,-0.1026463508605957
193066,1986.600252,2.0337092876434326,5.619814395904541,-0.5394516587257385,0.2529716491699219,0.023891402408480644,-0.10189156234264374
193086,1986.620259,2.0389297008514404,5.620276927947998,-0.5360801219940186,0.2532702386379242,0.023177532479166985,-0.10310745984315872
193106,1986.640249,2.034735679626465,5.621455669403076,-0.5328859686851501,0.25041818618774414,0.01957661658525467,-0.10279148817062378
193126,1986.660255,2.03682541847229,5.616605281829834,-0.5294237732887268,0.2530108392238617,0.015876786783337593,-0.10146351903676987
193146,1986.680252,2.0390279293060303,5.614483833312988,-0.526077389717102,0.24540923535823822,0.01806551218032837,-0.10594863444566727
193166,1986.700255,2.0434353351593018,5.615160942077637,-0.5228513479232788,0.24472564458847046,0.02419666014611721,-0.10784904658794403
193186,1986.720256,2.038511276245117,5.615259647369385,-0.519660234451294,0.24178020656108856,0.02600179798901081,-0.1101851612329483
193206,1986.739249,2.0456337928771973,5.618131160736084,-0.5168325901031494,0.24497389793395996,0.024893153458833694,-0.11034028977155685
193226,1986.759248,2.0491623878479004,5.615842342376709,-0.5137896537780762,0.2433883249759674,0.01994798332452774,-0.11424954235553741
193246,1986.779250,2.0535025596618652,5.616440773010254,-0.5110514760017395,0.23713047802448273,0.015443768352270126,-0.1197933778166771
193266,1986.799247,2.052043914794922,5.604366302490234,-0.508330762386322,0.2338288128376007,0.004473935812711716,-0.1227148100733757
193286,1986.819264,2.0543417930603027,5.6101226806640625,-0.5057590007781982,0.23507212102413177,0.003295325441285968,-0.12421558052301407
193306,1986.839282,2.053318738937378,5.602519512176514,-0.503078281879425,0.228227436542511,0.0016348041826859117,-0.1315183788537979
193326,1986.859289,2.057461977005005,5.60288143157959,-0.5006337761878967,0.23259496688842773,0.009122181683778763,-0.1322142481803894
193346,1986.879281,2.0616679191589355,5.603354454040527,-0.49861887097358704,0.22944973409175873,0.014876460656523705,-0.134290874004364
193366,1986.899282,2.065229654312134,5.6035356521606445,-0.496649831533432,0.2286940962076187,0.01498867105692625,-0.13032786548137665
193386,1986.919289,2.0677695274353027,5.604922294616699,-0.4947356879711151,0.23218050599098206,0.01003011129796505,-0.1265566349029541
193406,1986.939280,2.072021007537842,5.605278015136719,-0.4927902817726135,0.23336578905582428,0.0030464695300906897,-0.12509021162986755
193426,1986.959279,2.0780274868011475,5.606464862823486,-0.4906807839870453,0.23195157945156097,-0.0008390736766159534,-0.1250300109386444
193446,1986.979278,2.084394931793213,5.614084243774414,-0.4886319935321808,0.2310832142829895,0.0034562889486551285,-0.12645213305950165
193466,1986.999282,2.085493564605713,5.616415977478027,-0.4861370623111725,0.22673505544662476,0.007807143032550812,-0.12803834676742554
193486,1987.019278,2.088437080383301,5.6228179931640625,-0.4837375581264496,0.22995392978191376,0.011105739511549473,-0.12549808621406555
193506,1987.039273,2.0926058292388916,5.6232590675354,-0.4812502861022949,0.23319289088249207,0.008370557799935341,-0.12300627678632736
193526,1987.059297,2.0954484939575195,5.620880126953125,-0.4787588119506836,0.23137742280960083,0.008509653620421886,-0.12393393367528915
193546,1987.079291,2.0989937782287598,5.624910354614258,-0.47638648748397827,0.22265809774398804,0.01434682123363018,-0.12845087051391602
193566,1987.099284,2.099173069000244,5.623188018798828,-0.47404909133911133,0.21816787123680115,0.013503684662282467,-0.13384628295898438
193586,1987.119330,2.099262237548828,5.624024868011475,-0.4717981815338135,0.22485001385211945,0.014478525146842003,-0.12857195734977722
193606,1987.139286,2.1033787727355957,5.624588489532471,-0.4692978858947754,0.23182059824466705,0.015383727848529816,-0.12092665582895279
193626,1987.159282,2.1040098667144775,5.62493896484375,-0.46684396266937256,0.2304309457540512,0.02017035335302353,-0.120813749730587
193646,1987.179283,2.11020827293396,5.6268110275268555,-0.464462548494339,0.2284242957830429,0.02199881337583065,-0.12452291697263718
193666,1987.199281,2.113896608352661,5.629570960998535,-0.46199384331703186,0.22486256062984467,0.023492546752095222,-0.12637457251548767
193686,1987.219331,2.118072032928467,5.632534027099609,-0.45947954058647156,0.22952616214752197,0.022785717621445656,-0.12752577662467957
193706,1987.239282,2.1222620010375977,5.633265972137451,-0.45721104741096497,0.23510952293872833,0.024746490642428398,-0.12800437211990356
193726,1987.259282,2.1227853298187256,5.6379876136779785,-0.45508840680122375,0.23410925269126892,0.02683285064995289,-0.12866203486919403
193746,1987.279281,2.121920347213745,5.629949569702148,-0.45258471369743347,0.2319224625825882,0.024012135341763496,-0.1280221939086914
193766,1987.299279,2.1168324947357178,5.625018119812012,-0.45014914870262146,0.2295384258031845,0.024996347725391388,-0.13002730906009674
193786,1987.319324,2.122034788131714,5.62064790725708,-0.44785308837890625,0.22733668982982635,0.02847282402217388,-0.13256098330020905
193806,1987.339281,2.129451036453247,5.628035068511963,-0.44561856985092163,0.22730374336242676,0.035128168761730194,-0.13494639098644257
193826,1987.359279,2.1216044425964355,5.628199577331543,-0.44357043504714966,0.22481396794319153,0.034191373735666275,-0.13369038701057434
193846,1987.379280,2.1332428455352783,5.634571552276611,-0.4414996802806854,0.23127128183841705,0.03780581057071686,-0.1318621039390564
193866,1987.399277,2.1374096870422363,5.6355881690979,-0.4394257068634033,0.2306281328201294,0.03891296312212944,-0.1307838261127472
193886,1987.419321,2.157280445098877,5.634160041809082,-0.4372023642063141,0.242105171084404,0.04082448408007622,-0.1270998865365982
193906,1987.439281,2.1619484424591064,5.634012699127197,-0.434786319732666,0.24828575551509857,0.04091539978981018,-0.12246815860271454
193926,1987.459275,2.1664319038391113,5.635120868682861,-0.4321497678756714,0.24827563762664795,0.042371876537799835,-0.1217908039689064
193946,1987.479279,2.176130771636963,5.636635780334473,-0.4295326769351959,0.2521331310272217,0.042933862656354904,-0.11859934777021408
193966,1987.499278,2.1798486709594727,5.6366777420043945,-0.42668578028678894,0.2511463165283203,0.04132096841931343,-0.11764118075370789
193986,1987.519354,2.1843714714050293,5.637796878814697,-0.4237522482872009,0.25189483165740967,0.04160192608833313,-0.11584597080945969
194006,1987.539277,2.1924476623535156,5.636203765869141,-0.4211161732673645,0.2581929862499237,0.03976747393608093,-0.11224682629108429
194026,1987.559276,2.1876564025878906,5.632193565368652,-0.41839781403541565,0.2526150941848755,0.03698248043656349,-0.11084342002868652
194046,1987.579288,2.1912429332733154,5.631837368011475,-0.4157117009162903,0.24969542026519775,0.03929828479886055,-0.11077524721622467
194066,1987.599265,2.1964893341064453,5.633872985839844,-0.4131562113761902,0.2539275586605072,0.040729135274887085,-0.108542300760746
194086,1987.619260,2.208287239074707,5.637566089630127,-0.41046905517578125,0.25920265913009644,0.04286173731088638,-0.10866525769233704
194106,1987.639258,2.2070693969726562,5.640758037567139,-0.4077354073524475,0.2506743371486664,0.04620981216430664,-0.11110937595367432
194126,1987.659272,2.2114017009735107,5.639966011047363,-0.40482041239738464,0.24808692932128906,0.04701102524995804,-0.1114172711968422
194146,1987.679275,2.2231032848358154,5.6387858390808105,-0.4019733965396881,0.25148966908454895,0.04595097899436951,-0.11086004227399826
194166,1987.699262,2.227642774581909,5.639988899230957,-0.399431049823761,0.24865767359733582,0.04791354760527611,-0.11071629822254181
194186,1987.719256,2.2273762226104736,5.635685920715332,-0.3967714309692383,0.24289125204086304,0.04527774825692177,-0.11114954948425293
194206,1987.739257,2.2261481285095215,5.631575107574463,-0.39450979232788086,0.24103721976280212,0.041661739349365234,-0.11074376106262207
194226,1987.759260,2.226681709289551,5.634199619293213,-0.39254045486450195,0.23657259345054626,0.0411168597638607,-0.1119566485285759
194246,1987.779261,2.2350313663482666,5.638285160064697,-0.39022257924079895,0.24177342653274536,0.044560398906469345,-0.1120353490114212
194266,1987.799260,2.239380359649658,5.63949728012085,-0.3876481056213379,0.24069076776504517,0.048971809446811676,-0.11591366678476334
194286,1987.819264,2.245407819747925,5.638314247131348,-0.3852726221084595,0.2386886328458786,0.04812153801321983,-0.11973316967487335
194306,1987.839258,2.2496941089630127,5.639528751373291,-0.38303622603416443,0.23664435744285583,0.04697427526116371,-0.1239830031991005
194326,1987.859259,2.2514944076538086,5.6365251541137695,-0.3806988596916199,0.23744413256645203,0.043489743024110794,-0.12408928573131561
194346,1987.879282,2.2550103664398193,5.634995460510254,-0.37839174270629883,0.24401526153087616,0.03969724848866463,-0.12083325535058975
194366,1987.899256,2.259444236755371,5.636032581329346,-0.37625011801719666,0.2442491501569748,0.038794662803411484,-0.12040041387081146
194386,1987.919249,2.2607007026672363,5.634268283843994,-0.3740377128124237,0.24409833550453186,0.041250184178352356,-0.11992724984884262
194406,1987.939264,2.263481378555298,5.625956058502197,-0.37179774045944214,0.2466234415769577,0.03936275467276573,-0.12147455662488937
194426,1987.959253,2.2682182788848877,5.629872798919678,-0.36973264813423157,0.2519626319408417,0.04390101134777069,-0.1191713958978653
194446,1987.979253,2.272118330001831,5.630188941955566,-0.3675845265388489,0.25385451316833496,0.040287427604198456,-0.11704856157302856
194466,1987.999250,2.2763447761535645,5.629276752471924,-0.3652045428752899,0.2542808949947357,0.035118598490953445,-0.11543833464384079
194486,1988.019248,2.2852835655212402,5.629431247711182,-0.3631505072116852,0.26122355461120605,0.0324731208384037,-0.11381039023399353
194506,1988.039249,2.2849419116973877,5.617151737213135,-0.3608837127685547,0.25883597135543823,0.02724437601864338,-0.11621381342411041
194526,1988.059253,2.2832083702087402,5.619063854217529,-0.35869574546813965,0.2537003755569458,0.033082325011491776,-0.12185526639223099
194546,1988.078254,2.2925124168395996,5.618166923522949,-0.35643962025642395,0.2592868208885193,0.03649825602769852,-0.12464230507612228
194566,1988.098265,2.2972638607025146,5.61918830871582,-0.3542974591255188,0.26250603795051575,0.038282811641693115,-0.12412266433238983
194586,1988.118270,2.3027148246765137,5.62255859375,-0.3518623411655426,0.26280125975608826,0.03998884931206703,-0.1233455166220665
194606,1988.138247,2.307640314102173,5.621717929840088,-0.3496887683868408,0.2606775760650635,0.03832763805985451,-0.1240500882267952
194626,1988.158250,2.305128335952759,5.620076656341553,-0.34773629903793335,0.2563569247722626,0.0374770388007164,-0.12570379674434662
194646,1988.178251,2.309786319732666,5.62110710144043,-0.34555959701538086,0.25805312395095825,0.03765750676393509,-0.1282329261302948
194666,1988.198263,2.3110697269439697,5.6251912117004395,-0.34353262186050415,0.2553892433643341,0.04046688228845596,-0.1319708675146103
194686,1988.218245,2.3134398460388184,5.628730773925781,-0.3415772318840027,0.2516538202762604,0.04273802414536476,-0.13135555386543274
194706,1988.238242,2.3266117572784424,5.623741626739502,-0.33958014845848083,0.2542833089828491,0.036896299570798874,-0.1313079595565796
194726,1988.258263,2.3311655521392822,5.624721527099609,-0.33763387799263,0.24880050122737885,0.03371845558285713,-0.13259029388427734
194746,1988.278249,2.3347532749176025,5.628071308135986,-0.335782915353775,0.25090810656547546,0.033775340765714645,-0.13013771176338196
194766,1988.298265,2.340569019317627,5.621394634246826,-0.3339419364929199,0.2512778639793396,0.03274569287896156,-0.1314578801393509
194786,1988.318245,2.3434648513793945,5.622262954711914,-0.3322983682155609,0.24622072279453278,0.034204911440610886,-0.1367075890302658
194806,1988.338245,2.3479065895080566,5.623230457305908,-0.3304283022880554,0.2458982616662979,0.03404005244374275,-0.14044640958309174
194826,1988.358267,2.352309226989746,5.62420654296875,-0.32840171456336975,0.24350981414318085,0.03473661094903946,-0.14300094544887543
194846,1988.378247,2.3566455841064453,5.625223636627197,-0.3264733552932739,0.24098773300647736,0.03703267499804497,-0.14428678154945374
194866,1988.398244,2.359031915664673,5.628005504608154,-0.3246277868747711,0.23948371410369873,0.037446070462465286,-0.14490346610546112
194886,1988.418248,2.363344192504883,5.629010200500488,-0.3232837915420532,0.23709428310394287,0.03709898889064789,-0.1459302008152008
194906,1988.438240,2.367643356323242,5.630030632019043,-0.3218385875225067,0.23728130757808685,0.03813149407505989,-0.14797332882881165
194926,1988.458241,2.371898651123047,5.631103038787842,-0.32030221819877625,0.23565475642681122,0.04157966747879982,-0.15070608258247375
194946,1988.478243,2.3761401176452637,5.632261276245117,-0.3187588155269623,0.23566365242004395,0.04558186233043671,-0.1536707878112793
194966,1988.498687,2.38034725189209,5.633455276489258,-0.31725895404815674,0.23342417180538177,0.04488903284072876,-0.15533575415611267
194986,1988.518663,2.378005266189575,5.6325507164001465,-0.3158106207847595,0.23524123430252075,0.04181381314992905,-0.14931802451610565
195006,1988.538658,2.3830931186676025,5.632170677185059,-0.3143443763256073,0.23904399573802948,0.04213078320026398,-0.14452163875102997
195026,1988.558662,2.3811280727386475,5.63578462600708,-0.3127615451812744,0.23555277287960052,0.046617452055215836,-0.14033323526382446
195046,1988.578683,2.3871333599090576,5.633881092071533,-0.3110649585723877,0.23525354266166687,0.0438651442527771,-0.14033664762973785
195066,1988.598658,2.3913888931274414,5.6350531578063965,-0.30938655138015747,0.23751847445964813,0.04538828134536743,-0.13875076174736023
195086,1988.618655,2.395698308944702,5.636244297027588,-0.30755090713500977,0.2419745922088623,0.044411126524209976,-0.1357116550207138
195106,1988.638660,2.400116205215454,5.6374030113220215,-0.3055775761604309,0.24796217679977417,0.04250051826238632,-0.13060306012630463
195126,1988.658660,2.4033498764038086,5.6337456703186035,-0.30365514755249023,0.24666717648506165,0.04037844017148018,-0.12957008183002472
195146,1988.678659,2.4031262397766113,5.630086898803711,-0.3017328977584839,0.2427077293395996,0.04091058298945427,-0.1304236352443695
195166,1988.698657,2.4074647426605225,5.631227493286133,-0.2997155785560608,0.24003289639949799,0.04361267760396004,-0.13088680803775787
195186,1988.718666,2.4101173877716064,5.634794235229492,-0.2974408268928528,0.23651988804340363,0.045714471489191055,-0.1300153136253357
195206,1988.738661,2.4143364429473877,5.636000156402588,-0.2952870726585388,0.23654702305793762,0.04495842754840851,-0.12797097861766815
195226,1988.758666,2.418612003326416,5.63723087310791,-0.29285991191864014,0.2433653175830841,0.04680132120847702,-0.12213916331529617
195246,1988.778237,2.427245855331421,5.644402980804443,-0.2905808091163635,0.2456863671541214,0.053109243512153625,-0.12013310939073563
195266,1988.798232,2.4323770999908447,5.641883373260498,-0.28848591446876526,0.24099643528461456,0.05403014272451401,-0.12058564275503159
195286,1988.818230,2.4366602897644043,5.643259525299072,-0.28631487488746643,0.2366711050271988,0.05380551144480705,-0.12283860146999359
195306,1988.838229,2.440898895263672,5.644613265991211,-0.2843630015850067,0.2351706326007843,0.053656209260225296,-0.12339170277118683
195326,1988.858242,2.445175886154175,5.646005153656006,-0.28218674659729004,0.24245698750019073,0.05604523792862892,-0.12000052630901337
195346,1988.878238,2.45600962638855,5.643935203552246,-0.28050678968429565,0.24847833812236786,0.055538203567266464,-0.11918697506189346
195366,1988.898229,2.458548069000244,5.64715051651001,-0.2788671851158142,0.24196729063987732,0.05778992921113968,-0.12161858379840851
195386,1988.918246,2.4645984172821045,5.644918918609619,-0.27740001678466797,0.23691263794898987,0.058358196169137955,-0.12646164000034332
195406,1988.938231,2.466116189956665,5.648929119110107,-0.275820791721344,0.2339646965265274,0.06108391284942627,-0.12886939942836761
195426,1988.958237,2.4673900604248047,5.658305644989014,-0.2740029990673065,0.2373911738395691,0.06845574826002121,-0.1265448033809662
195446,1988.978231,2.4701504707336426,5.658103942871094,-0.27192503213882446,0.23762954771518707,0.0714777335524559,-0.12785831093788147
195466,1988.998226,2.474379777908325,5.659872055053711,-0.2698453664779663,0.23560850322246552,0.07467865943908691,-0.13074253499507904
195486,1989.018228,2.480060338973999,5.6553120613098145,-0.2678576409816742,0.23747308552265167,0.07043787837028503,-0.13264793157577515
195506,1989.038227,2.479390859603882,5.65222692489624,-0.26551032066345215,0.23288969695568085,0.06687566637992859,-0.13679538667201996
195526,1989.058238,2.485077381134033,5.6519012451171875,-0.26365095376968384,0.231369748711586,0.06798776984214783,-0.1411707103252411
195546,1989.078226,2.4847919940948486,5.6510114669799805,-0.26209625601768494,0.23030215501785278,0.06653410196304321,-0.14276275038719177
195566,1989.098225,2.4901230335235596,5.651426315307617,-0.2603766620159149,0.2343599647283554,0.06675872206687927,-0.14257782697677612
195586,1989.118240,2.494316816329956,5.653091907501221,-0.2584746479988098,0.2352701723575592,0.06855075061321259,-0.14429892599582672
195606,1989.138226,2.498460292816162,5.654816627502441,-0.25662195682525635,0.23089687526226044,0.07286348938941956,-0.14757658541202545
195626,1989.158238,2.5025227069854736,5.656625747680664,-0.2547093331813812,0.22927816212177277,0.07537820190191269,-0.1496087610721588
195646,1989.178234,2.506584405899048,5.658463954925537,-0.25277453660964966,0.23023144900798798,0.0756414458155632,-0.1514042317867279
195666,1989.198226,2.510688066482544,5.660284042358398,-0.2511111795902252,0.23193298280239105,0.07520682364702225,-0.1534091979265213
195686,1989.218225,2.5148537158966064,5.662078380584717,-0.24984823167324066,0.23098896443843842,0.07543440163135529,-0.15562956035137177
195706,1989.238224,2.518965005874634,5.663881301879883,-0.24854575097560883,0.22925636172294617,0.07549425959587097,-0.1537775844335556
195726,1989.258237,2.523088216781616,5.665694713592529,-0.24714656174182892,0.23150300979614258,0.07640454918146133,-0.1510942429304123
195746,1989.278225,2.526643991470337,5.661090850830078,-0.24612323939800262,0.23048022389411926,0.0744297206401825,-0.15176226198673248
195766,1989.298217,2.5307626724243164,5.662869930267334,-0.2447824478149414,0.22978441417217255,0.07406852394342422,-0.1512831449508667
195786,1989.318230,2.5343942642211914,5.659395217895508,-0.24335047602653503,0.23049260675907135,0.07043854892253876,-0.14991319179534912
195806,1989.338230,2.5438625812530518,5.660037040710449,-0.24199098348617554,0.22870339453220367,0.0727139562368393,-0.15250955522060394
195826,1989.358232,2.543813705444336,5.650984287261963,-0.24058380722999573,0.22792138159275055,0.06269770860671997,-0.1501893699169159
195846,1989.378224,2.547847032546997,5.652555465698242,-0.2389889806509018,0.22610144317150116,0.06399761885404587,-0.1514461785554886
195866,1989.398227,2.551880359649658,5.654181480407715,-0.2373955398797989,0.22808204591274261,0.06787429749965668,-0.1497739851474762
195886,1989.418219,2.5560736656188965,5.652173042297363,-0.23592738807201385,0.2256268858909607,0.067421093583107,-0.14862026274204254
195906,1989.438218,2.557406425476074,5.656524658203125,-0.23435243964195251,0.22488968074321747,0.06804271042346954,-0.14372119307518005
195926,1989.458245,2.5523548126220703,5.655716896057129,-0.2326492965221405,0.2216777503490448,0.06477142125368118,-0.14065822958946228
195946,1989.478221,2.5562946796417236,5.657325267791748,-0.23061150312423706,0.22441811859607697,0.06272335350513458,-0.13830424845218658
195966,1989.498217,2.5751922130584717,5.654225826263428,-0.2284945696592331,0.22914595901966095,0.05654260888695717,-0.13788747787475586
195986,1989.518219,2.5752670764923096,5.650387763977051,-0.22633019089698792,0.2250845581293106,0.054939474910497665,-0.13836683332920074
196006,1989.538226,2.5772104263305664,5.654957294464111,-0.2242535650730133,0.22923997044563293,0.06057458743453026,-0.134324848651886
196026,1989.558230,2.579857110977173,5.654166221618652,-0.22181959450244904,0.23305799067020416,0.060010381042957306,-0.12860500812530518
196046,1989.577221,2.577805757522583,5.659715175628662,-0.21948570013046265,0.22482700645923615,0.06383375823497772,-0.12769998610019684
196066,1989.597227,2.5913379192352295,5.657658576965332,-0.21730507910251617,0.22998881340026855,0.0619000680744648,-0.1257452368736267
196086,1989.617210,2.595456600189209,5.659192085266113,-0.21523888409137726,0.23213975131511688,0.060038115829229355,-0.12475259602069855
196106,1989.637214,2.5983762741088867,5.653393268585205,-0.21333838999271393,0.23223499953746796,0.05718586966395378,-0.12475572526454926
196126,1989.657209,2.602508783340454,5.654890537261963,-0.21123006939888,0.23212894797325134,0.060311898589134216,-0.12841859459877014
196146,1989.677216,2.606590747833252,5.6564249992370605,-0.2092563658952713,0.22741131484508514,0.060700878500938416,-0.1343890279531479
196166,1989.697218,2.6129300594329834,5.655400276184082,-0.20746701955795288,0.22766318917274475,0.05626550316810608,-0.1389710158109665
196186,1989.717216,2.6169421672821045,5.656879901885986,-0.20543082058429718,0.2279929369688034,0.058766745030879974,-0.1421089917421341
196206,1989.737208,2.6177380084991455,5.659909248352051,-0.20366451144218445,0.22326166927814484,0.06455040723085403,-0.14744189381599426
196226,1989.757217,2.6216676235198975,5.661543369293213,-0.20207004249095917,0.22110673785209656,0.06674247980117798,-0.15033100545406342
196246,1989.777222,2.6237053871154785,5.66731595993042,-0.20055492222309113,0.21607883274555206,0.06879793852567673,-0.15302124619483948
196266,1989.797207,2.62748384475708,5.669013023376465,-0.1990339159965515,0.21276193857192993,0.06874829530715942,-0.15600821375846863
196286,1989.817213,2.631107807159424,5.670724868774414,-0.1973378211259842,0.2051265388727188,0.0690486803650856,-0.16136407852172852
196306,1989.837211,2.634690284729004,5.6724748611450195,-0.1957259625196457,0.208442822098732,0.07228846848011017,-0.1581893414258957
196326,1989.857213,2.63838267326355,5.674270153045654,-0.19406263530254364,0.21472299098968506,0.07368268817663193,-0.15409709513187408
196346,1989.877214,2.6421873569488525,5.676087856292725,-0.19248127937316895,0.21822628378868103,0.07586535066366196,-0.15213118493556976
196366,1989.897205,2.6460514068603516,5.6779584884643555,-0.19089922308921814,0.2193797081708908,0.0788802057504654,-0.1517292708158493
196386,1989.917214,2.645968198776245,5.683966159820557,-0.1895201951265335,0.20915167033672333,0.08166834712028503,-0.15633538365364075
196406,1989.937208,2.643728017807007,5.6820807456970215,-0.18845294415950775,0.21097590029239655,0.07582105696201324,-0.15303704142570496
196426,1989.957241,2.647932767868042,5.681783676147461,-0.1870134323835373,0.22140103578567505,0.07197695970535278,-0.1462475061416626
196446,1989.977209,2.653960704803467,5.682554244995117,-0.18545012176036835,0.21757423877716064,0.073453888297081,-0.14744530618190765
196466,1989.997206,2.657634973526001,5.68440580368042,-0.1836116909980774,0.20665355026721954,0.0767061710357666,-0.15228603780269623
196486,1990.017204,2.6612699031829834,5.686248302459717,-0.18188410997390747,0.21112896502017975,0.07380540668964386,-0.14962951838970184
196506,1990.037211,2.6649491786956787,5.68804931640625,-0.1802985817193985,0.20869307219982147,0.07450449466705322,-0.15139512717723846
196526,1990.057200,2.6664230823516846,5.693040370941162,-0.17866747081279755,0.20599588751792908,0.0794021263718605,-0.15251408517360687
196546,1990.077203,2.67002272605896,5.694936752319336,-0.17725716531276703,0.20456558465957642,0.0782274454832077,-0.15295186638832092
196566,1990.097203,2.680626153945923,5.694974422454834,-0.17595912516117096,0.20174303650856018,0.07494277507066727,-0.1545189470052719
196586,1990.117200,2.684126853942871,5.696779727935791,-0.1748209148645401,0.19794581830501556,0.07564717531204224,-0.1570579558610916
196606,1990.137201,2.6784110069274902,5.697576522827148,-0.17355553805828094,0.1912657767534256,0.07755652815103531,-0.15893514454364777
196626,1990.157211,2.6817736625671387,5.699472904205322,-0.1724032312631607,0.19538433849811554,0.08113092184066772,-0.15619179606437683
196646,1990.177202,2.685199737548828,5.701414108276367,-0.17107491195201874,0.19720423221588135,0.08068066835403442,-0.15578949451446533
196666,1990.197203,2.689241647720337,5.70159912109375,-0.16960087418556213,0.1929936408996582,0.07581809908151627,-0.15768218040466309
196686,1990.217199,2.692514657974243,5.703431129455566,-0.16791623830795288,0.19001562893390656,0.07313800603151321,-0.15892495214939117
196706,1990.237200,2.6957736015319824,5.705219268798828,-0.16655972599983215,0.18862898647785187,0.07368750870227814,-0.15733757615089417
196726,1990.257204,2.689399003982544,5.705376625061035,-0.16510552167892456,0.18454985320568085,0.07602514326572418,-0.15513195097446442
196746,1990.277201,2.694953441619873,5.7020440101623535,-0.16366299986839294,0.1879851222038269,0.07823222875595093,-0.1539003849029541
196766,1990.297197,2.6877710819244385,5.700913906097412,-0.16196762025356293,0.18583205342292786,0.07717160880565643,-0.15233498811721802
196786,1990.317196,2.6922786235809326,5.699825286865234,-0.16063366830348969,0.18922890722751617,0.0753614753484726,-0.15128977596759796
196806,1990.337197,2.6955254077911377,5.7016825675964355,-0.15926209092140198,0.18710969388484955,0.07877352833747864,-0.1529615819454193
196826,1990.357204,2.6987271308898926,5.703616619110107,-0.15763483941555023,0.18743932247161865,0.08019352704286575,-0.1513405293226242
196846,1990.376624,2.697784900665283,5.710703372955322,-0.15589837729930878,0.18921121954917908,0.08126307278871536,-0.14675287902355194
196866,1990.396621,2.693678617477417,5.706089019775391,-0.15389925241470337,0.18663015961647034,0.07640759646892548,-0.14654050767421722
196886,1990.416617,2.696828603744507,5.707973003387451,-0.15198427438735962,0.1846696436405182,0.07643413543701172,-0.14943793416023254
196906,1990.436565,2.6999664306640625,5.7098283767700195,-0.15040162205696106,0.18316245079040527,0.07586228102445602,-0.15053430199623108
196926,1990.457593,2.703097343444824,5.711699962615967,-0.14865034818649292,0.18572375178337097,0.07659997045993805,-0.1505400389432907
196946,1990.477590,2.7062935829162598,5.71357536315918,-0.14694911241531372,0.1884559988975525,0.07670034468173981,-0.15070702135562897
196966,1990.496581,2.7095253467559814,5.715456962585449,-0.1453607678413391,0.18852607905864716,0.0777360051870346,-0.15116961300373077
196986,1990.516625,2.7127597332000732,5.717352390289307,-0.14372268319129944,0.18901000916957855,0.07742465287446976,-0.15153945982456207
197006,1990.536621,2.7159945964813232,5.719221115112305,-0.1421036720275879,0.18932470679283142,0.07568950951099396,-0.15215906500816345
197026,1990.557672,2.720155954360962,5.719322204589844,-0.14026674628257751,0.19086645543575287,0.07649441063404083,-0.15524879097938538
197046,1990.576625,2.72337007522583,5.721220016479492,-0.13856691122055054,0.18753255903720856,0.07706408947706223,-0.16070100665092468
197066,1990.596611,2.722351551055908,5.7168684005737305,-0.1368534415960312,0.18475282192230225,0.06957021355628967,-0.160940483212471
197086,1990.616611,2.7254669666290283,5.718599796295166,-0.13516072928905487,0.1840711534023285,0.06820888817310333,-0.1607847958803177
197106,1990.636621,2.7285656929016113,5.720330715179443,-0.13347181677818298,0.18365496397018433,0.06882557272911072,-0.15830634534358978
197126,1990.656609,2.7317328453063965,5.722053527832031,-0.13197369873523712,0.1874300092458725,0.06932631880044937,-0.15400336682796478
197146,1990.676618,2.734952926635742,5.7237725257873535,-0.1304992437362671,0.18730248510837555,0.06914082914590836,-0.1523463875055313
197166,1990.696613,2.738170623779297,5.725490093231201,-0.12906502187252045,0.1875414252281189,0.0693952813744545,-0.15135347843170166
197186,1990.716606,2.7414000034332275,5.727203369140625,-0.12767714262008667,0.18701109290122986,0.0692199096083641,-0.1527668535709381
197206,1990.736615,2.74457049369812,5.72892951965332,-0.12621444463729858,0.18370766937732697,0.06981290131807327,-0.1546822190284729
197226,1990.756607,2.747694253921509,5.730673789978027,-0.12463659048080444,0.1840316504240036,0.06963807344436646,-0.15467458963394165
197246,1990.776617,2.750765085220337,5.732426643371582,-0.12275481224060059,0.18165323138237,0.0692019984126091,-0.15566910803318024
197266,1990.796616,2.753811836242676,5.7342095375061035,-0.12085801362991333,0.182737797498703,0.07218556851148605,-0.15443293750286102
197286,1990.816606,2.7568788528442383,5.736051082611084,-0.11902307718992233,0.18184247612953186,0.0750221237540245,-0.1553163081407547
197306,1990.836615,2.7599427700042725,5.737909317016602,-0.11743636429309845,0.18026071786880493,0.07553645223379135,-0.15454821288585663
197326,1990.856601,2.7629916667938232,5.739785671234131,-0.11578673124313354,0.18133731186389923,0.0772935077548027,-0.15444724261760712
197346,1990.876609,2.766080141067505,5.741750240325928,-0.11417826265096664,0.1829363852739334,0.08475638180971146,-0.15450266003608704
197366,1990.896606,2.769196033477783,5.743854522705078,-0.11274745315313339,0.18295007944107056,0.09105125069618225,-0.15482479333877563
197386,1990.916604,2.7723071575164795,5.746029853820801,-0.11121635138988495,0.18252161145210266,0.09115290641784668,-0.15501314401626587
197406,1990.936611,2.7753851413726807,5.748190879821777,-0.10978192090988159,0.17987284064292908,0.09131602942943573,-0.15739722549915314
197426,1990.956605,2.778398036956787,5.750398635864258,-0.108220174908638,0.17764611542224884,0.09393370896577835,-0.15970811247825623
197446,1990.976611,2.7700390815734863,5.749170303344727,-0.10697238892316818,0.17391623556613922,0.09322603046894073,-0.1584799736738205
197466,1990.996607,2.773033380508423,5.7513532638549805,-0.10576651990413666,0.1771041303873062,0.09268627315759659,-0.15768735110759735
197486,1991.016608,2.776052713394165,5.753570556640625,-0.10447573661804199,0.17801262438297272,0.095810167491436,-0.15692006051540375
197506,1991.036608,2.766636848449707,5.753787040710449,-0.1029253676533699,0.1739318072795868,0.09605953842401505,-0.15458832681179047
197526,1991.056604,2.7728068828582764,5.750093936920166,-0.10116112977266312,0.17684684693813324,0.09008311480283737,-0.15190711617469788
197546,1991.076606,2.77571964263916,5.752222061157227,-0.09921646118164062,0.17454726994037628,0.0854460746049881,-0.15137255191802979
197566,1991.096600,2.7786362171173096,5.7542924880981445,-0.09719585627317429,0.17756704986095428,0.08394338190555573,-0.15007705986499786
197586,1991.116613,2.783942222595215,5.753714084625244,-0.09532368928194046,0.18029622733592987,0.08459722995758057,-0.1501803696155548
197606,1991.136607,2.7888219356536865,5.751545429229736,-0.09350833296775818,0.18127405643463135,0.08414188027381897,-0.15120351314544678
197626,1991.156597,2.7783401012420654,5.750849723815918,-0.09183900058269501,0.17851263284683228,0.08144652098417282,-0.1502104252576828
197646,1991.177251,2.7840988636016846,5.74791145324707,-0.09021303802728653,0.18151071667671204,0.07643316686153412,-0.15052665770053864
197666,1991.196181,2.7871668338775635,5.749767780303955,-0.08864201605319977,0.17992058396339417,0.07434574514627457,-0.15319904685020447
197686,1991.216177,2.7902233600616455,5.751561164855957,-0.08730429410934448,0.1799231916666031,0.07112537324428558,-0.15396882593631744
197706,1991.236185,2.779653549194336,5.753053665161133,-0.08575502783060074,0.17554590106010437,0.06888192892074585,-0.15355363488197327
197726,1991.256171,2.7825839519500732,5.754803657531738,-0.08405955135822296,0.17480726540088654,0.07014885544776917,-0.15328313410282135
197746,1991.276185,2.785510301589966,5.756591796875,-0.08231920003890991,0.17624959349632263,0.072050541639328,-0.15219475328922272
197766,1991.296171,2.7925333976745605,5.7529144287109375,-0.0806683897972107,0.18402916193008423,0.06830524653196335,-0.14862258732318878
197786,1991.316171,2.7958168983459473,5.75469970703125,-0.07904234528541565,0.18259428441524506,0.06761298328638077,-0.14886124432086945
197806,1991.336183,2.7887837886810303,5.746309757232666,-0.07727797329425812,0.17684602737426758,0.0638924166560173,-0.14971058070659637
197826,1991.356168,2.794904947280884,5.745608806610107,-0.0754319503903389,0.17769771814346313,0.06544451415538788,-0.15291918814182281
197846,1991.376637,2.80071759223938,5.744136810302734,-0.07366789132356644,0.17786884307861328,0.06416582316160202,-0.1562204509973526
197866,1991.396552,2.7836034297943115,5.745124340057373,-0.07183080166578293,0.1717197149991989,0.06228901445865631,-0.15595877170562744
197886,1991.416542,2.7979958057403564,5.7321014404296875,-0.07003790140151978,0.17434149980545044,0.05514153465628624,-0.15788047015666962
197906,1991.436547,2.800823926925659,5.733617782592773,-0.06808241456747055,0.17185412347316742,0.057294975966215134,-0.15850558876991272
197926,1991.456557,2.7987046241760254,5.722909450531006,-0.06634853780269623,0.16935394704341888,0.053215429186820984,-0.15925106406211853
197946,1991.476562,2.801511526107788,5.72434663772583,-0.06480371206998825,0.16944465041160583,0.054222892969846725,-0.15937981009483337
197966,1991.496561,2.8043768405914307,5.7257981300354,-0.0635194256901741,0.17127682268619537,0.05678125098347664,-0.15937869250774384
197986,1991.516557,2.8072359561920166,5.727325439453125,-0.06203870847821236,0.17126800119876862,0.059840355068445206,-0.15861736238002777
198006,1991.536553,2.8100945949554443,5.72887659072876,-0.06054641678929329,0.17111897468566895,0.05862433463335037,-0.15846987068653107
198026,1991.556136,2.8129425048828125,5.730381965637207,-0.05914505943655968,0.16988420486450195,0.05717308819293976,-0.16048681735992432
198046,1991.577137,2.809415340423584,5.723049640655518,-0.0576193630695343,0.17038556933403015,0.05629018321633339,-0.15883120894432068
198066,1991.596134,2.7947838306427,5.73070764541626,-0.056316226720809937,0.16207103431224823,0.06158538535237312,-0.15724551677703857
198086,1991.616127,2.795397996902466,5.737102508544922,-0.055233750492334366,0.16038048267364502,0.06278207153081894,-0.15527117252349854
198106,1991.636128,2.7922143936157227,5.727328300476074,-0.05400465428829193,0.158268004655838,0.055587220937013626,-0.15433721244335175
198126,1991.656129,2.7890982627868652,5.719298362731934,-0.052372079342603683,0.15727493166923523,0.05273520201444626,-0.1532680243253708
198146,1991.677133,2.79164457321167,5.7207536697387695,-0.05077005550265312,0.15464244782924652,0.05631218105554581,-0.15454213321208954
198166,1991.696128,2.794151544570923,5.722259998321533,-0.049147579818964005,0.15392497181892395,0.05738737806677818,-0.15502624213695526
198186,1991.716130,2.790508985519409,5.718245983123779,-0.047463204711675644,0.15217772126197815,0.055482491850852966,-0.15507875382900238
198206,1991.736128,2.7930116653442383,5.719717979431152,-0.04603627696633339,0.15346474945545197,0.05639109015464783,-0.15478414297103882
198226,1991.756132,2.7926223278045654,5.727939605712891,-0.04483111947774887,0.15290968120098114,0.05905308946967125,-0.1558169722557068
198246,1991.777134,2.7815299034118652,5.699143886566162,-0.043674442917108536,0.14607813954353333,0.04508940130472183,-0.15839973092079163
198266,1991.796139,2.7733335494995117,5.717754364013672,-0.04257698357105255,0.14107973873615265,0.053781770169734955,-0.15867376327514648
198286,1991.816123,2.7618367671966553,5.702435493469238,-0.041357219219207764,0.1361657679080963,0.04492352157831192,-0.15408937633037567
198306,1991.836171,2.75666880607605,5.7005720138549805,-0.04012361913919449,0.1352282464504242,0.04226621985435486,-0.14938098192214966
198326,1991.856154,2.769719123840332,5.697817325592041,-0.03895069286227226,0.140326589345932,0.03954024985432625,-0.14755044877529144
198346,1991.876163,2.760329008102417,5.697342395782471,-0.037627071142196655,0.1302136778831482,0.03771412745118141,-0.15076854825019836
198366,1991.896155,2.7624006271362305,5.698424339294434,-0.036463771015405655,0.12860821187496185,0.03765958547592163,-0.1520601511001587
198386,1991.916154,2.7644388675689697,5.699501037597656,-0.03534262999892235,0.12696382403373718,0.037078000605106354,-0.15444335341453552
198406,1991.936158,2.766448974609375,5.700580596923828,-0.034035276621580124,0.12810277938842773,0.0366220586001873,-0.15510527789592743
198426,1991.955576,2.762287139892578,5.701297283172607,-0.032584335654973984,0.1247887834906578,0.038614947348833084,-0.1569969356060028
198446,1991.975583,2.7529098987579346,5.703373908996582,-0.031024331226944923,0.11910969018936157,0.042055413126945496,-0.15880873799324036
198466,1991.995622,2.7546820640563965,5.704628944396973,-0.029351793229579926,0.11927641183137894,0.044867318123579025,-0.15930558741092682
198486,1992.015576,2.7565321922302246,5.70589542388916,-0.02765343151986599,0.12464497238397598,0.04290395975112915,-0.15494531393051147
198506,1992.035572,2.758434295654297,5.707098960876465,-0.026026243343949318,0.12356612086296082,0.0411139652132988,-0.15341705083847046
198526,1992.055571,2.7444491386413574,5.700268745422363,-0.02415010705590248,0.1176658496260643,0.04057573899626732,-0.15322750806808472
198546,1992.075576,2.7462286949157715,5.701460361480713,-0.02258112281560898,0.1180095225572586,0.04123527929186821,-0.1552288830280304
198566,1992.095571,2.7480227947235107,5.702636241912842,-0.020964117720723152,0.11912455409765244,0.03891010954976082,-0.15491215884685516
198586,1992.115571,2.7498466968536377,5.703760147094727,-0.019698888063430786,0.11799110472202301,0.03961201012134552,-0.15469318628311157
198606,1992.135568,2.7517380714416504,5.704922199249268,-0.018537094816565514,0.12291565537452698,0.0433301217854023,-0.1500435620546341
198626,1992.155569,2.758018970489502,5.703453540802002,-0.017397567629814148,0.12201415747404099,0.04384811595082283,-0.14956273138523102
198646,1992.176571,2.759944438934326,5.70465087890625,-0.016237104311585426,0.1232818216085434,0.04286426678299904,-0.14790016412734985
198666,1992.195578,2.7654671669006348,5.704661846160889,-0.015142772346735,0.12624475359916687,0.041796114295721054,-0.15006427466869354
198686,1992.215575,2.7674331665039062,5.7058539390563965,-0.013986827805638313,0.12270757555961609,0.04422707110643387,-0.15286025404930115
198706,1992.235572,2.769343137741089,5.707073211669922,-0.012832499109208584,0.12060420960187912,0.043587978929281235,-0.1541789174079895
198726,1992.255543,2.771182060241699,5.7082695960998535,-0.01163418684154749,0.1168089509010315,0.04187259450554848,-0.153829887509346
198746,1992.276582,2.772987127304077,5.709456443786621,-0.010365497320890427,0.11783143877983093,0.0426139160990715,-0.1531982272863388
198766,1992.295567,2.7699379920959473,5.699214935302734,-0.008874178864061832,0.11521143466234207,0.040989555418491364,-0.1530199646949768
198786,1992.315565,2.77174973487854,5.700438976287842,-0.007578238844871521,0.11118852347135544,0.04066292569041252,-0.1545979380607605
198806,1992.335564,2.7659008502960205,5.709726333618164,-0.006145350635051727,0.10857946425676346,0.04321768879890442,-0.1548999845981598
198826,1992.355562,2.75791072845459,5.71068811416626,-0.0046330466866493225,0.11013884097337723,0.04465220123529434,-0.15233106911182404
198846,1992.375569,2.759566307067871,5.7119526863098145,-0.003242173697799444,0.11009540408849716,0.046578340232372284,-0.14910432696342468
198866,1992.395565,2.761183738708496,5.713261604309082,-0.0015822803834453225,0.10826559364795685,0.04689958691596985,-0.14617490768432617
198886,1992.415566,2.7627742290496826,5.714520454406738,-0.00022965004609432071,0.10510873049497604,0.04453743249177933,-0.14632165431976318
198906,1992.435573,2.754631519317627,5.7156171798706055,0.0014310854021459818,0.10152257978916168,0.04083879292011261,-0.1487502157688141
198926,1992.455564,2.756049394607544,5.716812610626221,0.0031719859689474106,0.10018115490674973,0.041355617344379425,-0.15336452424526215
198946,1992.475566,2.757530689239502,5.718042373657227,0.004468242637813091,0.10300926864147186,0.04598977789282799,-0.15508759021759033
198966,1992.495571,2.759094715118408,5.71929931640625,0.005356441251933575,0.10288873314857483,0.04698009416460991,-0.15563362836837769
198986,1992.515562,2.7606582641601562,5.720540523529053,0.0062864432111382484,0.10409838706254959,0.0447344109416008,-0.1529829502105713
199006,1992.535561,2.762207269668579,5.721764087677002,0.007376362103968859,0.1023319810628891,0.044760242104530334,-0.15358974039554596
199026,1992.555560,2.7637250423431396,5.722997665405273,0.008302796632051468,0.09965150058269501,0.04570906609296799,-0.15489843487739563
199046,1992.575564,2.764195203781128,5.723784446716309,0.010891377925872803,0.09826333075761795,0.04486970230937004,-0.15594345331192017
199066,1992.595567,2.7656283378601074,5.725034236907959,0.012236171402037144,0.10141090303659439,0.04430354759097099,-0.1549103856086731
199086,1992.615560,2.7528724670410156,5.728125095367432,0.013678235933184624,0.09698519855737686,0.04765836521983147,-0.1545211672782898
199106,1992.635558,2.7542223930358887,5.729487895965576,0.015242667868733406,0.0954686626791954,0.050293367356061935,-0.15394309163093567
199126,1992.655567,2.7554843425750732,5.730859279632568,0.016781898215413094,0.08872142434120178,0.04897927865386009,-0.15859121084213257
199146,1992.675564,2.748460531234741,5.731994152069092,0.018037622794508934,0.0834309533238411,0.049407828599214554,-0.16142027080059052
199166,1992.695562,2.749572992324829,5.733379364013672,0.01936906762421131,0.08550053089857101,0.05223694071173668,-0.16184550523757935
199186,1992.715557,2.740108013153076,5.733310699462891,0.020672444254159927,0.0860036090016365,0.05416061356663704,-0.15849162638187408
199206,1992.735555,2.728273868560791,5.732908725738525,0.02203352376818657,0.08018861711025238,0.05704832077026367,-0.15660274028778076
199226,1992.755554,2.729334592819214,5.734411716461182,0.023121720179915428,0.0787895992398262,0.05826547369360924,-0.15422159433364868
199246,1992.775559,2.730374813079834,5.735874652862549,0.02420748397707939,0.07707642763853073,0.05372421815991402,-0.15266354382038116
199266,1992.795554,2.7313880920410156,5.737240791320801,0.025124767795205116,0.07499653846025467,0.05146782100200653,-0.1525249183177948
199286,1992.815555,2.7211968898773193,5.737506866455078,0.026096079498529434,0.07326020300388336,0.05418050289154053,-0.15152333676815033
199306,1992.835551,2.722209930419922,5.738913536071777,0.026793763041496277,0.07329927384853363,0.05499281361699104,-0.14952696859836578
199326,1992.855555,2.7231605052948,5.7402753829956055,0.027582738548517227,0.06983917951583862,0.05043854936957359,-0.1475122720003128
199346,1992.875569,2.7240898609161377,5.741584300994873,0.028460374101996422,0.07139083743095398,0.05035436525940895,-0.14695972204208374
199366,1992.895560,2.7119410037994385,5.742159843444824,0.029491489753127098,0.06864069402217865,0.05485261231660843,-0.1446855068206787
199386,1992.915553,2.712829828262329,5.74355936050415,0.03051602840423584,0.06863612681627274,0.05258891358971596,-0.1422145813703537
199406,1992.935553,2.713676691055298,5.744897365570068,0.03172155097126961,0.0671156495809555,0.048747558146715164,-0.1396333873271942
199426,1992.955551,2.7145018577575684,5.7462310791015625,0.033059556037187576,0.06687293946743011,0.05161132290959358,-0.1414499133825302
199446,1992.975556,2.727121114730835,5.738041400909424,0.03412928432226181,0.06808602809906006,0.05045677348971367,-0.14596658945083618
199466,1992.995550,2.722536325454712,5.743716239929199,0.0351073294878006,0.06319988518953323,0.04843095690011978,-0.14918960630893707
199486,1993.015527,2.7139272689819336,5.749335289001465,0.036192458122968674,0.06233550235629082,0.04986873269081116,-0.15021924674510956
199506,1993.035551,2.71464467048645,5.750725269317627,0.03728216513991356,0.06181199476122856,0.055386774241924286,-0.15031129121780396
199526,1993.055554,2.7153480052948,5.752191066741943,0.038460321724414825,0.06079694628715515,0.05621376261115074,-0.1478637009859085
199546,1993.075563,2.704078197479248,5.753835678100586,0.03999936953186989,0.055111076682806015,0.05395833030343056,-0.14551284909248352
199566,1993.095549,2.7038791179656982,5.762689590454102,0.04153064638376236,0.058994390070438385,0.05779915302991867,-0.14531926810741425
199586,1993.115548,2.707449436187744,5.7480788230896,0.04287707433104515,0.055948544293642044,0.05106518417596817,-0.15035736560821533
199606,1993.135549,2.7105801105499268,5.756196975708008,0.04412105306982994,0.055296141654253006,0.053100429475307465,-0.15184791386127472
199626,1993.155545,2.7034056186676025,5.757248878479004,0.04501761868596077,0.05374256521463394,0.054637305438518524,-0.15399877727031708
199646,1993.175553,2.702730417251587,5.744722843170166,0.04569777101278305,0.04952877759933472,0.050131428986787796,-0.15522491931915283
199666,1993.195552,2.704566240310669,5.738170146942139,0.046211935579776764,0.04539869725704193,0.04676435515284538,-0.15804365277290344
199686,1993.215543,2.6962482929229736,5.73985481262207,0.0468054823577404,0.03952976316213608,0.047746170312166214,-0.1590396612882614
199706,1993.235544,2.6965694427490234,5.741147994995117,0.04752139374613762,0.04165979102253914,0.04952370375394821,-0.1580304354429245
199726,1993.255546,2.6969103813171387,5.742467403411865,0.048361871391534805,0.04229893907904625,0.0493738017976284,-0.1565765142440796
199746,1993.275555,2.687624931335449,5.744445323944092,0.04900028929114342,0.03655117750167847,0.05131974443793297,-0.15841487050056458
199766,1993.295551,2.670626163482666,5.7423930168151855,0.049897558987140656,0.031242363154888153,0.05590801313519478,-0.16009482741355896
199786,1993.315545,2.672614097595215,5.748030185699463,0.05094192177057266,0.03415530547499657,0.06140466034412384,-0.15989819169044495
199806,1993.335544,2.672745704650879,5.749567985534668,0.051798008382320404,0.02922716550529003,0.05844322219491005,-0.16211339831352234
199826,1993.355550,2.6698596477508545,5.739251136779785,0.05218196660280228,0.026383234187960625,0.05164429172873497,-0.16211417317390442
199846,1993.375555,2.678605318069458,5.736978530883789,0.052914779633283615,0.034049976617097855,0.050161268562078476,-0.16086266934871674
199866,1993.395544,2.678828477859497,5.738332748413086,0.05347456410527229,0.0356391966342926,0.05419137701392174,-0.1594545990228653
199886,1993.415539,2.6715049743652344,5.745160102844238,0.05411405861377716,0.03241979703307152,0.05667462199926376,-0.1576162725687027
199906,1993.435545,2.669374704360962,5.737661361694336,0.05469935014843941,0.02909010648727417,0.05047062039375305,-0.1567651629447937
199926,1993.455543,2.6695241928100586,5.738919258117676,0.055041730403900146,0.029859071597456932,0.04664120823144913,-0.1574925184249878
199946,1993.475551,2.670513868331909,5.7484331130981445,0.055551860481500626,0.02694893069565296,0.04746660217642784,-0.16135162115097046
199966,1993.495151,2.671447992324829,5.739382743835449,0.05570241063833237,0.026142964139580727,0.042451079934835434,-0.16235226392745972
199986,1993.515117,2.6715402603149414,5.7405524253845215,0.056085746735334396,0.02908456325531006,0.045003071427345276,-0.1605275422334671
200006,1993.535120,2.6716766357421875,5.741760730743408,0.05650267004966736,0.029012316837906837,0.045009076595306396,-0.15723435580730438
200026,1993.555118,2.6656887531280518,5.714851379394531,0.0573953278362751,0.02654140256345272,0.028386838734149933,-0.15370771288871765
200046,1993.575131,2.674546957015991,5.739177703857422,0.05811035633087158,0.023892661556601524,0.03780544921755791,-0.15469980239868164
200066,1993.595120,2.668926477432251,5.739282608032227,0.05903911963105202,0.02099597081542015,0.03933326527476311,-0.15697504580020905
200086,1993.615119,2.668860912322998,5.740386486053467,0.05947716534137726,0.01828775368630886,0.04088158532977104,-0.16080692410469055
200106,1993.635119,2.655073881149292,5.741591453552246,0.05983242020010948,0.015910305082798004,0.04094286635518074,-0.1593242585659027
200126,1993.655117,2.6664702892303467,5.722159385681152,0.060517143458127975,0.023146338760852814,0.03595975041389465,-0.1569005250930786
200146,1993.675163,2.650207757949829,5.736898422241211,0.06119588389992714,0.010807313024997711,0.044622890651226044,-0.15684224665164948
200166,1993.695122,2.652404308319092,5.744536876678467,0.06194348633289337,0.011811677366495132,0.046156663447618484,-0.15339723229408264
200186,1993.715120,2.65031099319458,5.742608547210693,0.06271275132894516,0.009904645383358002,0.04456271603703499,-0.15358345210552216
200206,1993.735118,2.655642032623291,5.713076114654541,0.06357496976852417,0.014206810854375362,0.03436614200472832,-0.1541585624217987
200226,1993.755118,2.6554665565490723,5.737533092498779,0.06461227685213089,0.014502639882266521,0.046084754168987274,-0.15484163165092468
200246,1993.774119,2.6696221828460693,5.730495452880859,0.06559744477272034,0.017877500504255295,0.04295245185494423,-0.1551664173603058
200266,1993.794118,2.659092426300049,5.73295259475708,0.06636236608028412,0.011678747832775116,0.04102072864770889,-0.155778169631958
200286,1993.814117,2.658783197402954,5.734091281890869,0.06700752675533295,0.004940184764564037,0.041945505887269974,-0.15919946134090424
200306,1993.834118,2.6583640575408936,5.7352986335754395,0.0677914172410965,0.003129123244434595,0.04549983888864517,-0.1616193652153015
200326,1993.854113,2.643826961517334,5.745790958404541,0.06872029602527618,-0.0036995229311287403,0.05024879425764084,-0.16067637503147125
200346,1993.874125,2.634129524230957,5.747616291046143,0.06985937058925629,-0.004516906104981899,0.051409684121608734,-0.15731027722358704
200366,1993.894113,2.633871078491211,5.7412896156311035,0.07084709405899048,-0.007046571001410484,0.04959321767091751,-0.15765629708766937
200386,1993.914115,2.6369168758392334,5.748173236846924,0.07155951112508774,-0.007876086980104446,0.050904374569654465,-0.15756282210350037
200406,1993.934119,2.636276960372925,5.749513149261475,0.07229112088680267,-0.007757424842566252,0.0506732203066349,-0.1569443792104721
200426,1993.954114,2.6356236934661865,5.7508625984191895,0.07307521998882294,-0.00938933901488781,0.05144388601183891,-0.15827344357967377
200446,1993.974112,2.6349730491638184,5.752197265625,0.07359153032302856,-0.009319125674664974,0.051245320588350296,-0.1568903774023056
200466,1993.994114,2.626737356185913,5.75350284576416,0.0741661861538887,-0.010987155139446259,0.05219525471329689,-0.1545913964509964
200486,1994.014120,2.626058340072632,5.754856109619141,0.0747436061501503,-0.01180738490074873,0.05188945308327675,-0.1524670422077179
200506,1994.034119,2.6253662109375,5.756173133850098,0.07538964599370956,-0.011870486661791801,0.04912837967276573,-0.1498262733221054
200526,1994.054113,2.624647855758667,5.757442951202393,0.07609351724386215,-0.014279033057391644,0.04703826829791069,-0.15064303576946259
200546,1994.074127,2.6238789558410645,5.7586989402771,0.07682519406080246,-0.015425276942551136,0.047186147421598434,-0.15216730535030365
200566,1994.094114,2.6231279373168945,5.759943962097168,0.07730705291032791,-0.015363525599241257,0.04763886332511902,-0.15333230793476105
200586,1994.114133,2.621785879135132,5.750072479248047,0.07784634828567505,-0.014160837978124619,0.04403842240571976,-0.15239760279655457
200606,1994.134157,2.622871160507202,5.758186340332031,0.07851683348417282,-0.01344879437237978,0.048673853278160095,-0.15155243873596191
200626,1994.154108,2.6235125064849854,5.76530122756958,0.07925981283187866,-0.014067585580050945,0.05283171311020851,-0.15068355202674866
200646,1994.174129,2.631561517715454,5.762606143951416,0.0799863338470459,-0.011160220019519329,0.04945898801088333,-0.14941956102848053
200666,1994.194110,2.6285922527313232,5.754984378814697,0.08078736811876297,-0.013445291668176651,0.044196709990501404,-0.1497776210308075
200686,1994.214109,2.6288371086120605,5.753706455230713,0.08159686625003815,-0.012409786693751812,0.04551193490624428,-0.15143030881881714
200706,1994.234109,2.628091335296631,5.754925727844238,0.0821714699268341,-0.016564007848501205,0.04552195221185684,-0.15478065609931946
200726,1994.254110,2.6273183822631836,5.756136894226074,0.08265186846256256,-0.016259945929050446,0.04554310068488121,-0.15561315417289734
200746,1994.274116,2.6281609535217285,5.76421594619751,0.0831209346652031,-0.016806745901703835,0.05082468315958977,-0.15901057422161102
200766,1994.294133,2.6273233890533447,5.765568256378174,0.08369158208370209,-0.01987423188984394,0.052008502185344696,-0.1609928011894226
200786,1994.314131,2.626436948776245,5.76690149307251,0.08436191082000732,-0.020741045475006104,0.04830999672412872,-0.1613692343235016
200806,1994.334167,2.6242878437042236,5.760586261749268,0.08493334800004959,-0.020155899226665497,0.043925944715738297,-0.16049283742904663
200826,1994.354124,2.6217024326324463,5.752043724060059,0.08580200374126434,-0.021540949121117592,0.039141878485679626,-0.16221332550048828
200846,1994.374123,2.6206955909729004,5.753194808959961,0.08679278939962387,-0.02603640779852867,0.040009792894124985,-0.16467167437076569
200866,1994.394125,2.616105318069458,5.754264831542969,0.08756115287542343,-0.025484897196292877,0.04286628216505051,-0.16354909539222717
200886,1994.414124,2.61655592918396,5.76183557510376,0.08810871839523315,-0.02208145707845688,0.0493730865418911,-0.16154532134532928
200906,1994.434124,2.6156790256500244,5.763119697570801,0.08838300406932831,-0.022507470101118088,0.04883832484483719,-0.15880003571510315
200926,1994.454123,2.6184163093566895,5.772751808166504,0.08890552818775177,-0.023298723623156548,0.047121185809373856,-0.157816544175148
200946,1994.474120,2.6174044609069824,5.765774726867676,0.08931582421064377,-0.02535421960055828,0.042990792542696,-0.15674437582492828
200966,1994.494125,2.6164402961730957,5.7669453620910645,0.08974666893482208,-0.02661862038075924,0.043671295046806335,-0.15754985809326172
200986,1994.514121,2.616029739379883,5.7578229904174805,0.08997587114572525,-0.026354650035500526,0.04013575240969658,-0.15668396651744843
201006,1994.534134,2.615077018737793,5.758936405181885,0.09031420201063156,-0.02598167583346367,0.041829220950603485,-0.15687519311904907
201026,1994.554124,2.617607355117798,5.754149436950684,0.09057263284921646,-0.024592440575361252,0.0414397194981575,-0.1567767858505249
201046,1994.574125,2.6167142391204834,5.755245208740234,0.09066450595855713,-0.025357522070407867,0.0404052659869194,-0.155410498380661
201066,1994.594125,2.615765333175659,5.756309509277344,0.09075933694839478,-0.03025980107486248,0.03910018876194954,-0.15668897330760956
201086,1994.613522,2.614737033843994,5.757384777069092,0.09093067049980164,-0.03020908683538437,0.04080214351415634,-0.15667228400707245
201106,1994.633517,2.610832452774048,5.748166561126709,0.09121060371398926,-0.029399963095784187,0.04007461667060852,-0.15638338029384613
201126,1994.653513,2.6097590923309326,5.749309062957764,0.0918334499001503,-0.03161974996328354,0.041858475655317307,-0.15572911500930786
201146,1994.673514,2.608642816543579,5.750461101531982,0.09237392246723175,-0.03475300222635269,0.042355842888355255,-0.15667130053043365
201166,1994.693518,2.611550807952881,5.75812292098999,0.0928816869854927,-0.032827816903591156,0.04683655500411987,-0.15455950796604156
201186,1994.713513,2.6126978397369385,5.751199722290039,0.09327565878629684,-0.03321785479784012,0.045577678829431534,-0.15138018131256104
201206,1994.733515,2.6102492809295654,5.740694999694824,0.093726746737957,-0.03529209643602371,0.041229248046875,-0.1485469490289688
201226,1994.753523,2.609074831008911,5.741821765899658,0.09402395784854889,-0.04190542921423912,0.04388019070029259,-0.1497209668159485
201246,1994.773543,2.6144626140594482,5.748428821563721,0.09463100135326385,-0.037425581365823746,0.04883058741688728,-0.14607998728752136
201266,1994.793512,2.612912893295288,5.757978439331055,0.09541454166173935,-0.03489208593964577,0.055120427161455154,-0.1436673402786255
201286,1994.813510,2.6136069297790527,5.7648162841796875,0.09636892378330231,-0.03623880445957184,0.06268661469221115,-0.14595963060855865
201306,1994.833509,2.612356662750244,5.766458511352539,0.09738752990961075,-0.0391981303691864,0.06740208715200424,-0.15034516155719757
201326,1994.853510,2.611098527908325,5.768165588378906,0.09841187298297882,-0.036623358726501465,0.06844054162502289,-0.15126928687095642
201346,1994.873506,2.607470750808716,5.761228561401367,0.09935346245765686,-0.040894947946071625,0.06544765084981918,-0.15569651126861572
201366,1994.893510,2.611102819442749,5.768543243408203,0.10056420415639877,-0.038976725190877914,0.06883428245782852,-0.1580205261707306
201386,1994.913509,2.606243371963501,5.759698390960693,0.10131796449422836,-0.04039975255727768,0.06234422326087952,-0.16159363090991974
201406,1994.933508,2.6049132347106934,5.761234283447266,0.10179461538791656,-0.04641099274158478,0.05939387157559395,-0.1654232293367386
201426,1994.953504,2.6107006072998047,5.767974853515625,0.10221932828426361,-0.04512745141983032,0.058494605123996735,-0.1679646074771881
201446,1994.973509,2.6093289852142334,5.769437789916992,0.10293260961771011,-0.04268116131424904,0.05268339812755585,-0.166972354054451
201466,1994.993509,2.608049154281616,5.76193380355835,0.10372456163167953,-0.044351451098918915,0.04400169849395752,-0.166290283203125
201486,1995.013506,2.60662579536438,5.763175010681152,0.10471522063016891,-0.045198097825050354,0.04366104677319527,-0.16670595109462738
201506,1995.033504,2.6051535606384277,5.764415264129639,0.10569293797016144,-0.04874854162335396,0.04264646768569946,-0.16823743283748627
201526,1995.053511,2.603656053543091,5.765576362609863,0.10650936514139175,-0.05043317750096321,0.03781868889927864,-0.16504472494125366
201546,1995.073504,2.602114677429199,5.766674518585205,0.10739930719137192,-0.052623067051172256,0.037361595779657364,-0.1601489782333374
201566,1995.093504,2.6005895137786865,5.767791748046875,0.10820721089839935,-0.05077875033020973,0.04045931622385979,-0.15357227623462677
201586,1995.113506,2.5988950729370117,5.757021903991699,0.10929179936647415,-0.05057079344987869,0.036647845059633255,-0.14974313974380493
201606,1995.133501,2.5999867916107178,5.765692710876465,0.11049403250217438,-0.05135021358728409,0.041951052844524384,-0.14795759320259094
201626,1995.153517,2.5984668731689453,5.7669267654418945,0.1117107942700386,-0.049741607159376144,0.04587513208389282,-0.14574803411960602
201646,1995.173499,2.5970168113708496,5.768222332000732,0.11267372220754623,-0.04862598329782486,0.0506582036614418,-0.1428120881319046
201666,1995.193503,2.5955612659454346,5.769570350646973,0.11352868378162384,-0.05173541232943535,0.051976654678583145,-0.1402391493320465
201686,1995.213498,2.596933603286743,5.777524948120117,0.11452264338731766,-0.04959774762392044,0.054277077317237854,-0.13575345277786255
201706,1995.233495,2.595466375350952,5.778968811035156,0.11579905450344086,-0.048716768622398376,0.05640840530395508,-0.13249918818473816
201726,1995.253496,2.593991279602051,5.780455112457275,0.11718417704105377,-0.05031846463680267,0.05728243291378021,-0.1306120604276657
201746,1995.273496,2.592473268508911,5.781924724578857,0.11851541697978973,-0.05286334082484245,0.055880021303892136,-0.13115280866622925
201766,1995.293500,2.590970039367676,5.783347129821777,0.11933598667383194,-0.05520274117588997,0.05663817748427391,-0.13370926678180695
201786,1995.313493,2.5943026542663574,5.790584087371826,0.12020431458950043,-0.052549686282873154,0.06125006079673767,-0.13641357421875
201806,1995.333506,2.592841386795044,5.792096138000488,0.12083305418491364,-0.05275612697005272,0.060009680688381195,-0.1390315443277359
201826,1995.353506,2.594528913497925,5.8001227378845215,0.12146123498678207,-0.051242101937532425,0.0600191205739975,-0.14130990207195282
201846,1995.373493,2.5930492877960205,5.801665306091309,0.12246274203062057,-0.04978705197572708,0.06180783361196518,-0.1441117227077484
201866,1995.393498,2.59158992767334,5.803264617919922,0.12319786846637726,-0.05227898806333542,0.06622043997049332,-0.14760355651378632
201886,1995.413495,2.5900397300720215,5.804940700531006,0.12424032390117645,-0.0525367371737957,0.06641124188899994,-0.1483698934316635
201906,1995.433492,2.588550329208374,5.806608200073242,0.12522883713245392,-0.049094200134277344,0.06634704023599625,-0.15020541846752167
201926,1995.453495,2.5927133560180664,5.813190937042236,0.12606777250766754,-0.05294542387127876,0.06903703510761261,-0.15695767104625702
201946,1995.473490,2.591209650039673,5.814864158630371,0.1265992522239685,-0.051524050533771515,0.06636647135019302,-0.1595066338777542
201966,1995.493494,2.592374324798584,5.826183795928955,0.12693984806537628,-0.04927816241979599,0.0724940299987793,-0.1616261899471283
201986,1995.513499,2.5925047397613525,5.812814235687256,0.12716570496559143,-0.04556283727288246,0.06947626918554306,-0.1608431190252304
202006,1995.533494,2.5911474227905273,5.814448833465576,0.12736786901950836,-0.049303025007247925,0.06377600133419037,-0.16288575530052185
202026,1995.553489,2.5897037982940674,5.815979480743408,0.1275804340839386,-0.051391880959272385,0.05999264493584633,-0.16522158682346344
202046,1995.573488,2.5882701873779297,5.817488193511963,0.1276254504919052,-0.05172876641154289,0.06202862784266472,-0.16815289855003357
202066,1995.593496,2.5906198024749756,5.82441520690918,0.12747518718242645,-0.053625136613845825,0.0652707889676094,-0.1696719378232956
202086,1995.613538,2.5891120433807373,5.825985908508301,0.12740421295166016,-0.056300271302461624,0.0632641538977623,-0.1687920093536377
202106,1995.633490,2.589948892593384,5.816376686096191,0.12700796127319336,-0.054401203989982605,0.05956685170531273,-0.1663070172071457
202126,1995.653489,2.588459014892578,5.8178558349609375,0.1267765760421753,-0.056748371571302414,0.061321958899497986,-0.1666746437549591
202146,1995.673486,2.582519054412842,5.815830707550049,0.12653496861457825,-0.05936795100569725,0.05950474739074707,-0.16661682724952698
202166,1995.693491,2.580894708633423,5.817316055297852,0.12662531435489655,-0.060866765677928925,0.05953941121697426,-0.16583499312400818
202186,1995.713489,2.5713016986846924,5.817193984985352,0.1271180659532547,-0.06327875703573227,0.059817440807819366,-0.16434884071350098
202206,1995.733487,2.5828051567077637,5.82397985458374,0.127572700381279,-0.05856890231370926,0.06402812153100967,-0.16351327300071716
202226,1995.753484,2.581747055053711,5.81063985824585,0.1284555345773697,-0.061094753444194794,0.059081535786390305,-0.1640048325061798
202246,1995.773486,2.585965156555176,5.816790580749512,0.1294269859790802,-0.05765474587678909,0.05956713855266571,-0.16296939551830292
202266,1995.793491,2.5843517780303955,5.818303108215332,0.13007666170597076,-0.05594884231686592,0.05842408165335655,-0.1623459905385971
202286,1995.813486,2.5827581882476807,5.819846153259277,0.13086235523223877,-0.05566082149744034,0.06101269647479057,-0.16429904103279114
202306,1995.833502,2.581120491027832,5.821436882019043,0.1315961480140686,-0.058032430708408356,0.06244192272424698,-0.16739115118980408
202326,1995.853486,2.571798801422119,5.823148727416992,0.1324283331632614,-0.05904648080468178,0.0590129978954792,-0.16894927620887756
202346,1995.873483,2.57218074798584,5.814053058624268,0.13296805322170258,-0.05937889218330383,0.05435725674033165,-0.17324170470237732
202366,1995.893486,2.5705299377441406,5.815506935119629,0.13342200219631195,-0.057409822940826416,0.05672217905521393,-0.17636293172836304
202386,1995.913482,2.582346200942993,5.822850704193115,0.13372957706451416,-0.049479760229587555,0.05848560482263565,-0.17812122404575348
202406,1995.933487,2.5808889865875244,5.824339866638184,0.13410580158233643,-0.04878305271267891,0.056521158665418625,-0.17943765223026276
202426,1995.953485,2.5855655670166016,5.821924686431885,0.13435418903827667,-0.048885490745306015,0.055185750126838684,-0.18385370075702667
202446,1995.973484,2.585822582244873,5.803908348083496,0.13441301882266998,-0.049853745847940445,0.045905034989118576,-0.1861785501241684
202466,1995.993486,2.5844311714172363,5.8050994873046875,0.13438281416893005,-0.0449393168091774,0.04150871932506561,-0.18605808913707733
202486,1996.013484,2.576143741607666,5.808203220367432,0.1344722956418991,-0.045797090977430344,0.044429194182157516,-0.1877363920211792
202506,1996.032483,2.5747313499450684,5.809499263763428,0.1348007470369339,-0.045939233154058456,0.048956532031297684,-0.189774751663208
202526,1996.053485,2.5733420848846436,5.810820579528809,0.13513880968093872,-0.043413639068603516,0.046629954129457474,-0.18879833817481995
202546,1996.073480,2.57205867767334,5.812035083770752,0.13501785695552826,-0.04120113328099251,0.04390988498926163,-0.18838560581207275
202566,1996.092484,2.5708014965057373,5.813243389129639,0.13483309745788574,-0.04120087996125221,0.04570917785167694,-0.19102801382541656
202586,1996.112477,2.569500684738159,5.81450080871582,0.1348002552986145,-0.043111156672239304,0.04670072719454765,-0.19517049193382263
202606,1996.132476,2.564702033996582,5.8134613037109375,0.1347663253545761,-0.0388060063123703,0.04481147229671478,-0.19494210183620453
202626,1996.152478,2.5635502338409424,5.814655303955078,0.13437971472740173,-0.035123832523822784,0.04426632821559906,-0.1925124078989029
202646,1996.172480,2.573458433151245,5.813394069671631,0.13397422432899475,-0.03037531115114689,0.04300913214683533,-0.19077099859714508
202666,1996.192480,2.5723934173583984,5.814537048339844,0.13382911682128906,-0.03200308233499527,0.039368294179439545,-0.19065268337726593
202686,1996.212475,2.582555055618286,5.815126419067383,0.1336347609758377,-0.03334280103445053,0.03614036738872528,-0.19405558705329895
202706,1996.232516,2.581427812576294,5.81614351272583,0.13331152498722076,-0.03535831347107887,0.03465859591960907,-0.19719819724559784
202726,1996.252581,2.580319404602051,5.817144393920898,0.132961705327034,-0.0321279838681221,0.0342785082757473,-0.1991935670375824
202746,1996.272474,2.571284770965576,5.818120956420898,0.1323891580104828,-0.03549594432115555,0.03392818197607994,-0.20203296840190887
202766,1996.292480,2.5701065063476562,5.81910514831543,0.13197828829288483,-0.038700323551893234,0.0322493277490139,-0.20458555221557617
202786,1996.312476,2.5688979625701904,5.8200249671936035,0.13140170276165009,-0.03993837162852287,0.02931196801364422,-0.20512445271015167
202806,1996.332476,2.5850207805633545,5.798393249511719,0.13038109242916107,-0.03369049355387688,0.019019704312086105,-0.2058841735124588
202826,1996.352473,2.5686533451080322,5.812633514404297,0.12926100194454193,-0.03778893128037453,0.024664096534252167,-0.20574380457401276
202846,1996.372474,2.567476511001587,5.813415050506592,0.12854422628879547,-0.03912904113531113,0.024038586765527725,-0.2067408263683319
202866,1996.392477,2.598548650741577,5.782735347747803,0.12775304913520813,-0.024931099265813828,0.01380983181297779,-0.20669256150722504
202886,1996.412471,2.5882883071899414,5.7683820724487305,0.12709446251392365,-0.0312982015311718,0.010803526267409325,-0.2092965841293335
202906,1996.432424,2.607914686203003,5.76381778717041,0.12632563710212708,-0.021965673193335533,0.011434315703809261,-0.20977681875228882
202926,1996.452588,2.5898923873901367,5.7770304679870605,0.12597090005874634,-0.028468994423747063,0.016776759177446365,-0.21149800717830658
202946,1996.472436,2.599663019180298,5.765705108642578,0.12547627091407776,-0.02514524571597576,0.012885085307061672,-0.21252946555614471
202966,1996.492437,2.613245964050293,5.764649391174316,0.12470731139183044,-0.01819065771996975,0.014728903770446777,-0.21328337490558624
202986,1996.512434,2.6124818325042725,5.765288352966309,0.1239943876862526,-0.01583332009613514,0.018286697566509247,-0.2122732698917389
203006,1996.532438,2.5872066020965576,5.759559154510498,0.12324468046426773,-0.02160189114511013,0.016856534406542778,-0.21163661777973175
203026,1996.552438,2.613919496536255,5.745944976806641,0.1222938522696495,-0.008317040279507637,0.01044671144336462,-0.21048526465892792
203046,1996.572438,2.6159563064575195,5.756092071533203,0.12154319882392883,-0.009863205254077911,0.014780965633690357,-0.20984935760498047
203066,1996.592433,2.6188547611236572,5.747341632843018,0.12109792232513428,-0.01261496264487505,0.011013299226760864,-0.2074890285730362
203086,1996.612431,2.6163241863250732,5.730494022369385,0.12054072320461273,-0.012301064096391201,0.0037244721315801144,-0.20428875088691711
203106,1996.632429,2.611004114151001,5.742802143096924,0.11975816637277603,-0.014973284676671028,0.007860804907977581,-0.20250947773456573
203126,1996.652428,2.622321367263794,5.742406845092773,0.11875690519809723,-0.010746973566710949,0.007432050537317991,-0.20100966095924377
203146,1996.672438,2.621497631072998,5.73397159576416,0.11821629106998444,-0.012042680755257607,0.0025991112925112247,-0.19996027648448944
203166,1996.692430,2.614997625350952,5.736311435699463,0.1175227165222168,-0.018411383032798767,0.0037453684490174055,-0.2011317014694214
203186,1996.712425,2.614211082458496,5.736715793609619,0.11690552532672882,-0.019589116796851158,0.006853800732642412,-0.201580211520195
203206,1996.732426,2.6134185791015625,5.737198829650879,0.11647900193929672,-0.018402716144919395,0.009808529168367386,-0.2007921040058136
203226,1996.752425,2.6126582622528076,5.737705230712891,0.11592111736536026,-0.017080513760447502,0.010883567854762077,-0.1982124000787735
203246,1996.772424,2.611894369125366,5.738265037536621,0.11572615057229996,-0.01665494032204151,0.012323800474405289,-0.19556158781051636
203266,1996.792430,2.619966983795166,5.737569808959961,0.11558353900909424,-0.01823434978723526,0.012693697586655617,-0.1963718980550766
203286,1996.812422,2.6201555728912354,5.729160785675049,0.11550891399383545,-0.020242787897586823,0.007094093598425388,-0.1981872320175171
203306,1996.832429,2.6293177604675293,5.721881866455078,0.11513763666152954,-0.01761469431221485,0.005791619420051575,-0.20157277584075928
203326,1996.852017,2.6285157203674316,5.7223801612854,0.11483404040336609,-0.018809538334608078,0.01110136415809393,-0.20428773760795593
203346,1996.872015,2.6277353763580322,5.722966194152832,0.11442506313323975,-0.016604594886302948,0.014971216209232807,-0.20231251418590546
203366,1996.892052,2.626997232437134,5.723564624786377,0.11390623450279236,-0.017401980236172676,0.013570640236139297,-0.20022308826446533
203386,1996.912049,2.626251220703125,5.724125385284424,0.11341845244169235,-0.01606767252087593,0.012406989932060242,-0.19705960154533386
203406,1996.932042,2.6442413330078125,5.731196403503418,0.11277972906827927,-0.00666320463642478,0.016169989481568336,-0.19494473934173584
203426,1996.952044,2.643651247024536,5.731856822967529,0.11236695200204849,-0.012535376474261284,0.018788304179906845,-0.19788847863674164
203446,1996.972044,2.6429409980773926,5.732530117034912,0.11193384230136871,-0.01695452816784382,0.01701328717172146,-0.20035353302955627
203466,1996.992047,2.6323604583740234,5.717274188995361,0.11183792352676392,-0.01823052391409874,0.006419098004698753,-0.19836105406284332
203486,1997.012044,2.6455466747283936,5.737831115722656,0.11140856891870499,-0.01125231571495533,0.014518210664391518,-0.19628135859966278
203506,1997.032039,2.6542108058929443,5.736324787139893,0.1111191064119339,-0.010836008936166763,0.016708573326468468,-0.19504132866859436
203526,1997.052044,2.653587579727173,5.736974239349365,0.11080782115459442,-0.01076203491538763,0.01616419106721878,-0.1937987059354782
203546,1997.072040,2.652987241744995,5.737581253051758,0.11033860594034195,-0.010770927183330059,0.015437026508152485,-0.19101929664611816
203566,1997.092044,2.6523525714874268,5.738224029541016,0.11006603389978409,-0.012127348221838474,0.017783543094992638,-0.19022685289382935
203586,1997.112038,2.651684045791626,5.738902568817139,0.10987892001867294,-0.01339767500758171,0.01802280731499195,-0.19066762924194336
203606,1997.132045,2.651024580001831,5.739549160003662,0.10937851667404175,-0.014566609635949135,0.017568020150065422,-0.1913624107837677
203626,1997.152041,2.662123918533325,5.737042427062988,0.10902410000562668,-0.009227089583873749,0.017406346276402473,-0.1907234787940979
203646,1997.172039,2.66159987449646,5.737678050994873,0.10842929780483246,-0.0067246826365590096,0.017624612897634506,-0.1891767829656601
203666,1997.192040,2.66998291015625,5.736438751220703,0.10780773311853409,-0.002498587127774954,0.01735966093838215,-0.18802031874656677
203686,1997.212033,2.686542272567749,5.723593711853027,0.10744653642177582,0.004894569981843233,0.014996696263551712,-0.18799154460430145
203706,1997.232031,2.6862614154815674,5.7242207527160645,0.10707314312458038,0.004272425081580877,0.017108259722590446,-0.19109156727790833
203726,1997.252035,2.6858930587768555,5.724850654602051,0.10654409229755402,-0.002637044992297888,0.016139307990670204,-0.19684769213199615
203746,1997.272034,2.7001891136169434,5.720487117767334,0.10611287504434586,0.0033080114517360926,0.01351953111588955,-0.20171581208705902
203766,1997.292045,2.7079131603240967,5.698382377624512,0.10579107701778412,0.008269131183624268,0.00414520688354969,-0.2044294774532318
203786,1997.312038,2.708481550216675,5.69015645980835,0.10518209636211395,0.010901759378612041,0.0030320612713694572,-0.20437072217464447
203806,1997.332036,2.7085330486297607,5.6990132331848145,0.10443509370088577,0.0127292200922966,0.01237852405756712,-0.2039971798658371
203826,1997.352036,2.695014238357544,5.715827465057373,0.10373932123184204,0.005458526778966188,0.01916785165667534,-0.2045561522245407
203846,1997.372038,2.713879346847534,5.695528507232666,0.10244458168745041,0.013021087273955345,0.008073193021118641,-0.2046842724084854
203866,1997.392035,2.7227067947387695,5.696239471435547,0.10152840614318848,0.016280198469758034,0.009323673322796822,-0.20798033475875854
203886,1997.412034,2.703474283218384,5.716099739074707,0.10067188739776611,0.005014429334551096,0.01863473281264305,-0.21204133331775665
203906,1997.432034,2.703234910964966,5.716738224029541,0.09969434887170792,0.008177720010280609,0.01636388897895813,-0.21327926218509674
203926,1997.452030,2.7122769355773926,5.720047473907471,0.09892567247152328,0.017101353034377098,0.020719682797789574,-0.21395312249660492
203946,1997.472029,2.7122206687927246,5.720806121826172,0.09811312705278397,0.01503847911953926,0.02288605086505413,-0.21784506738185883
203966,1997.492034,2.722918748855591,5.713695526123047,0.09736546128988266,0.018320757895708084,0.011465021409094334,-0.21798457205295563
203986,1997.512029,2.722919225692749,5.7141337394714355,0.0964183360338211,0.018867386505007744,0.0037522290367633104,-0.21817687153816223
204006,1997.532038,2.7228598594665527,5.71453857421875,0.09554442763328552,0.014283813536167145,0.0059076654724776745,-0.2200685292482376
204026,1997.552035,2.7227847576141357,5.714968204498291,0.09451765567064285,0.016338881105184555,0.006798183545470238,-0.22016802430152893
204046,1997.572024,2.722695827484131,5.715432643890381,0.09369447827339172,0.014335407875478268,0.00762504618614912,-0.22412535548210144
204066,1997.592032,2.722555637359619,5.715932846069336,0.09317329525947571,0.016766712069511414,0.006945440080016851,-0.2250588983297348
204086,1997.612025,2.7224979400634766,5.716396808624268,0.0927119255065918,0.021545758470892906,0.0036452114582061768,-0.22286953032016754
204106,1997.632027,2.7296857833862305,5.716472625732422,0.09204841405153275,0.026943471282720566,0.002880415180698037,-0.2202063500881195
204126,1997.652028,2.7297115325927734,5.716882228851318,0.09165782481431961,0.019838156178593636,0.0020199294667690992,-0.22340430319309235
204146,1997.672020,2.729645013809204,5.717255592346191,0.09111884981393814,0.017946753650903702,0.00038726485217921436,-0.22496624290943146
204166,1997.692030,2.7395856380462646,5.7173991203308105,0.09020835161209106,0.025012116879224777,0.0030231461860239506,-0.2270725667476654
204186,1997.712026,2.731130361557007,5.720340728759766,0.0891634076833725,0.023460417985916138,0.009228973649442196,-0.22988301515579224
204206,1997.732027,2.746920347213745,5.724673271179199,0.08786705881357193,0.031246544793248177,0.011286977678537369,-0.2309890240430832
204226,1997.752027,2.7466485500335693,5.718326091766357,0.08643356710672379,0.03164517879486084,0.012029028497636318,-0.23003068566322327
204246,1997.772023,2.746904134750366,5.718927383422852,0.08517535775899887,0.03050171583890915,0.018347544595599174,-0.23059704899787903
204266,1997.792026,2.7471542358398438,5.719664573669434,0.08421330899000168,0.03452878072857857,0.022831443697214127,-0.2287016659975052
204286,1997.812018,2.763242483139038,5.715296745300293,0.08352174609899521,0.04467914253473282,0.023281749337911606,-0.22582164406776428
204306,1997.832021,2.760737180709839,5.712774276733398,0.08268574625253677,0.040221456438302994,0.022886496037244797,-0.2236887812614441
204326,1997.852023,2.74871826171875,5.696870803833008,0.08170264214277267,0.034120574593544006,0.016677118837833405,-0.22179493308067322
204346,1997.872015,2.7471277713775635,5.697295188903809,0.08064518868923187,0.031247898936271667,0.016342768445611,-0.22183865308761597
204366,1997.892023,2.7699413299560547,5.6835856437683105,0.07962309569120407,0.037497445940971375,0.009455082006752491,-0.22310496866703033
204386,1997.911023,2.815925359725952,5.6896586418151855,0.07830847799777985,0.049697939306497574,0.013029530644416809,-0.22605322301387787
204406,1997.932018,2.8182225227355957,5.694742202758789,0.07719443738460541,0.05209442600607872,0.017876481637358665,-0.22517845034599304
204426,1997.952021,2.8178484439849854,5.699925422668457,0.07594043761491776,0.053342852741479874,0.018008219078183174,-0.2226589322090149
204446,1997.972019,2.826831340789795,5.712825298309326,0.07495363056659698,0.05371703580021858,0.01996869593858719,-0.22071529924869537
204466,1997.991018,2.827467441558838,5.719698905944824,0.0737440213561058,0.04958625137805939,0.025393454357981682,-0.2228299081325531
204486,1998.011024,2.8281090259552,5.720520496368408,0.07252626866102219,0.0488855242729187,0.027636924758553505,-0.22500576078891754
204506,1998.032018,2.8287534713745117,5.721378326416016,0.07117235660552979,0.0497189424932003,0.02965598925948143,-0.22613072395324707
204526,1998.051017,2.8377206325531006,5.718502998352051,0.06981171667575836,0.056221481412649155,0.027262937277555466,-0.2274339497089386
204546,1998.071018,2.8385636806488037,5.719300270080566,0.0683232918381691,0.059947893023490906,0.02502593956887722,-0.22633445262908936
204566,1998.092026,2.844756603240967,5.718529224395752,0.06666596233844757,0.059633903205394745,0.022865906357765198,-0.22894850373268127
204586,1998.112020,2.8450772762298584,5.713772773742676,0.06537707149982452,0.05479830875992775,0.019224952906370163,-0.23282797634601593
204606,1998.132019,2.854036331176758,5.712344646453857,0.0636202022433281,0.05967135354876518,0.011400413699448109,-0.23448625206947327
204626,1998.152014,2.854166269302368,5.698977470397949,0.06162596493959427,0.06337012350559235,0.004641060717403889,-0.23624345660209656
204646,1998.172023,2.860694408416748,5.693998336791992,0.05969219282269478,0.06834596395492554,0.007829273119568825,-0.23612292110919952
204666,1998.192019,2.861466884613037,5.707314968109131,0.05852203443646431,0.06651043891906738,0.01589800789952278,-0.23521676659584045
204686,1998.212016,2.876232147216797,5.7020721435546875,0.057512860745191574,0.0687175989151001,0.011545509099960327,-0.2352178990840912
204706,1998.232016,2.8771886825561523,5.702644348144531,0.05671060457825661,0.067984938621521,0.01051491592079401,-0.23590289056301117
204726,1998.252012,2.884331464767456,5.70051908493042,0.05557500571012497,0.07185374200344086,0.007061459124088287,-0.2356027513742447
204746,1998.272010,2.885444402694702,5.700965881347656,0.05439972132444382,0.07608374953269958,0.006179162301123142,-0.23397080600261688
204766,1998.292019,2.889120101928711,5.700196743011475,0.05322575569152832,0.07830829173326492,0.008959409780800343,-0.23308944702148438
204786,1998.311015,2.890320301055908,5.700723171234131,0.051886558532714844,0.07644366472959518,0.01347925141453743,-0.2337607592344284
204806,1998.332020,2.9038028717041016,5.703335285186768,0.05060313642024994,0.07631470263004303,0.017791975289583206,-0.23699524998664856
204826,1998.352045,2.896568536758423,5.704615116119385,0.04940829426050186,0.06921886652708054,0.019475124776363373,-0.23918470740318298
204846,1998.372013,2.9062159061431885,5.701019287109375,0.04785991832613945,0.0768476203083992,0.018547872081398964,-0.23864194750785828
204866,1998.392024,2.9186272621154785,5.696037769317627,0.046398404985666275,0.07934685051441193,0.017412643879652023,-0.2416151762008667
204886,1998.411016,2.919830560684204,5.696717739105225,0.0448322668671608,0.07596497982740402,0.02098878100514412,-0.24649548530578613
204906,1998.431012,2.92104434967041,5.697473526000977,0.04314861074090004,0.07870526611804962,0.025043994188308716,-0.25029927492141724
204926,1998.452018,2.9367473125457764,5.693288803100586,0.04138050228357315,0.08548473566770554,0.025152787566184998,-0.253163605928421
204946,1998.471008,2.938141345977783,5.694088459014893,0.03968875855207443,0.08729283511638641,0.02490495704114437,-0.25413841009140015
204966,1998.492018,2.9462785720825195,5.692490577697754,0.03789263218641281,0.08603215962648392,0.026201877743005753,-0.2574305534362793
204986,1998.512025,2.9476613998413086,5.693316459655762,0.03611141815781593,0.08664970844984055,0.02595825307071209,-0.2575565576553345
205006,1998.531031,2.952920436859131,5.6934590339660645,0.034483373165130615,0.08849991112947464,0.02691475674510002,-0.2583962380886078
205026,1998.552012,2.9543633460998535,5.694329738616943,0.032570935785770416,0.08897019922733307,0.03109688311815262,-0.2566223442554474
205046,1998.572010,2.9674923419952393,5.689874649047852,0.03050403669476509,0.09382712841033936,0.0349060520529747,-0.2558414340019226
205066,1998.592018,2.9676620960235596,5.695849418640137,0.028540795668959618,0.08882760256528854,0.040923647582530975,-0.25669118762016296
205086,1998.612013,2.9690606594085693,5.696959018707275,0.026687780395150185,0.08560636639595032,0.0402333065867424,-0.2558620572090149
205106,1998.632011,2.976956844329834,5.696089744567871,0.02466452494263649,0.09093843400478363,0.03927575424313545,-0.25308483839035034
205126,1998.652005,2.9806370735168457,5.6875691413879395,0.022553283721208572,0.08925726264715195,0.0354834608733654,-0.252177357673645
205146,1998.672006,2.9820847511291504,5.688539505004883,0.020253146067261696,0.08279521018266678,0.03708568215370178,-0.25246676802635193
205166,1998.692019,2.983431816101074,5.68956995010376,0.01817529834806919,0.0821206197142601,0.039406560361385345,-0.2486286759376526
205186,1998.712008,3.0033159255981445,5.691664695739746,0.016153153032064438,0.08786291629076004,0.04026917368173599,-0.24607433378696442
205206,1998.731447,3.0012571811676025,5.685009002685547,0.014442143961787224,0.08669941872358322,0.03566740080714226,-0.2401076853275299
205226,1998.751422,3.007242441177368,5.689568042755127,0.012559807859361172,0.09018781036138535,0.035863496363162994,-0.23558226227760315
205246,1998.772423,3.0181620121002197,5.674543857574463,0.010719401761889458,0.08783872425556183,0.03184865042567253,-0.23644447326660156
205266,1998.791433,3.0195705890655518,5.675475597381592,0.009255541488528252,0.08674950152635574,0.03182520717382431,-0.2338637262582779
205286,1998.811420,3.0306973457336426,5.673842430114746,0.007861531339585781,0.09059573709964752,0.028137337416410446,-0.23058989644050598
205306,1998.831419,3.032167673110962,5.674707412719727,0.006607938092201948,0.0893920287489891,0.029375821352005005,-0.22851085662841797
205326,1998.851420,3.0459063053131104,5.672255516052246,0.00565658463165164,0.09534525871276855,0.030786972492933273,-0.22787053883075714
205346,1998.871417,3.0394463539123535,5.667500972747803,0.004612027667462826,0.08960362523794174,0.024043284356594086,-0.22719624638557434
205366,1998.890427,3.047187328338623,5.673801898956299,0.0034065241925418377,0.09043683111667633,0.021773943677544594,-0.22649964690208435
205386,1998.911424,3.0435056686401367,5.66634464263916,0.0026524316053837538,0.09280266612768173,0.019714100286364555,-0.2238551676273346
205406,1998.930442,3.0414085388183594,5.670571327209473,0.001492436625994742,0.09450767189264297,0.02320905774831772,-0.22172430157661438
205426,1998.951426,3.0429608821868896,5.671304225921631,0.00038941376260481775,0.09251094609498978,0.019570613279938698,-0.22095470130443573
205446,1998.970417,3.050959348678589,5.676416397094727,-0.0009154258295893669,0.09651974588632584,0.0180935338139534,-0.22125154733657837
205466,1998.990435,3.054053783416748,5.6741437911987305,-0.0019435067661106586,0.10322437435388565,0.01826845109462738,-0.22332951426506042
205486,1999.010418,3.0665628910064697,5.676874160766602,-0.003200237639248371,0.10827989876270294,0.021021084859967232,-0.22504721581935883
205506,1999.030414,3.0684196949005127,5.677574634552002,-0.004473057575523853,0.10888480395078659,0.019959749653935432,-0.22390522062778473
205526,1999.050415,3.075073480606079,5.682681083679199,-0.0057983300648629665,0.1100461408495903,0.022873150184750557,-0.2233007401227951
205546,1999.070413,3.0725021362304688,5.685257911682129,-0.007019535172730684,0.10939119756221771,0.025077342987060547,-0.22434423863887787
205566,1999.090415,3.077923536300659,5.681499481201172,-0.008169790729880333,0.10887984186410904,0.021157316863536835,-0.230293869972229
205586,1999.110412,3.0836105346679688,5.680087089538574,-0.009488445706665516,0.10884319245815277,0.017353540286421776,-0.23475082218647003
205606,1999.130409,3.0819625854492188,5.675785064697266,-0.010931346565485,0.1041078194975853,0.013612552545964718,-0.2364090085029602
205626,1999.150436,3.089505672454834,5.6734185218811035,-0.012139047496020794,0.10563907772302628,0.014245265163481236,-0.23621471226215363
205646,1999.170413,3.0913009643554688,5.674068927764893,-0.01351207960397005,0.1054733544588089,0.019924132153391838,-0.23635484278202057
205666,1999.190431,3.0991051197052,5.672971248626709,-0.01482207141816616,0.11016915738582611,0.020151175558567047,-0.2369765341281891
205686,1999.210411,3.1047587394714355,5.679816246032715,-0.01642264798283577,0.11462312191724777,0.02198428474366665,-0.23847180604934692
205706,1999.230413,3.1057515144348145,5.683503150939941,-0.018073424696922302,0.11645715683698654,0.02357187308371067,-0.24085044860839844
205726,1999.250408,3.120427370071411,5.677560329437256,-0.020009197294712067,0.12482334673404694,0.02084396779537201,-0.24250464141368866
205746,1999.270406,3.1219215393066406,5.676029682159424,-0.021884771063923836,0.11803419142961502,0.018643900752067566,-0.24742776155471802
205766,1999.290410,3.1239264011383057,5.676702499389648,-0.023950116708874702,0.11083474010229111,0.021605972200632095,-0.2563021779060364
205786,1999.310405,3.1258504390716553,5.677414417266846,-0.02608880214393139,0.11164829879999161,0.02126922830939293,-0.260230153799057
205806,1999.330404,3.1246581077575684,5.683826446533203,-0.02823183313012123,0.11015285551548004,0.022571837529540062,-0.2623431086540222
205826,1999.350409,3.1401963233947754,5.680920600891113,-0.030241709202528,0.11113333702087402,0.023071659728884697,-0.2659076750278473
205846,1999.370417,3.140712261199951,5.679413795471191,-0.032831236720085144,0.10842588543891907,0.023431194946169853,-0.269970178604126
205866,1999.390410,3.1425838470458984,5.686336517333984,-0.03553253039717674,0.10598862171173096,0.023389559239149094,-0.27274051308631897
205886,1999.410405,3.1365203857421875,5.681514263153076,-0.038103137165308,0.1033954843878746,0.020037714391946793,-0.2715287208557129
205906,1999.430404,3.140089511871338,5.680166721343994,-0.04059799388051033,0.11184245347976685,0.02255304530262947,-0.2675378918647766
205926,1999.450409,3.143312692642212,5.685024738311768,-0.042708780616521835,0.10924294590950012,0.02608831599354744,-0.2693198323249817
205946,1999.470400,3.145111560821533,5.685797691345215,-0.04507506638765335,0.09913915395736694,0.022865770384669304,-0.27423095703125
205966,1999.490445,3.146799325942993,5.686491966247559,-0.047594524919986725,0.09929274767637253,0.01948930136859417,-0.2763085961341858
205986,1999.510403,3.1522998809814453,5.686100006103516,-0.04999224469065666,0.09954438358545303,0.01710030436515808,-0.2780729830265045
206006,1999.530419,3.153968572616577,5.686707496643066,-0.0523994155228138,0.09734196215867996,0.015280074439942837,-0.2753133773803711
206026,1999.550404,3.1605751514434814,5.68770694732666,-0.05473332479596138,0.09644578397274017,0.016699783504009247,-0.27420443296432495
206046,1999.570410,3.1543262004852295,5.689215660095215,-0.056802183389663696,0.09358406066894531,0.018954303115606308,-0.2713240087032318
206066,1999.590405,3.1601109504699707,5.6875996589660645,-0.05874321609735489,0.09071553498506546,0.016946742311120033,-0.2726603150367737
206086,1999.610401,3.156048536300659,5.6888861656188965,-0.060818400233983994,0.08813780546188354,0.015190395526587963,-0.27088066935539246
206106,1999.630398,3.1527116298675537,5.6763410568237305,-0.06279405206441879,0.09101825952529907,0.009050251916050911,-0.2663841247558594
206126,1999.650398,3.1595778465270996,5.688780307769775,-0.06482304632663727,0.09808890521526337,0.019877418875694275,-0.26135486364364624
206146,1999.670402,3.164207696914673,5.686362266540527,-0.06663620471954346,0.10597464442253113,0.020007163286209106,-0.2549680769443512
206166,1999.690406,3.1788089275360107,5.6825337409973145,-0.06858496367931366,0.11411423981189728,0.021178949624300003,-0.25337305665016174
206186,1999.710399,3.1794588565826416,5.6806511878967285,-0.07049272954463959,0.10579369217157364,0.02307257242500782,-0.25794652104377747
206206,1999.730395,3.182600975036621,5.682424068450928,-0.07213634252548218,0.11307619512081146,0.023352786898612976,-0.2551622986793518
206226,1999.750396,3.1900148391723633,5.6766839027404785,-0.0738273337483406,0.12418357282876968,0.022761905565857887,-0.2529470920562744
206246,1999.770407,3.1815617084503174,5.681597709655762,-0.07557469606399536,0.11802887916564941,0.027525611221790314,-0.2507747411727905
206266,1999.790402,3.183593511581421,5.682459354400635,-0.07689496129751205,0.11855669319629669,0.024281159043312073,-0.24729526042938232
206286,1999.810394,3.1887340545654297,5.681180953979492,-0.07841484248638153,0.12031342089176178,0.021222855895757675,-0.2440769076347351
206306,1999.830397,3.1903440952301025,5.685310363769531,-0.07956740260124207,0.12248047441244125,0.02725549414753914,-0.24236826598644257
206326,1999.850394,3.191676139831543,5.686405181884766,-0.08065720647573471,0.12772542238235474,0.026301421225070953,-0.2394828051328659
206346,1999.870391,3.1974174976348877,5.689254283905029,-0.08176239579916,0.13900603353977203,0.02471001073718071,-0.2340269535779953
206366,1999.890418,3.203345775604248,5.678440093994141,-0.08271151036024094,0.1419043391942978,0.02169984206557274,-0.23386043310165405
206386,1999.910974,3.2058098316192627,5.679254055023193,-0.08378126472234726,0.1369611620903015,0.02569582313299179,-0.2382269650697708
206406,1999.929972,3.209049701690674,5.693638324737549,-0.08497081696987152,0.13283155858516693,0.02751787379384041,-0.2438957393169403
206426,1999.949975,3.214783191680908,5.693464756011963,-0.08637141436338425,0.13425514101982117,0.022525332868099213,-0.24585644900798798
206446,1999.969969,3.2211108207702637,5.691501140594482,-0.08766639232635498,0.13653750717639923,0.0235713180154562,-0.24991869926452637
206466,1999.990399,3.214747428894043,5.69677734375,-0.08941127359867096,0.12974636256694794,0.028721190989017487,-0.2569420039653778
206486,2000.010404,3.2179250717163086,5.71771240234375,-0.09128575772047043,0.12527240812778473,0.03785538673400879,-0.26465508341789246
206506,2000.030394,3.2200610637664795,5.7187299728393555,-0.09342945367097855,0.1178753674030304,0.03427642583847046,-0.2731635868549347
206526,2000.050392,3.2284934520721436,5.717408180236816,-0.09544301778078079,0.11444608867168427,0.032816082239151,-0.28053873777389526
206546,2000.070389,3.2252540588378906,5.718165397644043,-0.09758714586496353,0.11306902766227722,0.03580498695373535,-0.28037333488464355
206566,2000.090395,3.2272231578826904,5.719236850738525,-0.09968024492263794,0.11461462825536728,0.03933316096663475,-0.27655962109565735
206586,2000.110393,3.230128049850464,5.7215495109558105,-0.10155820101499557,0.11556581407785416,0.041222091764211655,-0.27091869711875916
206606,2000.130018,3.23217511177063,5.722667217254639,-0.10352447628974915,0.12040968984365463,0.039621684700250626,-0.2646237909793854
206626,2000.149967,3.2378947734832764,5.717641830444336,-0.10525763034820557,0.12320122867822647,0.03811057284474373,-0.2609741687774658
206646,2000.169971,3.2458581924438477,5.718422889709473,-0.10687548667192459,0.11850608885288239,0.04198397696018219,-0.26031187176704407
206666,2000.189980,3.2479488849639893,5.71954870223999,-0.10886673629283905,0.11967376619577408,0.04082769155502319,-0.25864002108573914
206686,2000.209968,3.247936248779297,5.71335506439209,-0.11094478517770767,0.12532348930835724,0.03771202638745308,-0.25607043504714966
206706,2000.229965,3.237740993499756,5.711698055267334,-0.11313048750162125,0.11469491571187973,0.038152266293764114,-0.2583303153514862
206726,2000.249970,3.244337320327759,5.715048313140869,-0.1152319386601448,0.11521214991807938,0.03676595538854599,-0.2599346935749054
206746,2000.269971,3.2504022121429443,5.7110185623168945,-0.11750328540802002,0.11346837878227234,0.03080296516418457,-0.2626066505908966
206766,2000.289974,3.245643138885498,5.717321872711182,-0.11984103173017502,0.11273936927318573,0.03449701890349388,-0.2638712525367737
206786,2000.309970,3.2515721321105957,5.7144246101379395,-0.1218574047088623,0.12103921175003052,0.03487127274274826,-0.26230427622795105
206806,2000.329968,3.2595624923706055,5.717692852020264,-0.12332621961832047,0.13165293633937836,0.041381776332855225,-0.2580409646034241
206826,2000.349966,3.261866569519043,5.715980529785156,-0.12492907047271729,0.12994416058063507,0.03903387486934662,-0.25815483927726746
206846,2000.369965,3.2628743648529053,5.731301307678223,-0.1268017739057541,0.12790954113006592,0.04171647131443024,-0.25792840123176575
206866,2000.389968,3.269927978515625,5.716657638549805,-0.12827958166599274,0.13966739177703857,0.03168339654803276,-0.2552458345890045
206886,2000.409966,3.2730321884155273,5.708796977996826,-0.13010868430137634,0.14308317005634308,0.028725290670990944,-0.2528170049190521
206906,2000.429962,3.2764811515808105,5.7077412605285645,-0.13180620968341827,0.14488843083381653,0.03091820701956749,-0.2499755620956421
206926,2000.449964,3.2785558700561523,5.704704761505127,-0.13382786512374878,0.14456351101398468,0.03301583230495453,-0.2509189546108246
206946,2000.469961,3.2803726196289062,5.706397533416748,-0.1359250694513321,0.1418284773826599,0.03359280154109001,-0.251475989818573
206966,2000.489967,3.2830140590667725,5.707315444946289,-0.13795001804828644,0.1470353603363037,0.03075655736029148,-0.25017938017845154
206986,2000.509958,3.2899584770202637,5.718531608581543,-0.14011447131633759,0.1477716714143753,0.03511366620659828,-0.24969415366649628
207006,2000.529962,3.295577049255371,5.722533226013184,-0.14184726774692535,0.14737732708454132,0.036535993218421936,-0.24867582321166992
207026,2000.549961,3.294388771057129,5.715729713439941,-0.1431444138288498,0.14589908719062805,0.03132595866918564,-0.2482755482196808
207046,2000.569962,3.2976927757263184,5.714380741119385,-0.14460386335849762,0.14731556177139282,0.030007699504494667,-0.2487376630306244
207066,2000.589962,3.299753189086914,5.71055269241333,-0.14619606733322144,0.14446398615837097,0.026982296258211136,-0.24981625378131866
207086,2000.609972,3.304248809814453,5.714276313781738,-0.14775744080543518,0.1424894630908966,0.02763845957815647,-0.24944864213466644
207106,2000.629963,3.3067052364349365,5.7151665687561035,-0.14892593026161194,0.13606294989585876,0.026008181273937225,-0.25145989656448364
207126,2000.649957,3.312600612640381,5.714456081390381,-0.15028072893619537,0.13521982729434967,0.02523142099380493,-0.2540262043476105
207146,2000.669958,3.3138182163238525,5.706949710845947,-0.1516989916563034,0.13591940701007843,0.0229689572006464,-0.25495821237564087
207166,2000.689966,3.3168580532073975,5.710043430328369,-0.15335243940353394,0.14125238358974457,0.02418256551027298,-0.25406137108802795
207186,2000.709959,3.3176960945129395,5.728300094604492,-0.15517041087150574,0.1363101452589035,0.03203636407852173,-0.25417929887771606
207206,2000.730007,3.3216543197631836,5.724239826202393,-0.1568635255098343,0.1307700127363205,0.03160335123538971,-0.2525826394557953
207226,2000.749961,3.3266148567199707,5.722724914550781,-0.1586483120918274,0.130996435880661,0.03378284350037575,-0.2514449954032898
207246,2000.769953,3.3289597034454346,5.72374963760376,-0.16042275726795197,0.1300884634256363,0.038846176117658615,-0.25058871507644653
207266,2000.789957,3.334393262863159,5.720370769500732,-0.16243739426136017,0.13522176444530487,0.03908413648605347,-0.24463333189487457
207286,2000.809955,3.3325374126434326,5.714385032653809,-0.16467265784740448,0.1334361881017685,0.030796103179454803,-0.24149586260318756
207306,2000.829956,3.3352725505828857,5.713307857513428,-0.16640834510326385,0.12759219110012054,0.028031226247549057,-0.2408750206232071
207326,2000.849949,3.3365068435668945,5.71738338470459,-0.16800178587436676,0.12335233390331268,0.03369210660457611,-0.24263489246368408
207346,2000.869955,3.341660976409912,5.7134881019592285,-0.169320210814476,0.1261594444513321,0.033965785056352615,-0.2418629229068756
207366,2000.888955,3.3445913791656494,5.71026611328125,-0.1708347648382187,0.132750004529953,0.02894747443497181,-0.23763395845890045
207386,2000.909960,3.3461244106292725,5.714406490325928,-0.17208711802959442,0.13024373352527618,0.028426822274923325,-0.24195821583271027
207406,2000.929952,3.3483405113220215,5.715305328369141,-0.17370624840259552,0.11958643794059753,0.030513431876897812,-0.2510969638824463
207426,2000.948974,3.352933883666992,5.7142014503479,-0.1752171367406845,0.11739665269851685,0.023297199979424477,-0.25707757472991943
207446,2000.968949,3.354982376098633,5.714947700500488,-0.17666934430599213,0.1180160790681839,0.017810940742492676,-0.2600019872188568
207466,2000.988948,3.3550631999969482,5.7169508934021,-0.1782236397266388,0.11846663057804108,0.02227863110601902,-0.26080554723739624
207486,2001.009953,3.3562264442443848,5.728516578674316,-0.17988529801368713,0.11470644176006317,0.03315247595310211,-0.2630489766597748
207506,2001.028951,3.3586699962615967,5.722310543060303,-0.18168418109416962,0.11342909187078476,0.02562052570283413,-0.26205745339393616
207526,2001.048958,3.3626484870910645,5.716819763183594,-0.1833837926387787,0.1175554096698761,0.01915290392935276,-0.2596997320652008
207546,2001.068953,3.371082305908203,5.7170538902282715,-0.18477383255958557,0.12305212765932083,0.020630693063139915,-0.2614293694496155
207566,2001.089948,3.3732171058654785,5.7178192138671875,-0.18648211658000946,0.11976950615644455,0.022805914282798767,-0.2627049386501312
207586,2001.108948,3.3741979598999023,5.720582962036133,-0.1879311352968216,0.11396675556898117,0.01962358132004738,-0.26487594842910767
207606,2001.128947,3.3761305809020996,5.721285820007324,-0.18944896757602692,0.11132524162530899,0.015607880428433418,-0.26759740710258484
207626,2001.148958,3.3773863315582275,5.717899322509766,-0.1912516951560974,0.11271557956933975,0.015004533343017101,-0.269938588142395
207646,2001.168945,3.37408709526062,5.718550682067871,-0.19307713210582733,0.11330793052911758,0.01806914620101452,-0.2686486840248108
207666,2001.188944,3.3760852813720703,5.7192535400390625,-0.19474948942661285,0.11534920334815979,0.01783638447523117,-0.26791587471961975
207686,2001.208948,3.3801629543304443,5.719030857086182,-0.19630564749240875,0.11645442247390747,0.015163812786340714,-0.26646339893341064
207706,2001.228991,3.382222890853882,5.719663143157959,-0.19799040257930756,0.11874773353338242,0.014571881853044033,-0.2665914297103882
207726,2001.249362,3.384326219558716,5.7202982902526855,-0.1996101588010788,0.12050947546958923,0.014975049532949924,-0.2662103474140167
207746,2001.269363,3.389059543609619,5.720146656036377,-0.20132210850715637,0.1232844814658165,0.01846732199192047,-0.26621153950691223
207766,2001.290366,3.391279458999634,5.720916748046875,-0.20291396975517273,0.1280222088098526,0.023487091064453125,-0.2650408446788788
207786,2001.309364,3.3925256729125977,5.723109245300293,-0.20434068143367767,0.13263441622257233,0.02296554297208786,-0.26340267062187195
207806,2001.329361,3.396970272064209,5.721887111663818,-0.20591077208518982,0.13920791447162628,0.023236481472849846,-0.2617376744747162
207826,2001.349363,3.396482229232788,5.725174903869629,-0.2073766142129898,0.13811823725700378,0.025516515597701073,-0.2606842517852783
207846,2001.369363,3.3999316692352295,5.723652362823486,-0.2088950127363205,0.1368774175643921,0.017938267439603806,-0.25907206535339355
207866,2001.389362,3.3983349800109863,5.719860076904297,-0.21007594466209412,0.13110361993312836,0.012051764875650406,-0.25888901948928833
207886,2001.409365,3.396705150604248,5.716571807861328,-0.2113197147846222,0.12657129764556885,0.010939386673271656,-0.2574978172779083
207906,2001.429363,3.3980774879455566,5.720320224761963,-0.21256279945373535,0.12974755465984344,0.012026935815811157,-0.2542068362236023
207926,2001.449398,3.406942844390869,5.726859092712402,-0.21372829377651215,0.13337086141109467,0.01500504370778799,-0.25300171971321106
207946,2001.469313,3.4018213748931885,5.727901458740234,-0.21486200392246246,0.12389155477285385,0.015497601591050625,-0.2550850212574005
207966,2001.490320,3.403563976287842,5.726266860961914,-0.21616230905056,0.12030413746833801,0.011698328889906406,-0.2565036416053772
207986,2001.509325,3.408454656600952,5.729091167449951,-0.21730124950408936,0.12107013165950775,0.009551490657031536,-0.25652095675468445
208006,2001.529324,3.41127610206604,5.728422164916992,-0.2182813435792923,0.11380215734243393,0.0064195687882602215,-0.257026344537735
208026,2001.549322,3.4034335613250732,5.730278491973877,-0.21964643895626068,0.1049681082367897,0.0092071034014225,-0.2559788227081299
208046,2001.568900,3.402766227722168,5.729275703430176,-0.22095100581645966,0.10327085852622986,0.011492621153593063,-0.2561328709125519
208066,2001.588906,3.409743309020996,5.726529121398926,-0.2224188894033432,0.11065841466188431,0.011766175739467144,-0.25382596254348755
208086,2001.609954,3.4205029010772705,5.721253871917725,-0.22367995977401733,0.11447054147720337,0.012552530504763126,-0.2565627098083496
208106,2001.628899,3.418928384780884,5.718473434448242,-0.22513806819915771,0.10631795227527618,0.014919871464371681,-0.2603546977043152
208126,2001.648899,3.421473503112793,5.722062587738037,-0.22661422193050385,0.10534976422786713,0.018826553598046303,-0.262939989566803
208146,2001.668906,3.423267364501953,5.722841739654541,-0.22794727981090546,0.10446172207593918,0.02324068732559681,-0.26069357991218567
208166,2001.688900,3.425093173980713,5.723654270172119,-0.2292546182870865,0.10790259391069412,0.02168838493525982,-0.25353357195854187
208186,2001.708898,3.4352405071258545,5.723852634429932,-0.23034058511257172,0.11177384108304977,0.018105290830135345,-0.24717342853546143
208206,2001.728898,3.4278969764709473,5.724006652832031,-0.2317206859588623,0.0979352816939354,0.018042676150798798,-0.24453511834144592
208226,2001.748895,3.4324636459350586,5.724419593811035,-0.2328031063079834,0.10238630324602127,0.016876056790351868,-0.23954595625400543
208246,2001.768895,3.4299705028533936,5.720113754272461,-0.23389554023742676,0.0999184250831604,0.016041528433561325,-0.23868368566036224
208266,2001.788897,3.4316842555999756,5.720785617828369,-0.23514780402183533,0.09923331439495087,0.01856437884271145,-0.2361394166946411
208286,2001.808935,3.433706283569336,5.722946643829346,-0.23617811501026154,0.10126733034849167,0.020974328741431236,-0.23357732594013214
208306,2001.828928,3.4310216903686523,5.720287322998047,-0.23739062249660492,0.09395276010036469,0.019108612090349197,-0.23038093745708466
208326,2001.848927,3.4331603050231934,5.72401237487793,-0.238521546125412,0.09212280809879303,0.02281809225678444,-0.22744446992874146
208346,2001.868926,3.43464732170105,5.730363845825195,-0.23977306485176086,0.09153676778078079,0.02935965731739998,-0.22798235714435577
208366,2001.888941,3.4351284503936768,5.72372579574585,-0.24087080359458923,0.09133104979991913,0.025037391111254692,-0.2268017679452896
208386,2001.908942,3.4323558807373047,5.72174072265625,-0.24188803136348724,0.09368452429771423,0.02289675734937191,-0.21866793930530548
208406,2001.928933,3.4346446990966797,5.721517562866211,-0.24256280064582825,0.09458719193935394,0.02363346517086029,-0.21453246474266052
208426,2001.948931,3.4361770153045654,5.721391677856445,-0.24318712949752808,0.09186089783906937,0.023485494777560234,-0.21422842144966125
208446,2001.968928,3.442465305328369,5.7240800857543945,-0.24330201745033264,0.0941428616642952,0.024115076288580894,-0.2159646600484848
208466,2001.988926,3.443948984146118,5.724952220916748,-0.24357609450817108,0.08477216958999634,0.025953734293580055,-0.21798312664031982
208486,2002.008934,3.448408842086792,5.724123477935791,-0.24404467642307281,0.08459629118442535,0.02607050910592079,-0.22107915580272675
208506,2002.028933,3.449779748916626,5.725011348724365,-0.24432244896888733,0.08366679400205612,0.023978158831596375,-0.22536326944828033
208526,2002.048932,3.447265148162842,5.730557918548584,-0.24472585320472717,0.08203213661909103,0.02593587338924408,-0.22938184440135956
208546,2002.068923,3.4506494998931885,5.736721992492676,-0.24537360668182373,0.07974141091108322,0.032418858259916306,-0.23644167184829712
208566,2002.088923,3.4519717693328857,5.737743854522705,-0.24615199863910675,0.08218823373317719,0.03224809095263481,-0.2395164668560028
208586,2002.108352,3.4546210765838623,5.746838092803955,-0.24687491357326508,0.08849457651376724,0.03299690783023834,-0.23647542297840118
208606,2002.128348,3.460665702819824,5.746246814727783,-0.24764813482761383,0.09382171183824539,0.02946353890001774,-0.23469065129756927
208626,2002.148342,3.458226203918457,5.745973110198975,-0.24822747707366943,0.09184301644563675,0.028402870520949364,-0.23069360852241516
208646,2002.168345,3.461489677429199,5.744085788726807,-0.24898794293403625,0.0932716354727745,0.022290153428912163,-0.23288756608963013
208666,2002.188355,3.465545892715454,5.743842601776123,-0.24920041859149933,0.09359725564718246,0.02061193250119686,-0.2361534982919693
208686,2002.208342,3.4568393230438232,5.741727828979492,-0.24971531331539154,0.08003957569599152,0.017154252156615257,-0.2385345995426178
208706,2002.228342,3.462918519973755,5.750875949859619,-0.2503893971443176,0.08053052425384521,0.022946076467633247,-0.2386728823184967
208726,2002.248341,3.460513114929199,5.752224922180176,-0.2512171268463135,0.07709337770938873,0.02711796760559082,-0.24310307204723358
208746,2002.268337,3.4617233276367188,5.753134250640869,-0.25234267115592957,0.07299903780221939,0.029376983642578125,-0.25091564655303955
208766,2002.288350,3.4642300605773926,5.756521701812744,-0.2534034252166748,0.0759032666683197,0.034937772899866104,-0.25676652789115906
208786,2002.308349,3.460843324661255,5.758209705352783,-0.254520982503891,0.07004943490028381,0.03508853539824486,-0.25729861855506897
208806,2002.328340,3.4619970321655273,5.756792068481445,-0.25583091378211975,0.07066762447357178,0.026458360254764557,-0.25502490997314453
208826,2002.348344,3.460322856903076,5.751912593841553,-0.25700271129608154,0.06918026506900787,0.01892298087477684,-0.2531195282936096
208846,2002.368340,3.4596705436706543,5.754005432128906,-0.2554655373096466,0.06519149988889694,0.024919280782341957,-0.25154608488082886
208866,2002.388346,3.4621047973632812,5.759784698486328,-0.25851166248321533,0.07014579325914383,0.03686516731977463,-0.24663949012756348
208886,2002.408337,3.461968183517456,5.760512351989746,-0.2591753304004669,0.06496258825063705,0.031963784247636795,-0.24494731426239014
208906,2002.428335,3.4629135131835938,5.7614359855651855,-0.25987210869789124,0.06142053008079529,0.02341628633439541,-0.24410048127174377
208926,2002.448341,3.4639997482299805,5.758307456970215,-0.26073065400123596,0.06089215725660324,0.02143559232354164,-0.24496988952159882
208946,2002.468336,3.464951276779175,5.759102821350098,-0.26142412424087524,0.06418047845363617,0.019193967804312706,-0.24204419553279877
208966,2002.488358,3.4639642238616943,5.758569717407227,-0.262261301279068,0.0599844716489315,0.015126056037843227,-0.24289466440677643
208986,2002.508355,3.4648303985595703,5.75921630859375,-0.263031929731369,0.055747874081134796,0.013313136994838715,-0.240361288189888
209006,2002.528336,3.464475631713867,5.753063201904297,-0.26316720247268677,0.04976779595017433,0.0068595390766859055,-0.23725415766239166
209026,2002.548341,3.4622864723205566,5.753186225891113,-0.2631660997867584,0.05525606870651245,0.006990515626966953,-0.22826062142848969
209046,2002.568335,3.4631927013397217,5.753233909606934,-0.2627354860305786,0.0599176250398159,0.005967847071588039,-0.22241780161857605
209066,2002.588332,3.465393304824829,5.756751537322998,-0.26271843910217285,0.055042803287506104,0.009862353093922138,-0.22045569121837616
209086,2002.608334,3.464468240737915,5.753997325897217,-0.2630389928817749,0.04829453304409981,0.007948110811412334,-0.2188209742307663
209106,2002.628330,3.4643447399139404,5.754402160644531,-0.26094675064086914,0.04765540361404419,0.008495533838868141,-0.21796222031116486
209126,2002.648330,3.4650089740753174,5.75496244430542,-0.2609962522983551,0.04948435351252556,0.007939646020531654,-0.21628376841545105
209146,2002.668330,3.4656999111175537,5.755504608154297,-0.26104259490966797,0.04892629384994507,0.0078073604963719845,-0.21401415765285492
209166,2002.688329,3.4663238525390625,5.756072521209717,-0.2610199749469757,0.043914005160331726,0.010333935730159283,-0.2110682725906372
209186,2002.708340,3.4696707725524902,5.755879878997803,-0.26087847352027893,0.05123334750533104,0.014914486557245255,-0.20459303259849548
209206,2002.728333,3.466036081314087,5.755498886108398,-0.2604847252368927,0.05047192424535751,0.01901574619114399,-0.20102600753307343
209226,2002.748327,3.466689348220825,5.756301403045654,-0.26012203097343445,0.04460828751325607,0.02121732011437416,-0.20070679485797882
209246,2002.768328,3.467761278152466,5.759252071380615,-0.2596908509731293,0.04065936803817749,0.023396993055939674,-0.2022339403629303
209266,2002.788331,3.467489719390869,5.761885643005371,-0.2591831684112549,0.0370694138109684,0.029846077784895897,-0.20628446340560913
209286,2002.808334,3.4670019149780273,5.766256809234619,-0.25902220606803894,0.03268003091216087,0.0373057946562767,-0.21066685020923615
209306,2002.828328,3.4652957916259766,5.763018608093262,-0.25836125016212463,0.03537096083164215,0.0328206792473793,-0.21234148740768433
209326,2002.848323,3.4634408950805664,5.766800403594971,-0.2577960789203644,0.0334012471139431,0.03284221515059471,-0.2154228389263153
209346,2002.868325,3.4630134105682373,5.764839172363281,-0.25759199261665344,0.030301425606012344,0.03239573910832405,-0.2171243280172348
209366,2002.888324,3.4633028507232666,5.765922546386719,-0.25732335448265076,0.030420728027820587,0.033357344567775726,-0.21830305457115173
209386,2002.908324,3.4640111923217773,5.76758337020874,-0.2572467625141144,0.029143309220671654,0.03250198811292648,-0.2210293859243393
209406,2002.928329,3.4650766849517822,5.769906044006348,-0.25698551535606384,0.029663650318980217,0.030652979388833046,-0.22441036999225616
209426,2002.948333,3.462712287902832,5.769381046295166,-0.2571198046207428,0.03095296025276184,0.029180988669395447,-0.22340214252471924
209446,2002.968323,3.463019847869873,5.770378112792969,-0.25690531730651855,0.03165513277053833,0.027491020038723946,-0.22104856371879578
209466,2002.988320,3.463345766067505,5.7712788581848145,-0.2567988336086273,0.03151584416627884,0.02153736911714077,-0.21850016713142395
209486,2003.008327,3.4636387825012207,5.772096157073975,-0.25650864839553833,0.03031526692211628,0.018456384539604187,-0.2158287763595581
209506,2003.028321,3.463989496231079,5.772865295410156,-0.2561209499835968,0.0371563695371151,0.016000663861632347,-0.20869843661785126
209526,2003.048319,3.4646568298339844,5.773837566375732,-0.25550612807273865,0.04226216673851013,0.012566315941512585,-0.20166578888893127
209546,2003.068320,3.460350275039673,5.772303104400635,-0.2549014985561371,0.038646355271339417,0.00908465962857008,-0.196376770734787
209566,2003.088318,3.46150803565979,5.775274276733398,-0.2543233335018158,0.04397045448422432,0.012749371118843555,-0.19076226651668549
209586,2003.108325,3.463344097137451,5.775027275085449,-0.2535572648048401,0.04377492889761925,0.010326646268367767,-0.19079771637916565
209606,2003.127903,3.463219165802002,5.772578716278076,-0.2530454397201538,0.03925035893917084,0.005197685211896896,-0.19475792348384857
209626,2003.147899,3.468108892440796,5.772227764129639,-0.2528547942638397,0.040813371539115906,0.0072001321241259575,-0.1985635757446289
209646,2003.167902,3.4656124114990234,5.772151470184326,-0.2528173625469208,0.0360245518386364,0.011089213192462921,-0.2009197622537613
209666,2003.187896,3.465801954269409,5.770180702209473,-0.2529025673866272,0.03560565784573555,0.013249891810119152,-0.20221932232379913
209686,2003.207901,3.466254472732544,5.7726240158081055,-0.2526189982891083,0.03409132361412048,0.016244646161794662,-0.2031346708536148
209706,2003.227896,3.4666390419006348,5.7733473777771,-0.2522246241569519,0.034740887582302094,0.016231991350650787,-0.20156054198741913
209726,2003.247895,3.4666905403137207,5.776393890380859,-0.2517022490501404,0.030562952160835266,0.019065847620368004,-0.20196183025836945
209746,2003.267894,3.4669604301452637,5.777165412902832,-0.2512420415878296,0.0278773196041584,0.017383137717843056,-0.20114505290985107
209766,2003.287894,3.463787317276001,5.7776618003845215,-0.25116246938705444,0.025669654831290245,0.015562575310468674,-0.20037074387073517
209786,2003.307906,3.464017391204834,5.778353691101074,-0.2511509954929352,0.024030417203903198,0.017108848318457603,-0.20060700178146362
209806,2003.327904,3.464188814163208,5.779082298278809,-0.2507213056087494,0.022768091410398483,0.015143522061407566,-0.19987474381923676
209826,2003.347897,3.4643008708953857,5.7797746658325195,-0.25016656517982483,0.018359854817390442,0.012541590258479118,-0.20043791830539703
209846,2003.367894,3.46431303024292,5.780428409576416,-0.2497507929801941,0.012158655561506748,0.010260035283863544,-0.20364804565906525
209866,2003.387891,3.4614241123199463,5.780993938446045,-0.249368354678154,0.003806530265137553,0.010472805239260197,-0.209103062748909
209886,2003.407896,3.461211681365967,5.781596660614014,-0.24913248419761658,0.004769906401634216,0.00923202745616436,-0.2101089060306549
209906,2003.427891,3.4598212242126465,5.776692867279053,-0.2487507164478302,0.0009638565243221819,0.0026620528660714626,-0.20913054049015045
209926,2003.447890,3.458242893218994,5.780803680419922,-0.24814373254776,-0.004306634422391653,0.011204536072909832,-0.20458504557609558
209946,2003.467894,3.4591944217681885,5.784055709838867,-0.2479856163263321,-0.0015577932354062796,0.017131304368376732,-0.19961707293987274
209966,2003.487888,3.4589033126831055,5.784760475158691,-0.24797946214675903,-0.0015800116816535592,0.017041385173797607,-0.19702664017677307
209986,2003.507895,3.457587480545044,5.779860019683838,-0.24777942895889282,-0.004885191563516855,0.014988686889410019,-0.1977904886007309
210006,2003.527902,3.4577367305755615,5.7828826904296875,-0.24764367938041687,-0.0010927505791187286,0.0225808285176754,-0.19695115089416504
210026,2003.547952,3.460038423538208,5.785313129425049,-0.24740645289421082,0.0031429429072886705,0.027586370706558228,-0.19525505602359772
210046,2003.567892,3.459796190261841,5.7862701416015625,-0.24682430922985077,0.0021538001019507647,0.02757338620722294,-0.19507022202014923
210066,2003.587890,3.4595422744750977,5.7872633934021,-0.24628347158432007,0.001825530780479312,0.032089851796627045,-0.19472581148147583
210086,2003.607894,3.457406759262085,5.7869791984558105,-0.2459346055984497,0.0023257178254425526,0.03331645578145981,-0.19199270009994507
210106,2003.627889,3.4575207233428955,5.784261226654053,-0.2454237937927246,0.006497305352240801,0.026252008974552155,-0.1894354224205017
210126,2003.647885,3.4564971923828125,5.783435344696045,-0.24480783939361572,0.009786278940737247,0.01892642304301262,-0.1907416582107544
210146,2003.667886,3.4556217193603516,5.782967567443848,-0.24412555992603302,0.010766474530100822,0.013771189376711845,-0.1923210173845291
210166,2003.687884,3.4555537700653076,5.783655643463135,-0.24335314333438873,0.01222209446132183,0.014159860089421272,-0.19342739880084991
210186,2003.707896,3.4555137157440186,5.784358501434326,-0.24281106889247894,0.012016226537525654,0.015825962647795677,-0.19521541893482208
210206,2003.727885,3.4554805755615234,5.785068511962891,-0.24234260618686676,0.013771464116871357,0.015769626945257187,-0.19681254029273987
210226,2003.747911,3.455501079559326,5.785749912261963,-0.24231776595115662,0.012784688733518124,0.015909822657704353,-0.20464842021465302
210246,2003.767884,3.455439567565918,5.786423206329346,-0.2422700822353363,0.008831019513309002,0.012837185524404049,-0.21248677372932434
210266,2003.787882,3.45532488822937,5.787033557891846,-0.24209021031856537,0.0087648406624794,0.008342604152858257,-0.2156800925731659
210286,2003.807883,3.455471992492676,5.789897441864014,-0.24164710938930511,0.007930692285299301,0.010067406110465527,-0.2157292515039444
210306,2003.826882,3.4527480602264404,5.789849281311035,-0.2411903440952301,0.005980311892926693,0.006724521983414888,-0.21601629257202148
210326,2003.846880,3.4552063941955566,5.789997100830078,-0.2406846284866333,0.008363818749785423,0.0018438632832840085,-0.21927618980407715
210346,2003.866887,3.455049514770508,5.7904229164123535,-0.2405099868774414,0.005422584246844053,8.431548485532403e-05,-0.22288501262664795
210366,2003.886881,3.4548590183258057,5.79085111618042,-0.24043431878089905,0.004855706822127104,0.001655528205446899,-0.22304384410381317
210386,2003.906879,3.4546892642974854,5.791261672973633,-0.24060191214084625,0.0052828541956841946,0.000839055108372122,-0.2218553125858307
210406,2003.926887,3.454521417617798,5.791647911071777,-0.24060887098312378,0.005705528426915407,-0.0020854384638369083,-0.22109127044677734
210426,2003.946885,3.454336643218994,5.791963577270508,-0.24050508439540863,0.0045678443275392056,-0.007264579646289349,-0.2202603965997696
210446,2003.966900,3.45412540435791,5.7922282218933105,-0.23998978734016418,0.004896359983831644,-0.008943094871938229,-0.21782077848911285
210466,2003.986880,3.453930377960205,5.7925262451171875,-0.23943479359149933,0.007033238653093576,-0.004854292143136263,-0.21376128494739532
210486,2004.006895,3.4538049697875977,5.792878150939941,-0.23866839706897736,0.011715172789990902,-0.005800661630928516,-0.208755224943161
210506,2004.026877,3.4537429809570312,5.793153762817383,-0.23786509037017822,0.012079586274921894,-0.01075618714094162,-0.2065703123807907
210526,2004.046883,3.4565048217773438,5.794171333312988,-0.23704077303409576,0.01160910353064537,-0.009322990663349628,-0.20791837573051453
210546,2004.066881,3.4565589427948,5.790809154510498,-0.23630036413669586,0.012627379037439823,-0.008180113509297371,-0.20693160593509674
210566,2004.086885,3.4565269947052,5.791111469268799,-0.23564094305038452,0.013757379725575447,-0.004485800862312317,-0.2050408124923706
210586,2004.106877,3.456491470336914,5.790820121765137,-0.23525062203407288,0.018297534435987473,-0.004319516010582447,-0.2014130800962448
210606,2004.126877,3.458136558532715,5.791701316833496,-0.23477999866008759,0.01931028440594673,-0.005440410692244768,-0.20137983560562134
210626,2004.146873,3.4635629653930664,5.786101341247559,-0.23448418080806732,0.0208198931068182,-0.012779363431036472,-0.20171454548835754
210646,2004.166875,3.4598519802093506,5.791159152984619,-0.234090656042099,0.01461772434413433,-0.007440962363034487,-0.2038910984992981
210666,2004.186878,3.4598515033721924,5.791429042816162,-0.23375895619392395,0.013265973888337612,-0.005224949214607477,-0.20641426742076874
210686,2004.206876,3.462824583053589,5.79054594039917,-0.23322929441928864,0.01490948349237442,-0.005835661198943853,-0.2087402492761612
210706,2004.226873,3.4594664573669434,5.791274547576904,-0.23284010589122772,0.012408359907567501,-0.00513532804325223,-0.20939481258392334
210726,2004.246876,3.45939302444458,5.791637420654297,-0.232016921043396,0.010843713767826557,-0.0040779877454042435,-0.21110199391841888
210746,2004.266872,3.4601542949676514,5.7919206619262695,-0.23143650591373444,0.008347369730472565,-0.008383222855627537,-0.21191492676734924
210766,2004.286879,3.463099956512451,5.79017448425293,-0.23140910267829895,0.00867382436990738,-0.009771695360541344,-0.2125076800584793
210786,2004.307318,3.4630229473114014,5.790396213531494,-0.2314222753047943,0.009201286360621452,-0.006276903208345175,-0.21388797461986542
210806,2004.327288,3.462895631790161,5.7906880378723145,-0.2310296595096588,0.006118210963904858,-0.006653306074440479,-0.2148781567811966
210826,2004.347297,3.46266508102417,5.7885003089904785,-0.2306773066520691,0.0029436047188937664,-0.010315177962183952,-0.21505533158779144
210846,2004.367293,3.462435722351074,5.788703918457031,-0.23077818751335144,0.0013036078307777643,-0.007032275665551424,-0.21542057394981384
210866,2004.387298,3.462191343307495,5.789031028747559,-0.23032283782958984,0.0027384257409721613,-0.0028117895126342773,-0.2133396863937378
210886,2004.407292,3.461968421936035,5.789367198944092,-0.23033931851387024,0.0002594141406007111,-0.0019266647286713123,-0.21290108561515808
210906,2004.427290,3.461669921875,5.789697170257568,-0.2302454710006714,-0.004137133713811636,-0.0038578275125473738,-0.2145913988351822
210926,2004.447288,3.4610836505889893,5.787442207336426,-0.22997626662254333,-0.009357414208352566,-0.007746155373752117,-0.21761073172092438
210946,2004.467287,3.456144332885742,5.785324573516846,-0.2299722135066986,-0.013654381968080997,-0.00875304825603962,-0.21662253141403198
210966,2004.487287,3.4602324962615967,5.788193702697754,-0.229871928691864,-0.0040993401780724525,0.0005333216395229101,-0.21201223134994507
210986,2004.507295,3.459949254989624,5.788588523864746,-0.2299068570137024,-0.00037434446858242154,0.0010319232242181897,-0.20598945021629333
211006,2004.527291,3.460487127304077,5.7958173751831055,-0.22988644242286682,-0.0009951724205166101,0.002762125339359045,-0.20348820090293884
211026,2004.547283,3.462427854537964,5.790241241455078,-0.23007835447788239,0.0019661998376250267,-0.0026485195849090815,-0.204456627368927
211046,2004.567288,3.4600977897644043,5.796231269836426,-0.23000837862491608,-0.00484111625701189,0.0026770380791276693,-0.206929013133049
211066,2004.587287,3.4566407203674316,5.792936325073242,-0.2298695147037506,-0.007725151255726814,-0.0021022427827119827,-0.20671898126602173
211086,2004.607297,3.456730842590332,5.796975135803223,-0.22961753606796265,-0.006176755763590336,-0.00029787980020046234,-0.2057332545518875
211106,2004.627285,3.4536945819854736,5.795538425445557,-0.229038268327713,-0.007225050590932369,-0.0027340594679117203,-0.20674429833889008
211126,2004.647285,3.4565110206604004,5.7961745262146,-0.22852392494678497,-0.0012234656605869532,-0.003469121642410755,-0.20890654623508453
211146,2004.666282,3.4582462310791016,5.790849208831787,-0.2327425628900528,-0.0007263117004185915,-0.006358996033668518,-0.21287323534488678
211166,2004.686282,3.4579546451568604,5.791145324707031,-0.23243115842342377,-0.0009874131064862013,-0.005201860796660185,-0.21394921839237213
211186,2004.706284,3.452495813369751,5.795901775360107,-0.23188920319080353,-0.0037151651922613382,-0.003776155412197113,-0.21172674000263214
211206,2004.726285,3.451740264892578,5.790334224700928,-0.2309619039297104,0.0023076848592609167,-0.009694010950624943,-0.20693689584732056
211226,2004.746282,3.460089921951294,5.789906978607178,-0.23014593124389648,0.01091460045427084,-0.014330328442156315,-0.20455293357372284
211246,2004.766279,3.45957612991333,5.788712978363037,-0.22930990159511566,0.008289958350360394,-0.022029824554920197,-0.20080412924289703
211266,2004.786277,3.4565558433532715,5.7837443351745605,-0.2286277711391449,0.005189524497836828,-0.02783951908349991,-0.19867078959941864
211286,2004.806289,3.4563255310058594,5.783645153045654,-0.2277178168296814,0.0004798734444193542,-0.025197677314281464,-0.20139314234256744
211306,2004.826280,3.4564826488494873,5.786242961883545,-0.22733215987682343,0.0009444752940908074,-0.02192266657948494,-0.2057563066482544
211326,2004.846285,3.4577882289886475,5.783254623413086,-0.22693179547786713,0.002560323104262352,-0.022533247247338295,-0.20905353128910065
211346,2004.866278,3.457535982131958,5.783217430114746,-0.22669708728790283,-0.0010906095849350095,-0.02023410238325596,-0.211109921336174
211366,2004.886276,3.4572505950927734,5.783210277557373,-0.22642485797405243,-0.0015901768347248435,-0.020927291363477707,-0.21202296018600464
211386,2004.906278,3.4569592475891113,5.783167839050293,-0.2262871116399765,-0.0019234203500673175,-0.02142174355685711,-0.21250377595424652
211406,2004.926288,3.4594216346740723,5.782851219177246,-0.22598794102668762,-0.0027069502975791693,-0.021381905302405357,-0.21827612817287445
211426,2004.946282,3.456580877304077,5.776094913482666,-0.22566907107830048,-0.008821397088468075,-0.026525383815169334,-0.22074124217033386
211446,2004.966275,3.4582903385162354,5.779460906982422,-0.22541552782058716,-0.004599408712238073,-0.02393486723303795,-0.22090838849544525
211466,2004.986275,3.4572527408599854,5.776684284210205,-0.2251792699098587,-0.0037192574236541986,-0.023111924529075623,-0.2203412801027298
211486,2005.006274,3.4569075107574463,5.776645183563232,-0.22485914826393127,-0.0035567597951740026,-0.02315661497414112,-0.22115851938724518
211506,2005.026272,3.4565646648406982,5.776566505432129,-0.22472986578941345,-0.005366655066609383,-0.02422821894288063,-0.22122830152511597
211526,2005.046275,3.45737886428833,5.780182838439941,-0.22451746463775635,-0.0058997152373194695,-0.017278021201491356,-0.2212546169757843
211546,2005.066272,3.4570138454437256,5.780293941497803,-0.22410044074058533,-0.0033469677437096834,-0.015166130848228931,-0.22005103528499603
211566,2005.086272,3.456637144088745,5.777575492858887,-0.22359807789325714,-0.0009659300558269024,-0.02060559205710888,-0.21768860518932343
211586,2005.106273,3.456357955932617,5.777586460113525,-0.22299812734127045,0.0004317290149629116,-0.02144153229892254,-0.21745556592941284
211606,2005.126273,3.4560794830322266,5.7775774002075195,-0.2226884663105011,-0.0020026727579534054,-0.020515000447630882,-0.2180778682231903
211626,2005.146273,3.4557886123657227,5.7775750160217285,-0.2226148545742035,-0.0016243827994912863,-0.01850755512714386,-0.21710005402565002
211646,2005.166277,3.4554898738861084,5.77761697769165,-0.22233259677886963,-0.0029649927746504545,-0.018287213519215584,-0.2151729315519333
211666,2005.186272,3.455009698867798,5.775031566619873,-0.22226101160049438,-0.003996360115706921,-0.023085810244083405,-0.21377786993980408
211686,2005.206271,3.4538776874542236,5.772219181060791,-0.2221056967973709,-0.006707134656608105,-0.025106370449066162,-0.2144578993320465
211706,2005.226276,3.4534404277801514,5.772134304046631,-0.22154797613620758,-0.009868890978395939,-0.025790918618440628,-0.21612170338630676
211726,2005.246271,3.4529669284820557,5.772043228149414,-0.22105830907821655,-0.010180359706282616,-0.02596074715256691,-0.2165612131357193
211746,2005.266274,3.452238082885742,5.769131183624268,-0.22070929408073425,-0.012311279773712158,-0.029257595539093018,-0.21599683165550232
211766,2005.286267,3.4517455101013184,5.768946170806885,-0.2205663025379181,-0.012015930376946926,-0.028073342517018318,-0.21356557309627533
211786,2005.306267,3.4512546062469482,5.768821716308594,-0.2200583815574646,-0.010608997195959091,-0.025995774194598198,-0.21130278706550598
211806,2005.326267,3.450779676437378,5.768744945526123,-0.21935756504535675,-0.009574370458722115,-0.024930331856012344,-0.2101224660873413
211826,2005.346266,3.449983835220337,5.765294551849365,-0.21860308945178986,-0.006926792208105326,-0.024452179670333862,-0.20768803358078003
211846,2005.366267,3.4495675563812256,5.7652668952941895,-0.21763083338737488,-0.0066283387131989,-0.02333681471645832,-0.20551109313964844
211866,2005.386270,3.449150800704956,5.765260219573975,-0.21648959815502167,-0.0065011270344257355,-0.023356331512331963,-0.20303939282894135
211886,2005.406271,3.4487054347991943,5.765259265899658,-0.21537867188453674,-0.008012691512703896,-0.021382104605436325,-0.20356422662734985
211906,2005.426272,3.4480082988739014,5.7606964111328125,-0.21393847465515137,-0.009433535858988762,-0.02639591135084629,-0.2048114538192749
211926,2005.446269,3.4475228786468506,5.760622024536133,-0.21267476677894592,-0.008858032524585724,-0.027480239048600197,-0.2053789496421814
211946,2005.466264,3.4470677375793457,5.7606072425842285,-0.2111768275499344,-0.006436617113649845,-0.022396983578801155,-0.205269455909729
211966,2005.486268,3.4466488361358643,5.76067590713501,-0.20994378626346588,-0.006946556270122528,-0.01865168660879135,-0.20559938251972198
211986,2005.506265,3.4465091228485107,5.7623291015625,-0.20928725600242615,-0.00871952436864376,-0.023571806028485298,-0.20573854446411133
212006,2005.526263,3.4452526569366455,5.7605977058410645,-0.20850180089473724,-0.01461311150342226,-0.02649342641234398,-0.20824499428272247
212026,2005.546270,3.4446861743927,5.760509490966797,-0.20793376863002777,-0.014903238974511623,-0.024135956540703773,-0.20793943107128143
212046,2005.566263,3.4447038173675537,5.764148712158203,-0.207443505525589,-0.015277188271284103,-0.02364707551896572,-0.21061895787715912
212066,2005.586268,3.4440860748291016,5.7640886306762695,-0.20695599913597107,-0.020908333361148834,-0.022744476795196533,-0.21353237330913544
212086,2005.606265,3.443422555923462,5.7640838623046875,-0.2065674513578415,-0.01887536607682705,-0.018968431279063225,-0.21380989253520966
212106,2005.626264,3.4419636726379395,5.760657787322998,-0.20647276937961578,-0.019966410472989082,-0.022223712876439095,-0.21340547502040863
212126,2005.646261,3.441314220428467,5.760592460632324,-0.20649169385433197,-0.02198900654911995,-0.021406086161732674,-0.21381239593029022
212146,2005.666260,3.440641164779663,5.7605390548706055,-0.20643481612205505,-0.02171536348760128,-0.02161387912929058,-0.212547168135643
212166,2005.686263,3.4399497509002686,5.760550022125244,-0.20601454377174377,-0.02251790650188923,-0.017224730923771858,-0.20793527364730835
212186,2005.706263,3.4408586025238037,5.767971992492676,-0.20558150112628937,-0.017649782821536064,-0.006090972572565079,-0.2046249806880951
212206,2005.726259,3.4401931762695312,5.764590263366699,-0.20525173842906952,-0.019726330414414406,-0.007640039548277855,-0.20702053606510162
212226,2005.746257,3.441866636276245,5.767734527587891,-0.20486335456371307,-0.01651984080672264,-0.007003781385719776,-0.20748689770698547
212246,2005.766259,3.441336154937744,5.767948627471924,-0.20487584173679352,-0.01498244609683752,-0.007695881184190512,-0.20781093835830688
212266,2005.786260,3.442939519882202,5.769576549530029,-0.20489796996116638,-0.011379735544323921,-0.005165370646864176,-0.20479035377502441
212286,2005.806265,3.443021297454834,5.773129463195801,-0.20483534038066864,-0.007849570363759995,-0.0008101329440250993,-0.20271354913711548
212306,2005.826263,3.4426393508911133,5.773502826690674,-0.20466378331184387,-0.008649598807096481,0.000869307667016983,-0.20295685529708862
212326,2005.846313,3.4421889781951904,5.773895740509033,-0.20423676073551178,-0.0127441780641675,-0.0015542011242359877,-0.20677873492240906
212346,2005.866258,3.441209077835083,5.765827655792236,-0.20391298830509186,-0.014744658023118973,-0.01254165917634964,-0.2105082869529724
212366,2005.886255,3.4417998790740967,5.770379543304443,-0.2034498155117035,-0.01674032211303711,-0.009561736136674881,-0.21161042153835297
212386,2005.906258,3.4412009716033936,5.770649433135986,-0.2027045041322708,-0.016262555494904518,-0.007157775107771158,-0.20890220999717712
212406,2005.926255,3.440640687942505,5.77094841003418,-0.20156913995742798,-0.012652751058340073,-0.009321746416389942,-0.20685377717018127
212426,2005.946255,3.440078020095825,5.77123498916626,-0.20032456517219543,-0.016381101682782173,-0.008389181457459927,-0.209443598985672
212446,2005.966254,3.4394454956054688,5.771535396575928,-0.1995016187429428,-0.0198244359344244,-0.005789958871901035,-0.21224720776081085
212466,2005.986252,3.441838502883911,5.778863430023193,-0.19871631264686584,-0.017098814249038696,-0.0023409700952470303,-0.21430663764476776
212486,2006.006262,3.4412388801574707,5.779237270355225,-0.19819681346416473,-0.017753390595316887,-0.002034540055319667,-0.21519798040390015
212506,2006.026260,3.4382240772247314,5.779606819152832,-0.19769923388957977,-0.018383018672466278,-0.000587881077080965,-0.2138964831829071
212526,2006.046277,3.4376330375671387,5.7800140380859375,-0.19719253480434418,-0.01653221994638443,-0.000662144913803786,-0.21097207069396973
212546,2006.066253,3.4366068840026855,5.775925159454346,-0.19660387933254242,-0.01902497373521328,-0.007457825355231762,-0.20997169613838196
212566,2006.086252,3.4374496936798096,5.776865005493164,-0.19612500071525574,-0.01955464854836464,-0.008859686553478241,-0.2096164971590042
212586,2006.106253,3.437981605529785,5.781162738800049,-0.19574370980262756,-0.021086901426315308,-0.003794323420152068,-0.21005532145500183
212606,2006.125256,3.434030055999756,5.780829906463623,-0.1952671855688095,-0.020305940881371498,-0.001635710010305047,-0.2066420167684555
212626,2006.145254,3.4376227855682373,5.781403064727783,-0.19460685551166534,-0.014679952524602413,-0.0003834717208519578,-0.20468562841415405
212646,2006.166248,3.436718225479126,5.777693271636963,-0.19384703040122986,-0.015786180272698402,-0.0018119971500709653,-0.20488986372947693
212666,2006.185246,3.4372646808624268,5.777559280395508,-0.1930389553308487,-0.015501624904572964,-0.0013491504359990358,-0.20633789896965027
212686,2006.205253,3.4367189407348633,5.777980804443359,-0.19223652780056,-0.013717454858124256,0.0008216191199608147,-0.2069692462682724
212706,2006.225249,3.4363579750061035,5.781341075897217,-0.19165174663066864,-0.01536783017218113,0.004231865983456373,-0.2073640376329422
212726,2006.245250,3.4357826709747314,5.781839370727539,-0.19102665781974792,-0.017421739175915718,0.0038810239639133215,-0.20693804323673248
212746,2006.265268,3.436152935028076,5.782008647918701,-0.19037126004695892,-0.014950092881917953,0.004629507195204496,-0.20462355017662048
212766,2006.285247,3.4365906715393066,5.785403728485107,-0.18987976014614105,-0.01526085939258337,0.008911694400012493,-0.20298998057842255
212786,2006.305246,3.4360551834106445,5.785972595214844,-0.1893325001001358,-0.014635001309216022,0.007782051805406809,-0.20074667036533356
212806,2006.325248,3.4355762004852295,5.786520004272461,-0.18882781267166138,-0.010791422799229622,0.008418932557106018,-0.19969096779823303
212826,2006.345244,3.435148000717163,5.787073135375977,-0.18890167772769928,-0.013525490649044514,0.012440796010196209,-0.20253899693489075
212846,2006.365244,3.4346277713775635,5.787664890289307,-0.1888919472694397,-0.017449649050831795,0.010670618154108524,-0.20251259207725525
212866,2006.385243,3.434077262878418,5.788201808929443,-0.18864524364471436,-0.01606893166899681,0.006201759912073612,-0.2015337198972702
212886,2006.405245,3.4335076808929443,5.788721561431885,-0.18857620656490326,-0.017906026914715767,0.008293475955724716,-0.20367875695228577
212906,2006.425245,3.432941198348999,5.78933572769165,-0.1878175139427185,-0.014440595172345638,0.010598120279610157,-0.20473703742027283
212926,2006.445247,3.43241548538208,5.789925575256348,-0.1874227672815323,-0.01654898375272751,0.009080016054213047,-0.20743407309055328
212946,2006.465253,3.431854009628296,5.790422439575195,-0.18745233118534088,-0.018916288390755653,0.004198434296995401,-0.20733782649040222
212966,2006.485243,3.4312822818756104,5.790804386138916,-0.18746256828308105,-0.017933635041117668,-0.0009764459682628512,-0.2056126743555069
212986,2006.505194,3.430706262588501,5.791165828704834,-0.1873876303434372,-0.018945254385471344,0.0016263349680230021,-0.2049582600593567
213006,2006.525206,3.430156707763672,5.7915802001953125,-0.18748027086257935,-0.016475779935717583,0.004595125559717417,-0.20451219379901886
213026,2006.545211,3.4296231269836426,5.7920026779174805,-0.18738502264022827,-0.016867579892277718,0.0009622932993806899,-0.2039327174425125
213046,2006.565210,3.4290521144866943,5.792344570159912,-0.18730966746807098,-0.0198675524443388,-0.002611422212794423,-0.2048962116241455
213066,2006.585209,3.428419828414917,5.792694091796875,-0.1866661012172699,-0.019876975566148758,-0.003253611968830228,-0.2063222974538803
213086,2006.605213,3.4277515411376953,5.793087005615234,-0.1856510490179062,-0.022134345024824142,-0.0018162300111725926,-0.20931614935398102
213106,2006.625212,3.429739236831665,5.796878337860107,-0.1849110722541809,-0.01988453045487404,0.0034826158080250025,-0.21013958752155304
213126,2006.645210,3.4293127059936523,5.790434837341309,-0.1844976246356964,-0.020228857174515724,-0.001749416347593069,-0.21309606730937958
213146,2006.665206,3.4286386966705322,5.79081392288208,-0.18372608721256256,-0.02256871573626995,-0.0039014555513858795,-0.2137841284275055
213166,2006.685246,3.430663585662842,5.7963175773620605,-0.18310333788394928,-0.020246105268597603,0.0004507731064222753,-0.21291008591651917
213186,2006.705241,3.424034833908081,5.79184103012085,-0.18240274488925934,-0.02630281075835228,-0.0016112815355882049,-0.21182803809642792
213206,2006.725238,3.423281669616699,5.792232036590576,-0.18183107674121857,-0.025561360642313957,-0.0011161691509187222,-0.21123291552066803
213226,2006.745242,3.428879499435425,5.797699928283691,-0.18125313520431519,-0.022585857659578323,0.0006324257701635361,-0.21353086829185486
213246,2006.765239,3.423987865447998,5.799052715301514,-0.18079543113708496,-0.02423732727766037,0.00362396496348083,-0.21333074569702148
213266,2006.785233,3.422861337661743,5.794270992279053,-0.1799962967634201,-0.024542752653360367,0.004927716683596373,-0.21351251006126404
213286,2006.805237,3.4221341609954834,5.794810771942139,-0.1793205589056015,-0.024584349244832993,0.005327409133315086,-0.21167738735675812
213306,2006.825245,3.4214210510253906,5.79530668258667,-0.17854709923267365,-0.022540880367159843,0.0020368145778775215,-0.20947383344173431
213326,2006.845236,3.420750379562378,5.795780181884766,-0.17786605656147003,-0.02196735143661499,0.003781154053285718,-0.20914892852306366
213346,2006.865237,3.421767234802246,5.794921875,-0.17698153853416443,-0.02171805128455162,0.0045247506350278854,-0.21069996058940887
213366,2006.885243,3.4275853633880615,5.794299125671387,-0.176474466919899,-0.01882847771048546,0.0010777924908325076,-0.21312054991722107
213386,2006.905233,3.428647041320801,5.794126510620117,-0.17604637145996094,-0.017892014235258102,-0.0004057500627823174,-0.21381641924381256
213406,2006.925236,3.423419237136841,5.794939994812012,-0.175920307636261,-0.02095462940633297,-0.0013039365876466036,-0.2142268717288971
213426,2006.945234,3.4228291511535645,5.795303821563721,-0.1757633239030838,-0.017328428104519844,0.0002382211823714897,-0.21160288155078888
213446,2006.965240,3.427393913269043,5.7937421798706055,-0.1756066381931305,-0.012576769106090069,0.0016208464512601495,-0.20937331020832062
213466,2006.985228,3.426906108856201,5.7941155433654785,-0.17551389336585999,-0.01637391187250614,-0.0018996578874066472,-0.2112397849559784
213486,2007.005234,3.42635178565979,5.79442024230957,-0.17541028559207916,-0.018886268138885498,-0.0047281957231462,-0.21401435136795044
213506,2007.025232,3.421773910522461,5.7943315505981445,-0.17535510659217834,-0.024297410622239113,-0.004490667954087257,-0.21742646396160126
213526,2007.045231,3.4210710525512695,5.794632911682129,-0.1752188354730606,-0.02470715530216694,-0.004365203902125359,-0.21787481009960175
213546,2007.065229,3.416127920150757,5.795654296875,-0.17480197548866272,-0.027249980717897415,-0.006772875320166349,-0.21766959130764008
213566,2007.085225,3.4153311252593994,5.795914649963379,-0.17423062026500702,-0.029345005750656128,-0.00913560576736927,-0.2177501618862152
213586,2007.105231,3.4145376682281494,5.796144485473633,-0.17394717037677765,-0.028693588450551033,-0.007569540292024612,-0.21723461151123047
213606,2007.125234,3.4043657779693604,5.797486782073975,-0.17367695271968842,-0.036356642842292786,-0.005401460453867912,-0.21887870132923126
213626,2007.145229,3.403452157974243,5.797770977020264,-0.17381314933300018,-0.03460715711116791,-0.0028783634770661592,-0.21935951709747314
213646,2007.165227,3.408660650253296,5.796999931335449,-0.17369495332241058,-0.027924828231334686,-0.003223476931452751,-0.21652962267398834
213666,2007.185228,3.4079158306121826,5.797300338745117,-0.17375174164772034,-0.02728402055799961,-0.002749368082731962,-0.21231769025325775
213686,2007.205225,3.4071810245513916,5.797647953033447,-0.1736850142478943,-0.02663983404636383,0.0008768101688474417,-0.2098921239376068
213706,2007.225229,3.406466007232666,5.7980804443359375,-0.1734432578086853,-0.024730784818530083,0.0042179725132882595,-0.20670294761657715
213726,2007.245225,3.41104793548584,5.797842502593994,-0.17342913150787354,-0.02144387550652027,0.005722292233258486,-0.20485563576221466
213746,2007.265224,3.4157352447509766,5.797369003295898,-0.17313183844089508,-0.02422892302274704,0.00685461750254035,-0.2070014923810959
213766,2007.285223,3.4149880409240723,5.797881603240967,-0.17273736000061035,-0.029035311192274094,0.0051249065436422825,-0.20952245593070984
213786,2007.305235,3.4142158031463623,5.798350811004639,-0.17268891632556915,-0.028650950640439987,0.0065697538666427135,-0.20769354701042175
213806,2007.325232,3.409569501876831,5.795626640319824,-0.17256544530391693,-0.0268041230738163,0.011529551818966866,-0.20247136056423187
213826,2007.345227,3.4088666439056396,5.796248912811279,-0.17248058319091797,-0.02590397372841835,0.014894411899149418,-0.20022282004356384
213846,2007.365224,3.4081015586853027,5.796929836273193,-0.17263606190681458,-0.029921695590019226,0.016835946589708328,-0.20226100087165833
213866,2007.385222,3.4073078632354736,5.797644138336182,-0.17256179451942444,-0.030221180990338326,0.01868576928973198,-0.20462003350257874
213886,2007.405229,3.406520128250122,5.798332691192627,-0.17274953424930573,-0.03179708123207092,0.01591441035270691,-0.20713046193122864
213906,2007.425225,3.405663013458252,5.798987865447998,-0.1727505624294281,-0.03488855063915253,0.014575772918760777,-0.20924848318099976
213926,2007.445230,3.4004228115081787,5.798555850982666,-0.17285038530826569,-0.03439905866980553,0.016496045514941216,-0.20686745643615723
213946,2007.465220,3.4056801795959473,5.7967119216918945,-0.1727897822856903,-0.028522178530693054,0.013860897161066532,-0.2037900686264038
213966,2007.485217,3.411669969558716,5.8086090087890625,-0.17257116734981537,-0.027572834864258766,0.01716075837612152,-0.20595651865005493
213986,2007.505218,3.4182000160217285,5.806122303009033,-0.17263421416282654,-0.029328661039471626,0.011924488469958305,-0.2112703174352646
214006,2007.525228,3.417391777038574,5.806711196899414,-0.17271998524665833,-0.03305351734161377,0.011584698222577572,-0.21575015783309937
214026,2007.545221,3.4200057983398438,5.804986000061035,-0.17283570766448975,-0.031692106276750565,0.01429811678826809,-0.2156779021024704
214046,2007.565228,3.4191946983337402,5.805667877197266,-0.172927588224411,-0.0314229354262352,0.017361987382173538,-0.21429158747196198
214066,2007.585217,3.41338849067688,5.800915718078613,-0.172965407371521,-0.038643237203359604,0.013685966841876507,-0.21557025611400604
214086,2007.605222,3.4092915058135986,5.801726818084717,-0.17328621447086334,-0.04313557222485542,0.011753015220165253,-0.21713809669017792
214106,2007.625239,3.4045934677124023,5.802733421325684,-0.17362195253372192,-0.04570179805159569,0.013976545073091984,-0.2169865071773529
214126,2007.645216,3.405625581741333,5.80704402923584,-0.17390570044517517,-0.04136228188872337,0.022841982543468475,-0.21494004130363464
214146,2007.664215,3.404184103012085,5.799249172210693,-0.17386697232723236,-0.04160628467798233,0.019533224403858185,-0.21284139156341553
214166,2007.684212,3.4063162803649902,5.800122261047363,-0.17374786734580994,-0.03968578949570656,0.017144042998552322,-0.21130797266960144
214186,2007.704220,3.40694260597229,5.800781726837158,-0.17358516156673431,-0.038918860256671906,0.01627788506448269,-0.21392478048801422
214206,2007.724226,3.409060478210449,5.798539638519287,-0.17375072836875916,-0.039861828088760376,0.014758829027414322,-0.2155771106481552
214226,2007.744214,3.408795118331909,5.81818151473999,-0.17378893494606018,-0.039238523691892624,0.027396854013204575,-0.2158566266298294
214246,2007.764214,3.4062421321868896,5.833967685699463,-0.17366209626197815,-0.04220534861087799,0.03533899784088135,-0.21634119749069214
214266,2007.784209,3.403503179550171,5.8343634605407715,-0.17413195967674255,-0.044435832649469376,0.030193252488970757,-0.2160920351743698
214286,2007.804218,3.4075675010681152,5.812649250030518,-0.17433717846870422,-0.042571064084768295,0.013382010161876678,-0.2174874097108841
214306,2007.824244,3.395514726638794,5.818085670471191,-0.17454853653907776,-0.047589465975761414,0.013134929351508617,-0.21776390075683594
214326,2007.844212,3.405595302581787,5.812559127807617,-0.1748545914888382,-0.03896964713931084,0.005588683299720287,-0.2169133573770523
214346,2007.864210,3.3976476192474365,5.814454078674316,-0.17479510605335236,-0.040552034974098206,0.004661505576223135,-0.2149592787027359
214366,2007.884209,3.396709442138672,5.8148722648620605,-0.17505578696727753,-0.03652793914079666,0.002870510797947645,-0.21263301372528076
214386,2007.904213,3.392158269882202,5.806619644165039,-0.17522291839122772,-0.03671189397573471,-0.007979968562722206,-0.21164831519126892
214406,2007.924211,3.4020535945892334,5.80094575881958,-0.17525644600391388,-0.0326848179101944,-0.017434457316994667,-0.21215128898620605
214426,2007.944263,3.3944175243377686,5.806436538696289,-0.17522552609443665,-0.035350240767002106,-0.017786309123039246,-0.20891709625720978
214446,2007.964211,3.4046478271484375,5.799909591674805,-0.17562487721443176,-0.023228680714964867,-0.020047733560204506,-0.20184284448623657
214466,2007.984211,3.394456386566162,5.800786972045898,-0.17567510902881622,-0.02139419876039028,-0.014272177591919899,-0.19342473149299622
214486,2008.004215,3.3990461826324463,5.799225330352783,-0.17589247226715088,-0.012056496925652027,-0.012787606567144394,-0.1876469999551773
214506,2008.024216,3.4029080867767334,5.797728538513184,-0.17564362287521362,-0.006802295800298452,-0.014125872403383255,-0.1846715211868286
214526,2008.044203,3.410801649093628,5.794882774353027,-0.17531250417232513,-0.0034113565925508738,-0.014800634235143661,-0.18499329686164856
214546,2008.064201,3.393603801727295,5.809567451477051,-0.1749478280544281,-0.01305469498038292,-0.005624027922749519,-0.1850185990333557
214566,2008.084202,3.409071445465088,5.825665473937988,-0.17439904808998108,-0.00048377132043242455,0.005893133580684662,-0.1836012601852417
214586,2008.104207,3.4163177013397217,5.8214240074157715,-0.17367370426654816,0.002925765234977007,0.005129044409841299,-0.1836143434047699
214606,2008.124213,3.4140944480895996,5.805582046508789,-0.1729646623134613,-0.0002082439314108342,-0.0015034425305202603,-0.1811889410018921
214626,2008.144212,3.413858413696289,5.811587810516357,-0.17217539250850677,0.0011351483408361673,0.003132262732833624,-0.17738738656044006
214646,2008.164201,3.4253499507904053,5.809200286865234,-0.17116166651248932,0.00685480609536171,0.002200840041041374,-0.17704834043979645
214666,2008.184203,3.4284915924072266,5.807946681976318,-0.1702260971069336,0.004226675722748041,0.000982576748356223,-0.17856308817863464
214686,2008.204209,3.4283759593963623,5.808347702026367,-0.16926556825637817,0.003141968045383692,0.0008947548922151327,-0.17872971296310425
214706,2008.224208,3.4259371757507324,5.804430961608887,-0.16850335896015167,-0.00019679495017044246,0.0009995404398068786,-0.17947478592395782
214726,2008.244201,3.425272226333618,5.808132648468018,-0.16773246228694916,-0.0030591231770813465,0.0045279571786522865,-0.18041042983531952
214746,2008.264217,3.424989938735962,5.808565139770508,-0.16716980934143066,-0.008195553906261921,0.0030765680130571127,-0.1842590570449829
214766,2008.284201,3.424625873565674,5.808974742889404,-0.16676092147827148,-0.011452963575720787,0.0033136429265141487,-0.18723388016223907
214786,2008.304202,3.424190044403076,5.809444427490234,-0.16601340472698212,-0.013627786189317703,0.00576050765812397,-0.1876651495695114
214806,2008.324207,3.423743486404419,5.809941291809082,-0.1655905842781067,-0.01473982259631157,0.008364962413907051,-0.18654127418994904
214826,2008.344198,3.427398920059204,5.812905788421631,-0.16483540832996368,-0.015285631641745567,0.010229033417999744,-0.18754078447818756
214846,2008.364203,3.4268829822540283,5.813467025756836,-0.16433830559253693,-0.019408540800213814,0.009570379741489887,-0.19067831337451935
214866,2008.384199,3.4262871742248535,5.813994884490967,-0.1641322523355484,-0.023743674159049988,0.008881526999175549,-0.1942121982574463
214886,2008.404202,3.4256019592285156,5.8145294189453125,-0.1640496402978897,-0.02580362558364868,0.008348269388079643,-0.19729261100292206
214906,2008.424205,3.424891710281372,5.815079689025879,-0.16356061398983002,-0.027487585321068764,0.009082326665520668,-0.19897247850894928
214926,2008.444197,3.4241368770599365,5.815661430358887,-0.1630690097808838,-0.03024149499833584,0.011250779964029789,-0.2009677290916443
214946,2008.464212,3.4233548641204834,5.816269397735596,-0.16273705661296844,-0.030058547854423523,0.012822974473237991,-0.20053964853286743
214966,2008.484202,3.428349494934082,5.82099723815918,-0.16259238123893738,-0.024604476988315582,0.01824813336133957,-0.20018309354782104
214986,2008.504197,3.4279913902282715,5.819983959197998,-0.16254490613937378,-0.02518007718026638,0.01945456489920616,-0.20130401849746704
215006,2008.524192,3.427316665649414,5.820729732513428,-0.16249752044677734,-0.02625195123255253,0.02068907953798771,-0.20280411839485168
215026,2008.544192,3.4266278743743896,5.821528911590576,-0.16226062178611755,-0.025557981804013252,0.022957203909754753,-0.20220917463302612
215046,2008.564240,3.432089328765869,5.8235392570495605,-0.1618901640176773,-0.02107621170580387,0.024852991104125977,-0.20198585093021393
215066,2008.584204,3.431523084640503,5.824403762817383,-0.16175523400306702,-0.01896270364522934,0.026560766622424126,-0.2010042518377304
215086,2008.604199,3.431001901626587,5.825320720672607,-0.16131341457366943,-0.015952249988913536,0.02731366828083992,-0.19942200183868408
215106,2008.624198,3.4305546283721924,5.826197624206543,-0.16122549772262573,-0.013027995824813843,0.02628357708454132,-0.19838011264801025
215126,2008.644185,3.4308953285217285,5.834376811981201,-0.1613520383834839,-0.009673595428466797,0.03186595439910889,-0.19794961810112
215146,2008.664189,3.4245738983154297,5.828989505767822,-0.16164050996303558,-0.010674656368792057,0.02782069891691208,-0.19762016832828522
215166,2008.684191,3.4244232177734375,5.832216262817383,-0.16146902740001678,-0.011074716225266457,0.023607436567544937,-0.19886550307273865
215186,2008.704198,3.428057909011841,5.82619571685791,-0.16158472001552582,-0.010618353262543678,0.01525579858571291,-0.20187155902385712
215206,2008.724185,3.4256527423858643,5.842592239379883,-0.16162343323230743,-0.012175207957625389,0.024766292423009872,-0.2048409879207611
215226,2008.744189,3.4323978424072266,5.853646755218506,-0.16166599094867706,-0.006090145092457533,0.02950504794716835,-0.20431698858737946
215246,2008.764241,3.43218731880188,5.854528427124023,-0.16183041036128998,6.794845830881968e-05,0.026461411267518997,-0.1986468881368637
215266,2008.784186,3.4347786903381348,5.855247974395752,-0.1617056429386139,0.0043273018673062325,0.02420102432370186,-0.19635307788848877
215286,2008.804188,3.4380087852478027,5.856352806091309,-0.16144129633903503,0.005978534463793039,0.020297646522521973,-0.19744886457920074
215306,2008.824192,3.4500503540039062,5.857048511505127,-0.16119320690631866,0.00521979620680213,0.01517877820879221,-0.2045634239912033
215326,2008.844196,3.4494845867156982,5.85258150100708,-0.16181550920009613,-0.0014774466399103403,0.007445194758474827,-0.21095632016658783
215346,2008.864186,3.4503304958343506,5.853726387023926,-0.16231639683246613,0.00038099271478131413,0.0057098763063549995,-0.21338514983654022
215366,2008.884189,3.449378252029419,5.8502278327941895,-0.16302509605884552,0.003813745453953743,0.004195099696516991,-0.21469061076641083
215386,2008.904184,3.448342800140381,5.846353054046631,-0.16361141204833984,0.005116683430969715,-7.949001155793667e-05,-0.21525248885154724
