cf_timestamp_ms,host_monotonic_s,sensorFilter.flowRange,sensorFilter.flowLocal,sensorFilter.surfOffset,sensorFilter.surfCand,sensorFilter.surfClear
183752,1977.292921,0.8970000147819519,1,0.0,-0.4309316873550415,0.8929769396781921
183772,1977.312913,0.8970000147819519,1,0.0,-0.43095630407333374,0.8930131196975708
183792,1977.332913,0.8970000147819519,1,0.0,-0.43095630407333374,0.8930131196975708
183812,1977.352920,0.8970000147819519,1,0.0,-0.4309443235397339,0.893001139163971
183832,1977.372913,0.8970000147819519,1,0.0,-0.4309443235397339,0.893001139163971
183852,1977.392913,0.8970000147819519,1,0.0,-0.4309316873550415,0.8900354504585266
183872,1977.412909,0.8970000147819519,1,0.0,-0.4309316873550415,0.8900354504585266
183892,1977.432910,0.8970000147819519,1,0.0,-0.4309443235397339,0.8933563232421875
183912,1977.452916,0.8970000147819519,1,0.0,-0.4309443235397339,0.8933563232421875
183932,1977.472907,0.8970000147819519,1,0.0,-0.43095630407333374,0.8932730555534363
183952,1977.492909,0.8970000147819519,1,0.0,-0.43095630407333374,0.8932730555534363
183972,1977.512906,0.8970000147819519,1,0.0,-0.4309443235397339,0.8921842575073242
183992,1977.532904,0.8960000276565552,1,0.0,-0.4309443235397339,0.8921842575073242
184012,1977.552915,0.8960000276565552,1,0.0,-0.43012744188308716,0.8899278044700623
184033,1977.572904,0.8940000534057617,1,0.0,-0.43012744188308716,0.8899278044700623
184053,1977.592912,0.8940000534057617,1,0.0,-0.4307599663734436,0.8928167819976807
184073,1977.612902,0.8970000147819519,1,0.0,-0.4307599663734436,0.8928167819976807
184093,1977.632904,0.8970000147819519,1,0.0,-0.4307599663734436,0.8928167819976807
184113,1977.652913,0.9010000228881836,1,0.0,-0.4307599663734436,0.8968597650527954
184132,1977.672901,0.9010000228881836,1,0.0,-0.4307599663734436,0.8968597650527954
184153,1977.692906,0.8970000147819519,1,0.0,-0.4307599663734436,0.8929318189620972
184172,1977.712902,0.8970000147819519,1,0.0,-0.4307599663734436,0.8929318189620972
184192,1977.732901,0.8970000147819519,1,0.0,-0.4307599663734436,0.8879658579826355
184212,1977.752909,0.8970000147819519,1,0.0,-0.4307599663734436,0.8879658579826355
184232,1977.772900,0.8970000147819519,1,0.0,-0.4308750033378601,0.8933045268058777
184252,1977.791904,0.8970000147819519,1,0.0,-0.4308750033378601,0.8933045268058777
184272,1977.811898,0.8970000147819519,1,0.0,-0.4308750033378601,0.8922786712646484
184292,1977.831894,0.8970000147819519,1,0.0,-0.4308750033378601,0.8922786712646484
184312,1977.852905,0.8960000276565552,1,0.0,-0.4308750033378601,0.8952721357345581
184332,1977.871898,0.8990000486373901,1,0.0,-0.4308750033378601,0.8952721357345581
184352,1977.891911,0.8990000486373901,1,0.0,-0.4302218556404114,0.8912897109985352
184372,1977.911897,0.8990000486373901,1,0.0,-0.4302218556404114,0.8912897109985352
184392,1977.931899,0.8990000486373901,1,0.0,-0.4311702847480774,0.8932271003723145
184412,1977.952929,0.8990000486373901,1,0.0,-0.4311702847480774,0.8932271003723145
184432,1977.971898,0.8970000147819519,1,0.0,-0.4311702847480774,0.8949520587921143
184452,1977.991900,0.8990000486373901,1,0.0,-0.4311702847480774,0.8949520587921143
184472,1978.011900,0.8990000486373901,1,0.0,-0.4311702847480774,0.8949520587921143
184492,1978.031896,0.8990000486373901,1,0.0,-0.43189263343811035,0.8939494490623474
184512,1978.052902,0.8990000486373901,1,0.0,-0.43189263343811035,0.8939494490623474
184532,1978.071892,0.8990000486373901,1,0.0,-0.4311702847480774,0.8909709453582764
184552,1978.091937,0.8990000486373901,1,0.0,-0.4311702847480774,0.8909709453582764
184572,1978.111899,0.8990000486373901,1,0.0,-0.43189263343811035,0.8939738869667053
184592,1978.131896,0.8980000615119934,1,0.0,-0.43189263343811035,0.8939738869667053
184612,1978.152901,0.8980000615119934,1,0.0,-0.43191707134246826,0.8989341855049133
184632,1978.171894,0.8980000615119934,1,0.0,-0.43191707134246826,0.8989341855049133
184652,1978.191910,0.8940000534057617,1,0.0,-0.43189263343811035,0.8902968764305115
184672,1978.211894,0.8940000534057617,1,0.0,-0.43189263343811035,0.8902968764305115
184692,1978.231891,0.8940000534057617,1,0.0,-0.4292886257171631,0.8913454413414001
184712,1978.252904,0.8940000534057617,1,0.0,-0.4292886257171631,0.8913454413414001
184732,1978.271891,0.8950000405311584,1,0.0,-0.4303157329559326,0.8923725485801697
184752,1978.291894,0.8960000276565552,1,0.0,-0.4303157329559326,0.8923725485801697
184772,1978.311925,0.8960000276565552,1,0.0,-0.4293753504753113,0.8914321660995483
184792,1978.331888,0.8960000276565552,1,0.0,-0.4293753504753113,0.8914321660995483
184812,1978.352905,0.8960000276565552,1,0.0,-0.4293753504753113,0.8934699892997742
184832,1978.371888,0.8960000276565552,1,0.0,-0.4293753504753113,0.8934699892997742
184852,1978.392889,0.8960000276565552,1,0.0,-0.4303157329559326,0.8931465744972229
184872,1978.411886,0.8970000147819519,1,0.0,-0.4303157329559326,0.8931465744972229
184892,1978.431883,0.8970000147819519,1,0.0,-0.4303157329559326,0.8931465744972229
184912,1978.452901,0.8970000147819519,1,0.0,-0.4303157329559326,0.8912367820739746
184932,1978.471886,0.8970000147819519,1,0.0,-0.4303157329559326,0.8912367820739746
184952,1978.491891,0.8970000147819519,1,0.0,-0.43108975887298584,0.8952128887176514
184972,1978.511883,0.8970000147819519,1,0.0,-0.43108975887298584,0.8952128887176514
184992,1978.531914,0.8970000147819519,1,0.0,-0.43108975887298584,0.8922744989395142
185012,1978.551881,0.8960000276565552,1,0.0,-0.43108975887298584,0.8922744989395142
185032,1978.571883,0.8960000276565552,1,0.0,-0.43108975887298584,0.8936226963996887
185053,1978.592884,0.8970000147819519,1,0.0,-0.43108975887298584,0.8936226963996887
185072,1978.611880,0.8970000147819519,1,0.0,-0.4302176833152771,0.8896637558937073
185092,1978.631878,0.8970000147819519,1,0.0,-0.4302176833152771,0.8896637558937073
185112,1978.651880,0.893000066280365,1,0.0,-0.4302176833152771,0.890687882900238
185132,1978.671878,0.893000066280365,1,0.0,-0.4302176833152771,0.890687882900238
185152,1978.691893,0.8950000405311584,1,0.0,-0.42933523654937744,0.8913920521736145
185172,1978.711877,0.8950000405311584,1,0.0,-0.42933523654937744,0.8913920521736145
185192,1978.731481,0.8950000405311584,1,0.0,-0.42933523654937744,0.8913920521736145
185212,1978.751462,0.8950000405311584,1,0.0,-0.428631067276001,0.8893541693687439
185232,1978.771463,0.8950000405311584,1,0.0,-0.428631067276001,0.8893541693687439
185252,1978.792458,0.8950000405311584,1,0.0,-0.4276069402694702,0.8893879652023315
185273,1978.812456,0.893000066280365,1,0.0,-0.4276069402694702,0.8893879652023315
185293,1978.832454,0.8940000534057617,1,0.0,-0.4283105731010437,0.8903673887252808
185312,1978.851455,0.8940000534057617,1,0.0,-0.4283105731010437,0.8903673887252808
185332,1978.871461,0.8940000534057617,1,0.0,-0.4283105731010437,0.8906817436218262
185352,1978.891470,0.8940000534057617,1,0.0,-0.4283105731010437,0.8906817436218262
185372,1978.912451,0.8940000534057617,1,0.0,-0.4273311495780945,0.8866692185401917
185392,1978.932450,0.8940000534057617,1,0.0,-0.4273311495780945,0.8866692185401917
185412,1978.951466,0.8940000534057617,1,0.0,-0.4273311495780945,0.8886679410934448
185432,1978.971464,0.8940000534057617,1,0.0,-0.4273311495780945,0.8886679410934448
185452,1978.992457,0.8940000534057617,1,0.0,-0.4283105731010437,0.8906903266906738
185472,1979.012450,0.8940000534057617,1,0.0,-0.4283105731010437,0.8906903266906738
185492,1979.032446,0.8940000534057617,1,0.0,-0.42661112546920776,0.8876574039459229
185512,1979.052447,0.8940000534057617,1,0.0,-0.42661112546920776,0.8876574039459229
185532,1979.072457,0.8940000534057617,1,0.0,-0.42661112546920776,0.8934093117713928
185552,1979.091490,0.8940000534057617,1,0.0,-0.42661112546920776,0.8934093117713928
185572,1979.112452,0.8940000534057617,1,0.0,-0.42661112546920776,0.8934093117713928
185592,1979.132446,0.8940000534057617,1,0.0,-0.42863351106643677,0.8933731913566589
185613,1979.152446,0.8940000534057617,1,0.0,-0.42863351106643677,0.8933731913566589
185632,1979.171454,0.8940000534057617,1,0.0,-0.4313163757324219,0.8943607807159424
185653,1979.192449,0.8940000534057617,1,0.0,-0.4313163757324219,0.8943607807159424
185673,1979.212444,0.8940000534057617,1,0.0,-0.4313163757324219,0.8923253417015076
185693,1979.232442,0.8940000534057617,1,0.0,-0.4313163757324219,0.8923253417015076
185713,1979.252445,0.8910000324249268,1,0.0,-0.4313163757324219,0.8877344727516174
185733,1979.272451,0.8910000324249268,1,0.0,-0.4313163757324219,0.8877344727516174
185753,1979.292449,0.8910000324249268,1,0.0,-0.4306148886680603,0.8926717042922974
185773,1979.312442,0.8910000324249268,1,0.0,-0.4306148886680603,0.8926717042922974
185793,1979.332441,0.8960000276565552,1,0.0,-0.4306148886680603,0.8936555981636047
185813,1979.352444,0.8970000147819519,1,0.0,-0.4306148886680603,0.8936555981636047
185833,1979.372448,0.8970000147819519,1,0.0,-0.4302685260772705,0.8917754292488098
185853,1979.392447,0.8970000147819519,1,0.0,-0.4302685260772705,0.8917754292488098
185873,1979.412440,0.8970000147819519,1,0.0,-0.4306148886680603,0.8964164853096008
185893,1979.432437,0.8970000147819519,1,0.0,-0.4306148886680603,0.8964164853096008
185913,1979.452440,0.8970000147819519,1,0.0,-0.4306148886680603,0.8964164853096008
185933,1979.472448,0.8970000147819519,1,0.0,-0.4306148886680603,0.8904436230659485
185953,1979.492443,0.8970000147819519,1,0.0,-0.4306148886680603,0.8904436230659485
185973,1979.512438,0.8970000147819519,1,0.0,-0.42971861362457275,0.8904494047164917
185993,1979.531436,0.8970000147819519,1,0.0,-0.42971861362457275,0.8904494047164917
186013,1979.551436,0.8970000147819519,1,0.0,-0.4294179081916809,0.891474723815918
186033,1979.571436,0.8970000147819519,1,0.0,-0.4294179081916809,0.891474723815918
186053,1979.591485,0.8970000147819519,1,0.0,-0.42874908447265625,0.8908059000968933
186073,1979.611437,0.8970000147819519,1,0.0,-0.42874908447265625,0.8908059000968933
186092,1979.631438,0.8970000147819519,1,0.0,-0.42874908447265625,0.8928748965263367
186112,1979.651434,0.8970000147819519,1,0.0,-0.42874908447265625,0.8928748965263367
186133,1979.672437,0.8940000534057617,1,0.0,-0.4288790225982666,0.8909358382225037
186153,1979.692441,0.8940000534057617,1,0.0,-0.4288790225982666,0.8909358382225037
186172,1979.711435,0.8940000534057617,1,0.0,-0.4288872480392456,0.8909440636634827
186192,1979.731433,0.8940000534057617,1,0.0,-0.4288872480392456,0.8909440636634827
186212,1979.751429,0.8940000534057617,1,0.0,-0.4288872480392456,0.8909440636634827
186232,1979.771432,0.8990000486373901,1,0.0,-0.4288872480392456,0.8957386612892151
186252,1979.791476,0.8990000486373901,1,0.0,-0.4288872480392456,0.8957386612892151
186272,1979.810854,0.8990000486373901,1,0.0,-0.4288872480392456,0.8867360949516296
186292,1979.830850,0.89000004529953,1,0.0,-0.4288872480392456,0.8867360949516296
186312,1979.850857,0.89000004529953,1,0.0,-0.4288790225982666,0.8898062705993652
186332,1979.870852,0.89000004529953,1,0.0,-0.4288790225982666,0.8898062705993652
186352,1979.890853,0.8950000405311584,1,0.0,-0.4288872480392456,0.8917338848114014
186372,1979.910848,0.8950000405311584,1,0.0,-0.4288872480392456,0.8917338848114014
186392,1979.930489,0.89000004529953,1,0.0,-0.4277494549751282,0.8867484331130981
186412,1979.950432,0.89000004529953,1,0.0,-0.4277494549751282,0.8867484331130981
186432,1979.970427,0.89000004529953,1,0.0,-0.4179382920265198,0.8799951076507568
186452,1979.990430,0.89000004529953,1,0.0,-0.4179382920265198,0.8799951076507568
186472,1980.010437,0.89000004529953,1,0.0,-0.4299204349517822,0.8919772505760193
186492,1980.030426,0.89000004529953,1,0.0,-0.4299204349517822,0.8919772505760193
186512,1980.050424,0.89000004529953,1,0.0,-0.42682284116744995,0.888879656791687
186532,1980.070424,0.8920000195503235,1,0.0,-0.42682284116744995,0.888879656791687
186552,1980.090422,0.8920000195503235,1,0.0,-0.42386215925216675,0.8859189748764038
186572,1980.110424,0.8920000195503235,1,0.0,-0.42386215925216675,0.8859189748764038
186592,1980.130420,0.8920000195503235,1,0.0,-0.4318283796310425,0.8938851952552795
186612,1980.150422,0.8920000195503235,1,0.0,-0.4318283796310425,0.8938851952552795
186632,1980.170420,0.8920000195503235,1,0.0,-0.4318283796310425,0.8938851952552795
186652,1980.190422,0.8920000195503235,1,0.0,-0.4285750389099121,0.8906318545341492
186672,1980.210421,0.8920000195503235,1,0.0,-0.4285750389099121,0.8906318545341492
186692,1980.230468,0.8920000195503235,1,0.0,-0.4285750389099121,0.8926100730895996
186712,1980.250429,0.8960000276565552,1,0.0,-0.4285750389099121,0.8926100730895996
186732,1980.270419,0.8960000276565552,1,0.0,-0.4285750389099121,0.8886653184890747
186752,1980.290431,0.8920000195503235,1,0.0,-0.4285750389099121,0.8886653184890747
186772,1980.310420,0.8920000195503235,1,0.0,-0.43055325746536255,0.8935593962669373
186792,1980.330419,0.8970000147819519,1,0.0,-0.43055325746536255,0.8935593962669373
186812,1980.350414,0.8970000147819519,1,0.0,-0.43055325746536255,0.8929226994514465
186832,1980.370415,0.8960000276565552,1,0.0,-0.43055325746536255,0.8929226994514465
186852,1980.390414,0.8960000276565552,1,0.0,-0.43055325746536255,0.8909516930580139
186872,1980.410413,0.8960000276565552,1,0.0,-0.43055325746536255,0.8909516930580139
186892,1980.430415,0.8960000276565552,1,0.0,-0.4308658838272095,0.8929531574249268
186912,1980.450437,0.8960000276565552,1,0.0,-0.4308658838272095,0.8929531574249268
186932,1980.470417,0.8960000276565552,1,0.0,-0.4308658838272095,0.8909963965415955
186952,1980.490416,0.8940000534057617,1,0.0,-0.4308658838272095,0.8909963965415955
186972,1980.510413,0.8940000534057617,1,0.0,-0.4299057722091675,0.8919625878334045
186992,1980.530415,0.8940000534057617,1,0.0,-0.4299057722091675,0.8919625878334045
187012,1980.550412,0.8940000534057617,1,0.0,-0.4299057722091675,0.8919625878334045
187032,1980.570411,0.8940000534057617,1,0.0,-0.4289395809173584,0.8886720538139343
187052,1980.590414,0.8940000534057617,1,0.0,-0.4289395809173584,0.8886720538139343
187072,1980.610411,0.8940000534057617,1,0.0,-0.42963308095932007,0.8916898965835571
187092,1980.630409,0.8940000534057617,1,0.0,-0.42963308095932007,0.8916898965835571
187113,1980.651409,0.893000066280365,1,0.0,-0.4289395809173584,0.8896657228469849
187132,1980.670412,0.893000066280365,1,0.0,-0.4289395809173584,0.8896657228469849
187152,1980.690416,0.8970000147819519,1,0.0,-0.42963308095932007,0.8936668038368225
187173,1980.711407,0.8970000147819519,1,0.0,-0.42963308095932007,0.8936668038368225
187193,1980.731410,0.89000004529953,1,0.0,-0.4276089072227478,0.887030839920044
187212,1980.750407,0.89000004529953,1,0.0,-0.4276089072227478,0.887030839920044
187232,1980.770409,0.89000004529953,1,0.0,-0.42795008420944214,0.8900068998336792
187252,1980.790407,0.893000066280365,1,0.0,-0.42795008420944214,0.8900068998336792
187272,1980.810406,0.893000066280365,1,0.0,-0.42795008420944214,0.8910093903541565
187292,1980.831406,0.8940000534057617,1,0.0,-0.42795008420944214,0.8910093903541565
187312,1980.850405,0.8940000534057617,1,0.0,-0.42795008420944214,0.8890169858932495
187332,1980.870410,0.8920000195503235,1,0.0,-0.42795008420944214,0.8890169858932495
187352,1980.890404,0.8920000195503235,1,0.0,-0.42795008420944214,0.8890169858932495
187372,1980.910406,0.89000004529953,1,0.0,-0.42696017026901245,0.8866890072822571
187392,1980.930406,0.89000004529953,1,0.0,-0.42696017026901245,0.8866890072822571
187412,1980.950405,0.89000004529953,1,0.0,-0.42795008420944214,0.8906770348548889
187432,1980.970402,0.89000004529953,1,0.0,-0.42795008420944214,0.8906770348548889
187452,1980.990399,0.89000004529953,1,0.0,-0.42696017026901245,0.8866937160491943
187472,1981.010401,0.89000004529953,1,0.0,-0.42696017026901245,0.8866937160491943
187492,1981.030401,0.89000004529953,1,0.0,-0.42696017026901245,0.8936895132064819
187512,1981.050399,0.89000004529953,1,0.0,-0.42696017026901245,0.8936895132064819
187532,1981.070402,0.8970000147819519,1,0.0,-0.42862021923065186,0.8937185406684875
187552,1981.090404,0.8970000147819519,1,0.0,-0.42862021923065186,0.8937185406684875
187572,1981.110401,0.8970000147819519,1,0.0,-0.42862021923065186,0.8850713968276978
187592,1981.130396,0.8880000710487366,1,0.0,-0.42862021923065186,0.8850713968276978
187612,1981.150397,0.8880000710487366,1,0.0,-0.43096333742141724,0.8930201530456543
187632,1981.170399,0.8880000710487366,1,0.0,-0.43096333742141724,0.8930201530456543
187652,1981.190398,0.8880000710487366,1,0.0,-0.43096333742141724,0.8900535702705383
187672,1981.210399,0.893000066280365,1,0.0,-0.43096333742141724,0.8900535702705383
187692,1981.230394,0.893000066280365,1,0.0,-0.4299700856208801,0.8920269012451172
187712,1981.249397,0.893000066280365,1,0.0,-0.4299700856208801,0.8920269012451172
187732,1981.269396,0.893000066280365,1,0.0,-0.4299700856208801,0.8920269012451172
187752,1981.290411,0.893000066280365,1,0.0,-0.42960697412490845,0.8916637897491455
187772,1981.309400,0.893000066280365,1,0.0,-0.42960697412490845,0.8916637897491455
187792,1981.329358,0.893000066280365,1,0.0,-0.42960697412490845,0.8906571269035339
187812,1981.349361,0.893000066280365,1,0.0,-0.42960697412490845,0.8906571269035339
187832,1981.369381,0.893000066280365,1,0.0,-0.4286003112792969,0.8896311521530151
187852,1981.389367,0.893000066280365,1,0.0,-0.4286003112792969,0.8896311521530151
187872,1981.409369,0.893000066280365,1,0.0,-0.4286424517631531,0.8906992673873901
187892,1981.429364,0.8940000534057617,1,0.0,-0.4286424517631531,0.8906992673873901
187912,1981.449368,0.8940000534057617,1,0.0,-0.4286003112792969,0.8896554112434387
187932,1981.469378,0.8940000534057617,1,0.0,-0.4286003112792969,0.8896554112434387
187952,1981.489364,0.8940000534057617,1,0.0,-0.4286003112792969,0.8909672498703003
187972,1981.509367,0.8940000534057617,1,0.0,-0.4286003112792969,0.8909672498703003
187992,1981.529368,0.8940000534057617,1,0.0,-0.42797160148620605,0.8900284171104431
188012,1981.549363,0.8940000534057617,1,0.0,-0.42797160148620605,0.8900284171104431
188032,1981.569374,0.8940000534057617,1,0.0,-0.4286424517631531,0.8910342454910278
188052,1981.589362,0.8940000534057617,1,0.0,-0.4286424517631531,0.8910342454910278
188072,1981.610365,0.8940000534057617,1,0.0,-0.4286424517631531,0.8910342454910278
188092,1981.629361,0.8950000405311584,1,0.0,-0.42891043424606323,0.8917304873466492
188112,1981.649361,0.8950000405311584,1,0.0,-0.42891043424606323,0.8917304873466492
188133,1981.670362,0.8950000405311584,1,0.0,-0.42897742986679077,0.8917346596717834
188153,1981.690363,0.8950000405311584,1,0.0,-0.42897742986679077,0.8917346596717834
188172,1981.709385,0.8950000405311584,1,0.0,-0.42897742986679077,0.8847612738609314
188192,1981.729359,0.8950000405311584,1,0.0,-0.42897742986679077,0.8847612738609314
188212,1981.749362,0.8950000405311584,1,0.0,-0.42897742986679077,0.8897120952606201
188232,1981.769375,0.8950000405311584,1,0.0,-0.42897742986679077,0.8897120952606201
188252,1981.789359,0.8950000405311584,1,0.0,-0.42803287506103516,0.8900896906852722
188272,1981.809360,0.8950000405311584,1,0.0,-0.42803287506103516,0.8900896906852722
188292,1981.829356,0.8950000405311584,1,0.0,-0.42803287506103516,0.8920302391052246
188312,1981.849390,0.8950000405311584,1,0.0,-0.42803287506103516,0.8920302391052246
188332,1981.869404,0.8950000405311584,1,0.0,-0.42803287506103516,0.8940490484237671
188352,1981.889390,0.8950000405311584,1,0.0,-0.42803287506103516,0.8940490484237671
188372,1981.909446,0.8950000405311584,1,0.0,-0.42803287506103516,0.8940490484237671
188392,1981.929387,0.8950000405311584,1,0.0,-0.42997342348098755,0.893035352230072
188412,1981.949384,0.8950000405311584,1,0.0,-0.42997342348098755,0.893035352230072
188432,1981.969404,0.8950000405311584,1,0.0,-0.42997342348098755,0.8887345790863037
188452,1981.989385,0.8950000405311584,1,0.0,-0.42997342348098755,0.8887345790863037
188472,1982.009388,0.8920000195503235,1,0.0,-0.42997342348098755,0.8867228031158447
188492,1982.029388,0.89000004529953,1,0.0,-0.42997342348098755,0.8867228031158447
188512,1982.049385,0.89000004529953,1,0.0,-0.4306672215461731,0.8927240371704102
188532,1982.069396,0.89000004529953,1,0.0,-0.4306672215461731,0.8927240371704102
188552,1982.089382,0.89000004529953,1,0.0,-0.4306672215461731,0.8936957716941833
188572,1982.109417,0.89000004529953,1,0.0,-0.4306672215461731,0.8936957716941833
188592,1982.129383,0.89000004529953,1,0.0,-0.42667776346206665,0.8887138962745667
188612,1982.149383,0.89000004529953,1,0.0,-0.42667776346206665,0.8887138962745667
188632,1982.169397,0.89000004529953,1,0.0,-0.42996734380722046,0.8920241594314575
188652,1982.189386,0.89000004529953,1,0.0,-0.42996734380722046,0.8920241594314575
188672,1982.209381,0.89000004529953,1,0.0,-0.42996734380722046,0.8910408616065979
188692,1982.229379,0.89000004529953,1,0.0,-0.42996734380722046,0.8910408616065979
188712,1982.249379,0.89000004529953,1,0.0,-0.42996734380722046,0.8940701484680176
188732,1982.269392,0.8970000147819519,1,0.0,-0.42996734380722046,0.8940701484680176
188752,1982.289380,0.8970000147819519,1,0.0,-0.42902785539627075,0.8910846710205078
188772,1982.309410,0.8970000147819519,1,0.0,-0.42902785539627075,0.8910846710205078
188792,1982.329380,0.8970000147819519,1,0.0,-0.42902785539627075,0.8910846710205078
188812,1982.349379,0.8970000147819519,1,0.0,-0.42902785539627075,0.890785813331604
188832,1982.369394,0.8970000147819519,1,0.0,-0.42902785539627075,0.890785813331604
188852,1982.389377,0.8970000147819519,1,0.0,-0.42902785539627075,0.893770694732666
188872,1982.409386,0.8970000147819519,1,0.0,-0.42902785539627075,0.893770694732666
188892,1982.429375,0.8970000147819519,1,0.0,-0.42902785539627075,0.8908299207687378
188912,1982.449375,0.8940000534057617,1,0.0,-0.42902785539627075,0.8908299207687378
188932,1982.469393,0.8940000534057617,1,0.0,-0.42902785539627075,0.8919247388839722
188952,1982.489375,0.8940000534057617,1,0.0,-0.42902785539627075,0.8919247388839722
188972,1982.509380,0.8940000534057617,1,0.0,-0.4298679232597351,0.8939677476882935
188992,1982.529399,0.8970000147819519,1,0.0,-0.4298679232597351,0.8939677476882935
189012,1982.549373,0.8970000147819519,1,0.0,-0.4298679232597351,0.8912773132324219
189032,1982.569390,0.8970000147819519,1,0.0,-0.4298679232597351,0.8912773132324219
189052,1982.589375,0.8940000534057617,1,0.0,-0.4298679232597351,0.8942203521728516
189072,1982.609373,0.8970000147819519,1,0.0,-0.4298679232597351,0.8942203521728516
189092,1982.629369,0.8970000147819519,1,0.0,-0.4298679232597351,0.8942203521728516
189112,1982.649368,0.8970000147819519,1,0.0,-0.4319109320640564,0.894249439239502
189132,1982.669387,0.8970000147819519,1,0.0,-0.4319109320640564,0.894249439239502
189152,1982.689370,0.8980000615119934,1,0.0,-0.4321635365486145,0.8949801325798035
189172,1982.709370,0.8980000615119934,1,0.0,-0.4321635365486145,0.8949801325798035
189192,1982.729386,0.8980000615119934,1,0.0,-0.4321635365486145,0.8939628005027771
189212,1982.749370,0.8970000147819519,1,0.0,-0.4321635365486145,0.8939628005027771
189232,1982.769385,0.8970000147819519,1,0.0,-0.4321635365486145,0.893955647945404
189252,1982.789368,0.8970000147819519,1,0.0,-0.4321635365486145,0.893955647945404
189272,1982.809371,0.8970000147819519,1,0.0,-0.4321926236152649,0.8969213366508484
189292,1982.828378,0.8970000147819519,1,0.0,-0.4321926236152649,0.8969213366508484
189312,1982.848366,0.8970000147819519,1,0.0,-0.4329233169555664,0.8972253799438477
189332,1982.868788,0.9000000357627869,1,0.0,-0.4329233169555664,0.8972253799438477
189352,1982.888790,0.9000000357627869,1,0.0,-0.4332166910171509,0.8952735066413879
189372,1982.908785,0.9000000357627869,1,0.0,-0.4332166910171509,0.8952735066413879
189392,1982.928817,0.9000000357627869,1,0.0,-0.4332166910171509,0.8933664560317993
189412,1982.948787,0.9000000357627869,1,0.0,-0.4332166910171509,0.8933664560317993
189432,1982.968784,0.8960000276565552,1,0.0,-0.4332166910171509,0.8914883136749268
189452,1982.988791,0.8940000534057617,1,0.0,-0.4332166910171509,0.8914883136749268
189472,1983.008785,0.8940000534057617,1,0.0,-0.4332166910171509,0.8914883136749268
189492,1983.028784,0.9010000228881836,1,0.0,-0.4332166910171509,0.8985310196876526
189512,1983.048788,0.9010000228881836,1,0.0,-0.4332166910171509,0.8985310196876526
189532,1983.068748,0.8990000486373901,1,0.0,-0.4332166910171509,0.8961976766586304
189552,1983.088788,0.8990000486373901,1,0.0,-0.4332166910171509,0.8961976766586304
189572,1983.108781,0.9030000567436218,1,0.0,-0.4380093216896057,0.9000661373138428
189592,1983.128778,0.9030000567436218,1,0.0,-0.4380093216896057,0.9000661373138428
189612,1983.148370,0.9010000228881836,1,0.0,-0.43590110540390015,0.8979579210281372
189632,1983.168355,0.9010000228881836,1,0.0,-0.43590110540390015,0.8979579210281372
189652,1983.188373,0.9010000228881836,1,0.0,-0.43992650508880615,0.9019833207130432
189672,1983.208360,0.9050000309944153,1,0.0,-0.43992650508880615,0.9019833207130432
189692,1983.228355,0.9050000309944153,1,0.0,-0.44115233421325684,0.9032091498374939
189712,1983.248356,0.9050000309944153,1,0.0,-0.44115233421325684,0.9032091498374939
189732,1983.268359,0.9050000309944153,1,0.0,-0.43992650508880615,0.9030776023864746
189752,1983.288361,0.9050000309944153,1,0.0,-0.43992650508880615,0.9030776023864746
189772,1983.308370,0.9050000309944153,1,0.0,-0.44089001417160034,0.9029468297958374
189792,1983.328352,0.906000018119812,1,0.0,-0.44089001417160034,0.9029468297958374
189812,1983.348365,0.906000018119812,1,0.0,-0.44089001417160034,0.9029468297958374
189832,1983.368356,0.9100000262260437,1,0.0,-0.44102078676223755,0.9069364666938782
189852,1983.388369,0.9100000262260437,1,0.0,-0.44102078676223755,0.9069364666938782
189872,1983.408365,0.9120000600814819,1,0.0,-0.44657760858535767,0.9086344242095947
189892,1983.428350,0.9120000600814819,1,0.0,-0.44657760858535767,0.9086344242095947
189912,1983.448350,0.9120000600814819,1,0.0,-0.4486314058303833,0.9106882214546204
189932,1983.468351,0.9140000343322754,1,0.0,-0.4486314058303833,0.9106882214546204
189952,1983.488352,0.9140000343322754,1,0.0,-0.4425869584083557,0.9046437740325928
189972,1983.508351,0.9080000519752502,1,0.0,-0.4425869584083557,0.9046437740325928
189992,1983.528346,0.9080000519752502,1,0.0,-0.44554072618484497,0.907597541809082
190012,1983.548369,0.9110000729560852,1,0.0,-0.44554072618484497,0.907597541809082
190032,1983.568349,0.9110000729560852,1,0.0,-0.44657760858535767,0.9124408960342407
190052,1983.588347,0.9160000681877136,1,0.0,-0.44657760858535767,0.9124408960342407
190072,1983.608362,0.9160000681877136,1,0.0,-0.4485322833061218,0.9105890989303589
190092,1983.628345,0.9140000343322754,1,0.0,-0.4485322833061218,0.9105890989303589
190112,1983.648349,0.9140000343322754,1,0.0,-0.4485322833061218,0.911557674407959
190132,1983.668344,0.9140000343322754,1,0.0,-0.4485322833061218,0.911557674407959
190152,1983.688349,0.9150000214576721,1,0.0,-0.4485322833061218,0.911557674407959
190173,1983.708352,0.9230000376701355,1,0.0,-0.4574388265609741,0.9194956421852112
190192,1983.728342,0.9230000376701355,1,0.0,-0.4574388265609741,0.9194956421852112
190212,1983.748344,0.9230000376701355,1,0.0,-0.448391854763031,0.9104486703872681
190232,1983.767779,0.9140000343322754,1,0.0,-0.448391854763031,0.9104486703872681
190252,1983.787766,0.9140000343322754,1,0.0,-0.4491109251976013,0.9111677408218384
190272,1983.807783,0.9150000214576721,1,0.0,-0.4491109251976013,0.9111677408218384
190292,1983.827765,0.9150000214576721,1,0.0,-0.4551163911819458,0.9171732068061829
190312,1983.847762,0.921000063419342,1,0.0,-0.4551163911819458,0.9171732068061829
190332,1983.867760,0.921000063419342,1,0.0,-0.4560757875442505,0.9181326031684875
190352,1983.887769,0.921000063419342,1,0.0,-0.4560757875442505,0.9181326031684875
190372,1983.907779,0.921000063419342,1,0.0,-0.4550294280052185,0.9170862436294556
190392,1983.927761,0.921000063419342,1,0.0,-0.4550294280052185,0.9170862436294556
190412,1983.947759,0.921000063419342,1,0.0,-0.4543185830116272,0.9163753986358643
190432,1983.967774,0.9200000166893005,1,0.0,-0.4543185830116272,0.9163753986358643
190452,1983.987761,0.9200000166893005,1,0.0,-0.4543084502220154,0.9163652658462524
190472,1984.007798,0.9200000166893005,1,0.0,-0.4543084502220154,0.9163652658462524
190492,1984.027763,0.9200000166893005,1,0.0,-0.4550294280052185,0.9174196124076843
190512,1984.047759,0.9200000166893005,1,0.0,-0.4550294280052185,0.9174196124076843
190532,1984.067760,0.921000063419342,1,0.0,-0.46425485610961914,0.9263116717338562
190552,1984.087760,0.921000063419342,1,0.0,-0.46425485610961914,0.9263116717338562
190572,1984.107770,0.921000063419342,1,0.0,-0.46425485610961914,0.9263116717338562
190592,1984.127753,0.9230000376701355,1,0.0,-0.45719975233078003,0.9192565679550171
190612,1984.147752,0.9230000376701355,1,0.0,-0.45719975233078003,0.9192565679550171
190632,1984.167776,0.9230000376701355,1,0.0,-0.457022488117218,0.9190793037414551
190652,1984.187764,0.9230000376701355,1,0.0,-0.457022488117218,0.9190793037414551
190672,1984.207769,0.9230000376701355,1,0.0,-0.4626038074493408,0.9246606230735779
190692,1984.227752,0.9290000200271606,1,0.0,-0.4626038074493408,0.9246606230735779
190712,1984.247758,0.9290000200271606,1,0.0,-0.4626038074493408,0.9264881610870361
190732,1984.267754,0.9310000538825989,1,0.0,-0.4626038074493408,0.9264881610870361
190752,1984.287754,0.9290000200271606,1,0.0,-0.4623364806175232,0.9243932962417603
190772,1984.307763,0.9290000200271606,1,0.0,-0.4623364806175232,0.9243932962417603
190792,1984.327752,0.9290000200271606,1,0.0,-0.4626038074493408,0.9302841424942017
190812,1984.347750,0.9290000200271606,1,0.0,-0.4626038074493408,0.9302841424942017
190832,1984.367369,0.9350000619888306,1,0.0,-0.4644313454627991,0.9314630031585693
190852,1984.387332,0.9360000491142273,1,0.0,-0.4644313454627991,0.9314630031585693
190872,1984.407342,0.9360000491142273,1,0.0,-0.4644313454627991,0.9263534545898438
190892,1984.427329,0.9360000491142273,1,0.0,-0.4644313454627991,0.9263534545898438
190913,1984.448327,0.9340000152587891,1,0.0,-0.4674491882324219,0.9295060038566589
190932,1984.467332,0.9340000152587891,1,0.0,-0.4674491882324219,0.9295060038566589
190952,1984.487330,0.9340000152587891,1,0.0,-0.4674491882324219,0.9295060038566589
190972,1984.507329,0.9340000152587891,1,0.0,-0.4674491882324219,0.9282102584838867
190992,1984.527328,0.9340000152587891,1,0.0,-0.4674491882324219,0.9282102584838867
191012,1984.547325,0.9390000700950623,1,0.0,-0.47199368476867676,0.9340505003929138
191032,1984.567326,0.9390000700950623,1,0.0,-0.47199368476867676,0.9340505003929138
191052,1984.588334,0.9440000653266907,1,0.0,-0.4767976999282837,0.9388545155525208
191072,1984.608330,0.9440000653266907,1,0.0,-0.4767976999282837,0.9388545155525208
191092,1984.627325,0.9440000653266907,1,0.0,-0.4753943681716919,0.937451183795929
191112,1984.647320,0.9440000653266907,1,0.0,-0.4753943681716919,0.937451183795929
191132,1984.667293,0.9430000185966492,1,0.0,-0.47757863998413086,0.9396354556083679
191152,1984.688331,0.9450000524520874,1,0.0,-0.47757863998413086,0.9396354556083679
191173,1984.708333,0.9460000395774841,1,0.0,-0.4767976999282837,0.9408026337623596
191192,1984.728319,0.9460000395774841,1,0.0,-0.4767976999282837,0.9408026337623596
191212,1984.747319,0.9460000395774841,1,0.0,-0.48169463872909546,0.9437514543533325
191232,1984.767322,0.9490000605583191,1,0.0,-0.48169463872909546,0.9437514543533325
191253,1984.788328,0.9500000476837158,1,0.0,-0.4828178882598877,0.9448747038841248
191272,1984.807330,0.9500000476837158,1,0.0,-0.4828178882598877,0.9448747038841248
191292,1984.827320,0.9500000476837158,1,0.0,-0.4828178882598877,0.9448747038841248
191312,1984.847323,0.9540000557899475,1,0.0,-0.4867887496948242,0.9488455653190613
191332,1984.868322,0.9540000557899475,1,0.0,-0.4867887496948242,0.9488455653190613
191352,1984.887321,0.9540000557899475,1,0.0,-0.4805305600166321,0.9425873756408691
191372,1984.907333,0.9540000557899475,1,0.0,-0.4805305600166321,0.9425873756408691
191392,1984.927317,0.9540000557899475,1,0.0,-0.4828178882598877,0.9464959502220154
191412,1984.947317,0.9520000219345093,1,0.0,-0.4828178882598877,0.9464959502220154
191432,1984.968316,0.9520000219345093,1,0.0,-0.48343485593795776,0.9454916715621948
191452,1984.987323,0.9510000348091125,1,0.0,-0.48343485593795776,0.9454916715621948
191472,1985.007326,0.9510000348091125,1,0.0,-0.4844391345977783,0.9483935832977295
191492,1985.027315,0.9540000557899475,1,0.0,-0.4844391345977783,0.9483935832977295
191512,1985.047315,0.9540000557899475,1,0.0,-0.4844391345977783,0.9512656331062317
191532,1985.068315,0.9570000171661377,1,0.0,-0.4844391345977783,0.9512656331062317
191552,1985.087315,0.9570000171661377,1,0.0,-0.48633676767349243,0.9494665265083313
191572,1985.107329,0.9570000171661377,1,0.0,-0.48633676767349243,0.9494665265083313
191592,1985.127319,0.9550000429153442,1,0.0,-0.49146318435668945,0.9535199999809265
191612,1985.147313,0.9590000510215759,1,0.0,-0.49146318435668945,0.9535199999809265
191632,1985.167313,0.9590000510215759,1,0.0,-0.49146318435668945,0.9535199999809265
191652,1985.187324,0.9610000252723694,1,0.0,-0.4931802749633789,0.955237090587616
191672,1985.207312,0.9610000252723694,1,0.0,-0.4931802749633789,0.955237090587616
191692,1985.227312,0.9610000252723694,1,0.0,-0.49390894174575806,0.9559657573699951
191712,1985.247311,0.9620000720024109,1,0.0,-0.49390894174575806,0.9559657573699951
191732,1985.267317,0.9640000462532043,1,0.0,-0.4955662488937378,0.9576230645179749
191752,1985.287310,0.9640000462532043,1,0.0,-0.4955662488937378,0.9576230645179749
191772,1985.307317,0.9660000205039978,1,0.0,-0.49390894174575806,0.9589667320251465
191792,1985.327312,0.9660000205039978,1,0.0,-0.49390894174575806,0.9589667320251465
191812,1985.347311,0.9660000205039978,1,0.0,-0.5009713172912598,0.9630281329154968
191832,1985.367309,0.9700000286102295,1,0.0,-0.5009713172912598,0.9630281329154968
191852,1985.387307,0.9700000286102295,1,0.0,-0.49810582399368286,0.9601626396179199
191872,1985.407308,0.9670000672340393,1,0.0,-0.49810582399368286,0.9601626396179199
191892,1985.427307,0.9670000672340393,1,0.0,-0.5102832317352295,0.9723400473594666
191912,1985.447308,0.9790000319480896,1,0.0,-0.5102832317352295,0.9723400473594666
191932,1985.467307,0.9790000319480896,1,0.0,-0.506509006023407,0.968565821647644
191952,1985.487305,0.9750000238418579,1,0.0,-0.506509006023407,0.968565821647644
191972,1985.507316,0.9750000238418579,1,0.0,-0.506509006023407,0.968565821647644
191992,1985.527303,0.9730000495910645,1,0.0,-0.5048720836639404,0.9669288992881775
192012,1985.547302,0.9730000495910645,1,0.0,-0.5048720836639404,0.9669288992881775
192032,1985.567309,0.9730000495910645,1,0.0,-0.5089699029922485,0.9710267186164856
192052,1985.587303,0.9730000495910645,1,0.0,-0.5089699029922485,0.9710267186164856
192072,1985.607323,0.9740000367164612,1,0.0,-0.506509006023407,0.9679276347160339
192092,1985.627306,0.9740000367164612,1,0.0,-0.506509006023407,0.9679276347160339
192112,1985.647303,0.9780000448226929,1,0.0,-0.506509006023407,0.972216010093689
192132,1985.667303,0.9780000448226929,1,0.0,-0.506509006023407,0.972216010093689
192152,1985.687301,0.9780000448226929,1,0.0,-0.5089699029922485,0.9770531058311462
192173,1985.707324,0.9830000400543213,1,0.0,-0.5089699029922485,0.9770531058311462
192192,1985.726301,0.9830000400543213,1,0.0,-0.5101591944694519,0.9785704612731934
192212,1985.746295,0.9830000400543213,1,0.0,-0.5101591944694519,0.9785704612731934
192232,1985.767300,0.9830000400543213,1,0.0,-0.5149962902069092,0.9785616993904114
192252,1985.786306,0.984000027179718,1,0.0,-0.5149962902069092,0.9785616993904114
192272,1985.807315,0.984000027179718,1,0.0,-0.5165048837661743,0.979028046131134
192292,1985.827294,0.984000027179718,1,0.0,-0.5165048837661743,0.979028046131134
192312,1985.846297,0.984000027179718,1,0.0,-0.5165048837661743,0.979028046131134
192332,1985.867304,0.9900000691413879,1,0.0,-0.5230732560157776,0.9851300716400146
192352,1985.886305,0.9900000691413879,1,0.0,-0.5230732560157776,0.9851300716400146
192372,1985.906292,0.9900000691413879,1,0.0,-0.5187114477157593,0.9807682633399963
192392,1985.926296,0.9860000610351562,1,0.0,-0.5187114477157593,0.9807682633399963
192412,1985.946294,0.9860000610351562,1,0.0,-0.5280765295028687,0.9901333451271057
192432,1985.967301,0.9950000643730164,1,0.0,-0.5280765295028687,0.9901333451271057
192452,1985.986301,0.9880000352859497,1,0.0,-0.520935595035553,0.98299241065979
192472,1986.006301,0.9880000352859497,1,0.0,-0.520935595035553,0.98299241065979
192492,1986.026296,0.9920000433921814,1,0.0,-0.5230732560157776,0.9861114025115967
192512,1986.046290,0.9920000433921814,1,0.0,-0.5230732560157776,0.9861114025115967
192532,1986.067302,0.9920000433921814,1,0.0,-0.5332936644554138,0.9953504800796509
192552,1986.086299,1.0010000467300415,1,0.0,-0.5332936644554138,0.9953504800796509
192572,1986.106293,1.0010000467300415,1,0.0,-0.5312974452972412,0.9933542609214783
192592,1986.126292,1.0,1,0.0,-0.5312974452972412,0.9933542609214783
192612,1986.146289,1.0,1,0.0,-0.5371286273002625,0.9991854429244995
192632,1986.166284,1.00600004196167,1,0.0,-0.5371286273002625,0.9991854429244995
192652,1986.186294,1.00600004196167,1,0.0,-0.5389930605888367,1.0010498762130737
192672,1986.206289,1.0080000162124634,1,0.0,-0.5389930605888367,1.0010498762130737
192692,1986.226292,1.0080000162124634,1,0.0,-0.5427950024604797,1.0048518180847168
192712,1986.246287,1.0130000114440918,1,0.0,-0.5427950024604797,1.0048518180847168
192732,1986.266287,1.0130000114440918,1,0.0,-0.5501092076301575,1.0121660232543945
192752,1986.286294,1.0200001001358032,1,0.0,-0.5501092076301575,1.0121660232543945
192772,1986.306323,1.0200001001358032,1,0.0,-0.5501092076301575,1.0121660232543945
192792,1986.326291,1.0170000791549683,1,0.0,-0.5464385151863098,1.0084953308105469
192812,1986.346283,1.0170000791549683,1,0.0,-0.5464385151863098,1.0084953308105469
192832,1986.366230,1.0250000953674316,1,0.0,-0.5538331866264343,1.0158900022506714
192852,1986.386236,1.0250000953674316,1,0.0,-0.5538331866264343,1.0158900022506714
192872,1986.406242,1.0250000953674316,1,0.0,-0.555789053440094,1.017845869064331
192892,1986.426266,1.027000069618225,1,0.0,-0.555789053440094,1.017845869064331
192912,1986.446251,1.0250000953674316,1,0.0,-0.5527303814888,1.014787197113037
192932,1986.466250,1.0250000953674316,1,0.0,-0.5527303814888,1.014787197113037
192952,1986.486256,1.0250000953674316,1,0.0,-0.5479704737663269,1.010027289390564
192972,1986.506247,1.0200001001358032,1,0.0,-0.5479704737663269,1.010027289390564
192992,1986.526249,1.0200001001358032,1,0.0,-0.5538331866264343,1.0161113739013672
193012,1986.546248,1.0200001001358032,1,0.0,-0.5538331866264343,1.0161113739013672
193032,1986.566246,1.0200001001358032,1,0.0,-0.5540545582771301,1.0232964754104614
193052,1986.586259,1.0200001001358032,1,0.0,-0.5540545582771301,1.0232964754104614
193072,1986.606245,1.0329999923706055,1,0.0,-0.5540545582771301,1.018526315689087
193092,1986.626250,1.027999997138977,1,0.0,-0.5540545582771301,1.018526315689087
193112,1986.646285,1.027999997138977,1,0.0,-0.5540545582771301,1.018526315689087
193132,1986.666247,1.0430001020431519,1,0.0,-0.570894181728363,1.0329509973526
193152,1986.686251,1.0430001020431519,1,0.0,-0.570894181728363,1.0329509973526
193172,1986.706242,1.0390000343322754,1,0.0,-0.5661728978157043,1.0282297134399414
193193,1986.726243,1.0390000343322754,1,0.0,-0.5661728978157043,1.0282297134399414
193212,1986.746242,1.0440000295639038,1,0.0,-0.5709118247032166,1.0329686403274536
193232,1986.766242,1.0440000295639038,1,0.0,-0.5709118247032166,1.0329686403274536
193252,1986.786247,1.0470000505447388,1,0.0,-0.5734488368034363,1.0355056524276733
193272,1986.806242,1.0470000505447388,1,0.0,-0.5734488368034363,1.0355056524276733
193292,1986.826244,1.0520000457763672,1,0.0,-0.5709118247032166,1.0398361682891846
193312,1986.845309,1.0520000457763672,1,0.0,-0.5709118247032166,1.0398361682891846
193332,1986.866285,1.0520000457763672,1,0.0,-0.5796938538551331,1.0417506694793701
193352,1986.886279,1.0520000457763672,1,0.0,-0.5796938538551331,1.0417506694793701
193372,1986.906270,1.0540000200271606,1,0.0,-0.5787782073020935,1.0408350229263306
193392,1986.926270,1.0520000457763672,1,0.0,-0.5787782073020935,1.0408350229263306
193412,1986.945270,1.0520000457763672,1,0.0,-0.5787782073020935,1.0408350229263306
193432,1986.966276,1.0500000715255737,1,0.0,-0.5770787596702576,1.0391355752944946
193452,1986.986276,1.0500000715255737,1,0.0,-0.5770787596702576,1.0391355752944946
193472,1987.005267,1.0500000715255737,1,0.0,-0.5773679614067078,1.0394247770309448
193492,1987.025277,1.0500000715255737,1,0.0,-0.5773679614067078,1.0394247770309448
193512,1987.046267,1.0500000715255737,1,0.0,-0.5787782073020935,1.0436925888061523
193532,1987.065300,1.0540000200271606,1,0.0,-0.5787782073020935,1.0436925888061523
193552,1987.085283,1.0490000247955322,1,0.0,-0.5773679614067078,1.0390788316726685
193572,1987.105281,1.0490000247955322,1,0.0,-0.5773679614067078,1.0390788316726685
193592,1987.125280,1.0490000247955322,1,0.0,-0.5773679614067078,1.0450571775436401
193612,1987.145284,1.0490000247955322,1,0.0,-0.5773679614067078,1.0450571775436401
193632,1987.165284,1.0540000200271606,1,0.0,-0.5816357731819153,1.0484188795089722
193652,1987.185280,1.0570000410079956,1,0.0,-0.5816357731819153,1.0484188795089722
193672,1987.205279,1.0570000410079956,1,0.0,-0.5894051194190979,1.051461935043335
193692,1987.225279,1.059000015258789,1,0.0,-0.5894051194190979,1.051461935043335
193712,1987.245277,1.059000015258789,1,0.0,-0.5865212082862854,1.0485780239105225
193732,1987.265286,1.055999994277954,1,0.0,-0.5865212082862854,1.0485780239105225
193752,1987.285285,1.055999994277954,1,0.0,-0.5865212082862854,1.0485780239105225
193772,1987.305277,1.0600000619888306,1,0.0,-0.5903241038322449,1.052380919456482
193792,1987.325275,1.0600000619888306,1,0.0,-0.5903241038322449,1.052380919456482
193812,1987.345276,1.0600000619888306,1,0.0,-0.5904515385627747,1.0525083541870117
193832,1987.365278,1.0600000619888306,1,0.0,-0.5904515385627747,1.0525083541870117
193852,1987.385277,1.058000087738037,1,0.0,-0.5894051194190979,1.0503802299499512
193872,1987.405278,1.058000087738037,1,0.0,-0.5894051194190979,1.0503802299499512
193892,1987.425274,1.058000087738037,1,0.0,-0.5901884436607361,1.0522452592849731
193912,1987.446274,1.0600000619888306,1,0.0,-0.5901884436607361,1.0522452592849731
193932,1987.466302,1.0600000619888306,1,0.0,-0.5987978577613831,1.0608546733856201
193952,1987.485275,1.069000005722046,1,0.0,-0.5987978577613831,1.0608546733856201
193972,1987.505276,1.069000005722046,1,0.0,-0.5896820425987244,1.0517388582229614
193992,1987.525271,1.069000005722046,1,0.0,-0.5896820425987244,1.0517388582229614
194012,1987.545271,1.0600000619888306,1,0.0,-0.5936617255210876,1.0557185411453247
194032,1987.565272,1.0640000104904175,1,0.0,-0.5936617255210876,1.0557185411453247
194053,1987.586264,1.0670000314712524,1,0.0,-0.5967475771903992,1.0588043928146362
194072,1987.605255,1.0670000314712524,1,0.0,-0.5967475771903992,1.0588043928146362
194092,1987.625253,1.0670000314712524,1,0.0,-0.5967475771903992,1.0588043928146362
194112,1987.645249,1.0670000314712524,1,0.0,-0.5962432026863098,1.0583000183105469
194132,1987.665254,1.0670000314712524,1,0.0,-0.5962432026863098,1.0583000183105469
194152,1987.685274,1.0850000381469727,1,0.0,-0.6139952540397644,1.0760520696640015
194173,1987.706253,1.0850000381469727,1,0.0,-0.6139952540397644,1.0760520696640015
194192,1987.725257,1.0850000381469727,1,0.0,-0.6045146584510803,1.0665714740753174
194212,1987.746250,1.0760000944137573,1,0.0,-0.6045146584510803,1.0665714740753174
194232,1987.765251,1.0789999961853027,1,0.0,-0.6073847413063049,1.069441556930542
194252,1987.785249,1.0789999961853027,1,0.0,-0.6073847413063049,1.069441556930542
194273,1987.806248,1.0770000219345093,1,0.0,-0.6051159501075745,1.0671727657318115
194292,1987.825253,1.0770000219345093,1,0.0,-0.6051159501075745,1.0671727657318115
194312,1987.845248,1.0770000219345093,1,0.0,-0.6181668639183044,1.0802236795425415
194332,1987.865246,1.090000033378601,1,0.0,-0.6181668639183044,1.0802236795425415
194352,1987.885261,1.090000033378601,1,0.0,-0.6092479825019836,1.0713047981262207
194373,1987.906245,1.0810000896453857,1,0.0,-0.6092479825019836,1.0713047981262207
194393,1987.926247,1.0880000591278076,1,0.0,-0.6157501339912415,1.0778069496154785
194412,1987.945266,1.0880000591278076,1,0.0,-0.6157501339912415,1.0778069496154785
194432,1987.965244,1.0880000591278076,1,0.0,-0.6157501339912415,1.0778069496154785
194452,1987.985244,1.0880000591278076,1,0.0,-0.6155690550804138,1.0776258707046509
194472,1988.005247,1.0880000591278076,1,0.0,-0.6155690550804138,1.0776258707046509
194492,1988.025256,1.0880000591278076,1,0.0,-0.6134466528892517,1.0755034685134888
194512,1988.045246,1.0860000848770142,1,0.0,-0.6134466528892517,1.0755034685134888
194532,1988.065241,1.096000075340271,1,0.0,-0.6226255297660828,1.0846823453903198
194552,1988.085241,1.096000075340271,1,0.0,-0.6226255297660828,1.0846823453903198
194572,1988.105249,1.096000075340271,1,0.0,-0.6282203793525696,1.0902771949768066
194592,1988.125248,1.1019999980926514,1,0.0,-0.6282203793525696,1.0902771949768066
194612,1988.145242,1.1019999980926514,1,0.0,-0.6232827305793762,1.0853395462036133
194632,1988.165246,1.097000002861023,1,0.0,-0.6232827305793762,1.0853395462036133
194652,1988.185240,1.097000002861023,1,0.0,-0.6303597092628479,1.092416524887085
194672,1988.205239,1.1040000915527344,1,0.0,-0.6303597092628479,1.092416524887085
194692,1988.225252,1.1040000915527344,1,0.0,-0.6293360590934753,1.0913928747177124
194712,1988.245240,1.1030000448226929,1,0.0,-0.6293360590934753,1.0913928747177124
194732,1988.265240,1.1030000448226929,1,0.0,-0.6291274428367615,1.0911842584609985
194752,1988.285238,1.1019999980926514,1,0.0,-0.6291274428367615,1.0911842584609985
194772,1988.305242,1.1019999980926514,1,0.0,-0.6291274428367615,1.0911842584609985
194792,1988.325253,1.0950000286102295,1,0.0,-0.6221036314964294,1.0841604471206665
194812,1988.345234,1.0950000286102295,1,0.0,-0.6221036314964294,1.0841604471206665
194832,1988.365241,1.0950000286102295,1,0.0,-0.6292130351066589,1.091269850730896
194852,1988.385241,1.0950000286102295,1,0.0,-0.6292130351066589,1.091269850730896
194872,1988.405238,1.1019999980926514,1,0.0,-0.6261430382728577,1.0881998538970947
194892,1988.425239,1.1019999980926514,1,0.0,-0.6261430382728577,1.0881998538970947
194912,1988.445234,1.1019999980926514,1,0.0,-0.6273381114006042,1.0893949270248413
194932,1988.465234,1.1019999980926514,1,0.0,-0.6273381114006042,1.0893949270248413
194952,1988.485232,1.1019999980926514,1,0.0,-0.6347737908363342,1.0968306064605713
194972,1988.504656,1.1019999980926514,1,0.0,-0.6347737908363342,1.0968306064605713
194992,1988.524665,1.1069999933242798,1,0.0,-0.6304319500923157,1.0924887657165527
195012,1988.544653,1.1019999980926514,1,0.0,-0.6304319500923157,1.0924887657165527
195032,1988.564654,1.1019999980926514,1,0.0,-0.6365063786506653,1.0985631942749023
195052,1988.584652,1.1080000400543213,1,0.0,-0.6365063786506653,1.0985631942749023
195072,1988.604651,1.1080000400543213,1,0.0,-0.6365063786506653,1.0985631942749023
195092,1988.624664,1.1080000400543213,1,0.0,-0.6293638348579407,1.0914206504821777
195112,1988.644655,1.1080000400543213,1,0.0,-0.6293638348579407,1.0914206504821777
195133,1988.665648,1.1069999933242798,1,0.0,-0.6347737908363342,1.0981900691986084
195152,1988.684650,1.1069999933242798,1,0.0,-0.6347737908363342,1.0981900691986084
195172,1988.704652,1.1069999933242798,1,0.0,-0.6350914835929871,1.0971482992172241
195192,1988.724666,1.1060000658035278,1,0.0,-0.6350914835929871,1.0971482992172241
195212,1988.744647,1.1060000658035278,1,0.0,-0.6361332535743713,1.103206992149353
195232,1988.765227,1.1120001077651978,1,0.0,-0.6361332535743713,1.103206992149353
195252,1988.784226,1.1120001077651978,1,0.0,-0.6361332535743713,1.099108099937439
195272,1988.804232,1.1080000400543213,1,0.0,-0.6361332535743713,1.099108099937439
195292,1988.824228,1.1080000400543213,1,0.0,-0.6370512843132019,1.0993455648422241
195312,1988.844225,1.1080000400543213,1,0.0,-0.6370512843132019,1.0993455648422241
195332,1988.864221,1.1080000400543213,1,0.0,-0.6370512843132019,1.0966020822525024
195353,1988.885222,1.1050000190734863,1,0.0,-0.6370512843132019,1.0966020822525024
195372,1988.904225,1.1050000190734863,1,0.0,-0.6493118405342102,1.1113686561584473
195392,1988.924240,1.1200000047683716,1,0.0,-0.6493118405342102,1.1113686561584473
195412,1988.944224,1.1200000047683716,1,0.0,-0.6493118405342102,1.1113686561584473
195432,1988.964222,1.121000051498413,1,0.0,-0.6505499482154846,1.1126067638397217
195452,1988.984222,1.121000051498413,1,0.0,-0.6505499482154846,1.1126067638397217
195473,1989.005237,1.1069999933242798,1,0.0,-0.6363517642021179,1.098408579826355
195492,1989.024231,1.1069999933242798,1,0.0,-0.6363517642021179,1.098408579826355
195513,1989.045221,1.1150000095367432,1,0.0,-0.6443150639533997,1.1063718795776367
195533,1989.065220,1.1150000095367432,1,0.0,-0.6443150639533997,1.1063718795776367
195552,1989.084219,1.1140000820159912,1,0.0,-0.6431259512901306,1.1051827669143677
195572,1989.104219,1.1140000820159912,1,0.0,-0.6431259512901306,1.1051827669143677
195592,1989.124234,1.1140000820159912,1,0.0,-0.6518712639808655,1.1139280796051025
195612,1989.145225,1.1140000820159912,1,0.0,-0.6518712639808655,1.1139280796051025
195632,1989.165214,1.1140000820159912,1,0.0,-0.6510701775550842,1.1131269931793213
195652,1989.184218,1.1140000820159912,1,0.0,-0.6510701775550842,1.1131269931793213
195672,1989.205216,1.1140000820159912,1,0.0,-0.6443150639533997,1.1053767204284668
195692,1989.224233,1.1140000820159912,1,0.0,-0.6443150639533997,1.1053767204284668
195713,1989.245219,1.1140000820159912,1,0.0,-0.6446707844734192,1.1067276000976562
195733,1989.265214,1.1150000095367432,1,0.0,-0.6446707844734192,1.1067276000976562
195753,1989.285217,1.1150000095367432,1,0.0,-0.6446707844734192,1.1067276000976562
195773,1989.305214,1.1190000772476196,1,0.0,-0.6484931111335754,1.1105499267578125
195793,1989.325250,1.1190000772476196,1,0.0,-0.6484931111335754,1.1105499267578125
195813,1989.345217,1.1220000982284546,1,0.0,-0.6484931111335754,1.1131179332733154
195833,1989.365218,1.1220000982284546,1,0.0,-0.6484931111335754,1.1131179332733154
195853,1989.385213,1.1220000982284546,1,0.0,-0.6458317637443542,1.1078885793685913
195873,1989.405213,1.1220000982284546,1,0.0,-0.6458317637443542,1.1078885793685913
195893,1989.425217,1.1200000047683716,1,0.0,-0.6484093070030212,1.1104661226272583
195913,1989.445211,1.1200000047683716,1,0.0,-0.6484093070030212,1.1104661226272583
195933,1989.465209,1.1200000047683716,1,0.0,-0.6484093070030212,1.1095155477523804
195953,1989.485213,1.1190000772476196,1,0.0,-0.6484093070030212,1.1095155477523804
195973,1989.505207,1.1160000562667847,1,0.0,-0.6474587321281433,1.1062816381454468
195993,1989.525258,1.1160000562667847,1,0.0,-0.6474587321281433,1.1062816381454468
196012,1989.545210,1.1160000562667847,1,0.0,-0.6474587321281433,1.1104224920272827
196033,1989.565208,1.1200000047683716,1,0.0,-0.6474587321281433,1.1104224920272827
196053,1989.585217,1.124000072479248,1,0.0,-0.6525556445121765,1.1146124601364136
196073,1989.604209,1.124000072479248,1,0.0,-0.6525556445121765,1.1146124601364136
196093,1989.624225,1.124000072479248,1,0.0,-0.6525556445121765,1.1146124601364136
196112,1989.644208,1.1290000677108765,1,0.0,-0.6573897004127502,1.1194465160369873
196132,1989.664203,1.1290000677108765,1,0.0,-0.6573897004127502,1.1194465160369873
196152,1989.684209,1.1290000677108765,1,0.0,-0.6591327786445618,1.1211895942687988
196172,1989.704206,1.13100004196167,1,0.0,-0.6591327786445618,1.1211895942687988
196192,1989.724228,1.13100004196167,1,0.0,-0.6583418250083923,1.1203986406326294
196212,1989.744241,1.1299999952316284,1,0.0,-0.6583418250083923,1.1203986406326294
196232,1989.764206,1.1299999952316284,1,0.0,-0.6583418250083923,1.1212764978408813
196252,1989.784209,1.13100004196167,1,0.0,-0.6583418250083923,1.1212764978408813
196272,1989.804204,1.13100004196167,1,0.0,-0.6633090376853943,1.1253658533096313
196292,1989.824202,1.13100004196167,1,0.0,-0.6633090376853943,1.1253658533096313
196312,1989.843205,1.13100004196167,1,0.0,-0.6539164185523987,1.1159732341766357
196332,1989.864200,1.13100004196167,1,0.0,-0.6539164185523987,1.1159732341766357
196352,1989.883207,1.13100004196167,1,0.0,-0.6557355523109436,1.1177923679351807
196372,1989.903207,1.13100004196167,1,0.0,-0.6557355523109436,1.1177923679351807
196392,1989.923214,1.127000093460083,1,0.0,-0.6556971669197083,1.1177539825439453
196412,1989.943229,1.127000093460083,1,0.0,-0.6556971669197083,1.1177539825439453
196432,1989.963198,1.127000093460083,1,0.0,-0.6556971669197083,1.1177539825439453
196452,1989.983200,1.127000093460083,1,0.0,-0.6588714718818665,1.1209282875061035
196472,1990.003209,1.127000093460083,1,0.0,-0.6588714718818665,1.1209282875061035
196492,1990.023200,1.127000093460083,1,0.0,-0.668146550655365,1.130203366279602
196512,1990.043200,1.127000093460083,1,0.0,-0.668146550655365,1.130203366279602
196532,1990.063197,1.1390000581741333,1,0.0,-0.6580857634544373,1.1201425790786743
196552,1990.083196,1.1390000581741333,1,0.0,-0.6580857634544373,1.1201425790786743
196572,1990.103207,1.127000093460083,1,0.0,-0.655902087688446,1.117958903312683
196592,1990.123192,1.127000093460083,1,0.0,-0.655902087688446,1.117958903312683
196612,1990.143255,1.127000093460083,1,0.0,-0.6518567204475403,1.1139135360717773
196632,1990.163195,1.127000093460083,1,0.0,-0.6518567204475403,1.1139135360717773
196652,1990.183192,1.127000093460083,1,0.0,-0.6514533162117004,1.1135101318359375
196672,1990.203201,1.1230000257492065,1,0.0,-0.6514533162117004,1.1135101318359375
196692,1990.223192,1.1230000257492065,1,0.0,-0.655902087688446,1.1223294734954834
196712,1990.243192,1.1230000257492065,1,0.0,-0.655902087688446,1.1223294734954834
196732,1990.263192,1.1320000886917114,1,0.0,-0.655902087688446,1.1264472007751465
196752,1990.283193,1.1360000371932983,1,0.0,-0.655902087688446,1.1264472007751465
196772,1990.303197,1.1360000371932983,1,0.0,-0.6602726578712463,1.1226462125778198
196792,1990.323195,1.1320000886917114,1,0.0,-0.6602726578712463,1.1226462125778198
196812,1990.343189,1.1320000886917114,1,0.0,-0.6602726578712463,1.117428183555603
196832,1990.363223,1.1320000886917114,1,0.0,-0.6602726578712463,1.117428183555603
196852,1990.383612,1.127000093460083,1,0.0,-0.6602726578712463,1.117428183555603
196872,1990.403614,1.1290000677108765,1,0.0,-0.6602726578712463,1.1197960376739502
196892,1990.423557,1.1290000677108765,1,0.0,-0.6602726578712463,1.1197960376739502
196912,1990.443554,1.1290000677108765,1,0.0,-0.6585866808891296,1.1206434965133667
196932,1990.463577,1.1290000677108765,1,0.0,-0.6585866808891296,1.1206434965133667
196952,1990.483576,1.1290000677108765,1,0.0,-0.6577392220497131,1.1197558641433716
196972,1990.503581,1.1290000677108765,1,0.0,-0.6577392220497131,1.1197558641433716
196992,1990.523611,1.1290000677108765,1,0.0,-0.6576990485191345,1.1196515560150146
197012,1990.543617,1.1290000677108765,1,0.0,-0.6576990485191345,1.1196515560150146
197032,1990.563633,1.1290000677108765,1,0.0,-0.6577392220497131,1.1229593753814697
197052,1990.583611,1.1290000677108765,1,0.0,-0.6577392220497131,1.1229593753814697
197072,1990.603614,1.1330000162124634,1,0.0,-0.6585866808891296,1.1231564283370972
197092,1990.623606,1.1330000162124634,1,0.0,-0.6585866808891296,1.1231564283370972
197112,1990.643606,1.1330000162124634,1,0.0,-0.6601431965827942,1.1222000122070312
197132,1990.663601,1.1330000162124634,1,0.0,-0.6601431965827942,1.1222000122070312
197152,1990.683602,1.1330000162124634,1,0.0,-0.6601431965827942,1.1222000122070312
197172,1990.703608,1.1330000162124634,1,0.0,-0.6605823636054993,1.1226391792297363
197192,1990.723601,1.1330000162124634,1,0.0,-0.6605823636054993,1.1226391792297363
197212,1990.742603,1.1330000162124634,1,0.0,-0.6605823636054993,1.1205973625183105
197232,1990.762626,1.1330000162124634,1,0.0,-0.6605823636054993,1.1205973625183105
197252,1990.783601,1.1330000162124634,1,0.0,-0.6605823636054993,1.1237517595291138
197272,1990.803604,1.1330000162124634,1,0.0,-0.6605823636054993,1.1237517595291138
197292,1990.822606,1.1330000162124634,1,0.0,-0.6601431965827942,1.1178261041641235
197312,1990.842601,1.1330000162124634,1,0.0,-0.6601431965827942,1.1178261041641235
197332,1990.862604,1.1330000162124634,1,0.0,-0.6605823636054993,1.1274394989013672
197352,1990.882600,1.1330000162124634,1,0.0,-0.6605823636054993,1.1274394989013672
197372,1990.902612,1.1330000162124634,1,0.0,-0.6616949439048767,1.124371886253357
197392,1990.922604,1.1330000162124634,1,0.0,-0.6616949439048767,1.124371886253357
197412,1990.942601,1.1330000162124634,1,0.0,-0.6616949439048767,1.1182631254196167
197432,1990.962625,1.1330000162124634,1,0.0,-0.6616949439048767,1.1182631254196167
197452,1990.982604,1.128000020980835,1,0.0,-0.6613790392875671,1.1234358549118042
197472,1991.002611,1.128000020980835,1,0.0,-0.6613790392875671,1.1234358549118042
197492,1991.022606,1.128000020980835,1,0.0,-0.6613790392875671,1.1234358549118042
197513,1991.043597,1.1360000371932983,1,0.0,-0.6623150706291199,1.1268056631088257
197532,1991.062595,1.1360000371932983,1,0.0,-0.6623150706291199,1.1268056631088257
197552,1991.082599,1.1360000371932983,1,0.0,-0.6616732478141785,1.1237300634384155
197573,1991.103599,1.1330000162124634,1,0.0,-0.6616732478141785,1.1237300634384155
197593,1991.123604,1.1340000629425049,1,0.0,-0.6616732478141785,1.1245007514953613
197612,1991.142596,1.1340000629425049,1,0.0,-0.6616732478141785,1.1245007514953613
197633,1991.164594,1.1340000629425049,1,0.0,-0.6624439358711243,1.1245477199554443
197652,1991.183220,1.1340000629425049,1,0.0,-0.6624439358711243,1.1245477199554443
197672,1991.203181,1.1340000629425049,1,0.0,-0.6624909043312073,1.1272120475769043
197692,1991.223169,1.1340000629425049,1,0.0,-0.6624909043312073,1.1272120475769043
197712,1991.243166,1.1370000839233398,1,0.0,-0.6624439358711243,1.1188172101974487
197732,1991.263166,1.1370000839233398,1,0.0,-0.6624439358711243,1.1188172101974487
197752,1991.283165,1.1370000839233398,1,0.0,-0.6624439358711243,1.1218146085739136
197772,1991.303178,1.1320000886917114,1,0.0,-0.6624439358711243,1.1218146085739136
197793,1991.323166,1.1299999952316284,1,0.0,-0.6597577929496765,1.119565486907959
197812,1991.343164,1.1299999952316284,1,0.0,-0.6597577929496765,1.119565486907959
197833,1991.363160,1.1350001096725464,1,0.0,-0.6597577929496765,1.1243752241134644
197853,1991.383623,1.1350001096725464,1,0.0,-0.6597577929496765,1.1243752241134644
197873,1991.403539,1.1350001096725464,1,0.0,-0.6597577929496765,1.1243752241134644
197892,1991.422549,1.1330000162124634,1,0.0,-0.6597577929496765,1.1228426694869995
197912,1991.442541,1.1330000162124634,1,0.0,-0.6597577929496765,1.1228426694869995
197932,1991.462547,1.1320000886917114,1,0.0,-0.6599072813987732,1.1219640970230103
197952,1991.482550,1.1320000886917114,1,0.0,-0.6599072813987732,1.1219640970230103
197972,1991.502552,1.1320000886917114,1,0.0,-0.6607858538627625,1.1251026391983032
197992,1991.522559,1.1320000886917114,1,0.0,-0.6607858538627625,1.1251026391983032
198012,1991.543135,1.1320000886917114,1,0.0,-0.6610273718833923,1.1230841875076294
198033,1991.563126,1.1330000162124634,1,0.0,-0.6610273718833923,1.1230841875076294
198053,1991.583156,1.1320000886917114,1,0.0,-0.6607858538627625,1.1216421127319336
198072,1991.603121,1.1320000886917114,1,0.0,-0.6607858538627625,1.1216421127319336
198092,1991.623130,1.1320000886917114,1,0.0,-0.6606511473655701,1.1227079629898071
198113,1991.643122,1.1330000162124634,1,0.0,-0.6606511473655701,1.1227079629898071
198132,1991.662121,1.1330000162124634,1,0.0,-0.6606511473655701,1.118621826171875
198152,1991.682118,1.1330000162124634,1,0.0,-0.6606511473655701,1.118621826171875
198172,1991.702119,1.1330000162124634,1,0.0,-0.6606511473655701,1.118621826171875
198192,1991.722122,1.1350001096725464,1,0.0,-0.6606511473655701,1.124692440032959
198212,1991.742122,1.1350001096725464,1,0.0,-0.6606511473655701,1.124692440032959
198232,1991.762122,1.1360000371932983,1,0.0,-0.6606511473655701,1.1261143684387207
198252,1991.782119,1.1360000371932983,1,0.0,-0.6606511473655701,1.1261143684387207
198272,1991.802119,1.1340000629425049,1,0.0,-0.662072479724884,1.124129295349121
198292,1991.822148,1.1340000629425049,1,0.0,-0.662072479724884,1.124129295349121
198312,1991.842155,1.13100004196167,1,0.0,-0.662072479724884,1.1211918592453003
198332,1991.862144,1.13100004196167,1,0.0,-0.662072479724884,1.1211918592453003
198352,1991.882147,1.13100004196167,1,0.0,-0.6626356244087219,1.124853253364563
198372,1991.902144,1.13100004196167,1,0.0,-0.6626356244087219,1.124853253364563
198392,1991.922146,1.13100004196167,1,0.0,-0.662072479724884,1.1204676628112793
198412,1991.942164,1.13100004196167,1,0.0,-0.662072479724884,1.1204676628112793
198432,1991.962568,1.13100004196167,1,0.0,-0.662072479724884,1.1263561248779297
198452,1991.982571,1.1370000839233398,1,0.0,-0.662072479724884,1.1263561248779297
198472,1992.002578,1.1370000839233398,1,0.0,-0.6591350436210632,1.120673418045044
198492,1992.022566,1.1370000839233398,1,0.0,-0.6591350436210632,1.120673418045044
198512,1992.042566,1.1370000839233398,1,0.0,-0.6595982909202576,1.1216551065444946
198532,1992.062565,1.1320000886917114,1,0.0,-0.6595982909202576,1.1216551065444946
198552,1992.082567,1.1320000886917114,1,0.0,-0.6595982909202576,1.1216551065444946
198572,1992.102567,1.1320000886917114,1,0.0,-0.6586166024208069,1.1158668994903564
198592,1992.122563,1.1320000886917114,1,0.0,-0.6586166024208069,1.1158668994903564
198612,1992.141562,1.1320000886917114,1,0.0,-0.6590855717658997,1.1211423873901367
198632,1992.161565,1.13100004196167,1,0.0,-0.6590855717658997,1.1211423873901367
198652,1992.182565,1.13100004196167,1,0.0,-0.6590855717658997,1.1218379735946655
198672,1992.201563,1.1320000886917114,1,0.0,-0.6590855717658997,1.1218379735946655
198692,1992.221572,1.1320000886917114,1,0.0,-0.6590855717658997,1.1204842329025269
198712,1992.241565,1.1320000886917114,1,0.0,-0.6590855717658997,1.1204842329025269
198732,1992.261538,1.1320000886917114,1,0.0,-0.6590855717658997,1.1225998401641846
198752,1992.281564,1.1320000886917114,1,0.0,-0.6590855717658997,1.1225998401641846
198772,1992.301560,1.1330000162124634,1,0.0,-0.6597811579704285,1.1233656406402588
198792,1992.321564,1.1330000162124634,1,0.0,-0.6597811579704285,1.1233656406402588
198812,1992.341560,1.1340000629425049,1,0.0,-0.6605430245399475,1.1257511377334595
198832,1992.361562,1.1360000371932983,1,0.0,-0.6605430245399475,1.1257511377334595
198852,1992.381560,1.1360000371932983,1,0.0,-0.6605430245399475,1.1208206415176392
198872,1992.401560,1.1360000371932983,1,0.0,-0.6605430245399475,1.1208206415176392
198892,1992.421558,1.1360000371932983,1,0.0,-0.6605430245399475,1.1150258779525757
198912,1992.441564,1.125,1,0.0,-0.6605430245399475,1.1150258779525757
198932,1992.461556,1.125,1,0.0,-0.6605430245399475,1.1150258779525757
198952,1992.481558,1.125,1,0.0,-0.6587638258934021,1.1195248365402222
198972,1992.501575,1.125,1,0.0,-0.6587638258934021,1.1195248365402222
198992,1992.521554,1.125,1,0.0,-0.6675751805305481,1.1296319961547852
199012,1992.541562,1.125,1,0.0,-0.6675751805305481,1.1296319961547852
199032,1992.561553,1.125,1,0.0,-0.6575993895530701,1.1196562051773071
199052,1992.581566,1.125,1,0.0,-0.6575993895530701,1.1196562051773071
199072,1992.601555,1.125,1,0.0,-0.6608249545097351,1.1228817701339722
199092,1992.621556,1.1320000886917114,1,0.0,-0.6608249545097351,1.1228817701339722
199112,1992.641559,1.1320000886917114,1,0.0,-0.6567036509513855,1.1187604665756226
199133,1992.662555,1.128000020980835,1,0.0,-0.6567036509513855,1.1187604665756226
199152,1992.681554,1.128000020980835,1,0.0,-0.6645960211753845,1.1266528367996216
199173,1992.702554,1.1360000371932983,1,0.0,-0.6645960211753845,1.1266528367996216
199192,1992.721555,1.1360000371932983,1,0.0,-0.6575993895530701,1.1179221868515015
199212,1992.741557,1.127000093460083,1,0.0,-0.6575993895530701,1.1179221868515015
199232,1992.761550,1.127000093460083,1,0.0,-0.6608249545097351,1.1241469383239746
199252,1992.781551,1.127000093460083,1,0.0,-0.6608249545097351,1.1241469383239746
199272,1992.801548,1.127000093460083,1,0.0,-0.6608249545097351,1.1241469383239746
199292,1992.821549,1.1330000162124634,1,0.0,-0.6567036509513855,1.1183058023452759
199312,1992.841557,1.1330000162124634,1,0.0,-0.6567036509513855,1.1183058023452759
199332,1992.861601,1.1330000162124634,1,0.0,-0.658949077129364,1.121005892753601
199353,1992.882549,1.1290000677108765,1,0.0,-0.658949077129364,1.121005892753601
199372,1992.901548,1.1290000677108765,1,0.0,-0.658949077129364,1.1230801343917847
199392,1992.921551,1.1290000677108765,1,0.0,-0.658949077129364,1.1230801343917847
199412,1992.941551,1.1290000677108765,1,0.0,-0.6600634455680847,1.1221202611923218
199432,1992.961545,1.1290000677108765,1,0.0,-0.6600634455680847,1.1221202611923218
199452,1992.981544,1.1299999952316284,1,0.0,-0.6600634455680847,1.1231616735458374
199472,1993.001545,1.13100004196167,1,0.0,-0.6600634455680847,1.1231616735458374
199492,1993.021547,1.13100004196167,1,0.0,-0.6610233187675476,1.1247830390930176
199512,1993.041545,1.13100004196167,1,0.0,-0.6610233187675476,1.1247830390930176
199532,1993.061555,1.13100004196167,1,0.0,-0.6611048579216003,1.124160647392273
199552,1993.081546,1.1320000886917114,1,0.0,-0.6611048579216003,1.124160647392273
199572,1993.101555,1.1320000886917114,1,0.0,-0.6621038317680359,1.125097393989563
199592,1993.121544,1.1330000162124634,1,0.0,-0.6621038317680359,1.125097393989563
199612,1993.141547,1.1330000162124634,1,0.0,-0.6621038317680359,1.125097393989563
199632,1993.161541,1.13100004196167,1,0.0,-0.6621038317680359,1.1232099533081055
199652,1993.181542,1.13100004196167,1,0.0,-0.6621038317680359,1.1232099533081055
199672,1993.201540,1.1260000467300415,1,0.0,-0.6621038317680359,1.1182101964950562
199692,1993.221537,1.1260000467300415,1,0.0,-0.6621038317680359,1.1182101964950562
199712,1993.241543,1.1260000467300415,1,0.0,-0.6611531376838684,1.1178909540176392
199732,1993.261538,1.1260000467300415,1,0.0,-0.6611531376838684,1.1178909540176392
199752,1993.281544,1.125,1,0.0,-0.6608672738075256,1.1229240894317627
199772,1993.301547,1.1299999952316284,1,0.0,-0.6608672738075256,1.1229240894317627
199792,1993.321538,1.1299999952316284,1,0.0,-0.657143771648407,1.119200587272644
199812,1993.341543,1.1299999952316284,1,0.0,-0.657143771648407,1.119200587272644
199832,1993.361536,1.1260000467300415,1,0.0,-0.657143771648407,1.121448040008545
199852,1993.381537,1.128000020980835,1,0.0,-0.657143771648407,1.121448040008545
199872,1993.401536,1.128000020980835,1,0.0,-0.6593912243843079,1.1262035369873047
199892,1993.421537,1.1330000162124634,1,0.0,-0.6593912243843079,1.1262035369873047
199912,1993.441537,1.1330000162124634,1,0.0,-0.6593912243843079,1.1201521158218384
199932,1993.461535,1.1330000162124634,1,0.0,-0.6593912243843079,1.1201521158218384
199952,1993.482146,1.127000093460083,1,0.0,-0.6580953001976013,1.1201286315917969
199972,1993.501120,1.127000093460083,1,0.0,-0.6580953001976013,1.1201286315917969
199992,1993.521127,1.127000093460083,1,0.0,-0.6580953001976013,1.1201286315917969
200012,1993.541149,1.127000093460083,1,0.0,-0.6593912243843079,1.1231610774993896
200032,1993.561116,1.1299999952316284,1,0.0,-0.6593912243843079,1.1231610774993896
200052,1993.581176,1.1230000257492065,1,0.0,-0.6580953001976013,1.1160141229629517
200072,1993.601119,1.1230000257492065,1,0.0,-0.6580953001976013,1.1160141229629517
200092,1993.621117,1.1230000257492065,1,0.0,-0.6580953001976013,1.1244479417800903
200112,1993.641116,1.13100004196167,1,0.0,-0.6580953001976013,1.1244479417800903
200132,1993.661112,1.124000072479248,1,0.0,-0.6580718159675598,1.1174222230911255
200152,1993.682132,1.124000072479248,1,0.0,-0.6580718159675598,1.1174222230911255
200173,1993.701113,1.1299999952316284,1,0.0,-0.6611042618751526,1.1236110925674438
200193,1993.721113,1.1299999952316284,1,0.0,-0.6611042618751526,1.1236110925674438
200213,1993.742113,1.1299999952316284,1,0.0,-0.6615542769432068,1.1236203908920288
200233,1993.761112,1.1299999952316284,1,0.0,-0.6615542769432068,1.1236203908920288
200252,1993.781114,1.1299999952316284,1,0.0,-0.6615542769432068,1.1211497783660889
200272,1993.801111,1.128000020980835,1,0.0,-0.6615542769432068,1.1211497783660889
200292,1993.821119,1.128000020980835,1,0.0,-0.6609528660774231,1.1230096817016602
200312,1993.841126,1.128000020980835,1,0.0,-0.6609528660774231,1.1230096817016602
200332,1993.862108,1.1299999952316284,1,0.0,-0.6609528660774231,1.1230096817016602
200353,1993.881109,1.1320000886917114,1,0.0,-0.6615542769432068,1.1252408027648926
200372,1993.901120,1.1320000886917114,1,0.0,-0.6615542769432068,1.1252408027648926
200392,1993.921108,1.1230000257492065,1,0.0,-0.6609528660774231,1.1168736219406128
200412,1993.941112,1.1230000257492065,1,0.0,-0.6609528660774231,1.1168736219406128
200432,1993.961104,1.1230000257492065,1,0.0,-0.6609528660774231,1.1258381605148315
200452,1993.981109,1.1230000257492065,1,0.0,-0.6609528660774231,1.1258381605148315
200472,1994.001104,1.1320000886917114,1,0.0,-0.6609528660774231,1.1189405918121338
200492,1994.021107,1.1320000886917114,1,0.0,-0.6609528660774231,1.1189405918121338
200512,1994.041122,1.1320000886917114,1,0.0,-0.6628808379173279,1.124937653541565
200532,1994.061107,1.1320000886917114,1,0.0,-0.6628808379173279,1.124937653541565
200552,1994.081106,1.1320000886917114,1,0.0,-0.6569012999534607,1.1189581155776978
200572,1994.101106,1.1320000886917114,1,0.0,-0.6569012999534607,1.1189581155776978
200592,1994.121111,1.125,1,0.0,-0.6625592112541199,1.124616026878357
200612,1994.141119,1.13100004196167,1,0.0,-0.6625592112541199,1.124616026878357
200632,1994.160098,1.13100004196167,1,0.0,-0.6569012999534607,1.1137933731079102
200652,1994.181105,1.1200000047683716,1,0.0,-0.6569012999534607,1.1137933731079102
200672,1994.200099,1.1200000047683716,1,0.0,-0.6615486741065979,1.123605489730835
200692,1994.220100,1.1299999952316284,1,0.0,-0.6615486741065979,1.123605489730835
200712,1994.240095,1.1299999952316284,1,0.0,-0.6615486741065979,1.123605489730835
200732,1994.260100,1.1299999952316284,1,0.0,-0.6586058735847473,1.1206626892089844
200752,1994.281099,1.127000093460083,1,0.0,-0.6586058735847473,1.1206626892089844
200772,1994.300114,1.127000093460083,1,0.0,-0.6606590151786804,1.1227158308029175
200792,1994.320116,1.127000093460083,1,0.0,-0.6606590151786804,1.1227158308029175
200812,1994.340121,1.1290000677108765,1,0.0,-0.6586058735847473,1.1190567016601562
200832,1994.360118,1.125,1,0.0,-0.6586058735847473,1.1190567016601562
200852,1994.381127,1.125,1,0.0,-0.6586058735847473,1.120013952255249
200872,1994.400125,1.1260000467300415,1,0.0,-0.6586058735847473,1.120013952255249
200892,1994.420116,1.128000020980835,1,0.0,-0.6586058735847473,1.1221048831939697
200912,1994.440111,1.128000020980835,1,0.0,-0.6586058735847473,1.1221048831939697
200932,1994.460120,1.128000020980835,1,0.0,-0.6580703854560852,1.1201272010803223
200952,1994.481122,1.1260000467300415,1,0.0,-0.6580703854560852,1.1201272010803223
200972,1994.500114,1.1260000467300415,1,0.0,-0.6580703854560852,1.126036524772644
200992,1994.520113,1.1320000886917114,1,0.0,-0.6580703854560852,1.126036524772644
201012,1994.540115,1.1320000886917114,1,0.0,-0.6580703854560852,1.1186976432800293
201032,1994.560117,1.125,1,0.0,-0.6580703854560852,1.1186976432800293
201052,1994.580114,1.125,1,0.0,-0.6580703854560852,1.1177564859390259
201072,1994.600568,1.125,1,0.0,-0.6580703854560852,1.1177564859390259
201092,1994.620512,1.125,1,0.0,-0.6566408276557922,1.117773175239563
201112,1994.640508,1.124000072479248,1,0.0,-0.6566408276557922,1.117773175239563
201132,1994.660505,1.124000072479248,1,0.0,-0.6566408276557922,1.117773175239563
201152,1994.680506,1.124000072479248,1,0.0,-0.6566408276557922,1.1227426528930664
201172,1994.700503,1.1290000677108765,1,0.0,-0.6566408276557922,1.1227426528930664
201192,1994.720534,1.1260000467300415,1,0.0,-0.6566408276557922,1.120231032371521
201212,1994.740504,1.1260000467300415,1,0.0,-0.6566408276557922,1.120231032371521
201232,1994.760503,1.1290000677108765,1,0.0,-0.6581742167472839,1.1231873035430908
201252,1994.780508,1.1290000677108765,1,0.0,-0.6581742167472839,1.1231873035430908
201272,1994.800504,1.128000020980835,1,0.0,-0.6601819396018982,1.1222387552261353
201292,1994.820511,1.128000020980835,1,0.0,-0.6601819396018982,1.1222387552261353
201312,1994.840499,1.128000020980835,1,0.0,-0.6606858372688293,1.12716805934906
201332,1994.860503,1.128000020980835,1,0.0,-0.6606858372688293,1.12716805934906
201352,1994.881501,1.1330000162124634,1,0.0,-0.6601819396018982,1.1146389245986938
201372,1994.900499,1.121000051498413,1,0.0,-0.6601819396018982,1.1146389245986938
201392,1994.920505,1.121000051498413,1,0.0,-0.6601819396018982,1.1194148063659668
201412,1994.940501,1.121000051498413,1,0.0,-0.6601819396018982,1.1194148063659668
201432,1994.959496,1.1260000467300415,1,0.0,-0.6601819396018982,1.1194148063659668
201452,1994.981502,1.1260000467300415,1,0.0,-0.6601819396018982,1.1265965700149536
201472,1994.999498,1.1330000162124634,1,0.0,-0.6601819396018982,1.1265965700149536
201492,1995.019498,1.1330000162124634,1,0.0,-0.6604300141334534,1.1224868297576904
201512,1995.040497,1.1330000162124634,1,0.0,-0.6604300141334534,1.1224868297576904
201532,1995.059498,1.1330000162124634,1,0.0,-0.6575495600700378,1.119606375694275
201552,1995.079499,1.1330000162124634,1,0.0,-0.6575495600700378,1.119606375694275
201572,1995.099494,1.1330000162124634,1,0.0,-0.6579707264900208,1.1200275421142578
201592,1995.119500,1.1260000467300415,1,0.0,-0.6579707264900208,1.1200275421142578
201612,1995.139495,1.1260000467300415,1,0.0,-0.6579707264900208,1.1170470714569092
201632,1995.159500,1.1260000467300415,1,0.0,-0.6579707264900208,1.1170470714569092
201652,1995.179516,1.1260000467300415,1,0.0,-0.6579707264900208,1.1230682134628296
201672,1995.199493,1.1260000467300415,1,0.0,-0.6579707264900208,1.1230682134628296
201692,1995.219489,1.1290000677108765,1,0.0,-0.6579707264900208,1.1251628398895264
201712,1995.239488,1.1290000677108765,1,0.0,-0.6579707264900208,1.1251628398895264
201732,1995.259490,1.1290000677108765,1,0.0,-0.6600671410560608,1.1221239566802979
201752,1995.279493,1.1290000677108765,1,0.0,-0.6600671410560608,1.1221239566802979
201772,1995.299491,1.1290000677108765,1,0.0,-0.6610113978385925,1.1247193813323975
201792,1995.319487,1.13100004196167,1,0.0,-0.6610113978385925,1.1247193813323975
201812,1995.339490,1.13100004196167,1,0.0,-0.6610113978385925,1.1198675632476807
201832,1995.359495,1.1260000467300415,1,0.0,-0.6610113978385925,1.1198675632476807
201852,1995.379493,1.1260000467300415,1,0.0,-0.6626625657081604,1.1266995668411255
201872,1995.399508,1.1260000467300415,1,0.0,-0.6626625657081604,1.1266995668411255
201892,1995.419502,1.1260000467300415,1,0.0,-0.6626625657081604,1.1266995668411255
201912,1995.439486,1.1260000467300415,1,0.0,-0.6618494391441345,1.1239062547683716
201932,1995.459484,1.1299999952316284,1,0.0,-0.6618494391441345,1.1239062547683716
201952,1995.479491,1.1299999952316284,1,0.0,-0.667323648929596,1.129380464553833
201972,1995.499486,1.1350001096725464,1,0.0,-0.667323648929596,1.129380464553833
201992,1995.519485,1.1350001096725464,1,0.0,-0.66634601354599,1.128402829170227
202012,1995.539485,1.1350001096725464,1,0.0,-0.66634601354599,1.128402829170227
202032,1995.559483,1.1350001096725464,1,0.0,-0.6662850975990295,1.1283419132232666
202052,1995.579499,1.1350001096725464,1,0.0,-0.6662850975990295,1.1283419132232666
202072,1995.599499,1.1340000629425049,1,0.0,-0.6643702387809753,1.1264270544052124
202092,1995.619487,1.1340000629425049,1,0.0,-0.6643702387809753,1.1264270544052124
202112,1995.639483,1.1320000886917114,1,0.0,-0.6662850975990295,1.12648344039917
202132,1995.659483,1.1320000886917114,1,0.0,-0.6662850975990295,1.12648344039917
202152,1995.679492,1.1320000886917114,1,0.0,-0.65922611951828,1.121282935142517
202172,1995.699482,1.1320000886917114,1,0.0,-0.65922611951828,1.121282935142517
202193,1995.720480,1.127000093460083,1,0.0,-0.6662312150001526,1.1282880306243896
202213,1995.740488,1.1340000629425049,1,0.0,-0.6662312150001526,1.1282880306243896
202233,1995.760477,1.1340000629425049,1,0.0,-0.6662312150001526,1.1282880306243896
202252,1995.779491,1.1340000629425049,1,0.0,-0.6693848967552185,1.1314417123794556
202272,1995.799481,1.1340000629425049,1,0.0,-0.6693848967552185,1.1314417123794556
202292,1995.819515,1.1340000629425049,1,0.0,-0.6652923226356506,1.1273491382598877
202312,1995.839479,1.1340000629425049,1,0.0,-0.6652923226356506,1.1273491382598877
202332,1995.859478,1.1370000839233398,1,0.0,-0.6698277592658997,1.1318845748901367
202352,1995.879486,1.1370000839233398,1,0.0,-0.6698277592658997,1.1318845748901367
202372,1995.899477,1.1370000839233398,1,0.0,-0.6569223999977112,1.1189792156219482
202392,1995.919479,1.124000072479248,1,0.0,-0.6569223999977112,1.1189792156219482
202413,1995.940476,1.1320000886917114,1,0.0,-0.6648411154747009,1.126897931098938
202433,1995.960476,1.1320000886917114,1,0.0,-0.6648411154747009,1.126897931098938
202452,1995.979485,1.1320000886917114,1,0.0,-0.6640964150428772,1.1261532306671143
202472,1995.999477,1.1320000886917114,1,0.0,-0.6640964150428772,1.1261532306671143
202492,1996.019470,1.13100004196167,1,0.0,-0.6656939387321472,1.1277507543563843
202512,1996.039478,1.13100004196167,1,0.0,-0.6656939387321472,1.1277507543563843
202532,1996.059472,1.13100004196167,1,0.0,-0.6568817496299744,1.1189385652542114
202552,1996.079483,1.13100004196167,1,0.0,-0.6568817496299744,1.1189385652542114
202572,1996.099472,1.13100004196167,1,0.0,-0.6568817496299744,1.1189385652542114
202592,1996.119469,1.13100004196167,1,0.0,-0.6598075032234192,1.1218643188476562
202612,1996.139469,1.127000093460083,1,0.0,-0.6598075032234192,1.1218643188476562
202632,1996.159475,1.127000093460083,1,0.0,-0.6550138592720032,1.1170706748962402
202652,1996.179480,1.1220000982284546,1,0.0,-0.6550138592720032,1.1170706748962402
202672,1996.199471,1.1220000982284546,1,0.0,-0.6562150120735168,1.118271827697754
202692,1996.219468,1.1230000257492065,1,0.0,-0.6562150120735168,1.118271827697754
202712,1996.239473,1.1230000257492065,1,0.0,-0.6562150120735168,1.1142520904541016
202732,1996.259469,1.1230000257492065,1,0.0,-0.6562150120735168,1.1142520904541016
202752,1996.279464,1.1190000772476196,1,0.0,-0.6562150120735168,1.1183106899261475
202772,1996.299465,1.1190000772476196,1,0.0,-0.6562150120735168,1.1183106899261475
202792,1996.319465,1.1190000772476196,1,0.0,-0.6550138592720032,1.115444540977478
202812,1996.339470,1.1200000047683716,1,0.0,-0.6550138592720032,1.115444540977478
202832,1996.359466,1.1200000047683716,1,0.0,-0.653387725353241,1.115085482597351
202852,1996.379467,1.1200000047683716,1,0.0,-0.653387725353241,1.115085482597351
202872,1996.399462,1.1200000047683716,1,0.0,-0.653028666973114,1.1119506359100342
202892,1996.419520,1.1170001029968262,1,0.0,-0.653028666973114,1.1119506359100342
202912,1996.439415,1.1170001029968262,1,0.0,-0.653028666973114,1.1119506359100342
202932,1996.459442,1.1150000095367432,1,0.0,-0.6480141282081604,1.1100709438323975
202952,1996.479426,1.1150000095367432,1,0.0,-0.6480141282081604,1.1100709438323975
202972,1996.499426,1.1150000095367432,1,0.0,-0.64705890417099,1.109115719795227
202992,1996.519430,1.1150000095367432,1,0.0,-0.64705890417099,1.109115719795227
203012,1996.539437,1.1120001077651978,1,0.0,-0.6454898715019226,1.1075466871261597
203032,1996.558434,1.1120001077651978,1,0.0,-0.6454898715019226,1.1075466871261597
203052,1996.578432,1.1120001077651978,1,0.0,-0.645379364490509,1.107436180114746
203072,1996.599425,1.1120001077651978,1,0.0,-0.645379364490509,1.107436180114746
203092,1996.619426,1.1120001077651978,1,0.0,-0.64705890417099,1.1104384660720825
203112,1996.638425,1.1150000095367432,1,0.0,-0.64705890417099,1.1104384660720825
203132,1996.659421,1.1150000095367432,1,0.0,-0.6393375992774963,1.1013944149017334
203152,1996.678424,1.1060000658035278,1,0.0,-0.6393375992774963,1.1013944149017334
203172,1996.698422,1.1060000658035278,1,0.0,-0.6339790225028992,1.0960358381271362
203192,1996.718420,1.1060000658035278,1,0.0,-0.6339790225028992,1.0960358381271362
203212,1996.739419,1.1060000658035278,1,0.0,-0.6341281533241272,1.0961849689483643
203232,1996.758417,1.1060000658035278,1,0.0,-0.6341281533241272,1.0961849689483643
203252,1996.778418,1.1060000658035278,1,0.0,-0.6341281533241272,1.0961849689483643
203272,1996.798417,1.1010000705718994,1,0.0,-0.6330267786979675,1.0950835943222046
203293,1996.819449,1.100000023841858,1,0.0,-0.6330267786979675,1.0950835943222046
203312,1996.838422,1.1010000705718994,1,0.0,-0.6339824795722961,1.0960392951965332
203332,1996.859009,1.1010000705718994,1,0.0,-0.6339824795722961,1.0960392951965332
203352,1996.879049,1.1010000705718994,1,0.0,-0.6339824795722961,1.1014653444290161
203372,1996.899041,1.1010000705718994,1,0.0,-0.6339824795722961,1.1014653444290161
203392,1996.919038,1.1010000705718994,1,0.0,-0.6294607520103455,1.0915175676345825
203412,1996.939038,1.096000075340271,1,0.0,-0.6294607520103455,1.0915175676345825
203432,1996.959036,1.096000075340271,1,0.0,-0.6372677683830261,1.0993245840072632
203452,1996.979034,1.096000075340271,1,0.0,-0.6372677683830261,1.0993245840072632
203472,1996.999036,1.1040000915527344,1,0.0,-0.623423159122467,1.085479974746704
203492,1997.019038,1.090000033378601,1,0.0,-0.623423159122467,1.085479974746704
203512,1997.039027,1.090000033378601,1,0.0,-0.6289066672325134,1.0909634828567505
203532,1997.058037,1.090000033378601,1,0.0,-0.6289066672325134,1.0909634828567505
203552,1997.079043,1.090000033378601,1,0.0,-0.6248243451118469,1.086881160736084
203572,1997.098036,1.090000033378601,1,0.0,-0.6248243451118469,1.086881160736084
203592,1997.118027,1.090000033378601,1,0.0,-0.6248243451118469,1.086881160736084
203612,1997.138034,1.090000033378601,1,0.0,-0.6228418946266174,1.0848987102508545
203632,1997.158043,1.090000033378601,1,0.0,-0.6228418946266174,1.0848987102508545
203652,1997.178029,1.090000033378601,1,0.0,-0.623423159122467,1.0849242210388184
203672,1997.198032,1.090000033378601,1,0.0,-0.623423159122467,1.0849242210388184
203692,1997.218030,1.0940001010894775,1,0.0,-0.6248243451118469,1.0888316631317139
203712,1997.238025,1.0940001010894775,1,0.0,-0.6248243451118469,1.0888316631317139
203732,1997.258030,1.0940001010894775,1,0.0,-0.6248243451118469,1.0871925354003906
203752,1997.278051,1.0920000076293945,1,0.0,-0.6248243451118469,1.0871925354003906
203772,1997.298028,1.0850000381469727,1,0.0,-0.6228674054145813,1.0803395509719849
203792,1997.318025,1.0850000381469727,1,0.0,-0.6228674054145813,1.0803395509719849
203812,1997.338027,1.0850000381469727,1,0.0,-0.6228674054145813,1.081295371055603
203832,1997.358036,1.0860000848770142,1,0.0,-0.6228674054145813,1.081295371055603
203852,1997.378030,1.0860000848770142,1,0.0,-0.6133142113685608,1.0753710269927979
203872,1997.398027,1.0800000429153442,1,0.0,-0.6133142113685608,1.0753710269927979
203892,1997.419026,1.0800000429153442,1,0.0,-0.6090628504753113,1.0711196660995483
203912,1997.438022,1.0800000429153442,1,0.0,-0.6090628504753113,1.0711196660995483
203932,1997.458025,1.0760000944137573,1,0.0,-0.6072149872779846,1.0692718029022217
203952,1997.478041,1.0760000944137573,1,0.0,-0.6072149872779846,1.0692718029022217
203972,1997.498026,1.0740000009536743,1,0.0,-0.6072149872779846,1.0692718029022217
203992,1997.518022,1.0740000009536743,1,0.0,-0.6134453415870667,1.0755021572113037
204012,1997.538021,1.0740000009536743,1,0.0,-0.6134453415870667,1.0755021572113037
204032,1997.558032,1.0740000009536743,1,0.0,-0.6090628504753113,1.0685514211654663
204052,1997.578052,1.0740000009536743,1,0.0,-0.6090628504753113,1.0685514211654663
204072,1997.598023,1.0740000009536743,1,0.0,-0.6090628504753113,1.0717535018920898
204092,1997.618021,1.0740000009536743,1,0.0,-0.6090628504753113,1.0717535018920898
204112,1997.638018,1.0760000944137573,1,0.0,-0.6096966862678528,1.0731207132339478
204132,1997.658025,1.0760000944137573,1,0.0,-0.6096966862678528,1.0731207132339478
204152,1997.678049,1.0760000944137573,1,0.0,-0.6096966862678528,1.0681662559509277
204173,1997.699021,1.0720000267028809,1,0.0,-0.6096966862678528,1.0681662559509277
204192,1997.719015,1.0640000104904175,1,0.0,-0.5980305075645447,1.0600873231887817
204213,1997.739021,1.0640000104904175,1,0.0,-0.5980305075645447,1.0600873231887817
204232,1997.758022,1.0640000104904175,1,0.0,-0.5916345715522766,1.0536913871765137
204252,1997.778020,1.0640000104904175,1,0.0,-0.5916345715522766,1.0536913871765137
204272,1997.798016,1.0640000104904175,1,0.0,-0.5996637940406799,1.061720609664917
204293,1997.819008,1.0660001039505005,1,0.0,-0.5996637940406799,1.061720609664917
204313,1997.839018,1.0660001039505005,1,0.0,-0.5996637940406799,1.061720609664917
204332,1997.859015,1.062000036239624,1,0.0,-0.5956733822822571,1.0577301979064941
204352,1997.878026,1.062000036239624,1,0.0,-0.5956733822822571,1.0577301979064941
204373,1997.899017,1.065000057220459,1,0.0,-0.5980305075645447,1.0606478452682495
204392,1997.918016,1.065000057220459,1,0.0,-0.5980305075645447,1.0606478452682495
204413,1997.939011,1.0570000410079956,1,0.0,-0.5956733822822571,1.0531343221664429
204433,1997.959017,1.0570000410079956,1,0.0,-0.5956733822822571,1.0531343221664429
204452,1997.978015,1.0570000410079956,1,0.0,-0.5956733822822571,1.0562193393707275
204472,1997.998015,1.0600000619888306,1,0.0,-0.5956733822822571,1.0562193393707275
204492,1998.018012,1.0600000619888306,1,0.0,-0.5862852931022644,1.0483421087265015
204512,1998.038009,1.0600000619888306,1,0.0,-0.5862852931022644,1.0483421087265015
204532,1998.058016,1.0520000457763672,1,0.0,-0.5843839049339294,1.0464407205581665
204552,1998.078012,1.0520000457763672,1,0.0,-0.5843839049339294,1.0464407205581665
204572,1998.098014,1.0500000715255737,1,0.0,-0.5862732529640198,1.0483300685882568
204592,1998.118009,1.0520000457763672,1,0.0,-0.5862732529640198,1.0483300685882568
204612,1998.137999,1.0520000457763672,1,0.0,-0.5849341750144958,1.046990990638733
204632,1998.158020,1.0509999990463257,1,0.0,-0.5849341750144958,1.046990990638733
204652,1998.178011,1.0509999990463257,1,0.0,-0.5849341750144958,1.046990990638733
204672,1998.198007,1.0430001020431519,1,0.0,-0.5770149827003479,1.039071798324585
204692,1998.218010,1.0430001020431519,1,0.0,-0.5770149827003479,1.039071798324585
204712,1998.237999,1.0430001020431519,1,0.0,-0.582091748714447,1.044148564338684
204732,1998.258013,1.0480000972747803,1,0.0,-0.582091748714447,1.044148564338684
204752,1998.277997,1.0480000972747803,1,0.0,-0.5741521716117859,1.036208987236023
204772,1998.298000,1.040000081062317,1,0.0,-0.5741521716117859,1.036208987236023
204792,1998.318015,1.040000081062317,1,0.0,-0.5670663714408875,1.0291231870651245
204812,1998.338008,1.0329999923706055,1,0.0,-0.5670663714408875,1.0291231870651245
204832,1998.358015,1.0329999923706055,1,0.0,-0.5664674639701843,1.0285242795944214
204852,1998.377999,1.0320000648498535,1,0.0,-0.5664674639701843,1.0285242795944214
204872,1998.398009,1.0320000648498535,1,0.0,-0.5665460228919983,1.0286028385162354
204892,1998.418004,1.0320000648498535,1,0.0,-0.5665460228919983,1.0286028385162354
204912,1998.437998,1.0320000648498535,1,0.0,-0.5576407313346863,1.0196975469589233
204932,1998.458015,1.0230000019073486,1,0.0,-0.5576407313346863,1.0196975469589233
204952,1998.478009,1.0230000019073486,1,0.0,-0.5565553307533264,1.0186121463775635
204972,1998.497996,1.0220000743865967,1,0.0,-0.5565553307533264,1.0186121463775635
204992,1998.517997,1.0220000743865967,1,0.0,-0.553477942943573,1.01553475856781
205012,1998.538012,1.0190000534057617,1,0.0,-0.553477942943573,1.01553475856781
205032,1998.557000,1.0190000534057617,1,0.0,-0.5539625287055969,1.016019344329834
205052,1998.578010,1.0200001001358032,1,0.0,-0.5539625287055969,1.016019344329834
205072,1998.598006,1.0200001001358032,1,0.0,-0.5539625287055969,1.016019344329834
205092,1998.617996,1.0200001001358032,1,0.0,-0.5500364899635315,1.0120933055877686
205112,1998.636999,1.0160000324249268,1,0.0,-0.5500364899635315,1.0120933055877686
205132,1998.656997,1.0090000629425049,1,0.0,-0.5428821444511414,1.0049389600753784
205152,1998.676992,1.0090000629425049,1,0.0,-0.5428821444511414,1.0049389600753784
205173,1998.697996,1.0120000839233398,1,0.0,-0.5457871556282043,1.0078439712524414
205192,1998.717995,1.0120000839233398,1,0.0,-0.5457871556282043,1.0078439712524414
205212,1998.737418,1.0090000629425049,1,0.0,-0.5429884791374207,1.0050452947616577
205232,1998.758421,1.0090000629425049,1,0.0,-0.5429884791374207,1.0050452947616577
205252,1998.777414,1.0090000629425049,1,0.0,-0.5457871556282043,1.008601427078247
205272,1998.797413,1.0090000629425049,1,0.0,-0.5457871556282043,1.008601427078247
205292,1998.817414,1.0130000114440918,1,0.0,-0.5334973335266113,0.9955541491508484
205313,1998.838411,1.0,1,0.0,-0.5334973335266113,0.9955541491508484
205332,1998.857434,1.0040000677108765,1,0.0,-0.5373219847679138,0.9993788003921509
205352,1998.877410,1.0040000677108765,1,0.0,-0.5373219847679138,0.9993788003921509
205372,1998.897409,1.0040000677108765,1,0.0,-0.5389270186424255,1.0009838342666626
205392,1998.917410,1.00600004196167,1,0.0,-0.5389270186424255,1.0009838342666626
205412,1998.937416,1.00600004196167,1,0.0,-0.5389270186424255,1.0009838342666626
205433,1998.957409,0.9940000176429749,1,0.0,-0.5271443128585815,0.9892011284828186
205452,1998.977414,0.9940000176429749,1,0.0,-0.5271443128585815,0.9892011284828186
205473,1998.997410,0.9950000643730164,1,0.0,-0.5334973335266113,0.9902397990226746
205492,1999.017406,0.9950000643730164,1,0.0,-0.5334973335266113,0.9902397990226746
205512,1999.037406,0.9950000643730164,1,0.0,-0.5293349623680115,0.9913917779922485
205533,1999.058409,0.9960000514984131,1,0.0,-0.5293349623680115,0.9913917779922485
205553,1999.078403,0.9930000305175781,1,0.0,-0.5281829833984375,0.988891065120697
205572,1999.097408,0.9930000305175781,1,0.0,-0.5281829833984375,0.988891065120697
205593,1999.117404,0.9940000176429749,1,0.0,-0.527836263179779,0.9898930788040161
205613,1999.138403,0.9940000176429749,1,0.0,-0.527836263179779,0.9898930788040161
205632,1999.157412,0.9940000176429749,1,0.0,-0.5159837603569031,0.9780405759811401
205653,1999.178403,0.9820000529289246,1,0.0,-0.5159837603569031,0.9780405759811401
205672,1999.197417,0.9820000529289246,1,0.0,-0.5252053737640381,0.9872621893882751
205693,1999.218401,0.9910000562667847,1,0.0,-0.5252053737640381,0.9872621893882751
205713,1999.238399,0.9830000400543213,1,0.0,-0.5168715715408325,0.9789283871650696
205732,1999.257408,0.9830000400543213,1,0.0,-0.5168715715408325,0.9789283871650696
205752,1999.277401,0.9830000400543213,1,0.0,-0.5168715715408325,0.9789283871650696
205772,1999.297402,0.9830000400543213,1,0.0,-0.5179117918014526,0.9799686074256897
205793,1999.318401,0.984000027179718,1,0.0,-0.5179117918014526,0.9799686074256897
205813,1999.338398,0.9760000705718994,1,0.0,-0.510087788105011,0.972144603729248
205833,1999.357412,0.9760000705718994,1,0.0,-0.510087788105011,0.972144603729248
205853,1999.378401,0.971000075340271,1,0.0,-0.5049761533737183,0.9670329689979553
205873,1999.398398,0.971000075340271,1,0.0,-0.5049761533737183,0.9670329689979553
205893,1999.417440,0.971000075340271,1,0.0,-0.5009363293647766,0.9629931449890137
205913,1999.438397,0.9670000672340393,1,0.0,-0.5009363293647766,0.9629931449890137
205933,1999.457399,0.9670000672340393,1,0.0,-0.5071694850921631,0.9692263007164001
205953,1999.477395,0.9670000672340393,1,0.0,-0.5071694850921631,0.9692263007164001
205973,1999.498397,0.9630000591278076,1,0.0,-0.49719417095184326,0.9592509865760803
205993,1999.517399,0.9630000591278076,1,0.0,-0.49719417095184326,0.9592509865760803
206013,1999.538403,0.9600000381469727,1,0.0,-0.49405962228775024,0.9561164379119873
206033,1999.558409,0.9600000381469727,1,0.0,-0.49405962228775024,0.9561164379119873
206053,1999.578403,0.9570000171661377,1,0.0,-0.49092352390289307,0.9529803395271301
206072,1999.597394,0.9570000171661377,1,0.0,-0.49092352390289307,0.9529803395271301
206093,1999.617392,0.9570000171661377,1,0.0,-0.49057233333587646,0.9526291489601135
206113,1999.638392,0.9570000171661377,1,0.0,-0.49057233333587646,0.9526291489601135
206133,1999.657398,0.9570000171661377,1,0.0,-0.49057233333587646,0.9526291489601135
206153,1999.677390,0.9520000219345093,1,0.0,-0.48555129766464233,0.9476081132888794
206172,1999.696405,0.9520000219345093,1,0.0,-0.48555129766464233,0.9476081132888794
206193,1999.718388,0.9510000348091125,1,0.0,-0.48459136486053467,0.9466481804847717
206213,1999.737391,0.9510000348091125,1,0.0,-0.48459136486053467,0.9466481804847717
206233,1999.757389,0.9480000734329224,1,0.0,-0.4818738102912903,0.9439306259155273
206252,1999.777390,0.9480000734329224,1,0.0,-0.4818738102912903,0.9439306259155273
206273,1999.797390,0.9480000734329224,1,0.0,-0.4775468707084656,0.9396036863327026
206293,1999.817392,0.9430000185966492,1,0.0,-0.4775468707084656,0.9396036863327026
206313,1999.837387,0.9430000185966492,1,0.0,-0.4776892066001892,0.9397460222244263
206332,1999.856388,0.9430000185966492,1,0.0,-0.4776892066001892,0.9397460222244263
206352,1999.876387,0.9430000185966492,1,0.0,-0.47394388914108276,0.9360007047653198
206372,1999.896387,0.9390000700950623,1,0.0,-0.47394388914108276,0.9360007047653198
206392,1999.915964,0.9390000700950623,1,0.0,-0.47507596015930176,0.9371327757835388
206412,1999.936967,0.940000057220459,1,0.0,-0.47507596015930176,0.9371327757835388
206432,1999.956985,0.940000057220459,1,0.0,-0.47507596015930176,0.9371327757835388
206452,1999.976387,0.940000057220459,1,0.0,-0.47507596015930176,0.9368825554847717
206472,1999.996387,0.940000057220459,1,0.0,-0.47507596015930176,0.9368825554847717
206492,2000.016387,0.940000057220459,1,0.0,-0.47482573986053467,0.9350023865699768
206512,2000.036388,0.940000057220459,1,0.0,-0.47482573986053467,0.9350023865699768
206532,2000.056384,0.9340000152587891,1,0.0,-0.4689454436302185,0.9310022592544556
206552,2000.076386,0.9340000152587891,1,0.0,-0.4689454436302185,0.9310022592544556
206572,2000.096385,0.9340000152587891,1,0.0,-0.4699361324310303,0.9319929480552673
206592,2000.116962,0.9350000619888306,1,0.0,-0.4699361324310303,0.9319929480552673
206612,2000.135973,0.9350000619888306,1,0.0,-0.45497041940689087,0.9170272350311279
206632,2000.155962,0.9200000166893005,1,0.0,-0.45497041940689087,0.9170272350311279
206652,2000.175966,0.9200000166893005,1,0.0,-0.456706166267395,0.9187629818916321
206672,2000.195965,0.9200000166893005,1,0.0,-0.456706166267395,0.9187629818916321
206692,2000.215960,0.9220000505447388,1,0.0,-0.4540098309516907,0.9160666465759277
206712,2000.235970,0.9190000295639038,1,0.0,-0.4540098309516907,0.9160666465759277
206732,2000.255961,0.9190000295639038,1,0.0,-0.45301133394241333,0.9150681495666504
206752,2000.275961,0.9180000424385071,1,0.0,-0.45301133394241333,0.9150681495666504
206772,2000.295960,0.9180000424385071,1,0.0,-0.4540098309516907,0.9138914942741394
206792,2000.315955,0.9170000553131104,1,0.0,-0.4540098309516907,0.9138914942741394
206812,2000.335961,0.9170000553131104,1,0.0,-0.443814754486084,0.905871570110321
206832,2000.355957,0.909000039100647,1,0.0,-0.443814754486084,0.905871570110321
206852,2000.375960,0.909000039100647,1,0.0,-0.43985646963119507,0.9019132852554321
206872,2000.395994,0.9050000309944153,1,0.0,-0.43985646963119507,0.9019132852554321
206892,2000.415957,0.9050000309944153,1,0.0,-0.43985646963119507,0.9019132852554321
206912,2000.435963,0.8970000147819519,1,0.0,-0.4314718246459961,0.8935286402702332
206932,2000.455954,0.8970000147819519,1,0.0,-0.4314718246459961,0.8935286402702332
206952,2000.475957,0.8990000486373901,1,0.0,-0.4335743188858032,0.8956311345100403
206972,2000.495954,0.8990000486373901,1,0.0,-0.4335743188858032,0.8956311345100403
206992,2000.515952,0.8990000486373901,1,0.0,-0.4337657690048218,0.8958225846290588
207012,2000.535962,0.8990000486373901,1,0.0,-0.4337657690048218,0.8958225846290588
207032,2000.555954,0.8980000615119934,1,0.0,-0.4327777624130249,0.894834578037262
207052,2000.575954,0.8980000615119934,1,0.0,-0.4327777624130249,0.894834578037262
207072,2000.595974,0.9010000228881836,1,0.0,-0.4335743188858032,0.8978138566017151
207092,2000.615956,0.9010000228881836,1,0.0,-0.4335743188858032,0.8978138566017151
207112,2000.635960,0.9010000228881836,1,0.0,-0.4335743188858032,0.8891463279724121
207132,2000.655952,0.8920000195503235,1,0.0,-0.4335743188858032,0.8891463279724121
207152,2000.675951,0.8920000195503235,1,0.0,-0.4327777624130249,0.8891689777374268
207173,2000.696948,0.8920000195503235,1,0.0,-0.4327777624130249,0.8891689777374268
207193,2000.716950,0.8940000534057617,1,0.0,-0.4291378855705261,0.8911947011947632
207212,2000.735967,0.8940000534057617,1,0.0,-0.4291378855705261,0.8911947011947632
207232,2000.755949,0.8940000534057617,1,0.0,-0.4271121621131897,0.8882890343666077
207252,2000.775948,0.8940000534057617,1,0.0,-0.4271121621131897,0.8882890343666077
207272,2000.795946,0.8910000324249268,1,0.0,-0.4271121621131897,0.8882890343666077
207292,2000.815977,0.8820000290870667,1,0.0,-0.4172309637069702,0.8792877793312073
207312,2000.835954,0.8820000290870667,1,0.0,-0.4172309637069702,0.8792877793312073
207332,2000.855941,0.8880000710487366,1,0.0,-0.423183798789978,0.8852406144142151
207352,2000.875944,0.8880000710487366,1,0.0,-0.423183798789978,0.8852406144142151
207372,2000.895949,0.8820000290870667,1,0.0,-0.4175076484680176,0.8795644640922546
207392,2000.915946,0.8820000290870667,1,0.0,-0.4175076484680176,0.8795644640922546
207412,2000.935951,0.8830000162124634,1,0.0,-0.4184139370918274,0.8804707527160645
207432,2000.955946,0.8830000162124634,1,0.0,-0.4184139370918274,0.8804707527160645
207452,2000.975943,0.878000020980835,1,0.0,-0.4175076484680176,0.8756834864616394
207473,2000.995946,0.878000020980835,1,0.0,-0.4175076484680176,0.8756834864616394
207492,2001.015967,0.878000020980835,1,0.0,-0.4175076484680176,0.8774355053901672
207512,2001.035949,0.8800000548362732,1,0.0,-0.4175076484680176,0.8774355053901672
207532,2001.055945,0.8800000548362732,1,0.0,-0.4153786897659302,0.8744197487831116
207552,2001.075944,0.8770000338554382,1,0.0,-0.4153786897659302,0.8744197487831116
207572,2001.095945,0.8770000338554382,1,0.0,-0.4053431749343872,0.8673999905586243
207592,2001.115938,0.8700000643730164,1,0.0,-0.4053431749343872,0.8673999905586243
207612,2001.135947,0.8700000643730164,1,0.0,-0.4053431749343872,0.8673999905586243
207632,2001.155938,0.8640000224113464,1,0.0,-0.3993750214576721,0.8614318370819092
207652,2001.175936,0.8640000224113464,1,0.0,-0.3993750214576721,0.8614318370819092
207672,2001.195937,0.8640000224113464,1,0.0,-0.40308845043182373,0.8651452660560608
207692,2001.215939,0.8680000305175781,1,0.0,-0.40308845043182373,0.8651452660560608
207712,2001.235365,0.8680000305175781,1,0.0,-0.39902055263519287,0.8610773682594299
207732,2001.255364,0.8680000305175781,1,0.0,-0.39902055263519287,0.8610773682594299
207752,2001.275356,0.8560000658035278,1,0.0,-0.39096587896347046,0.8530226945877075
207772,2001.295359,0.8560000658035278,1,0.0,-0.39096587896347046,0.8530226945877075
207792,2001.315357,0.8560000658035278,1,0.0,-0.3941342830657959,0.856191098690033
207812,2001.335362,0.859000027179718,1,0.0,-0.3941342830657959,0.856191098690033
207832,2001.355356,0.859000027179718,1,0.0,-0.39241474866867065,0.8544715642929077
207852,2001.375355,0.8570000529289246,1,0.0,-0.39241474866867065,0.8544715642929077
207872,2001.395356,0.8570000529289246,1,0.0,-0.3874015212059021,0.8494583368301392
207892,2001.415359,0.8520000576972961,1,0.0,-0.3874015212059021,0.8494583368301392
207912,2001.435353,0.8520000576972961,1,0.0,-0.39096587896347046,0.8514941334724426
207932,2001.455405,0.8540000319480896,1,0.0,-0.39096587896347046,0.8514941334724426
207952,2001.475330,0.8540000319480896,1,0.0,-0.3833298087120056,0.8453866243362427
207972,2001.495317,0.8480000495910645,1,0.0,-0.3833298087120056,0.8453866243362427
207992,2001.515316,0.8480000495910645,1,0.0,-0.3833298087120056,0.8453866243362427
208012,2001.535316,0.8480000495910645,1,0.0,-0.382987916469574,0.845044732093811
208032,2001.555899,0.8480000495910645,1,0.0,-0.382987916469574,0.845044732093811
208052,2001.574899,0.8450000286102295,1,0.0,-0.3800029754638672,0.8420597910881042
208072,2001.595295,0.8450000286102295,1,0.0,-0.3800029754638672,0.8420597910881042
208092,2001.614893,0.8450000286102295,1,0.0,-0.37797999382019043,0.8400368094444275
208112,2001.634895,0.843000054359436,1,0.0,-0.37797999382019043,0.8400368094444275
208132,2001.654899,0.843000054359436,1,0.0,-0.3800029754638672,0.8389805555343628
208152,2001.674891,0.843000054359436,1,0.0,-0.3800029754638672,0.8389805555343628
208172,2001.694892,0.843000054359436,1,0.0,-0.3731952905654907,0.8352521061897278
208193,2001.715872,0.8380000591278076,1,0.0,-0.3731952905654907,0.8352521061897278
208212,2001.735896,0.8340000510215759,1,0.0,-0.3689461946487427,0.8310030102729797
208233,2001.755891,0.8340000510215759,1,0.0,-0.3689461946487427,0.8310030102729797
208252,2001.774893,0.8340000510215759,1,0.0,-0.3669416904449463,0.8289985060691833
208273,2001.795925,0.8320000171661377,1,0.0,-0.3669416904449463,0.8289985060691833
208292,2001.814927,0.8320000171661377,1,0.0,-0.3669416904449463,0.8289985060691833
208312,2001.834922,0.8350000381469727,1,0.0,-0.370147168636322,0.8322039842605591
208332,2001.854924,0.8350000381469727,1,0.0,-0.370147168636322,0.8322039842605591
208352,2001.875922,0.8350000381469727,1,0.0,-0.3699849247932434,0.8320417404174805
208372,2001.895925,0.8350000381469727,1,0.0,-0.3699849247932434,0.8320417404174805
208392,2001.914922,0.8350000381469727,1,0.0,-0.36039668321609497,0.822453498840332
208412,2001.934930,0.8250000476837158,1,0.0,-0.36039668321609497,0.822453498840332
208432,2001.954922,0.8250000476837158,1,0.0,-0.3653467297554016,0.8274035453796387
208452,2001.974922,0.8300000429153442,1,0.0,-0.3653467297554016,0.8274035453796387
208472,2001.995922,0.8300000429153442,1,0.0,-0.3615345358848572,0.8235913515090942
208492,2002.014921,0.8260000348091125,1,0.0,-0.3615345358848572,0.8235913515090942
208512,2002.034918,0.8260000348091125,1,0.0,-0.36168599128723145,0.8237428069114685
208532,2002.054923,0.8260000348091125,1,0.0,-0.36168599128723145,0.8237428069114685
208552,2002.074927,0.8260000348091125,1,0.0,-0.36168599128723145,0.8297833800315857
208572,2002.096455,0.8260000348091125,1,0.0,-0.36168599128723145,0.8297833800315857
208592,2002.115339,0.8320000171661377,1,0.0,-0.36168599128723145,0.8297833800315857
208612,2002.135336,0.8290000557899475,1,0.0,-0.3648836612701416,0.8269404768943787
208632,2002.154337,0.8290000557899475,1,0.0,-0.3648836612701416,0.8269404768943787
208652,2002.175336,0.8260000348091125,1,0.0,-0.36168599128723145,0.8235253095626831
208672,2002.195338,0.8260000348091125,1,0.0,-0.36168599128723145,0.8235253095626831
208692,2002.215335,0.8190000653266907,1,0.0,-0.36168599128723145,0.8166786432266235
208712,2002.234333,0.8190000653266907,1,0.0,-0.36168599128723145,0.8166786432266235
208732,2002.254334,0.8190000653266907,1,0.0,-0.36146849393844604,0.8217051029205322
208752,2002.274337,0.8190000653266907,1,0.0,-0.36146849393844604,0.8217051029205322
208772,2002.295391,0.8240000605583191,1,0.0,-0.35964828729629517,0.8170480728149414
208792,2002.314335,0.8190000653266907,1,0.0,-0.35964828729629517,0.8170480728149414
208812,2002.334332,0.8190000653266907,1,0.0,-0.3518085479736328,0.8138653635978699
208832,2002.354334,0.8160000443458557,1,0.0,-0.3518085479736328,0.8138653635978699
208852,2002.374338,0.8160000443458557,1,0.0,-0.3504372835159302,0.8124940991401672
208872,2002.395332,0.815000057220459,1,0.0,-0.3504372835159302,0.8124940991401672
208892,2002.414335,0.815000057220459,1,0.0,-0.3504372835159302,0.8124940991401672
208912,2002.434331,0.815000057220459,1,0.0,-0.353368878364563,0.8154256939888
208932,2002.454330,0.8180000185966492,1,0.0,-0.353368878364563,0.8154256939888
208952,2002.474343,0.8180000185966492,1,0.0,-0.34841442108154297,0.81047123670578
208972,2002.495352,0.8130000233650208,1,0.0,-0.34841442108154297,0.81047123670578
208992,2002.514329,0.8130000233650208,1,0.0,-0.3504372835159302,0.8074136972427368
209012,2002.534371,0.8100000619888306,1,0.0,-0.3504372835159302,0.8074136972427368
209032,2002.554330,0.8100000619888306,1,0.0,-0.34841442108154297,0.8064752221107483
209052,2002.574361,0.8090000152587891,1,0.0,-0.34841442108154297,0.8064752221107483
209072,2002.595332,0.8090000152587891,1,0.0,-0.345552921295166,0.8076097369194031
209092,2002.614327,0.8100000619888306,1,0.0,-0.345552921295166,0.8076097369194031
209112,2002.634328,0.8100000619888306,1,0.0,-0.3425421118736267,0.8045989274978638
209132,2002.654324,0.8100000619888306,1,0.0,-0.3425421118736267,0.8045989274978638
209152,2002.674329,0.8100000619888306,1,0.0,-0.3425421118736267,0.8045989274978638
209172,2002.695369,0.8100000619888306,1,0.0,-0.3395376205444336,0.8015944361686707
209193,2002.715323,0.8040000200271606,1,0.0,-0.3395376205444336,0.8015944361686707
209212,2002.734324,0.8050000667572021,1,0.0,-0.34026092290878296,0.80231773853302
209232,2002.754324,0.8050000667572021,1,0.0,-0.34026092290878296,0.80231773853302
209252,2002.774327,0.8080000281333923,1,0.0,-0.343300998210907,0.805357813835144
209273,2002.795325,0.8080000281333923,1,0.0,-0.343300998210907,0.805357813835144
209292,2002.815319,0.8060000538825989,1,0.0,-0.3415287137031555,0.8035855293273926
209312,2002.835319,0.8060000538825989,1,0.0,-0.3415287137031555,0.8035855293273926
209333,2002.855321,0.8050000667572021,1,0.0,-0.34086495637893677,0.8029217720031738
209352,2002.874340,0.8050000667572021,1,0.0,-0.34086495637893677,0.8029217720031738
209372,2002.895321,0.8040000200271606,1,0.0,-0.34086495637893677,0.8019759654998779
209392,2002.915348,0.8040000200271606,1,0.0,-0.34086495637893677,0.8019759654998779
209412,2002.934317,0.8040000200271606,1,0.0,-0.34086495637893677,0.8019759654998779
209432,2002.954318,0.8060000538825989,1,0.0,-0.3415287137031555,0.8040885329246521
209452,2002.974322,0.8060000538825989,1,0.0,-0.3415287137031555,0.8040885329246521
209472,2002.994320,0.8060000538825989,1,0.0,-0.3415287137031555,0.8038175106048584
209492,2003.014315,0.8060000538825989,1,0.0,-0.3415287137031555,0.8038175106048584
209512,2003.034313,0.8060000538825989,1,0.0,-0.34176069498062134,0.8048211932182312
209532,2003.054313,0.8070000410079956,1,0.0,-0.34176069498062134,0.8048211932182312
209552,2003.074340,0.8070000410079956,1,0.0,-0.33365803956985474,0.7957148551940918
209572,2003.094315,0.7980000376701355,1,0.0,-0.33365803956985474,0.7957148551940918
209592,2003.114910,0.7980000376701355,1,0.0,-0.3335595726966858,0.7956163883209229
209612,2003.133895,0.7980000376701355,1,0.0,-0.3335595726966858,0.7956163883209229
209632,2003.153893,0.7980000376701355,1,0.0,-0.34380418062210083,0.8058609962463379
209652,2003.173920,0.8080000281333923,1,0.0,-0.34380418062210083,0.8058609962463379
209672,2003.194899,0.8080000281333923,1,0.0,-0.3449487090110779,0.8070055246353149
209692,2003.213889,0.8090000152587891,1,0.0,-0.3449487090110779,0.8070055246353149
209712,2003.233893,0.8090000152587891,1,0.0,-0.3449487090110779,0.8070055246353149
209732,2003.253887,0.8090000152587891,1,0.0,-0.341971755027771,0.8040285706520081
209752,2003.273890,0.8090000152587891,1,0.0,-0.341971755027771,0.8040285706520081
209772,2003.294899,0.8030000329017639,1,0.0,-0.3388305902481079,0.800887405872345
209792,2003.313964,0.8030000329017639,1,0.0,-0.3388305902481079,0.800887405872345
209812,2003.333888,0.8030000329017639,1,0.0,-0.341971755027771,0.8009668588638306
209832,2003.353903,0.8030000329017639,1,0.0,-0.341971755027771,0.8009668588638306
209852,2003.373888,0.8030000329017639,1,0.0,-0.341971755027771,0.8068540692329407
209872,2003.394897,0.8090000152587891,1,0.0,-0.341971755027771,0.8068540692329407
209892,2003.413886,0.8090000152587891,1,0.0,-0.3418869972229004,0.8039438128471375
209912,2003.433885,0.8060000538825989,1,0.0,-0.3418869972229004,0.8039438128471375
209932,2003.453897,0.8060000538825989,1,0.0,-0.3389100432395935,0.7991827726364136
209952,2003.473909,0.8010000586509705,1,0.0,-0.3389100432395935,0.7991827726364136
209972,2003.494893,0.8010000586509705,1,0.0,-0.34102076292037964,0.8030775785446167
209992,2003.513885,0.8050000667572021,1,0.0,-0.34102076292037964,0.8030775785446167
210012,2003.533899,0.8050000667572021,1,0.0,-0.34102076292037964,0.8030775785446167
210032,2003.553940,0.8020000457763672,1,0.0,-0.34102076292037964,0.8001112937927246
210052,2003.573881,0.8020000457763672,1,0.0,-0.34102076292037964,0.8001112937927246
210072,2003.594893,0.8020000457763672,1,0.0,-0.34102076292037964,0.8058624267578125
210092,2003.613886,0.8080000281333923,1,0.0,-0.34102076292037964,0.8058624267578125
210112,2003.633878,0.8080000281333923,1,0.0,-0.34102076292037964,0.8060826659202576
210132,2003.653879,0.8080000281333923,1,0.0,-0.34102076292037964,0.8060826659202576
210152,2003.673905,0.8080000281333923,1,0.0,-0.3420637845993042,0.8041206002235413
210172,2003.693878,0.8080000281333923,1,0.0,-0.3420637845993042,0.8041206002235413
210192,2003.713880,0.8080000281333923,1,0.0,-0.3420637845993042,0.802507221698761
210212,2003.733879,0.8080000281333923,1,0.0,-0.3420637845993042,0.802507221698761
210232,2003.753879,0.8080000281333923,1,0.0,-0.34380561113357544,0.8104875087738037
210252,2003.773891,0.8080000281333923,1,0.0,-0.34380561113357544,0.8104875087738037
210272,2003.793878,0.8080000281333923,1,0.0,-0.34380561113357544,0.8104875087738037
210292,2003.813873,0.8060000538825989,1,0.0,-0.3425053358078003,0.8045621514320374
210312,2003.833880,0.8060000538825989,1,0.0,-0.3425053358078003,0.8045621514320374
210332,2003.853876,0.8060000538825989,1,0.0,-0.3425053358078003,0.8102819919586182
210352,2003.873873,0.8060000538825989,1,0.0,-0.3425053358078003,0.8102819919586182
210372,2003.893874,0.8060000538825989,1,0.0,-0.3425053358078003,0.8022573590278625
210392,2003.913873,0.8060000538825989,1,0.0,-0.3425053358078003,0.8022573590278625
210412,2003.933876,0.8060000538825989,1,0.0,-0.3425053358078003,0.8032774925231934
210432,2003.953873,0.8060000538825989,1,0.0,-0.3425053358078003,0.8032774925231934
210452,2003.973877,0.8060000538825989,1,0.0,-0.3412206768989563,0.8025016188621521
210472,2003.993873,0.8060000538825989,1,0.0,-0.3412206768989563,0.8025016188621521
210492,2004.013886,0.8060000538825989,1,0.0,-0.3412206768989563,0.8055013418197632
210512,2004.033870,0.8060000538825989,1,0.0,-0.3412206768989563,0.8055013418197632
210532,2004.053875,0.8070000410079956,1,0.0,-0.3412206768989563,0.804419994354248
210552,2004.073883,0.8060000538825989,1,0.0,-0.3412206768989563,0.804419994354248
210572,2004.092874,0.8060000538825989,1,0.0,-0.3412206768989563,0.804419994354248
210592,2004.113868,0.8040000200271606,1,0.0,-0.3412206768989563,0.8024823069572449
210612,2004.133867,0.8040000200271606,1,0.0,-0.3412206768989563,0.8024823069572449
210632,2004.153868,0.8050000667572021,1,0.0,-0.34101295471191406,0.8030697703361511
210652,2004.173869,0.8050000667572021,1,0.0,-0.34101295471191406,0.8030697703361511
210672,2004.192882,0.8050000667572021,1,0.0,-0.342363178730011,0.8050393462181091
210692,2004.212867,0.8070000410079956,1,0.0,-0.342363178730011,0.8050393462181091
210712,2004.233866,0.8070000410079956,1,0.0,-0.34101295471191406,0.8030624389648438
210732,2004.252867,0.8070000410079956,1,0.0,-0.34101295471191406,0.8030624389648438
210752,2004.272866,0.8050000667572021,1,0.0,-0.34101295471191406,0.8073142766952515
210772,2004.292868,0.8090000152587891,1,0.0,-0.34101295471191406,0.8073142766952515
210792,2004.313284,0.8090000152587891,1,0.0,-0.34227561950683594,0.804332435131073
210812,2004.333283,0.8090000152587891,1,0.0,-0.34227561950683594,0.804332435131073
210832,2004.353285,0.8060000538825989,1,0.0,-0.34227561950683594,0.804332435131073
210852,2004.373289,0.8060000538825989,1,0.0,-0.34227561950683594,0.8022793531417847
210872,2004.393312,0.8060000538825989,1,0.0,-0.34227561950683594,0.8022793531417847
210892,2004.413286,0.8060000538825989,1,0.0,-0.3410056233406067,0.8012523055076599
210912,2004.433281,0.8060000538825989,1,0.0,-0.3410056233406067,0.8012523055076599
210932,2004.453282,0.8030000329017639,1,0.0,-0.3402225375175476,0.8008451461791992
210952,2004.473282,0.8030000329017639,1,0.0,-0.3402225375175476,0.8008451461791992
210972,2004.493285,0.8030000329017639,1,0.0,-0.3348467946052551,0.7969036102294922
210992,2004.513281,0.8030000329017639,1,0.0,-0.3348467946052551,0.7969036102294922
211012,2004.533278,0.7990000247955322,1,0.0,-0.3438270092010498,0.8058838248252869
211032,2004.553278,0.8080000281333923,1,0.0,-0.3438270092010498,0.8058838248252869
211052,2004.573279,0.8080000281333923,1,0.0,-0.341150164604187,0.8032069802284241
211072,2004.593284,0.8050000667572021,1,0.0,-0.341150164604187,0.8032069802284241
211092,2004.613286,0.8050000667572021,1,0.0,-0.3381311893463135,0.8001880049705505
211112,2004.633276,0.8020000457763672,1,0.0,-0.3381311893463135,0.8001880049705505
211132,2004.653277,0.8020000457763672,1,0.0,-0.3381311893463135,0.8001880049705505
211152,2004.673276,0.8030000329017639,1,0.0,-0.3390124440193176,0.8010692596435547
211173,2004.693278,0.8030000329017639,1,0.0,-0.3390124440193176,0.8010692596435547
211193,2004.713276,0.8010000586509705,1,0.0,-0.3390124440193176,0.7990632653236389
211212,2004.733274,0.8010000586509705,1,0.0,-0.3390124440193176,0.7990632653236389
211232,2004.753275,0.8010000586509705,1,0.0,-0.3381311893463135,0.7996655106544495
211252,2004.773272,0.8020000457763672,1,0.0,-0.3381311893463135,0.7996655106544495
211272,2004.793286,0.8020000457763672,1,0.0,-0.3381311893463135,0.8013781905174255
211292,2004.813281,0.8020000457763672,1,0.0,-0.3381311893463135,0.8013781905174255
211312,2004.833272,0.8040000200271606,1,0.0,-0.3333289623260498,0.7953857779502869
211332,2004.853269,0.7980000376701355,1,0.0,-0.3333289623260498,0.7953857779502869
211352,2004.873267,0.7980000376701355,1,0.0,-0.33353376388549805,0.7955905795097351
211372,2004.893274,0.7980000376701355,1,0.0,-0.33353376388549805,0.7955905795097351
211392,2004.913271,0.7980000376701355,1,0.0,-0.33353376388549805,0.7955905795097351
211412,2004.933268,0.8040000200271606,1,0.0,-0.33935391902923584,0.8014107346534729
211432,2004.953270,0.8040000200271606,1,0.0,-0.33935391902923584,0.8014107346534729
211452,2004.973269,0.8040000200271606,1,0.0,-0.3374292850494385,0.7994861006736755
211472,2004.993273,0.8020000457763672,1,0.0,-0.3374292850494385,0.7994861006736755
211492,2005.013307,0.8020000457763672,1,0.0,-0.3431239128112793,0.8051807284355164
211512,2005.033266,0.8020000457763672,1,0.0,-0.3431239128112793,0.8051807284355164
211532,2005.053270,0.8080000281333923,1,0.0,-0.3371468186378479,0.799203634262085
211552,2005.073269,0.8080000281333923,1,0.0,-0.3371468186378479,0.799203634262085
211572,2005.093272,0.8020000457763672,1,0.0,-0.3372710943222046,0.7993279099464417
211592,2005.112268,0.8020000457763672,1,0.0,-0.3372710943222046,0.7993279099464417
211612,2005.132263,0.8020000457763672,1,0.0,-0.3334636092185974,0.7955204248428345
211632,2005.152265,0.8020000457763672,1,0.0,-0.3334636092185974,0.7955204248428345
211652,2005.172264,0.8020000457763672,1,0.0,-0.33842748403549194,0.800484299659729
211672,2005.192264,0.8030000329017639,1,0.0,-0.33842748403549194,0.800484299659729
211692,2005.212266,0.8030000329017639,1,0.0,-0.33842748403549194,0.800484299659729
211712,2005.232265,0.8030000329017639,1,0.0,-0.3363158106803894,0.7983726263046265
211732,2005.252266,0.8030000329017639,1,0.0,-0.3363158106803894,0.7983726263046265
211752,2005.272263,0.7970000505447388,1,0.0,-0.33233678340911865,0.7943935990333557
211772,2005.292263,0.7970000505447388,1,0.0,-0.33233678340911865,0.7943935990333557
211792,2005.312260,0.7970000505447388,1,0.0,-0.3334636092185974,0.7930912375450134
211812,2005.332264,0.7970000505447388,1,0.0,-0.3334636092185974,0.7930912375450134
211832,2005.352260,0.796000063419342,1,0.0,-0.33399420976638794,0.796051025390625
211852,2005.372260,0.796000063419342,1,0.0,-0.33399420976638794,0.796051025390625
211872,2005.392259,0.796000063419342,1,0.0,-0.3339313268661499,0.795988142490387
211892,2005.412264,0.796000063419342,1,0.0,-0.3339313268661499,0.795988142490387
211912,2005.432276,0.7990000247955322,1,0.0,-0.33233678340911865,0.7932895421981812
211932,2005.452261,0.7990000247955322,1,0.0,-0.33233678340911865,0.7932895421981812
211952,2005.472255,0.7990000247955322,1,0.0,-0.3339313268661499,0.7962665557861328
211972,2005.492258,0.7990000247955322,1,0.0,-0.3339313268661499,0.7962665557861328
211992,2005.512258,0.7990000247955322,1,0.0,-0.3339313268661499,0.7962665557861328
212012,2005.532257,0.7990000247955322,1,0.0,-0.33399420976638794,0.7961638569831848
212032,2005.552266,0.7990000247955322,1,0.0,-0.33399420976638794,0.7961638569831848
212052,2005.572257,0.7990000247955322,1,0.0,-0.33410704135894775,0.7968978881835938
212072,2005.592257,0.7990000247955322,1,0.0,-0.33410704135894775,0.7968978881835938
212092,2005.612257,0.7990000247955322,1,0.0,-0.33410704135894775,0.7950083613395691
212112,2005.632261,0.7980000376701355,1,0.0,-0.33410704135894775,0.7950083613395691
212132,2005.652260,0.7980000376701355,1,0.0,-0.33410704135894775,0.795953094959259
212152,2005.672252,0.7980000376701355,1,0.0,-0.33410704135894775,0.795953094959259
212172,2005.692255,0.7980000376701355,1,0.0,-0.333896279335022,0.793957531452179
212192,2005.712254,0.7970000505447388,1,0.0,-0.333896279335022,0.793957531452179
212213,2005.733252,0.8010000586509705,1,0.0,-0.333896279335022,0.7984105944633484
212232,2005.752253,0.8010000586509705,1,0.0,-0.333896279335022,0.7984105944633484
212253,2005.773260,0.8010000586509705,1,0.0,-0.33295154571533203,0.79453444480896
212273,2005.793250,0.7970000505447388,1,0.0,-0.33295154571533203,0.79453444480896
212292,2005.812254,0.7970000505447388,1,0.0,-0.33295154571533203,0.79453444480896
212312,2005.832252,0.7970000505447388,1,0.0,-0.333896279335022,0.7995812892913818
212333,2005.853251,0.8020000457763672,1,0.0,-0.333896279335022,0.7995812892913818
212352,2005.872255,0.8020000457763672,1,0.0,-0.3324776291847229,0.7892783284187317
212372,2005.892254,0.7920000553131104,1,0.0,-0.3324776291847229,0.7892783284187317
212392,2005.912247,0.7920000553131104,1,0.0,-0.334244966506958,0.7963017821311951
212412,2005.932248,0.7920000553131104,1,0.0,-0.334244966506958,0.7963017821311951
212432,2005.952247,0.7920000553131104,1,0.0,-0.3324776291847229,0.7922137975692749
212452,2005.972249,0.7950000166893005,1,0.0,-0.3324776291847229,0.7922137975692749
212472,2005.992248,0.7950000166893005,1,0.0,-0.33015698194503784,0.7906047701835632
212492,2006.012250,0.7950000166893005,1,0.0,-0.33015698194503784,0.7906047701835632
212512,2006.032246,0.7930000424385071,1,0.0,-0.33015698194503784,0.7926003336906433
212532,2006.052252,0.7930000424385071,1,0.0,-0.33015698194503784,0.7926003336906433
212552,2006.072246,0.7950000166893005,1,0.0,-0.33015698194503784,0.7926003336906433
212572,2006.092252,0.7940000295639038,1,0.0,-0.33015698194503784,0.791558027267456
212592,2006.112245,0.7940000295639038,1,0.0,-0.33015698194503784,0.791558027267456
212612,2006.132243,0.7940000295639038,1,0.0,-0.33015698194503784,0.7956008315086365
212632,2006.152244,0.7980000376701355,1,0.0,-0.33015698194503784,0.7956008315086365
212652,2006.172243,0.7940000295639038,1,0.0,-0.329501211643219,0.7912262678146362
212672,2006.192244,0.7940000295639038,1,0.0,-0.329501211643219,0.7912262678146362
212692,2006.212240,0.7940000295639038,1,0.0,-0.3302012085914612,0.7922580242156982
212712,2006.232248,0.7950000166893005,1,0.0,-0.3302012085914612,0.7922580242156982
212732,2006.252241,0.7950000166893005,1,0.0,-0.3302012085914612,0.793353259563446
212752,2006.272243,0.796000063419342,1,0.0,-0.3302012085914612,0.793353259563446
212772,2006.292244,0.796000063419342,1,0.0,-0.331296443939209,0.7936721444129944
212792,2006.312239,0.796000063419342,1,0.0,-0.331296443939209,0.7936721444129944
212812,2006.332241,0.796000063419342,1,0.0,-0.3302012085914612,0.7915824055671692
212832,2006.352238,0.796000063419342,1,0.0,-0.3302012085914612,0.7915824055671692
212852,2006.372238,0.796000063419342,1,0.0,-0.3302012085914612,0.7915824055671692
212872,2006.392239,0.796000063419342,1,0.0,-0.3302012085914612,0.7896702885627747
212892,2006.412258,0.796000063419342,1,0.0,-0.3302012085914612,0.7896702885627747
212912,2006.432235,0.796000063419342,1,0.0,-0.33055245876312256,0.7926092743873596
212932,2006.452237,0.796000063419342,1,0.0,-0.33055245876312256,0.7926092743873596
212952,2006.472237,0.796000063419342,1,0.0,-0.32952558994293213,0.7884324789047241
212972,2006.491190,0.796000063419342,1,0.0,-0.32952558994293213,0.7884324789047241
212992,2006.512188,0.796000063419342,1,0.0,-0.32952558994293213,0.7932910919189453
213012,2006.532205,0.796000063419342,1,0.0,-0.32952558994293213,0.7932910919189453
213032,2006.552201,0.796000063419342,1,0.0,-0.3276134729385376,0.7884056568145752
213052,2006.572200,0.796000063419342,1,0.0,-0.3276134729385376,0.7884056568145752
213072,2006.592205,0.796000063419342,1,0.0,-0.33055245876312256,0.7966309785842896
213092,2006.612207,0.796000063419342,1,0.0,-0.33055245876312256,0.7966309785842896
213112,2006.632200,0.7990000247955322,1,0.0,-0.33055245876312256,0.7966309785842896
213132,2006.652197,0.7990000247955322,1,0.0,-0.33123427629470825,0.7947434782981873
213152,2006.671199,0.7990000247955322,1,0.0,-0.33123427629470825,0.7947434782981873
213172,2006.691237,0.7970000505447388,1,0.0,-0.3326866626739502,0.794782280921936
213192,2006.711235,0.7970000505447388,1,0.0,-0.3326866626739502,0.794782280921936
213212,2006.731229,0.7970000505447388,1,0.0,-0.3254969120025635,0.7875537276268005
213233,2006.752228,0.7900000214576721,1,0.0,-0.3254969120025635,0.7875537276268005
213253,2006.772229,0.7920000553131104,1,0.0,-0.32743388414382935,0.7894906997680664
213272,2006.791254,0.7920000553131104,1,0.0,-0.32743388414382935,0.7894906997680664
213292,2006.811229,0.7920000553131104,1,0.0,-0.32747000455856323,0.7895268201828003
213312,2006.831227,0.7920000553131104,1,0.0,-0.32747000455856323,0.7895268201828003
213332,2006.852224,0.7920000553131104,1,0.0,-0.32861727476119995,0.790674090385437
213353,2006.872225,0.7930000424385071,1,0.0,-0.32861727476119995,0.790674090385437
213373,2006.892231,0.7930000424385071,1,0.0,-0.32747000455856323,0.7906749844551086
213392,2006.912224,0.7930000424385071,1,0.0,-0.32747000455856323,0.7906749844551086
213412,2006.931226,0.7930000424385071,1,0.0,-0.32747000455856323,0.7906749844551086
213432,2006.951224,0.7930000424385071,1,0.0,-0.32747000455856323,0.7886781692504883
213452,2006.971226,0.7910000085830688,1,0.0,-0.32747000455856323,0.7886781692504883
213472,2006.991233,0.7910000085830688,1,0.0,-0.32861727476119995,0.791700005531311
213492,2007.011223,0.7910000085830688,1,0.0,-0.32861727476119995,0.791700005531311
213512,2007.031226,0.7910000085830688,1,0.0,-0.32861727476119995,0.7884026765823364
213532,2007.051221,0.7910000085830688,1,0.0,-0.32861727476119995,0.7884026765823364
213552,2007.071219,0.7910000085830688,1,0.0,-0.3286181688308716,0.7924652695655823
213572,2007.091223,0.7910000085830688,1,0.0,-0.3286181688308716,0.7924652695655823
213592,2007.111222,0.7910000085830688,1,0.0,-0.32940196990966797,0.791458785533905
213612,2007.131220,0.7940000295639038,1,0.0,-0.32940196990966797,0.791458785533905
213632,2007.151220,0.7940000295639038,1,0.0,-0.32940196990966797,0.7885270118713379
213652,2007.171218,0.7910000085830688,1,0.0,-0.32940196990966797,0.7885270118713379
213672,2007.191228,0.7910000085830688,1,0.0,-0.32647019624710083,0.7857289910316467
213692,2007.211219,0.7910000085830688,1,0.0,-0.32647019624710083,0.7857289910316467
213712,2007.231236,0.7910000085830688,1,0.0,-0.32647019624710083,0.7857289910316467
213732,2007.251224,0.7880000472068787,1,0.0,-0.32647019624710083,0.7876765131950378
213752,2007.271216,0.7900000214576721,1,0.0,-0.32647019624710083,0.7876765131950378
213772,2007.291229,0.7900000214576721,1,0.0,-0.3256196975708008,0.7866623997688293
213792,2007.311218,0.7900000214576721,1,0.0,-0.3256196975708008,0.7866623997688293
213812,2007.331215,0.7930000424385071,1,0.0,-0.3256196975708008,0.7904731035232544
213832,2007.351216,0.7930000424385071,1,0.0,-0.3256196975708008,0.7904731035232544
213852,2007.371214,0.7930000424385071,1,0.0,-0.3256196975708008,0.7904998660087585
213872,2007.391224,0.7930000424385071,1,0.0,-0.3256196975708008,0.7904998660087585
213892,2007.411215,0.7930000424385071,1,0.0,-0.32841628789901733,0.7905722260475159
213912,2007.431217,0.7930000424385071,1,0.0,-0.32841628789901733,0.7905722260475159
213932,2007.451219,0.7930000424385071,1,0.0,-0.32841628789901733,0.7889174818992615
213952,2007.471217,0.7910000085830688,1,0.0,-0.32841628789901733,0.7889174818992615
213972,2007.491226,0.7910000085830688,1,0.0,-0.32841628789901733,0.7889174818992615
213992,2007.511233,0.7930000424385071,1,0.0,-0.3284430503845215,0.790858805179596
214012,2007.531211,0.7930000424385071,1,0.0,-0.3284430503845215,0.790858805179596
214032,2007.551215,0.7870000600814819,1,0.0,-0.3284430503845215,0.784891664981842
214052,2007.571208,0.7870000600814819,1,0.0,-0.3284430503845215,0.784891664981842
214072,2007.591209,0.7850000262260437,1,0.0,-0.3268606662750244,0.7828811407089233
214092,2007.611208,0.7850000262260437,1,0.0,-0.3268606662750244,0.7828811407089233
214112,2007.631233,0.7850000262260437,1,0.0,-0.32351940870285034,0.7855762243270874
214132,2007.651208,0.7880000472068787,1,0.0,-0.32351940870285034,0.7855762243270874
214152,2007.671211,0.7880000472068787,1,0.0,-0.32351940870285034,0.7856558561325073
214172,2007.691221,0.7880000472068787,1,0.0,-0.32351940870285034,0.7856558561325073
214192,2007.711209,0.7880000472068787,1,0.0,-0.32351940870285034,0.7865725159645081
214213,2007.731208,0.7890000343322754,1,0.0,-0.32351940870285034,0.7865725159645081
214232,2007.751206,0.7890000343322754,1,0.0,-0.32351940870285034,0.7849248647689819
214253,2007.771206,0.7870000600814819,1,0.0,-0.32351940870285034,0.7849248647689819
214272,2007.791226,0.7870000600814819,1,0.0,-0.32351940870285034,0.7849248647689819
214293,2007.811205,0.7910000085830688,1,0.0,-0.32359904050827026,0.7889032363891602
214312,2007.831206,0.7910000085830688,1,0.0,-0.32359904050827026,0.7889032363891602
214333,2007.851201,0.7870000600814819,1,0.0,-0.32359904050827026,0.784905731678009
214352,2007.871199,0.7870000600814819,1,0.0,-0.32359904050827026,0.784905731678009
214372,2007.891210,0.7860000133514404,1,0.0,-0.3228680491447449,0.7835677266120911
214393,2007.911205,0.7860000133514404,1,0.0,-0.3228680491447449,0.7835677266120911
214412,2007.931273,0.7860000133514404,1,0.0,-0.322848916053772,0.784540593624115
214432,2007.950248,0.7870000600814819,1,0.0,-0.322848916053772,0.784540593624115
214452,2007.970202,0.7870000600814819,1,0.0,-0.32253700494766235,0.7845938205718994
214472,2007.990201,0.7870000600814819,1,0.0,-0.32253700494766235,0.7845938205718994
214492,2008.010205,0.7870000600814819,1,0.0,-0.32253700494766235,0.7879362106323242
214512,2008.030197,0.7900000214576721,1,0.0,-0.32253700494766235,0.7879362106323242
214532,2008.050198,0.7900000214576721,1,0.0,-0.32253700494766235,0.7879362106323242
214552,2008.070199,0.7900000214576721,1,0.0,-0.32253700494766235,0.7870191931724548
214572,2008.090193,0.7890000343322754,1,0.0,-0.32253700494766235,0.7870191931724548
214592,2008.110193,0.7850000262260437,1,0.0,-0.32253700494766235,0.7831448316574097
214612,2008.130228,0.7850000262260437,1,0.0,-0.32253700494766235,0.7831448316574097
214632,2008.150199,0.7930000424385071,1,0.0,-0.3249623775482178,0.7912846803665161
214652,2008.170198,0.7930000424385071,1,0.0,-0.3249623775482178,0.7912846803665161
214672,2008.190195,0.7930000424385071,1,0.0,-0.32587939500808716,0.7930737137794495
214692,2008.210214,0.7930000424385071,1,0.0,-0.32587939500808716,0.7930737137794495
214712,2008.230194,0.7950000166893005,1,0.0,-0.32899010181427,0.7910469174385071
214732,2008.250195,0.7930000424385071,1,0.0,-0.32899010181427,0.7910469174385071
214752,2008.270190,0.7930000424385071,1,0.0,-0.3290305733680725,0.7910873889923096
214772,2008.290189,0.7930000424385071,1,0.0,-0.3290305733680725,0.7910873889923096
214792,2008.310190,0.7930000424385071,1,0.0,-0.3290305733680725,0.7904009819030762
214812,2008.330192,0.7930000424385071,1,0.0,-0.3290305733680725,0.7904009819030762
214832,2008.350212,0.7920000553131104,1,0.0,-0.3290305733680725,0.7904009819030762
214852,2008.370190,0.7920000553131104,1,0.0,-0.3290305733680725,0.7943947911262512
214872,2008.390189,0.7920000553131104,1,0.0,-0.3290305733680725,0.7943947911262512
214892,2008.410193,0.7920000553131104,1,0.0,-0.3290305733680725,0.794422447681427
214912,2008.430189,0.7920000553131104,1,0.0,-0.3290305733680725,0.794422447681427
214932,2008.450188,0.7920000553131104,1,0.0,-0.33705639839172363,0.7991132140159607
214952,2008.470191,0.7920000553131104,1,0.0,-0.33705639839172363,0.7991132140159607
214972,2008.490183,0.8010000586509705,1,0.0,-0.3270469903945923,0.7891038060188293
214992,2008.510189,0.7910000085830688,1,0.0,-0.3270469903945923,0.7891038060188293
215012,2008.530187,0.7910000085830688,1,0.0,-0.33102595806121826,0.7930827736854553
215032,2008.550202,0.7910000085830688,1,0.0,-0.33102595806121826,0.7930827736854553
215052,2008.570192,0.7950000166893005,1,0.0,-0.33633798360824585,0.7983947992324829
215072,2008.590191,0.7950000166893005,1,0.0,-0.33633798360824585,0.7983947992324829
215092,2008.610182,0.7950000166893005,1,0.0,-0.33633798360824585,0.7983947992324829
215112,2008.630181,0.7950000166893005,1,0.0,-0.33942049741744995,0.801477313041687
215132,2008.650180,0.8030000329017639,1,0.0,-0.33942049741744995,0.801477313041687
215152,2008.670180,0.7950000166893005,1,0.0,-0.3315184712409973,0.7935752868652344
215172,2008.690179,0.7950000166893005,1,0.0,-0.3315184712409973,0.7935752868652344
215192,2008.710181,0.7980000376701355,1,0.0,-0.334277868270874,0.7963346838951111
215212,2008.730180,0.7980000376701355,1,0.0,-0.334277868270874,0.7963346838951111
215232,2008.750178,0.7980000376701355,1,0.0,-0.334277868270874,0.793465793132782
215253,2008.771186,0.7950000166893005,1,0.0,-0.334277868270874,0.793465793132782
215272,2008.790178,0.800000011920929,1,0.0,-0.334277868270874,0.7983667254447937
215292,2008.810202,0.800000011920929,1,0.0,-0.334277868270874,0.7983667254447937
215312,2008.830181,0.796000063419342,1,0.0,-0.33210718631744385,0.7941640019416809
215332,2008.851178,0.796000063419342,1,0.0,-0.33210718631744385,0.7941640019416809
215353,2008.871176,0.796000063419342,1,0.0,-0.334277868270874,0.7984022498130798
215372,2008.890176,0.796000063419342,1,0.0,-0.334277868270874,0.7984022498130798
215392,2008.910180,0.800000011920929,1,0.0,-0.334277868270874,0.7984022498130798
