cf_timestamp_ms,host_monotonic_s,sensorFilter.surfN,sensorFilter.surfBaroD,sensorFilter.surfCandInn,sensorFilter.surfState,sensorFilter.surfReason
183754,1977.294912,5,-0.20778656005859375,188.7190399169922,1,3
183774,1977.314909,5,-0.20778656005859375,188.7190399169922,1,3
183794,1977.334909,5,-0.20778656005859375,188.7190399169922,1,3
183814,1977.354908,5,-0.19684982299804688,188.0203857421875,1,3
183834,1977.374925,5,-0.19684982299804688,188.0203857421875,1,3
183854,1977.394908,5,-0.18591690063476562,185.92552185058594,1,3
183874,1977.414903,5,-0.18591690063476562,185.92552185058594,1,3
183894,1977.434907,5,-0.23512649536132812,186.0359649658203,1,3
183914,1977.454900,5,-0.23512649536132812,186.0359649658203,1,3
183934,1977.474940,5,-0.26793670654296875,185.39015197753906,1,3
183954,1977.494906,5,-0.26793670654296875,185.39015197753906,1,3
183974,1977.514901,5,-0.153106689453125,184.47442626953125,1,3
183994,1977.534899,5,-0.153106689453125,184.47442626953125,1,3
184014,1977.554900,5,-0.22965621948242188,183.763671875,1,3
184034,1977.574905,5,-0.22965621948242188,183.763671875,1,3
184054,1977.594902,5,-0.25699615478515625,183.58851623535156,1,3
184074,1977.614899,5,-0.25699615478515625,183.58851623535156,1,3
184094,1977.634897,5,-0.25699615478515625,183.58851623535156,1,3
184114,1977.654900,5,-0.23512649536132812,183.6480255126953,1,3
184134,1977.674974,5,-0.23512649536132812,183.6480255126953,1,3
184154,1977.694902,5,-0.3390159606933594,182.34494018554688,1,3
184174,1977.714895,5,-0.3390159606933594,182.34494018554688,1,3
184194,1977.734896,5,-0.24605941772460938,180.0140838623047,1,3
184214,1977.754896,5,-0.24605941772460938,180.0140838623047,1,3
184234,1977.774915,5,-0.3499565124511719,180.53427124023438,1,3
184254,1977.793898,5,-0.3499565124511719,180.53427124023438,1,3
184274,1977.813895,5,-0.3335533142089844,179.82781982421875,1,3
184294,1977.833893,5,-0.3335533142089844,179.82781982421875,1,3
184314,1977.854896,5,-0.2734031677246094,179.7786102294922,1,3
184334,1977.873893,5,-0.2734031677246094,179.7786102294922,1,3
184354,1977.893894,5,-0.36089324951171875,178.64891052246094,1,3
184374,1977.913897,5,-0.36089324951171875,178.64891052246094,1,3
184394,1977.933894,5,-0.31714630126953125,178.2568359375,1,3
184414,1977.954897,5,-0.31714630126953125,178.2568359375,1,3
184434,1977.973892,5,-0.2898063659667969,178.1649627685547,1,3
184454,1977.993891,5,-0.2898063659667969,178.1649627685547,1,3
184474,1978.013891,5,-0.25699615478515625,177.2714385986328,1,3
184494,1978.033888,5,-0.25699615478515625,177.2714385986328,1,3
184514,1978.054891,5,-0.25699615478515625,177.2714385986328,1,3
184534,1978.073912,5,-0.24059677124023438,176.21090698242188,1,3
184554,1978.093924,5,-0.24059677124023438,176.21090698242188,1,3
184574,1978.113888,5,-0.26793670654296875,175.99986267089844,1,3
184594,1978.133887,5,-0.26793670654296875,175.99986267089844,1,3
184614,1978.154888,5,-0.3226165771484375,175.6375274658203,1,3
184634,1978.173901,5,-0.3226165771484375,175.6375274658203,1,3
184654,1978.193888,5,-0.15857696533203125,173.60426330566406,1,3
184674,1978.213884,5,-0.15857696533203125,173.60426330566406,1,3
184694,1978.233886,5,-0.18044662475585938,173.49688720703125,1,3
184714,1978.254889,5,-0.18044662475585938,173.49688720703125,1,3
184734,1978.273888,5,-0.2624664306640625,172.90162658691406,1,3
184754,1978.293885,5,-0.2624664306640625,172.90162658691406,1,3
184774,1978.313920,5,-0.2898063659667969,172.29603576660156,1,3
184794,1978.333889,5,-0.2898063659667969,172.29603576660156,1,3
184814,1978.354886,5,-0.2624664306640625,172.02955627441406,1,3
184834,1978.373902,5,-0.2624664306640625,172.02955627441406,1,3
184854,1978.394884,5,-0.3335533142089844,171.40167236328125,1,3
184874,1978.413881,5,-0.3335533142089844,171.40167236328125,1,3
184894,1978.433887,5,-0.31714630126953125,170.49969482421875,1,3
184914,1978.454882,5,-0.31714630126953125,170.49969482421875,1,3
184934,1978.473878,5,-0.31714630126953125,170.49969482421875,1,3
184954,1978.493907,5,-0.2624664306640625,170.38467407226562,1,3
184974,1978.513878,5,-0.2624664306640625,170.38467407226562,1,3
184994,1978.533886,5,-0.2624664306640625,168.5019989013672,1,3
185014,1978.554885,5,-0.2624664306640625,168.5019989013672,1,3
185034,1978.573897,5,-0.23512649536132812,168.25619506835938,1,3
185054,1978.594876,5,-0.23512649536132812,168.25619506835938,1,3
185074,1978.613874,5,-0.218719482421875,167.03463745117188,1,3
185094,1978.633879,5,-0.218719482421875,167.03463745117188,1,3
185114,1978.654880,5,-0.25699615478515625,166.58355712890625,1,3
185134,1978.673874,5,-0.25699615478515625,166.58355712890625,1,3
185154,1978.693876,5,-0.3827629089355469,166.55735778808594,1,3
185174,1978.713872,5,-0.3827629089355469,166.55735778808594,1,3
185194,1978.733505,5,-0.3827629089355469,166.55735778808594,1,3
185214,1978.754458,5,-0.371826171875,165.86610412597656,1,3
185234,1978.773452,5,-0.371826171875,165.86610412597656,1,3
185254,1978.794452,5,-0.3882331848144531,165.55812072753906,1,3
185274,1978.814452,5,-0.3882331848144531,165.55812072753906,1,3
185294,1978.834448,5,-0.37729644775390625,165.11322021484375,1,3
185314,1978.854457,5,-0.37729644775390625,165.11322021484375,1,3
185334,1978.873447,5,-0.311676025390625,164.13467407226562,1,3
185354,1978.893450,5,-0.311676025390625,164.13467407226562,1,3
185374,1978.914446,5,-0.2843360900878906,163.00575256347656,1,3
185394,1978.934463,5,-0.2843360900878906,163.00575256347656,1,3
185414,1978.954457,5,-0.2515296936035156,162.74752807617188,1,3
185434,1978.973448,5,-0.2515296936035156,162.74752807617188,1,3
185454,1978.994449,5,-0.26793670654296875,162.2490692138672,1,3
185474,1979.014445,5,-0.26793670654296875,162.2490692138672,1,3
185494,1979.034443,5,-0.19137954711914062,161.32762145996094,1,3
185514,1979.054449,5,-0.19137954711914062,161.32762145996094,1,3
185534,1979.074465,5,-0.25699615478515625,161.8087921142578,1,3
185554,1979.093476,5,-0.25699615478515625,161.8087921142578,1,3
185574,1979.114445,5,-0.3335533142089844,160.87234497070312,1,3
185594,1979.134443,5,-0.3335533142089844,160.87234497070312,1,3
185614,1979.154444,5,-0.3335533142089844,160.87234497070312,1,3
185634,1979.173446,5,-0.3335533142089844,160.06861877441406,1,3
185654,1979.194443,5,-0.3335533142089844,160.06861877441406,1,3
185674,1979.214440,5,-0.25699615478515625,159.09849548339844,1,3
185694,1979.234439,5,-0.25699615478515625,159.09849548339844,1,3
185714,1979.254447,5,-0.36089324951171875,157.38648986816406,1,3
185734,1979.274464,5,-0.36089324951171875,157.38648986816406,1,3
185754,1979.294439,5,-0.3280830383300781,157.77267456054688,1,3
185774,1979.314436,5,-0.3280830383300781,157.77267456054688,1,3
185794,1979.334434,5,-0.3280830383300781,157.39013671875,1,3
185814,1979.354434,5,-0.3280830383300781,157.39013671875,1,3
185834,1979.374507,5,-0.36635589599609375,156.64450073242188,1,3
185854,1979.394436,5,-0.36635589599609375,156.64450073242188,1,3
185874,1979.414436,5,-0.2952766418457031,156.91697692871094,1,3
185894,1979.434451,5,-0.2952766418457031,156.91697692871094,1,3
185914,1979.454437,5,-0.3882331848144531,155.39817810058594,1,3
185934,1979.474465,5,-0.3882331848144531,155.39817810058594,1,3
185954,1979.494435,5,-0.3882331848144531,155.39817810058594,1,3
185974,1979.514434,5,-0.4975929260253906,155.19064331054688,1,3
185994,1979.533432,5,-0.4975929260253906,155.19064331054688,1,3
186014,1979.553440,5,-0.4429130554199219,155.02061462402344,1,3
186034,1979.573442,5,-0.4429130554199219,155.02061462402344,1,3
186054,1979.593483,5,-0.5413398742675781,154.29782104492188,1,3
186074,1979.613434,5,-0.5413398742675781,154.29782104492188,1,3
186094,1979.633431,5,-0.4429130554199219,154.21839904785156,1,3
186114,1979.653438,5,-0.4429130554199219,154.21839904785156,1,3
186134,1979.674449,5,-0.41010284423828125,153.447021484375,1,3
186154,1979.694463,5,-0.41010284423828125,153.447021484375,1,3
186174,1979.713433,5,-0.3335533142089844,152.90432739257812,1,3
186194,1979.733427,5,-0.3335533142089844,152.90432739257812,1,3
186214,1979.753436,5,-0.3444862365722656,153.28762817382812,1,3
186234,1979.773446,5,-0.3444862365722656,153.28762817382812,1,3
186254,1979.793894,5,-0.3444862365722656,153.28762817382812,1,3
186274,1979.812848,5,-0.23512649536132812,151.1733856201172,1,3
186294,1979.833846,5,-0.23512649536132812,151.1733856201172,1,3
186314,1979.852863,5,-0.3936958312988281,151.16653442382812,1,3
186334,1979.873899,5,-0.3936958312988281,151.16653442382812,1,3
186354,1979.892849,5,-0.37729644775390625,150.98394775390625,1,3
186374,1979.913847,5,-0.37729644775390625,150.98394775390625,1,3
186394,1979.932480,5,-0.311676025390625,149.24514770507812,1,3
186414,1979.952426,5,-0.311676025390625,149.24514770507812,1,3
186434,1979.972418,1,-0.41010284423828125,149.342041015625,1,3
186454,1979.992425,1,-0.41010284423828125,149.342041015625,1,3
186474,1980.012435,1,-0.2898063659667969,148.76699829101562,1,3
186494,1980.032423,1,-0.2898063659667969,148.76699829101562,1,3
186514,1980.053434,2,-0.37729644775390625,148.1925048828125,1,3
186534,1980.073419,2,-0.37729644775390625,148.1925048828125,1,3
186554,1980.092418,3,-0.3390159606933594,147.64503479003906,1,3
186574,1980.112421,3,-0.3390159606933594,147.64503479003906,1,3
186594,1980.132418,4,-0.3554229736328125,147.0873565673828,1,3
186614,1980.152417,4,-0.3554229736328125,147.0873565673828,1,3
186634,1980.172418,5,-0.3226165771484375,146.66278076171875,1,3
186654,1980.192419,5,-0.3226165771484375,146.66278076171875,1,3
186674,1980.212415,5,-0.3226165771484375,146.66278076171875,1,3
186694,1980.232426,5,-0.3499565124511719,146.43629455566406,1,3
186714,1980.252420,5,-0.3499565124511719,146.43629455566406,1,3
186734,1980.273415,5,-0.3335533142089844,145.25881958007812,1,3
186754,1980.292412,5,-0.3335533142089844,145.25881958007812,1,3
186774,1980.312415,5,-0.3499565124511719,145.19775390625,1,3
186794,1980.332411,5,-0.3499565124511719,145.19775390625,1,3
186814,1980.353444,5,-0.371826171875,144.21209716796875,1,3
186834,1980.372411,5,-0.371826171875,144.21209716796875,1,3
186854,1980.393415,5,-0.2734031677246094,143.32237243652344,1,3
186874,1980.412411,5,-0.2734031677246094,143.32237243652344,1,3
186894,1980.432408,5,-0.23512649536132812,142.9121551513672,1,3
186914,1980.452419,5,-0.23512649536132812,142.9121551513672,1,3
186934,1980.472410,5,-0.2734031677246094,141.99240112304688,1,3
186954,1980.492410,5,-0.2734031677246094,141.99240112304688,1,3
186974,1980.512409,5,-0.27886962890625,141.70652770996094,1,3
186994,1980.532410,5,-0.27886962890625,141.70652770996094,1,3
187014,1980.552411,5,-0.27886962890625,141.70652770996094,1,3
187034,1980.572408,5,-0.4046363830566406,140.91574096679688,1,3
187054,1980.592411,5,-0.4046363830566406,140.91574096679688,1,3
187074,1980.612410,5,-0.42650604248046875,140.7875213623047,1,3
187094,1980.632407,5,-0.42650604248046875,140.7875213623047,1,3
187114,1980.653409,5,-0.37729644775390625,140.0524139404297,1,3
187134,1980.672407,5,-0.37729644775390625,140.0524139404297,1,3
187154,1980.692408,5,-0.218719482421875,139.36753845214844,1,3
187174,1980.713406,5,-0.218719482421875,139.36753845214844,1,3
187194,1980.733402,5,-0.37729644775390625,138.203125,1,3
187214,1980.752404,5,-0.37729644775390625,138.203125,1,3
187234,1980.772403,5,-0.4483795166015625,138.1483612060547,1,3
187254,1980.792407,5,-0.4483795166015625,138.1483612060547,1,3
187274,1980.812434,5,-0.3280830383300781,137.8021240234375,1,3
187294,1980.833402,5,-0.3280830383300781,137.8021240234375,1,3
187314,1980.852399,5,-0.3499565124511719,136.95736694335938,1,3
187334,1980.872402,5,-0.3499565124511719,136.95736694335938,1,3
187354,1980.892401,5,-0.3335533142089844,136.28802490234375,1,3
187374,1980.912400,5,-0.3335533142089844,136.28802490234375,1,3
187394,1980.932400,5,-0.3335533142089844,136.28802490234375,1,3
187414,1980.952397,5,-0.26793670654296875,136.1694793701172,1,3
187434,1980.972401,5,-0.26793670654296875,136.1694793701172,1,3
187454,1980.992398,5,-0.37729644775390625,135.16383361816406,1,3
187474,1981.012397,5,-0.37729644775390625,135.16383361816406,1,3
187494,1981.032397,5,-0.431976318359375,135.79931640625,1,3
187514,1981.052398,5,-0.431976318359375,135.79931640625,1,3
187534,1981.072397,5,-0.3882331848144531,134.65542602539062,1,3
187554,1981.092398,5,-0.3882331848144531,134.65542602539062,1,3
187574,1981.112394,5,-0.3390159606933594,132.91322326660156,1,3
187594,1981.132394,5,-0.3390159606933594,132.91322326660156,1,3
187614,1981.152394,5,-0.3991661071777344,133.31858825683594,1,3
187634,1981.172394,5,-0.3991661071777344,133.31858825683594,1,3
187654,1981.192397,5,-0.2898063659667969,132.3333740234375,1,3
187674,1981.212392,5,-0.2898063659667969,132.3333740234375,1,3
187694,1981.232397,5,-0.3554229736328125,132.26416015625,1,3
187714,1981.252390,5,-0.3554229736328125,132.26416015625,1,3
187734,1981.272389,5,-0.25699615478515625,131.79913330078125,1,3
187754,1981.292395,5,-0.25699615478515625,131.79913330078125,1,3
187774,1981.312394,5,-0.25699615478515625,131.79913330078125,1,3
187794,1981.332350,5,-0.2952766418457031,131.03990173339844,1,3
187814,1981.352358,5,-0.2952766418457031,131.03990173339844,1,3
187834,1981.372364,5,-0.311676025390625,130.45266723632812,1,3
187854,1981.392366,5,-0.311676025390625,130.45266723632812,1,3
187874,1981.412363,5,-0.4483795166015625,130.14047241210938,1,3
187894,1981.432362,5,-0.4483795166015625,130.14047241210938,1,3
187914,1981.452364,5,-0.36089324951171875,129.1351318359375,1,3
187934,1981.472362,5,-0.36089324951171875,129.1351318359375,1,3
187954,1981.491396,5,-0.431976318359375,128.95750427246094,1,3
187974,1981.512364,5,-0.431976318359375,128.95750427246094,1,3
187994,1981.531359,5,-0.431976318359375,128.48764038085938,1,3
188014,1981.551362,5,-0.431976318359375,128.48764038085938,1,3
188034,1981.571357,5,-0.4210357666015625,128.0587158203125,1,3
188054,1981.591360,5,-0.4210357666015625,128.0587158203125,1,3
188074,1981.612360,5,-0.4210357666015625,128.0587158203125,1,3
188094,1981.631357,5,-0.3390159606933594,127.71553802490234,1,3
188114,1981.651355,5,-0.3390159606933594,127.71553802490234,1,3
188134,1981.672360,5,-0.24059677124023438,127.06727600097656,1,3
188154,1981.692358,5,-0.24059677124023438,127.06727600097656,1,3
188174,1981.711366,5,-0.17497634887695312,125.33695220947266,1,3
188194,1981.731357,5,-0.17497634887695312,125.33695220947266,1,3
188214,1981.751353,5,-0.14216995239257812,125.2987060546875,1,3
188234,1981.771360,5,-0.14216995239257812,125.2987060546875,1,3
188254,1981.791358,5,-0.24605941772460938,124.42781066894531,1,3
188274,1981.811354,5,-0.24605941772460938,124.42781066894531,1,3
188294,1981.831350,5,-0.18591690063476562,124.03402709960938,1,3
188314,1981.851387,5,-0.18591690063476562,124.03402709960938,1,3
188334,1981.871385,5,-0.27886962890625,123.71221160888672,1,3
188354,1981.891395,5,-0.27886962890625,123.71221160888672,1,3
188374,1981.911442,5,-0.25699615478515625,122.67170715332031,1,3
188394,1981.931383,5,-0.25699615478515625,122.67170715332031,1,3
188414,1981.951385,5,-0.25699615478515625,122.67170715332031,1,3
188434,1981.971382,5,-0.2624664306640625,121.53241729736328,1,3
188454,1981.991402,5,-0.2624664306640625,121.53241729736328,1,3
188474,1982.011382,5,-0.2734031677246094,120.67147064208984,1,3
188494,1982.031382,5,-0.2734031677246094,120.67147064208984,1,3
188514,1982.051379,5,-0.218719482421875,120.82102966308594,1,3
188534,1982.071380,5,-0.218719482421875,120.82102966308594,1,3
188554,1982.091394,5,-0.15857696533203125,120.25138854980469,1,3
188574,1982.111414,5,-0.15857696533203125,120.25138854980469,1,3
188594,1982.131377,5,-0.1093597412109375,118.80197143554688,1,3
188614,1982.151378,5,-0.1093597412109375,118.80197143554688,1,3
188634,1982.171377,5,-0.1695098876953125,118.18724822998047,1,3
188654,1982.191391,5,-0.1695098876953125,118.18724822998047,1,3
188674,1982.211381,5,-0.19684982299804688,117.36864471435547,1,3
188694,1982.231374,5,-0.19684982299804688,117.36864471435547,1,3
188714,1982.251375,5,-0.18591690063476562,117.08736419677734,1,3
188734,1982.271374,5,-0.18591690063476562,117.08736419677734,1,3
188754,1982.291386,5,-0.2624664306640625,116.20539855957031,1,3
188774,1982.311409,5,-0.2624664306640625,116.20539855957031,1,3
188794,1982.331377,5,-0.2624664306640625,116.20539855957031,1,3
188814,1982.351380,5,-0.15857696533203125,115.56255340576172,1,3
188834,1982.371372,5,-0.15857696533203125,115.56255340576172,1,3
188854,1982.391377,5,-0.2132568359375,115.34404754638672,1,3
188874,1982.411371,5,-0.2132568359375,115.34404754638672,1,3
188894,1982.431370,5,-0.3280830383300781,114.37112426757812,1,3
188914,1982.451381,5,-0.3280830383300781,114.37112426757812,1,3
188934,1982.471373,5,-0.2624664306640625,113.94152069091797,1,3
188954,1982.491381,5,-0.2624664306640625,113.94152069091797,1,3
188974,1982.511370,5,-0.25699615478515625,113.00721740722656,1,3
188994,1982.531391,5,-0.25699615478515625,113.00721740722656,1,3
189014,1982.551368,5,-0.1695098876953125,111.97570037841797,1,3
189034,1982.571369,5,-0.1695098876953125,111.97570037841797,1,3
189054,1982.591382,5,-0.08201980590820312,111.5798568725586,1,3
189074,1982.611365,5,-0.08201980590820312,111.5798568725586,1,3
189094,1982.631368,5,-0.1093597412109375,110.52678680419922,1,3
189114,1982.651363,5,-0.1093597412109375,110.52678680419922,1,3
189134,1982.671366,5,-0.1093597412109375,110.52678680419922,1,3
189154,1982.691378,5,-0.17497634887695312,109.94330596923828,1,3
189174,1982.711364,5,-0.17497634887695312,109.94330596923828,1,3
189194,1982.731399,5,-0.19684982299804688,109.09224700927734,1,3
189214,1982.751367,5,-0.19684982299804688,109.09224700927734,1,3
189234,1982.771367,5,-0.22418975830078125,108.41907501220703,1,3
189254,1982.791374,5,-0.22418975830078125,108.41907501220703,1,3
189274,1982.811362,5,-0.14216995239257812,108.11443328857422,1,3
189294,1982.830364,5,-0.14216995239257812,108.11443328857422,1,3
189314,1982.850364,5,-0.13669967651367188,106.89995574951172,1,3
189334,1982.870789,5,-0.13669967651367188,106.89995574951172,1,3
189354,1982.890793,5,-0.2023162841796875,105.92772674560547,1,3
189374,1982.910780,5,-0.2023162841796875,105.92772674560547,1,3
189394,1982.930827,5,-0.0765533447265625,104.94914245605469,1,3
189414,1982.950780,5,-0.0765533447265625,104.94914245605469,1,3
189434,1982.970781,5,-0.060150146484375,103.90216064453125,1,3
189454,1982.990780,5,-0.060150146484375,103.90216064453125,1,3
189474,1983.010779,5,-0.09295654296875,104.09861755371094,1,3
189494,1983.030777,5,-0.09295654296875,104.09861755371094,1,3
189514,1983.050777,5,-0.09295654296875,104.09861755371094,1,3
189534,1983.070784,5,-0.1093597412109375,103.02315521240234,1,3
189554,1983.090788,5,-0.1093597412109375,103.02315521240234,1,3
189574,1983.110777,1,0.0437469482421875,102.02397918701172,1,3
189594,1983.130773,1,0.0437469482421875,102.02397918701172,1,3
189614,1983.150389,2,-0.032810211181640625,101.11840057373047,1,3
189634,1983.170356,2,-0.032810211181640625,101.11840057373047,1,3
189654,1983.190353,3,-0.03827667236328125,100.24284362792969,1,3
189674,1983.210353,3,-0.03827667236328125,100.24284362792969,1,3
189694,1983.230350,4,-0.06561660766601562,98.9078598022461,1,3
189714,1983.250351,4,-0.06561660766601562,98.9078598022461,1,3
189734,1983.270353,5,-0.03827667236328125,98.21943664550781,1,3
189754,1983.290355,5,-0.03827667236328125,98.21943664550781,1,3
189774,1983.310350,5,-0.06561660766601562,97.29241943359375,1,3
189794,1983.330349,5,-0.06561660766601562,97.29241943359375,1,3
189814,1983.350401,5,-0.02187347412109375,96.97805786132812,1,3
189834,1983.370353,5,-0.02187347412109375,96.97805786132812,1,3
189854,1983.390372,5,-0.02187347412109375,96.97805786132812,1,3
189874,1983.410346,1,-0.027339935302734375,95.72925567626953,1,3
189894,1983.430345,1,-0.027339935302734375,95.72925567626953,1,3
189914,1983.450346,2,-0.049213409423828125,94.94630432128906,1,3
189934,1983.470347,2,-0.049213409423828125,94.94630432128906,1,3
189954,1983.490346,3,-0.08749008178710938,94.16820526123047,1,3
189974,1983.510349,3,-0.08749008178710938,94.16820526123047,1,3
189994,1983.530344,4,-0.05467987060546875,93.45039367675781,1,3
190014,1983.550395,4,-0.05467987060546875,93.45039367675781,1,3
190034,1983.570349,5,-0.13123703002929688,92.74569702148438,1,3
190054,1983.590353,5,-0.13123703002929688,92.74569702148438,1,3
190074,1983.610345,5,-0.13123703002929688,91.62477111816406,1,3
190094,1983.630340,5,-0.13123703002929688,91.62477111816406,1,3
190114,1983.650344,5,-0.0765533447265625,90.99688720703125,1,3
190134,1983.670345,5,-0.0765533447265625,90.99688720703125,1,3
190154,1983.690343,1,-0.08201980590820312,90.11714172363281,1,3
190174,1983.710343,1,-0.08201980590820312,90.11714172363281,1,3
190194,1983.730343,1,-0.08201980590820312,90.11714172363281,1,3
190214,1983.750337,1,-0.12029647827148438,89.4057388305664,1,3
190234,1983.769775,1,-0.12029647827148438,89.4057388305664,1,3
190254,1983.789761,2,-0.11483001708984375,88.75621795654297,1,3
190274,1983.809761,2,-0.11483001708984375,88.75621795654297,1,3
190294,1983.829766,3,-0.043743133544921875,88.06522369384766,1,3
190314,1983.849757,3,-0.043743133544921875,88.06522369384766,1,3
190334,1983.869766,1,-0.027339935302734375,87.31249237060547,1,3
190354,1983.889764,1,-0.027339935302734375,87.31249237060547,1,3
190374,1983.909759,2,0.0437469482421875,86.48856353759766,1,3
190394,1983.929753,2,0.0437469482421875,86.48856353759766,1,3
190414,1983.949757,3,0.016407012939453125,85.18408966064453,1,3
190434,1983.969767,3,0.016407012939453125,85.18408966064453,1,3
190454,1983.989764,4,0.0,84.38307189941406,1,3
190474,1984.009753,4,0.0,84.38307189941406,1,3
190494,1984.029755,5,-0.01093292236328125,83.65704345703125,1,3
190514,1984.049759,5,-0.01093292236328125,83.65704345703125,1,3
190534,1984.069761,1,-0.1093597412109375,82.9070816040039,1,3
190554,1984.089758,1,-0.1093597412109375,82.9070816040039,1,3
190574,1984.109751,2,-0.0164031982421875,82.17169952392578,1,3
190594,1984.129748,2,-0.0164031982421875,82.17169952392578,1,3
190614,1984.149750,2,-0.0164031982421875,82.17169952392578,1,3
190634,1984.169766,3,-0.027339935302734375,81.43685913085938,1,3
190654,1984.189757,3,-0.027339935302734375,81.43685913085938,1,3
190674,1984.209752,4,0.016407012939453125,80.72628784179688,1,3
190694,1984.229747,4,0.016407012939453125,80.72628784179688,1,3
190714,1984.249749,5,0.05467987060546875,80.16046905517578,1,3
190734,1984.269761,5,0.05467987060546875,80.16046905517578,1,3
190754,1984.289753,5,0.0437469482421875,79.21961975097656,1,3
190774,1984.309752,5,0.0437469482421875,79.21961975097656,1,3
190794,1984.329745,5,0.09842681884765625,79.10433959960938,1,3
190814,1984.349746,5,0.09842681884765625,79.10433959960938,1,3
190834,1984.369354,5,0.09295654296875,77.80748748779297,1,3
190854,1984.389326,5,0.09295654296875,77.80748748779297,1,3
190874,1984.409324,5,0.027339935302734375,76.479248046875,1,3
190894,1984.429323,5,0.027339935302734375,76.479248046875,1,3
190914,1984.450323,5,0.016407012939453125,75.78585052490234,1,3
190934,1984.470328,5,0.016407012939453125,75.78585052490234,1,3
190954,1984.490340,5,0.03827667236328125,74.90991973876953,1,3
190974,1984.509326,5,0.03827667236328125,74.90991973876953,1,3
190994,1984.529322,5,0.03827667236328125,74.90991973876953,1,3
191014,1984.550321,1,-0.05467987060546875,74.38396453857422,1,3
191034,1984.569333,1,-0.05467987060546875,74.38396453857422,1,3
191054,1984.590330,2,0.0,73.67711639404297,1,3
191074,1984.610325,2,0.0,73.67711639404297,1,3
191094,1984.629320,3,0.005466461181640625,72.96202087402344,1,3
191114,1984.649318,3,0.005466461181640625,72.96202087402344,1,3
191134,1984.669293,4,-0.01093292236328125,72.24915313720703,1,3
191154,1984.690327,4,-0.01093292236328125,72.24915313720703,1,3
191174,1984.710318,5,-0.05467987060546875,71.42601013183594,1,3
191194,1984.730315,5,-0.05467987060546875,71.42601013183594,1,3
191214,1984.749317,1,-0.14763641357421875,70.62031555175781,1,3
191234,1984.769329,1,-0.14763641357421875,70.62031555175781,1,3
191254,1984.790348,2,-0.15857696533203125,70.08506774902344,1,3
191274,1984.809319,2,-0.15857696533203125,70.08506774902344,1,3
191294,1984.829316,2,-0.15857696533203125,70.08506774902344,1,3
191314,1984.849314,3,-0.15857696533203125,69.55697631835938,1,3
191334,1984.870322,3,-0.15857696533203125,69.55697631835938,1,3
191354,1984.889312,4,-0.06561660766601562,69.0626220703125,1,3
191374,1984.909327,4,-0.06561660766601562,69.0626220703125,1,3
191394,1984.929315,5,-0.060150146484375,68.7109146118164,1,3
191414,1984.949308,5,-0.060150146484375,68.7109146118164,1,3
191434,1984.970317,5,-0.060150146484375,68.00279235839844,1,3
191454,1984.989316,5,-0.060150146484375,68.00279235839844,1,3
191474,1985.009315,5,0.0,67.63706970214844,1,3
191494,1985.029314,5,0.0,67.63706970214844,1,3
191514,1985.049311,5,0.12029647827148438,67.28492736816406,1,3
191534,1985.070315,5,0.12029647827148438,67.28492736816406,1,3
191554,1985.089310,5,0.11482620239257812,65.73905181884766,1,3
191574,1985.109312,5,0.11482620239257812,65.73905181884766,1,3
191594,1985.129310,1,0.032806396484375,64.94605255126953,1,3
191614,1985.149313,1,0.032806396484375,64.94605255126953,1,3
191634,1985.169320,2,-0.0164031982421875,64.2779312133789,1,3
191654,1985.189316,2,-0.0164031982421875,64.2779312133789,1,3
191674,1985.209313,2,-0.0164031982421875,64.2779312133789,1,3
191694,1985.229306,3,-0.0765533447265625,63.638832092285156,1,3
191714,1985.249304,3,-0.0765533447265625,63.638832092285156,1,3
191734,1985.269315,4,-0.03827667236328125,63.022552490234375,1,3
191754,1985.289305,4,-0.03827667236328125,63.022552490234375,1,3
191774,1985.309306,5,-0.09842681884765625,62.69804763793945,1,3
191794,1985.329305,5,-0.09842681884765625,62.69804763793945,1,3
191814,1985.349301,1,-0.11483001708984375,61.803279876708984,1,3
191834,1985.369318,1,-0.11483001708984375,61.803279876708984,1,3
191854,1985.389304,2,0.027339935302734375,61.18120193481445,1,3
191874,1985.409306,2,0.027339935302734375,61.18120193481445,1,3
191894,1985.429303,1,0.07654953002929688,60.19602966308594,1,3
191914,1985.449302,1,0.07654953002929688,60.19602966308594,1,3
191934,1985.469311,2,-0.01093292236328125,59.6217041015625,1,3
191954,1985.489298,2,-0.01093292236328125,59.6217041015625,1,3
191974,1985.509298,3,-0.060150146484375,59.116477966308594,1,3
191994,1985.529297,3,-0.060150146484375,59.116477966308594,1,3
192014,1985.549296,3,-0.060150146484375,59.116477966308594,1,3
192034,1985.569303,4,0.010936737060546875,58.57820129394531,1,3
192054,1985.589300,4,0.010936737060546875,58.57820129394531,1,3
192074,1985.609298,5,0.021869659423828125,57.961280822753906,1,3
192094,1985.629298,5,0.021869659423828125,57.961280822753906,1,3
192114,1985.649293,5,0.0,57.8275260925293,1,3
192134,1985.669307,5,0.0,57.8275260925293,1,3
192154,1985.689294,5,0.005466461181640625,57.45623779296875,1,3
192174,1985.709300,5,0.005466461181640625,57.45623779296875,1,3
192194,1985.728292,5,-0.060150146484375,56.931236267089844,1,3
192214,1985.748293,5,-0.060150146484375,56.931236267089844,1,3
192234,1985.769299,5,0.021869659423828125,55.57572937011719,1,3
192254,1985.788295,5,0.021869659423828125,55.57572937011719,1,3
192274,1985.809301,5,0.0492095947265625,54.894535064697266,1,3
192294,1985.829291,5,0.0492095947265625,54.894535064697266,1,3
192314,1985.848291,1,0.032806396484375,54.2498664855957,1,3
192334,1985.869299,1,0.032806396484375,54.2498664855957,1,3
192354,1985.888289,2,0.027339935302734375,53.62260055541992,1,3
192374,1985.908307,2,0.027339935302734375,53.62260055541992,1,3
192394,1985.928286,2,0.027339935302734375,53.62260055541992,1,3
192414,1985.948288,3,0.021869659423828125,53.047454833984375,1,3
192434,1985.969295,3,0.021869659423828125,53.047454833984375,1,3
192454,1985.988288,4,-0.00547027587890625,52.48360061645508,1,3
192474,1986.008296,4,-0.00547027587890625,52.48360061645508,1,3
192494,1986.028287,5,-0.05467987060546875,52.04929733276367,1,3
192514,1986.048284,5,-0.05467987060546875,52.04929733276367,1,3
192534,1986.069298,1,-0.049213409423828125,51.415889739990234,1,3
192554,1986.088285,1,-0.049213409423828125,51.415889739990234,1,3
192574,1986.108300,2,0.05467987060546875,50.79570007324219,1,3
192594,1986.128288,2,0.05467987060546875,50.79570007324219,1,3
192614,1986.148284,3,0.0,50.181427001953125,1,3
192634,1986.169291,3,0.0,50.181427001953125,1,3
192654,1986.188300,4,-0.02187347412109375,49.31587219238281,1,3
192674,1986.208327,4,-0.02187347412109375,49.31587219238281,1,3
192694,1986.228286,1,-0.0164031982421875,48.784671783447266,1,3
192714,1986.248280,1,-0.0164031982421875,48.784671783447266,1,3
192734,1986.269292,2,-0.032810211181640625,48.25215148925781,1,3
192754,1986.288282,2,-0.032810211181640625,48.25215148925781,1,3
192774,1986.308288,3,-0.07108306884765625,47.73260498046875,1,3
192794,1986.328281,3,-0.07108306884765625,47.73260498046875,1,3
192814,1986.348284,3,-0.07108306884765625,47.73260498046875,1,3
192834,1986.369226,1,0.016407012939453125,47.195377349853516,1,3
192854,1986.388237,1,0.016407012939453125,47.195377349853516,1,3
192874,1986.408243,2,0.07108688354492188,46.67587661743164,1,3
192894,1986.428265,2,0.07108688354492188,46.67587661743164,1,3
192914,1986.448253,3,0.03827667236328125,46.132713317871094,1,3
192934,1986.469254,3,0.03827667236328125,46.132713317871094,1,3
192954,1986.488244,4,0.027339935302734375,45.59580993652344,1,3
192974,1986.508257,4,0.027339935302734375,45.59580993652344,1,3
192994,1986.528244,5,-0.0164031982421875,45.111328125,1,3
193014,1986.548243,5,-0.0164031982421875,45.111328125,1,3
193034,1986.569251,5,0.0437469482421875,44.95343780517578,1,3
193054,1986.588243,5,0.0437469482421875,44.95343780517578,1,3
193074,1986.608252,5,0.1421661376953125,43.93906021118164,1,3
193094,1986.628243,5,0.1421661376953125,43.93906021118164,1,3
193114,1986.648271,5,0.1421661376953125,43.93906021118164,1,3
193134,1986.669247,1,0.153106689453125,43.1516227722168,1,3
193154,1986.688241,1,0.153106689453125,43.1516227722168,1,3
193174,1986.708248,2,0.1421661376953125,42.56998825073242,1,3
193194,1986.728239,2,0.1421661376953125,42.56998825073242,1,3
193214,1986.748240,3,0.06561660766601562,42.06235122680664,1,3
193234,1986.769242,3,0.06561660766601562,42.06235122680664,1,3
193254,1986.788238,4,0.07654953002929688,41.571353912353516,1,3
193274,1986.808246,4,0.07654953002929688,41.571353912353516,1,3
193294,1986.828238,5,0.09295654296875,41.7061882019043,1,3
193314,1986.847317,5,0.09295654296875,41.7061882019043,1,3
193334,1986.869284,1,-0.02187347412109375,40.476863861083984,1,3
193354,1986.888271,1,-0.02187347412109375,40.476863861083984,1,3
193374,1986.908321,2,-0.07108306884765625,40.15473556518555,1,3
193394,1986.928268,2,-0.07108306884765625,40.15473556518555,1,3
193414,1986.947265,2,-0.07108306884765625,40.15473556518555,1,3
193434,1986.968265,3,-0.027339935302734375,39.82699966430664,1,3
193454,1986.988268,3,-0.027339935302734375,39.82699966430664,1,3
193474,1987.007263,4,0.09295654296875,39.4356803894043,1,3
193494,1987.027262,4,0.09295654296875,39.4356803894043,1,3
193514,1987.048260,5,0.07654953002929688,39.30145263671875,1,3
193534,1987.067308,5,0.07654953002929688,39.30145263671875,1,3
193554,1987.087284,5,0.07108688354492188,38.63149642944336,1,3
193574,1987.107278,5,0.07108688354492188,38.63149642944336,1,3
193594,1987.127277,5,0.05467987060546875,38.74870300292969,1,3
193614,1987.147276,5,0.05467987060546875,38.74870300292969,1,3
193634,1987.167276,5,0.0492095947265625,38.26678466796875,1,3
193654,1987.187286,5,0.0492095947265625,38.26678466796875,1,3
193674,1987.207286,1,0.12029647827148438,37.24648666381836,1,3
193694,1987.227273,1,0.12029647827148438,37.24648666381836,1,3
193714,1987.247275,2,0.016407012939453125,36.89324188232422,1,3
193734,1987.267291,2,0.016407012939453125,36.89324188232422,1,3
193754,1987.287276,2,0.016407012939453125,36.89324188232422,1,3
193774,1987.307278,3,0.09295654296875,36.49995040893555,1,3
193794,1987.327276,3,0.09295654296875,36.49995040893555,1,3
193814,1987.347273,4,0.10389328002929688,36.11819839477539,1,3
193834,1987.367274,4,0.10389328002929688,36.11819839477539,1,3
193854,1987.387272,5,0.06561660766601562,35.74916458129883,1,3
193874,1987.407272,5,0.06561660766601562,35.74916458129883,1,3
193894,1987.427272,5,0.1093597412109375,35.49504852294922,1,3
193914,1987.448271,5,0.1093597412109375,35.49504852294922,1,3
193934,1987.468272,1,0.153106689453125,35.09737014770508,1,3
193954,1987.487272,1,0.153106689453125,35.09737014770508,1,3
193974,1987.507268,1,0.19138336181640625,34.66984939575195,1,3
193994,1987.527275,1,0.19138336181640625,34.66984939575195,1,3
194014,1987.547269,2,0.1093597412109375,33.98392105102539,1,3
194034,1987.567275,2,0.1093597412109375,33.98392105102539,1,3
194054,1987.588254,3,0.08201980590820312,33.59947204589844,1,3
194074,1987.607253,3,0.08201980590820312,33.59947204589844,1,3
194094,1987.627247,3,0.08201980590820312,33.59947204589844,1,3
194114,1987.647246,4,0.13123321533203125,33.18391036987305,1,3
194134,1987.667255,4,0.13123321533203125,33.18391036987305,1,3
194154,1987.687254,1,0.1859130859375,32.742713928222656,1,3
194174,1987.708268,1,0.1859130859375,32.742713928222656,1,3
194194,1987.727246,1,0.12576675415039062,32.375465393066406,1,3
194214,1987.748246,1,0.12576675415039062,32.375465393066406,1,3
194234,1987.767248,2,-0.049213409423828125,32.05744171142578,1,3
194254,1987.787247,2,-0.049213409423828125,32.05744171142578,1,3
194274,1987.808250,3,0.13669967651367188,31.691370010375977,1,3
194294,1987.827243,3,0.13669967651367188,31.691370010375977,1,3
194314,1987.847242,1,0.09295654296875,31.34831428527832,1,3
194334,1987.867243,1,0.09295654296875,31.34831428527832,1,3
194354,1987.887249,1,0.06561660766601562,30.814327239990234,1,3
194374,1987.908261,1,0.06561660766601562,30.814327239990234,1,3
194394,1987.928242,2,0.08201980590820312,30.49114990234375,1,3
194414,1987.947246,2,0.08201980590820312,30.49114990234375,1,3
194434,1987.967247,3,0.060146331787109375,30.182579040527344,1,3
194454,1987.987241,3,0.060146331787109375,30.182579040527344,1,3
194474,1988.007242,3,0.060146331787109375,30.182579040527344,1,3
194494,1988.027237,4,0.021869659423828125,29.86236000061035,1,3
194514,1988.047243,4,0.021869659423828125,29.86236000061035,1,3
194534,1988.067240,1,0.08748626708984375,29.535829544067383,1,3
194554,1988.087237,1,0.08748626708984375,29.535829544067383,1,3
194574,1988.107236,2,0.1093597412109375,29.252836227416992,1,3
194594,1988.127238,2,0.1093597412109375,29.252836227416992,1,3
194614,1988.147236,3,0.11482620239257812,28.923542022705078,1,3
194634,1988.167240,3,0.11482620239257812,28.923542022705078,1,3
194654,1988.187241,1,0.1421661376953125,28.630088806152344,1,3
194674,1988.207231,1,0.1421661376953125,28.630088806152344,1,3
194694,1988.227238,2,0.11482620239257812,28.348487854003906,1,3
194714,1988.247238,2,0.11482620239257812,28.348487854003906,1,3
194734,1988.267238,3,0.08748626708984375,27.899940490722656,1,3
194754,1988.287235,3,0.08748626708984375,27.899940490722656,1,3
194774,1988.307239,3,0.08748626708984375,27.899940490722656,1,3
194794,1988.327233,1,0.08201980590820312,27.648527145385742,1,3
194814,1988.347231,1,0.08201980590820312,27.648527145385742,1,3
194834,1988.367234,2,0.19684600830078125,27.372997283935547,1,3
194854,1988.387232,2,0.19684600830078125,27.372997283935547,1,3
194874,1988.407236,3,0.16404342651367188,27.160663604736328,1,3
194894,1988.427230,3,0.16404342651367188,27.160663604736328,1,3
194914,1988.447230,4,0.07108688354492188,26.968517303466797,1,3
194934,1988.467234,4,0.07108688354492188,26.968517303466797,1,3
194954,1988.487228,1,0.13123321533203125,26.757099151611328,1,3
194974,1988.506655,1,0.13123321533203125,26.757099151611328,1,3
194994,1988.526648,2,0.09842681884765625,26.55552101135254,1,3
195014,1988.546653,2,0.09842681884765625,26.55552101135254,1,3
195034,1988.566647,3,0.12029647827148438,26.136781692504883,1,3
195054,1988.586654,3,0.12029647827148438,26.136781692504883,1,3
195074,1988.606646,4,0.1421661376953125,25.949783325195312,1,3
195094,1988.626646,4,0.1421661376953125,25.949783325195312,1,3
195114,1988.646645,4,0.1421661376953125,25.949783325195312,1,3
195134,1988.667648,5,0.12576675415039062,25.784191131591797,1,3
195154,1988.686649,5,0.12576675415039062,25.784191131591797,1,3
195174,1988.706646,5,0.16404342651367188,25.42711639404297,1,3
195194,1988.726655,5,0.16404342651367188,25.42711639404297,1,3
195214,1988.746646,5,0.19684600830078125,25.507827758789062,1,3
195234,1988.767221,5,0.19684600830078125,25.507827758789062,1,3
195254,1988.786228,5,0.19684600830078125,24.922109603881836,1,3
195274,1988.806222,5,0.19684600830078125,24.922109603881836,1,3
195294,1988.826229,5,0.16950607299804688,24.596084594726562,1,3
195314,1988.846219,5,0.16950607299804688,24.596084594726562,1,3
195334,1988.866217,5,0.17497634887695312,24.14670181274414,1,3
195354,1988.887220,5,0.17497634887695312,24.14670181274414,1,3
195374,1988.906217,1,0.005466461181640625,23.959217071533203,1,3
195394,1988.926223,1,0.005466461181640625,23.959217071533203,1,3
195414,1988.946223,2,0.10389328002929688,23.743057250976562,1,3
195434,1988.966216,2,0.10389328002929688,23.743057250976562,1,3
195454,1988.986227,2,0.10389328002929688,23.743057250976562,1,3
195474,1989.007218,1,0.2023162841796875,23.470144271850586,1,3
195494,1989.026219,1,0.2023162841796875,23.470144271850586,1,3
195514,1989.047215,1,0.3062095642089844,23.189529418945312,1,3
195534,1989.067216,1,0.3062095642089844,23.189529418945312,1,3
195554,1989.086221,2,0.13123321533203125,23.0158634185791,1,3
195574,1989.106214,2,0.13123321533203125,23.0158634185791,1,3
195594,1989.126215,3,0.24059295654296875,22.786325454711914,1,3
195614,1989.147214,3,0.24059295654296875,22.786325454711914,1,3
195634,1989.167216,4,0.27886962890625,22.54887580871582,1,3
195654,1989.186221,4,0.27886962890625,22.54887580871582,1,3
195674,1989.207228,5,0.23512649536132812,22.26087188720703,1,3
195694,1989.226213,5,0.23512649536132812,22.26087188720703,1,3
195714,1989.247211,5,0.16404342651367188,22.021617889404297,1,3
195734,1989.267212,5,0.16404342651367188,22.021617889404297,1,3
195754,1989.287211,5,0.14763641357421875,21.870800018310547,1,3
195774,1989.307248,5,0.14763641357421875,21.870800018310547,1,3
195794,1989.327246,5,0.14763641357421875,21.870800018310547,1,3
195814,1989.347210,5,0.16404342651367188,21.8568172454834,1,3
195834,1989.367209,5,0.16404342651367188,21.8568172454834,1,3
195854,1989.387216,5,0.21872329711914062,21.513442993164062,1,3
195874,1989.407211,5,0.21872329711914062,21.513442993164062,1,3
195894,1989.427210,5,0.18044662475585938,21.379182815551758,1,3
195914,1989.447208,5,0.18044662475585938,21.379182815551758,1,3
195934,1989.467204,5,0.19138336181640625,21.121219635009766,1,3
195954,1989.487207,5,0.19138336181640625,21.121219635009766,1,3
195974,1989.507212,5,0.3280830383300781,20.73114585876465,1,3
195994,1989.527241,5,0.3280830383300781,20.73114585876465,1,3
196014,1989.547205,5,0.2843360900878906,20.725202560424805,1,3
196034,1989.567204,5,0.2843360900878906,20.725202560424805,1,3
196054,1989.587207,1,0.2843360900878906,20.212326049804688,1,3
196074,1989.606204,1,0.2843360900878906,20.212326049804688,1,3
196094,1989.626204,1,0.2843360900878906,20.212326049804688,1,3
196114,1989.646200,2,0.1859130859375,19.980770111083984,1,3
196134,1989.666200,2,0.1859130859375,19.980770111083984,1,3
196154,1989.686210,3,0.246063232421875,19.73496437072754,1,3
196174,1989.706205,3,0.246063232421875,19.73496437072754,1,3
196194,1989.726200,4,0.31714630126953125,19.505409240722656,1,3
196214,1989.746218,4,0.31714630126953125,19.505409240722656,1,3
196234,1989.766201,5,0.246063232421875,19.4075984954834,1,3
196254,1989.786209,5,0.246063232421875,19.4075984954834,1,3
196274,1989.806204,1,0.25699615478515625,19.179903030395508,1,3
196294,1989.826201,1,0.25699615478515625,19.179903030395508,1,3
196314,1989.845198,1,0.31714630126953125,18.988536834716797,1,3
196334,1989.866195,1,0.31714630126953125,18.988536834716797,1,3
196354,1989.885197,2,0.2734031677246094,18.80175018310547,1,3
196374,1989.906197,2,0.2734031677246094,18.80175018310547,1,3
196394,1989.926194,3,0.1421661376953125,18.46290397644043,1,3
196414,1989.946237,3,0.1421661376953125,18.46290397644043,1,3
196434,1989.966201,4,0.24059295654296875,18.350515365600586,1,3
196454,1989.985192,4,0.24059295654296875,18.350515365600586,1,3
196474,1990.005204,4,0.24059295654296875,18.350515365600586,1,3
196494,1990.025210,1,0.311676025390625,18.146465301513672,1,3
196514,1990.046193,1,0.311676025390625,18.146465301513672,1,3
196534,1990.065189,1,0.2898063659667969,17.964080810546875,1,3
196554,1990.085190,1,0.2898063659667969,17.964080810546875,1,3
196574,1990.105191,2,0.22418594360351562,17.809473037719727,1,3
196594,1990.126191,2,0.22418594360351562,17.809473037719727,1,3
196614,1990.145234,3,0.22418594360351562,17.674524307250977,1,3
196634,1990.165190,3,0.22418594360351562,17.674524307250977,1,3
196654,1990.186198,4,0.24059295654296875,17.59271240234375,1,3
196674,1990.205186,4,0.24059295654296875,17.59271240234375,1,3
196694,1990.225193,5,0.3554229736328125,17.660202026367188,1,3
196714,1990.246197,5,0.3554229736328125,17.660202026367188,1,3
196734,1990.265187,5,0.2734031677246094,17.733137130737305,1,3
196754,1990.286191,5,0.2734031677246094,17.733137130737305,1,3
196774,1990.306190,5,0.3280830383300781,17.107816696166992,1,3
196794,1990.325200,5,0.3280830383300781,17.107816696166992,1,3
196814,1990.345194,5,0.31714630126953125,16.48158073425293,1,3
196834,1990.365640,5,0.31714630126953125,16.48158073425293,1,3
196854,1990.385607,5,0.3882293701171875,16.463525772094727,1,3
196874,1990.405606,5,0.3882293701171875,16.463525772094727,1,3
196894,1990.425553,5,0.3882293701171875,16.463525772094727,1,3
196914,1990.445571,5,0.30074310302734375,16.409191131591797,1,3
196934,1990.465572,5,0.30074310302734375,16.409191131591797,1,3
196954,1990.485570,5,0.339019775390625,16.222108840942383,1,3
196974,1990.505573,5,0.339019775390625,16.222108840942383,1,3
196994,1990.525608,5,0.3280830383300781,16.046598434448242,1,3
197014,1990.545603,5,0.3280830383300781,16.046598434448242,1,3
197034,1990.565634,5,0.399169921875,16.087854385375977,1,3
197054,1990.585606,5,0.399169921875,16.087854385375977,1,3
197074,1990.605602,5,0.41010284423828125,15.87272834777832,1,3
197094,1990.625604,5,0.41010284423828125,15.87272834777832,1,3
197114,1990.645600,5,0.399169921875,15.56319808959961,1,3
197134,1990.665611,5,0.399169921875,15.56319808959961,1,3
197154,1990.685598,5,0.2898063659667969,15.283129692077637,1,3
197174,1990.705595,5,0.2898063659667969,15.283129692077637,1,3
197194,1990.725598,5,0.2898063659667969,15.283129692077637,1,3
197214,1990.744599,5,0.311676025390625,15.029213905334473,1,3
197234,1990.764663,5,0.311676025390625,15.029213905334473,1,3
197254,1990.785602,5,0.4374427795410156,15.013038635253906,1,3
197274,1990.805597,5,0.4374427795410156,15.013038635253906,1,3
197294,1990.824610,5,0.4265098571777344,14.543390274047852,1,3
197314,1990.844595,5,0.4265098571777344,14.543390274047852,1,3
197334,1990.864596,5,0.3772926330566406,14.897494316101074,1,3
197354,1990.884600,5,0.3772926330566406,14.897494316101074,1,3
197374,1990.904595,5,0.3226127624511719,14.530678749084473,1,3
197394,1990.924608,5,0.3226127624511719,14.530678749084473,1,3
197414,1990.944592,5,0.33354949951171875,14.076089859008789,1,3
197434,1990.964643,5,0.33354949951171875,14.076089859008789,1,3
197454,1990.984592,5,0.2952728271484375,14.20965576171875,1,3
197474,1991.004601,5,0.2952728271484375,14.20965576171875,1,3
197494,1991.024605,5,0.3608894348144531,14.077725410461426,1,3
197514,1991.045592,5,0.3608894348144531,14.077725410461426,1,3
197534,1991.064588,5,0.3608894348144531,14.077725410461426,1,3
197554,1991.084589,5,0.45931243896484375,13.775617599487305,1,3
197574,1991.105591,5,0.45931243896484375,13.775617599487305,1,3
197594,1991.125591,5,0.4374427795410156,13.623136520385742,1,3
197614,1991.144589,5,0.4374427795410156,13.623136520385742,1,3
197634,1991.166591,5,0.3772926330566406,13.419341087341309,1,3
197654,1991.185174,5,0.3772926330566406,13.419341087341309,1,3
197674,1991.205163,5,0.3663597106933594,13.388951301574707,1,3
197694,1991.225183,5,0.3663597106933594,13.388951301574707,1,3
197714,1991.245162,5,0.3663597106933594,12.898354530334473,1,3
197734,1991.265162,5,0.3663597106933594,12.898354530334473,1,3
197754,1991.285166,5,0.4265098571777344,12.8775634765625,1,3
197774,1991.305162,5,0.4265098571777344,12.8775634765625,1,3
197794,1991.325163,5,0.4155693054199219,12.740646362304688,1,3
197814,1991.345161,5,0.4155693054199219,12.740646362304688,1,3
197834,1991.365157,5,0.45384979248046875,12.797513961791992,1,3
197854,1991.385604,5,0.45384979248046875,12.797513961791992,1,3
197874,1991.405531,5,0.4811897277832031,12.41979694366455,1,3
197894,1991.424548,5,0.4811897277832031,12.41979694366455,1,3
197914,1991.444535,5,0.4811897277832031,12.41979694366455,1,3
197934,1991.464546,5,0.4702491760253906,12.20082950592041,1,3
197954,1991.484547,5,0.4702491760253906,12.20082950592041,1,3
197974,1991.504543,5,0.3554229736328125,12.173980712890625,1,3
197994,1991.524548,5,0.3554229736328125,12.173980712890625,1,3
198014,1991.545124,5,0.41010284423828125,11.933603286743164,1,3
198034,1991.565121,5,0.41010284423828125,11.933603286743164,1,3
198054,1991.585125,5,0.4265098571777344,11.795896530151367,1,3
198074,1991.605118,5,0.4265098571777344,11.795896530151367,1,3
198094,1991.625118,5,0.2898063659667969,11.74211311340332,1,3
198114,1991.645115,5,0.2898063659667969,11.74211311340332,1,3
198134,1991.664117,5,0.4265098571777344,11.428886413574219,1,3
198154,1991.684119,5,0.4265098571777344,11.428886413574219,1,3
198174,1991.704120,5,0.45384979248046875,11.383721351623535,1,3
198194,1991.724127,5,0.45384979248046875,11.383721351623535,1,3
198214,1991.744120,5,0.45384979248046875,11.383721351623535,1,3
198234,1991.764117,5,0.3280830383300781,11.378377914428711,1,3
198254,1991.785114,5,0.3280830383300781,11.378377914428711,1,3
198274,1991.804117,5,0.31714630126953125,11.124741554260254,1,3
198294,1991.824173,5,0.31714630126953125,11.124741554260254,1,3
198314,1991.844145,5,0.31714630126953125,10.89259147644043,1,3
198334,1991.864141,5,0.31714630126953125,10.89259147644043,1,3
198354,1991.884144,5,0.3280830383300781,10.918126106262207,1,3
198374,1991.904146,5,0.3280830383300781,10.918126106262207,1,3
198394,1991.924160,5,0.3062095642089844,10.697700500488281,1,3
198414,1991.944141,5,0.3062095642089844,10.697700500488281,1,3
198434,1991.964577,5,0.41010284423828125,10.833833694458008,1,3
198454,1991.984563,5,0.41010284423828125,10.833833694458008,1,3
198474,1992.004574,5,0.497589111328125,10.574786186218262,1,3
198494,1992.024573,5,0.497589111328125,10.574786186218262,1,3
198514,1992.044559,5,0.45931243896484375,10.454248428344727,1,3
198534,1992.064559,5,0.45931243896484375,10.454248428344727,1,3
198554,1992.084562,5,0.46478271484375,9.942557334899902,1,3
198574,1992.104561,5,0.46478271484375,9.942557334899902,1,3
198594,1992.124570,5,0.46478271484375,9.942557334899902,1,3
198614,1992.144558,5,0.3280830383300781,10.090782165527344,1,3
198634,1992.163560,5,0.3280830383300781,10.090782165527344,1,3
198654,1992.184558,5,0.311676025390625,10.024452209472656,1,3
198674,1992.203558,5,0.311676025390625,10.024452209472656,1,3
198694,1992.223558,5,0.3280830383300781,9.872138023376465,1,3
198714,1992.243561,5,0.3280830383300781,9.872138023376465,1,3
198734,1992.263529,5,0.3554229736328125,9.8616361618042,1,3
198754,1992.283556,5,0.3554229736328125,9.8616361618042,1,3
198774,1992.303557,5,0.4265098571777344,9.79602336883545,1,3
198794,1992.324570,5,0.4265098571777344,9.79602336883545,1,3
198814,1992.343554,5,0.4265098571777344,9.74853515625,1,3
198834,1992.363553,5,0.4265098571777344,9.74853515625,1,3
198854,1992.383558,5,0.399169921875,9.427261352539062,1,3
198874,1992.403554,5,0.399169921875,9.427261352539062,1,3
198894,1992.423554,5,0.3663597106933594,9.072479248046875,1,3
198914,1992.443558,5,0.3663597106933594,9.072479248046875,1,3
198934,1992.463551,5,0.3663597106933594,9.072479248046875,1,3
198954,1992.483555,5,0.399169921875,9.090432167053223,1,3
198974,1992.503554,5,0.399169921875,9.090432167053223,1,3
198994,1992.523550,1,0.30074310302734375,9.070047378540039,1,3
199014,1992.543551,1,0.30074310302734375,9.070047378540039,1,3
199034,1992.563550,1,0.30074310302734375,8.989447593688965,1,3
199054,1992.583555,1,0.30074310302734375,8.989447593688965,1,3
199074,1992.603547,2,0.4265098571777344,8.894743919372559,1,3
199094,1992.623547,2,0.4265098571777344,8.894743919372559,1,3
199114,1992.643548,3,0.4811897277832031,8.776302337646484,1,3
199134,1992.664548,3,0.4811897277832031,8.776302337646484,1,3
199154,1992.683552,4,0.4265098571777344,8.71435260772705,1,3
199174,1992.704548,4,0.4265098571777344,8.71435260772705,1,3
199194,1992.723547,5,0.4374427795410156,8.54295539855957,1,3
199214,1992.743549,5,0.4374427795410156,8.54295539855957,1,3
199234,1992.763545,5,0.3663597106933594,8.562644958496094,1,3
199254,1992.783546,5,0.3663597106933594,8.562644958496094,1,3
199274,1992.803546,5,0.3062095642089844,8.294976234436035,1,3
199294,1992.823546,5,0.3062095642089844,8.294976234436035,1,3
199314,1992.843544,5,0.3062095642089844,8.294976234436035,1,3
199334,1992.863578,5,0.25152587890625,8.298548698425293,1,3
199354,1992.884573,5,0.25152587890625,8.298548698425293,1,3
199374,1992.903544,5,0.2898063659667969,8.304933547973633,1,3
199394,1992.923543,5,0.2898063659667969,8.304933547973633,1,3
199414,1992.943546,5,0.3280830383300781,8.141312599182129,1,3
199434,1992.963538,5,0.3280830383300781,8.141312599182129,1,3
199454,1992.983539,5,0.3226127624511719,8.08975601196289,1,3
199474,1993.003538,5,0.3226127624511719,8.08975601196289,1,3
199494,1993.023546,5,0.33354949951171875,8.07913875579834,1,3
199514,1993.043542,5,0.33354949951171875,8.07913875579834,1,3
199534,1993.063574,5,0.371826171875,7.966311454772949,1,3
199554,1993.083541,5,0.371826171875,7.966311454772949,1,3
199574,1993.103540,5,0.4483795166015625,7.8494696617126465,1,3
199594,1993.123540,5,0.4483795166015625,7.8494696617126465,1,3
199614,1993.143535,5,0.41010284423828125,7.685826778411865,1,3
199634,1993.163536,5,0.41010284423828125,7.685826778411865,1,3
199654,1993.183542,5,0.41010284423828125,7.685826778411865,1,3
199674,1993.203540,5,0.24059295654296875,7.34349250793457,1,3
199694,1993.223534,5,0.24059295654296875,7.34349250793457,1,3
199714,1993.243535,5,0.3062095642089844,7.3622565269470215,1,3
199734,1993.263535,5,0.3062095642089844,7.3622565269470215,1,3
199754,1993.283550,5,0.2679328918457031,7.501129150390625,1,3
199774,1993.303535,5,0.2679328918457031,7.501129150390625,1,3
199794,1993.323534,5,0.41010284423828125,7.430832386016846,1,3
199814,1993.343533,5,0.41010284423828125,7.430832386016846,1,3
199834,1993.363534,5,0.2843360900878906,7.465997219085693,1,3
199854,1993.383532,5,0.2843360900878906,7.465997219085693,1,3
199874,1993.403534,5,0.27886962890625,7.554331302642822,1,3
199894,1993.423530,5,0.27886962890625,7.554331302642822,1,3
199914,1993.443535,5,0.2679328918457031,7.29098653793335,1,3
199934,1993.463528,5,0.2679328918457031,7.29098653793335,1,3
199954,1993.484121,5,0.2624664306640625,7.307838439941406,1,3
199974,1993.503114,5,0.2624664306640625,7.307838439941406,1,3
199994,1993.523118,5,0.24059295654296875,7.350338935852051,1,3
200014,1993.543114,5,0.24059295654296875,7.350338935852051,1,3
200034,1993.563112,5,0.24059295654296875,7.350338935852051,1,3
200054,1993.583120,5,0.3062095642089844,6.983433723449707,1,3
200074,1993.603113,5,0.3062095642089844,6.983433723449707,1,3
200094,1993.623109,5,0.246063232421875,7.277493476867676,1,3
200114,1993.643109,5,0.246063232421875,7.277493476867676,1,3
200134,1993.663108,5,0.3226127624511719,6.991569519042969,1,3
200154,1993.684115,5,0.3226127624511719,6.991569519042969,1,3
200174,1993.703108,5,0.311676025390625,7.0535688400268555,1,3
200194,1993.723108,5,0.311676025390625,7.0535688400268555,1,3
200214,1993.744105,5,0.3444862365722656,6.980834484100342,1,3
200234,1993.763104,5,0.3444862365722656,6.980834484100342,1,3
200254,1993.783110,5,0.399169921875,6.865721702575684,1,3
200274,1993.803104,5,0.399169921875,6.865721702575684,1,3
200294,1993.823106,5,0.30074310302734375,6.90398645401001,1,3
200314,1993.843102,5,0.30074310302734375,6.90398645401001,1,3
200334,1993.864102,5,0.3827629089355469,6.900990009307861,1,3
200354,1993.883109,5,0.3827629089355469,6.900990009307861,1,3
200374,1993.903108,5,0.3827629089355469,6.900990009307861,1,3
200394,1993.923102,5,0.3280830383300781,6.494231224060059,1,3
200414,1993.943110,5,0.3280830383300781,6.494231224060059,1,3
200434,1993.963102,5,0.3444862365722656,6.748994827270508,1,3
200454,1993.983108,5,0.3444862365722656,6.748994827270508,1,3
200474,1994.003101,5,0.2679328918457031,6.4766411781311035,1,3
200494,1994.023100,5,0.2679328918457031,6.4766411781311035,1,3
200514,1994.043102,5,0.2734031677246094,6.573078632354736,1,3
200534,1994.063098,5,0.2734031677246094,6.573078632354736,1,3
200554,1994.083104,5,0.30074310302734375,6.524406433105469,1,3
200574,1994.103103,5,0.30074310302734375,6.524406433105469,1,3
200594,1994.123106,5,0.25699615478515625,6.529563903808594,1,3
200614,1994.143097,5,0.25699615478515625,6.529563903808594,1,3
200634,1994.162095,5,0.3062095642089844,6.308166980743408,1,3
200654,1994.183100,5,0.3062095642089844,6.308166980743408,1,3
200674,1994.202092,5,0.311676025390625,6.429732322692871,1,3
200694,1994.222091,5,0.311676025390625,6.429732322692871,1,3
200714,1994.242095,5,0.2734031677246094,6.384961128234863,1,3
200734,1994.262092,5,0.2734031677246094,6.384961128234863,1,3
200754,1994.283103,5,0.2734031677246094,6.384961128234863,1,3
200774,1994.302113,5,0.311676025390625,6.252151966094971,1,3
200794,1994.322113,5,0.311676025390625,6.252151966094971,1,3
200814,1994.342117,5,0.3608894348144531,6.198665618896484,1,3
200834,1994.362112,5,0.3608894348144531,6.198665618896484,1,3
200854,1994.383117,5,0.4483795166015625,6.16896390914917,1,3
200874,1994.402116,5,0.4483795166015625,6.16896390914917,1,3
200894,1994.422115,5,0.3226127624511719,6.194427490234375,1,3
200914,1994.443117,5,0.3226127624511719,6.194427490234375,1,3
200934,1994.462116,5,0.2952728271484375,6.120938777923584,1,3
200954,1994.483121,5,0.2952728271484375,6.120938777923584,1,3
200974,1994.502115,5,0.2624664306640625,6.288381576538086,1,3
200994,1994.522112,5,0.2624664306640625,6.288381576538086,1,3
201014,1994.543111,5,0.23512649536132812,6.06847620010376,1,3
201034,1994.562107,5,0.23512649536132812,6.06847620010376,1,3
201054,1994.583116,5,0.16404342651367188,6.025972366333008,1,3
201074,1994.602579,5,0.16404342651367188,6.025972366333008,1,3
201094,1994.622504,5,0.19138336181640625,6.064722061157227,1,3
201114,1994.642506,5,0.19138336181640625,6.064722061157227,1,3
201134,1994.662499,5,0.19138336181640625,6.064722061157227,1,3
201154,1994.683504,5,0.311676025390625,6.198052406311035,1,3
201174,1994.702578,5,0.311676025390625,6.198052406311035,1,3
201194,1994.722505,5,0.23512649536132812,6.028172969818115,1,3
201214,1994.742505,5,0.23512649536132812,6.028172969818115,1,3
201234,1994.762497,5,0.1859130859375,6.050549030303955,1,3
201254,1994.783503,5,0.1859130859375,6.050549030303955,1,3
201274,1994.802577,5,0.2952728271484375,5.909698963165283,1,3
201294,1994.822499,5,0.2952728271484375,5.909698963165283,1,3
201314,1994.842498,5,0.3827629089355469,5.9890007972717285,1,3
201334,1994.862497,5,0.3827629089355469,5.9890007972717285,1,3
201354,1994.884505,5,0.3882293701171875,5.5824761390686035,1,3
201374,1994.902579,5,0.3882293701171875,5.5824761390686035,1,3
201394,1994.922498,5,0.371826171875,5.672790050506592,1,3
201414,1994.942496,5,0.371826171875,5.672790050506592,1,3
201434,1994.962541,5,0.33354949951171875,5.874380588531494,1,3
201454,1994.984507,5,0.33354949951171875,5.874380588531494,1,3
201474,1995.001494,5,0.4265098571777344,5.687159538269043,1,3
201494,1995.021491,5,0.4265098571777344,5.687159538269043,1,3
201514,1995.042493,5,0.4265098571777344,5.687159538269043,1,3
201534,1995.061493,5,0.4866523742675781,5.625589370727539,1,3
201554,1995.083502,5,0.4866523742675781,5.625589370727539,1,3
201574,1995.101489,5,0.3827629089355469,5.504731178283691,1,3
201594,1995.121490,5,0.3827629089355469,5.504731178283691,1,3
201614,1995.141503,5,0.45384979248046875,5.342109680175781,1,3
201634,1995.161491,5,0.45384979248046875,5.342109680175781,1,3
201654,1995.183576,5,0.3608894348144531,5.460537433624268,1,3
201674,1995.201488,5,0.3608894348144531,5.460537433624268,1,3
201694,1995.221482,5,0.339019775390625,5.468189239501953,1,3
201714,1995.241489,5,0.339019775390625,5.468189239501953,1,3
201734,1995.261485,5,0.41010284423828125,5.2291178703308105,1,3
201754,1995.282500,5,0.41010284423828125,5.2291178703308105,1,3
201774,1995.301482,5,0.2624664306640625,5.245268821716309,1,3
201794,1995.321547,5,0.2624664306640625,5.245268821716309,1,3
201814,1995.341493,5,0.24059295654296875,5.059221267700195,1,3
201834,1995.361482,5,0.24059295654296875,5.059221267700195,1,3
201854,1995.381486,5,0.371826171875,5.163013458251953,1,3
201874,1995.401492,5,0.371826171875,5.163013458251953,1,3
201894,1995.421484,5,0.371826171875,5.163013458251953,1,3
201914,1995.441484,5,0.4155693054199219,5.05153751373291,1,3
201934,1995.461481,5,0.4155693054199219,5.05153751373291,1,3
201954,1995.482492,1,0.33354949951171875,4.946800708770752,1,3
201974,1995.502481,1,0.33354949951171875,4.946800708770752,1,3
201994,1995.521485,2,0.2679328918457031,4.930147171020508,1,3
202014,1995.541490,2,0.2679328918457031,4.930147171020508,1,3
202034,1995.561478,3,0.27886962890625,4.917983055114746,1,3
202054,1995.581482,3,0.27886962890625,4.917983055114746,1,3
202074,1995.601482,4,0.20778656005859375,4.921114921569824,1,3
202094,1995.621480,4,0.20778656005859375,4.921114921569824,1,3
202114,1995.641491,5,0.13123321533203125,4.880308628082275,1,3
202134,1995.661476,5,0.13123321533203125,4.880308628082275,1,3
202154,1995.681481,1,0.16404342651367188,4.989121437072754,1,3
202174,1995.701475,1,0.16404342651367188,4.989121437072754,1,3
202194,1995.722476,2,0.3554229736328125,4.971823692321777,1,3
202214,1995.742473,2,0.3554229736328125,4.971823692321777,1,3
202234,1995.762473,2,0.3554229736328125,4.971823692321777,1,3
202254,1995.781475,1,0.46478271484375,4.931855201721191,1,3
202274,1995.801476,1,0.46478271484375,4.931855201721191,1,3
202294,1995.821477,2,0.4319725036621094,4.783450126647949,1,3
202314,1995.841481,2,0.4319725036621094,4.783450126647949,1,3
202334,1995.861471,3,0.4702491760253906,4.777103424072266,1,3
202354,1995.881474,3,0.4702491760253906,4.777103424072266,1,3
202374,1995.901473,1,0.41010284423828125,4.747995853424072,1,3
202394,1995.921471,1,0.41010284423828125,4.747995853424072,1,3
202414,1995.942471,1,0.41010284423828125,4.7282915115356445,1,3
202434,1995.962472,1,0.41010284423828125,4.7282915115356445,1,3
202454,1995.981472,2,0.3663597106933594,4.719470977783203,1,3
202474,1996.001471,2,0.3663597106933594,4.719470977783203,1,3
202494,1996.021473,3,0.371826171875,4.763577938079834,1,3
202514,1996.041468,3,0.371826171875,4.763577938079834,1,3
202534,1996.061467,1,0.45931243896484375,4.74439001083374,1,3
202554,1996.081473,1,0.45931243896484375,4.74439001083374,1,3
202574,1996.101467,2,0.31714630126953125,4.754249572753906,1,3
202594,1996.121465,2,0.31714630126953125,4.754249572753906,1,3
202614,1996.141503,2,0.31714630126953125,4.754249572753906,1,3
202634,1996.161467,3,0.3882293701171875,4.75692081451416,1,3
202654,1996.181467,3,0.3882293701171875,4.75692081451416,1,3
202674,1996.201464,4,0.33354949951171875,4.736491680145264,1,3
202694,1996.221463,4,0.33354949951171875,4.736491680145264,1,3
202714,1996.241494,5,0.311676025390625,4.635988712310791,1,3
202734,1996.261464,5,0.311676025390625,4.635988712310791,1,3
202754,1996.281469,5,0.2624664306640625,4.7793288230896,1,3
202774,1996.301460,5,0.2624664306640625,4.7793288230896,1,3
202794,1996.321461,5,0.2898063659667969,4.759737014770508,1,3
202814,1996.341468,5,0.2898063659667969,4.759737014770508,1,3
202834,1996.361461,5,0.1859130859375,4.9095354080200195,1,3
202854,1996.381465,5,0.1859130859375,4.9095354080200195,1,3
202874,1996.401462,5,0.2624664306640625,4.872816562652588,1,3
202894,1996.421533,5,0.2624664306640625,4.872816562652588,1,3
202914,1996.441447,1,0.27886962890625,5.007965564727783,1,3
202934,1996.461430,1,0.27886962890625,5.007965564727783,1,3
202954,1996.481426,1,0.27886962890625,5.007965564727783,1,3
202974,1996.501425,2,0.3554229736328125,5.0356903076171875,1,3
202994,1996.521420,2,0.3554229736328125,5.0356903076171875,1,3
203014,1996.541431,3,0.24059295654296875,5.049718379974365,1,3
203034,1996.560426,3,0.24059295654296875,5.049718379974365,1,3
203054,1996.580429,4,0.2679328918457031,5.0964484214782715,1,3
203074,1996.601420,4,0.2679328918457031,5.0964484214782715,1,3
203094,1996.621419,5,0.27886962890625,5.167055130004883,1,3
203114,1996.640423,5,0.27886962890625,5.167055130004883,1,3
203134,1996.661442,1,0.15857315063476562,5.181009769439697,1,3
203154,1996.680425,1,0.15857315063476562,5.181009769439697,1,3
203174,1996.700417,2,0.21325302124023438,5.270009994506836,1,3
203194,1996.720416,2,0.21325302124023438,5.270009994506836,1,3
203214,1996.741415,3,0.2952728271484375,5.301524639129639,1,3
203234,1996.760415,3,0.2952728271484375,5.301524639129639,1,3
203254,1996.780420,3,0.2952728271484375,5.301524639129639,1,3
203274,1996.800413,4,0.33354949951171875,5.324414253234863,1,3
203294,1996.821434,4,0.33354949951171875,5.324414253234863,1,3
203314,1996.840418,5,0.3663597106933594,5.330277442932129,1,3
203334,1996.861028,5,0.3663597106933594,5.330277442932129,1,3
203354,1996.881050,5,0.311676025390625,5.47995662689209,1,3
203374,1996.901033,5,0.311676025390625,5.47995662689209,1,3
203394,1996.921032,1,0.2624664306640625,5.343660831451416,1,3
203414,1996.941038,1,0.2624664306640625,5.343660831451416,1,3
203434,1996.961023,1,0.2679328918457031,5.3759870529174805,1,3
203454,1996.981038,1,0.2679328918457031,5.3759870529174805,1,3
203474,1997.001025,1,0.34995269775390625,5.392307758331299,1,3
203494,1997.021029,1,0.34995269775390625,5.392307758331299,1,3
203514,1997.041035,2,0.311676025390625,5.4648284912109375,1,3
203534,1997.060026,2,0.311676025390625,5.4648284912109375,1,3
203554,1997.081021,3,0.22965621948242188,5.487857341766357,1,3
203574,1997.100025,3,0.22965621948242188,5.487857341766357,1,3
203594,1997.120026,4,0.2952728271484375,5.502222537994385,1,3
203614,1997.140028,4,0.2952728271484375,5.502222537994385,1,3
203634,1997.160024,4,0.2952728271484375,5.502222537994385,1,3
203654,1997.180026,5,0.2679328918457031,5.511398792266846,1,3
203674,1997.200023,5,0.2679328918457031,5.511398792266846,1,3
203694,1997.220021,5,0.17497634887695312,5.627101421356201,1,3
203714,1997.240018,5,0.17497634887695312,5.627101421356201,1,3
203734,1997.260019,5,0.21872329711914062,5.566555976867676,1,3
203754,1997.280065,5,0.21872329711914062,5.566555976867676,1,3
203774,1997.300022,5,0.3226127624511719,5.43817663192749,1,3
203794,1997.320020,5,0.3226127624511719,5.43817663192749,1,3
203814,1997.340024,5,0.21872329711914062,5.509497165679932,1,3
203834,1997.360021,5,0.21872329711914062,5.509497165679932,1,3
203854,1997.380020,1,0.13123321533203125,5.684823513031006,1,3
203874,1997.400021,1,0.13123321533203125,5.684823513031006,1,3
203894,1997.421020,2,0.19684600830078125,5.798226833343506,1,3
203914,1997.440016,2,0.19684600830078125,5.798226833343506,1,3
203934,1997.460018,3,0.2679328918457031,5.854866027832031,1,3
203954,1997.480043,3,0.2679328918457031,5.854866027832031,1,3
203974,1997.500019,4,0.2952728271484375,5.905991077423096,1,3
203994,1997.520020,4,0.2952728271484375,5.905991077423096,1,3
204014,1997.540017,4,0.2952728271484375,5.905991077423096,1,3
204034,1997.560016,5,0.25152587890625,5.882761001586914,1,3
204054,1997.580020,5,0.25152587890625,5.882761001586914,1,3
204074,1997.600028,5,0.3772926330566406,5.9404449462890625,1,3
204094,1997.620022,5,0.3772926330566406,5.9404449462890625,1,3
204114,1997.640017,5,0.3280830383300781,6.063138961791992,1,3
204134,1997.660014,5,0.3280830383300781,6.063138961791992,1,3
204154,1997.680033,5,0.3663597106933594,5.9324750900268555,1,3
204174,1997.701014,5,0.3663597106933594,5.9324750900268555,1,3
204194,1997.721013,1,0.23512649536132812,6.112900733947754,1,3
204214,1997.741023,1,0.23512649536132812,6.112900733947754,1,3
204234,1997.760012,2,0.14763641357421875,6.267685890197754,1,3
204254,1997.780009,2,0.14763641357421875,6.267685890197754,1,3
204274,1997.800011,3,0.2734031677246094,6.340843677520752,1,3
204294,1997.821016,3,0.2734031677246094,6.340843677520752,1,3
204314,1997.841022,3,0.2734031677246094,6.340843677520752,1,3
204334,1997.860999,4,0.2734031677246094,6.388550281524658,1,3
204354,1997.880031,4,0.2734031677246094,6.388550281524658,1,3
204374,1997.901010,5,0.19684600830078125,6.477390766143799,1,3
204394,1997.920012,5,0.19684600830078125,6.477390766143799,1,3
204414,1997.941011,5,0.20778656005859375,6.356780529022217,1,3
204434,1997.961010,5,0.20778656005859375,6.356780529022217,1,3
204454,1997.980009,5,0.22965621948242188,6.536722660064697,1,3
204474,1998.000010,5,0.22965621948242188,6.536722660064697,1,3
204494,1998.020007,1,0.15857315063476562,6.6709794998168945,1,3
204514,1998.039998,1,0.15857315063476562,6.6709794998168945,1,3
204534,1998.060007,2,0.14763641357421875,6.764328479766846,1,3
204554,1998.080000,2,0.14763641357421875,6.764328479766846,1,3
204574,1998.100033,3,0.060146331787109375,6.8733134269714355,1,3
204594,1998.120010,3,0.060146331787109375,6.8733134269714355,1,3
204614,1998.139998,4,0.07108688354492188,7.0493879318237305,1,3
204634,1998.160000,4,0.07108688354492188,7.0493879318237305,1,3
204654,1998.180000,1,0.027339935302734375,7.188676834106445,1,3
204674,1998.199998,1,0.027339935302734375,7.188676834106445,1,3
204694,1998.220006,1,0.027339935302734375,7.188676834106445,1,3
204714,1998.239997,2,0.2843360900878906,7.266220569610596,1,3
204734,1998.259994,2,0.2843360900878906,7.266220569610596,1,3
204754,1998.279996,3,0.24059295654296875,7.335545539855957,1,3
204774,1998.299997,3,0.24059295654296875,7.335545539855957,1,3
204794,1998.320010,1,0.15857315063476562,7.326356410980225,1,3
204814,1998.339998,1,0.15857315063476562,7.326356410980225,1,3
204834,1998.360008,2,0.21325302124023438,7.4867753982543945,1,3
204854,1998.379999,2,0.21325302124023438,7.4867753982543945,1,3
204874,1998.399999,3,0.16950607299804688,7.595073223114014,1,3
204894,1998.419994,3,0.16950607299804688,7.595073223114014,1,3
204914,1998.440017,1,0.13669967651367188,7.714360237121582,1,3
204934,1998.459994,1,0.13669967651367188,7.714360237121582,1,3
204954,1998.479993,2,0.15857315063476562,7.842376708984375,1,3
204974,1998.499998,2,0.15857315063476562,7.842376708984375,1,3
204994,1998.519995,3,0.153106689453125,7.975854873657227,1,3
205014,1998.540007,3,0.153106689453125,7.975854873657227,1,3
205034,1998.559994,4,0.11482620239257812,8.19124984741211,1,3
205054,1998.579994,4,0.11482620239257812,8.19124984741211,1,3
205074,1998.599994,4,0.11482620239257812,8.19124984741211,1,3
205094,1998.619994,1,0.08748626708984375,8.345113754272461,1,3
205114,1998.638992,1,0.08748626708984375,8.345113754272461,1,3
205134,1998.658996,2,0.06561660766601562,8.492603302001953,1,3
205154,1998.678988,2,0.06561660766601562,8.492603302001953,1,3
205174,1998.699989,3,0.016407012939453125,8.5804443359375,1,3
205194,1998.719985,3,0.016407012939453125,8.5804443359375,1,3
205214,1998.739412,4,0.06561660766601562,8.808388710021973,1,3
205234,1998.760411,4,0.06561660766601562,8.808388710021973,1,3
205254,1998.779415,5,-0.01093292236328125,8.985676765441895,1,3
205274,1998.799410,5,-0.01093292236328125,8.985676765441895,1,3
205294,1998.819441,1,0.09842681884765625,9.069429397583008,1,3
205314,1998.840407,1,0.09842681884765625,9.069429397583008,1,3
205334,1998.859406,2,0.19684600830078125,9.157771110534668,1,3
205354,1998.879406,2,0.19684600830078125,9.157771110534668,1,3
205374,1998.899407,3,0.12029647827148438,9.322797775268555,1,3
205394,1998.919407,3,0.12029647827148438,9.322797775268555,1,3
205414,1998.939411,3,0.12029647827148438,9.322797775268555,1,3
205434,1998.959407,4,0.09842681884765625,9.398561477661133,1,3
205454,1998.979403,4,0.09842681884765625,9.398561477661133,1,3
205474,1998.999407,5,0.05467987060546875,9.28104305267334,1,3
205494,1999.019404,5,0.05467987060546875,9.28104305267334,1,3
205514,1999.039402,5,0.08201980590820312,9.591697692871094,1,3
205534,1999.060400,5,0.08201980590820312,9.591697692871094,1,3
205554,1999.080401,5,0.07654953002929688,9.6183500289917,1,3
205574,1999.099407,5,0.07654953002929688,9.6183500289917,1,3
205594,1999.119400,5,0.09842681884765625,9.776079177856445,1,3
205614,1999.140399,5,0.09842681884765625,9.776079177856445,1,3
205634,1999.159400,1,0.14763641357421875,9.886356353759766,1,3
205654,1999.180408,1,0.14763641357421875,9.886356353759766,1,3
205674,1999.199402,1,0.12029647827148438,9.998615264892578,1,3
205694,1999.220398,1,0.12029647827148438,9.998615264892578,1,3
205714,1999.240396,1,0.03827667236328125,10.219002723693848,1,3
205734,1999.259400,1,0.03827667236328125,10.219002723693848,1,3
205754,1999.279397,2,0.0,10.384686470031738,1,3
205774,1999.299398,2,0.0,10.384686470031738,1,3
205794,1999.320396,2,0.0,10.384686470031738,1,3
205814,1999.340407,3,0.0,10.56995677947998,1,3
205834,1999.359393,3,0.0,10.56995677947998,1,3
205854,1999.380398,1,0.05467987060546875,10.762701034545898,1,3
205874,1999.400395,1,0.05467987060546875,10.762701034545898,1,3
205894,1999.419394,2,-0.09295654296875,10.984087944030762,1,3
205914,1999.440394,2,-0.09295654296875,10.984087944030762,1,3
205934,1999.459392,3,0.0437469482421875,11.200675964355469,1,3
205954,1999.479390,3,0.0437469482421875,11.200675964355469,1,3
205974,1999.500397,1,-0.032810211181640625,11.418642044067383,1,3
205994,1999.519392,1,-0.032810211181640625,11.418642044067383,1,3
206014,1999.540409,2,0.0,11.635051727294922,1,3
206034,1999.560397,2,0.0,11.635051727294922,1,3
206054,1999.580393,3,0.06561660766601562,11.835137367248535,1,3
206074,1999.599398,3,0.06561660766601562,11.835137367248535,1,3
206094,1999.619387,4,0.05467987060546875,12.121539115905762,1,3
206114,1999.640387,4,0.05467987060546875,12.121539115905762,1,3
206134,1999.659393,4,0.05467987060546875,12.121539115905762,1,3
206154,1999.679385,1,0.027339935302734375,12.30206298828125,1,3
206174,1999.699386,1,0.027339935302734375,12.30206298828125,1,3
206194,1999.720385,2,-0.02187347412109375,12.474939346313477,1,3
206214,1999.739387,2,-0.02187347412109375,12.474939346313477,1,3
206234,1999.759389,3,0.08201980590820312,12.641945838928223,1,3
206254,1999.779386,3,0.08201980590820312,12.641945838928223,1,3
206274,1999.799385,1,0.12029647827148438,12.77001953125,1,3
206294,1999.819396,1,0.12029647827148438,12.77001953125,1,3
206314,1999.839389,2,0.13123321533203125,12.89706802368164,1,3
206334,1999.859387,2,0.13123321533203125,12.89706802368164,1,3
206354,1999.879387,3,0.10389328002929688,13.001907348632812,1,3
206374,1999.898381,3,0.10389328002929688,13.001907348632812,1,3
206394,1999.918961,4,0.1093597412109375,13.098714828491211,1,3
206414,1999.938962,4,0.1093597412109375,13.098714828491211,1,3
206434,1999.958965,5,0.06561660766601562,13.306331634521484,1,3
206454,1999.978428,5,0.06561660766601562,13.306331634521484,1,3
206474,1999.999384,5,0.016407012939453125,13.376522064208984,1,3
206494,2000.018381,5,0.016407012939453125,13.376522064208984,1,3
206514,2000.038381,5,0.016407012939453125,13.376522064208984,1,3
206534,2000.058387,1,-0.01093292236328125,13.676031112670898,1,3
206554,2000.078379,1,-0.01093292236328125,13.676031112670898,1,3
206574,2000.099383,2,0.0492095947265625,13.882901191711426,1,3
206594,2000.118954,2,0.0492095947265625,13.882901191711426,1,3
206614,2000.137955,1,0.07654953002929688,14.0747652053833,1,3
206634,2000.158958,1,0.07654953002929688,14.0747652053833,1,3
206654,2000.177958,2,0.07108688354492188,14.12682819366455,1,3
206674,2000.197961,2,0.07108688354492188,14.12682819366455,1,3
206694,2000.218953,3,-0.07108306884765625,14.435629844665527,1,3
206714,2000.238958,3,-0.07108306884765625,14.435629844665527,1,3
206734,2000.258959,4,-0.08201980590820312,14.652552604675293,1,3
206754,2000.278951,4,-0.08201980590820312,14.652552604675293,1,3
206774,2000.298960,5,-0.12029647827148438,14.776466369628906,1,3
206794,2000.317955,5,-0.12029647827148438,14.776466369628906,1,3
206814,2000.337949,1,0.08748626708984375,15.066530227661133,1,3
206834,2000.358951,1,0.08748626708984375,15.066530227661133,1,3
206854,2000.378998,2,0.03827667236328125,15.243309020996094,1,3
206874,2000.398979,2,0.03827667236328125,15.243309020996094,1,3
206894,2000.417958,1,-0.043743133544921875,15.51838207244873,1,3
206914,2000.437954,1,-0.043743133544921875,15.51838207244873,1,3
206934,2000.457961,1,-0.043743133544921875,15.51838207244873,1,3
206954,2000.477952,2,-0.12029647827148438,15.712969779968262,1,3
206974,2000.498949,2,-0.12029647827148438,15.712969779968262,1,3
206994,2000.517953,3,-0.12576675415039062,15.930123329162598,1,3
207014,2000.538948,3,-0.12576675415039062,15.930123329162598,1,3
207034,2000.557948,4,-0.06561660766601562,16.138517379760742,1,3
207054,2000.578954,4,-0.06561660766601562,16.138517379760742,1,3
207074,2000.597976,5,-0.0164031982421875,16.277019500732422,1,3
207094,2000.617948,5,-0.0164031982421875,16.277019500732422,1,3
207114,2000.637943,5,0.09842681884765625,16.064626693725586,1,3
207134,2000.657960,5,0.09842681884765625,16.064626693725586,1,3
207154,2000.677946,5,0.060146331787109375,16.256261825561523,1,3
207174,2000.698943,5,0.060146331787109375,16.256261825561523,1,3
207194,2000.718945,5,-0.0765533447265625,16.74859619140625,1,3
207214,2000.737948,5,-0.0765533447265625,16.74859619140625,1,3
207234,2000.757952,5,-0.0765533447265625,16.890031814575195,1,3
207254,2000.777947,5,-0.0765533447265625,16.890031814575195,1,3
207274,2000.797947,1,-0.16403961181640625,17.248308181762695,1,3
207294,2000.817946,1,-0.16403961181640625,17.248308181762695,1,3
207314,2000.837949,1,-0.16403961181640625,17.248308181762695,1,3
207334,2000.857965,2,-0.12576675415039062,17.466379165649414,1,3
207354,2000.877941,2,-0.12576675415039062,17.466379165649414,1,3
207374,2000.897935,3,-0.00547027587890625,17.628461837768555,1,3
207394,2000.917942,3,-0.00547027587890625,17.628461837768555,1,3
207414,2000.937942,4,-0.0164031982421875,17.784242630004883,1,3
207434,2000.957944,4,-0.0164031982421875,17.784242630004883,1,3
207454,2000.977948,5,0.03827667236328125,17.719310760498047,1,3
207474,2000.997937,5,0.03827667236328125,17.719310760498047,1,3
207494,2001.017946,5,-0.0164031982421875,17.997880935668945,1,3
207514,2001.037935,5,-0.0164031982421875,17.997880935668945,1,3
207534,2001.057942,5,-0.02187347412109375,18.1452693939209,1,3
207554,2001.077935,5,-0.02187347412109375,18.1452693939209,1,3
207574,2001.097932,1,-0.02187347412109375,18.492450714111328,1,3
207594,2001.117932,1,-0.02187347412109375,18.492450714111328,1,3
207614,2001.137933,2,0.0492095947265625,18.662160873413086,1,3
207634,2001.157954,2,0.0492095947265625,18.662160873413086,1,3
207654,2001.177933,2,0.0492095947265625,18.662160873413086,1,3
207674,2001.197944,3,-0.00547027587890625,18.99112892150879,1,3
207694,2001.217932,3,-0.00547027587890625,18.99112892150879,1,3
207714,2001.237360,4,0.032806396484375,19.176977157592773,1,3
207734,2001.257353,4,0.032806396484375,19.176977157592773,1,3
207754,2001.277358,1,0.010936737060546875,19.369361877441406,1,3
207774,2001.297354,1,0.010936737060546875,19.369361877441406,1,3
207794,2001.317352,2,0.010936737060546875,19.561927795410156,1,3
207814,2001.337352,2,0.010936737060546875,19.561927795410156,1,3
207834,2001.357356,3,0.021869659423828125,19.704124450683594,1,3
207854,2001.377351,3,0.021869659423828125,19.704124450683594,1,3
207874,2001.397349,4,0.09295654296875,19.859907150268555,1,3
207894,2001.417348,4,0.09295654296875,19.859907150268555,1,3
207914,2001.437348,5,0.0437469482421875,19.9167423248291,1,3
207934,2001.457300,5,0.0437469482421875,19.9167423248291,1,3
207954,2001.477301,1,0.08201980590820312,20.14409065246582,1,3
207974,2001.497310,1,0.08201980590820312,20.14409065246582,1,3
207994,2001.517315,2,0.060146331787109375,20.406085968017578,1,3
208014,2001.537313,2,0.060146331787109375,20.406085968017578,1,3
208034,2001.557893,2,0.060146331787109375,20.406085968017578,1,3
208054,2001.577904,3,0.032806396484375,20.544931411743164,1,3
208074,2001.597309,3,0.032806396484375,20.544931411743164,1,3
208094,2001.617890,4,-0.043743133544921875,20.707971572875977,1,3
208114,2001.636890,4,-0.043743133544921875,20.707971572875977,1,3
208134,2001.656888,5,0.0,20.694480895996094,1,3
208154,2001.676889,5,0.0,20.694480895996094,1,3
208174,2001.696888,1,0.016407012939453125,21.0107364654541,1,3
208194,2001.717888,1,0.016407012939453125,21.0107364654541,1,3
208214,2001.737886,2,-0.043743133544921875,21.16107940673828,1,3
208234,2001.757884,2,-0.043743133544921875,21.16107940673828,1,3
208254,2001.776886,3,-0.02187347412109375,21.29412269592285,1,3
208274,2001.797924,3,-0.02187347412109375,21.29412269592285,1,3
208294,2001.816920,4,-0.03827667236328125,21.43606185913086,1,3
208314,2001.836918,4,-0.03827667236328125,21.43606185913086,1,3
208334,2001.856918,4,-0.03827667236328125,21.43606185913086,1,3
208354,2001.877919,5,-0.10389328002929688,21.679553985595703,1,3
208374,2001.897919,5,-0.10389328002929688,21.679553985595703,1,3
208394,2001.916918,1,-0.09295654296875,21.825847625732422,1,3
208414,2001.936921,1,-0.09295654296875,21.825847625732422,1,3
208434,2001.956914,2,-0.049213409423828125,21.922056198120117,1,3
208454,2001.976914,2,-0.049213409423828125,21.922056198120117,1,3
208474,2001.997920,3,0.06561660766601562,21.891502380371094,1,3
208494,2002.016914,3,0.06561660766601562,21.891502380371094,1,3
208514,2002.036912,4,0.09842681884765625,21.937990188598633,1,3
208534,2002.056917,4,0.09842681884765625,21.937990188598633,1,3
208554,2002.076916,5,0.032806396484375,22.380863189697266,1,3
208574,2002.098434,5,0.032806396484375,22.380863189697266,1,3
208594,2002.117341,5,0.032806396484375,22.097139358520508,1,3
208614,2002.137330,5,0.032806396484375,22.097139358520508,1,3
208634,2002.156333,5,0.032806396484375,22.097139358520508,1,3
208654,2002.177329,5,0.07654953002929688,22.272174835205078,1,3
208674,2002.197330,5,0.07654953002929688,22.272174835205078,1,3
208694,2002.217330,5,0.16404342651367188,21.916128158569336,1,3
208714,2002.236330,5,0.16404342651367188,21.916128158569336,1,3
208734,2002.256331,5,0.027339935302734375,22.315093994140625,1,3
208754,2002.276328,5,0.027339935302734375,22.315093994140625,1,3
208774,2002.297342,5,0.032806396484375,22.2147216796875,1,3
208794,2002.316361,5,0.032806396484375,22.2147216796875,1,3
208814,2002.337334,1,-0.01093292236328125,22.659914016723633,1,3
208834,2002.357328,1,-0.01093292236328125,22.659914016723633,1,3
208854,2002.376326,2,0.12029647827148438,22.79126739501953,1,3
208874,2002.397327,2,0.12029647827148438,22.79126739501953,1,3
208894,2002.416323,2,0.12029647827148438,22.79126739501953,1,3
208914,2002.437324,3,0.10389328002929688,22.981298446655273,1,3
208934,2002.456324,3,0.10389328002929688,22.981298446655273,1,3
208954,2002.477324,4,0.0437469482421875,23.08013916015625,1,3
208974,2002.497367,4,0.0437469482421875,23.08013916015625,1,3
208994,2002.516323,5,0.03827667236328125,22.85370635986328,1,3
209014,2002.537329,5,0.03827667236328125,22.85370635986328,1,3
209034,2002.557351,5,0.21325302124023438,22.763547897338867,1,3
209054,2002.576322,5,0.21325302124023438,22.763547897338867,1,3
209074,2002.597324,5,0.1421661376953125,23.093751907348633,1,3
209094,2002.616322,5,0.1421661376953125,23.093751907348633,1,3
209114,2002.636321,1,0.10389328002929688,23.119821548461914,1,3
209134,2002.656322,1,0.10389328002929688,23.119821548461914,1,3
209154,2002.676318,2,0.09842681884765625,23.12335968017578,1,3
209174,2002.697363,2,0.09842681884765625,23.12335968017578,1,3
209194,2002.717321,2,0.09842681884765625,23.12335968017578,1,3
209214,2002.736320,3,0.10389328002929688,23.194183349609375,1,3
209234,2002.756318,3,0.10389328002929688,23.194183349609375,1,3
209254,2002.776317,4,0.13123321533203125,23.144121170043945,1,3
209274,2002.797319,4,0.13123321533203125,23.144121170043945,1,3
209294,2002.817314,5,0.19138336181640625,23.093156814575195,1,3
209314,2002.837315,5,0.19138336181640625,23.093156814575195,1,3
209334,2002.857320,5,0.2624664306640625,22.919286727905273,1,3
209354,2002.876319,5,0.2624664306640625,22.919286727905273,1,3
209374,2002.897317,5,0.2023162841796875,22.831205368041992,1,3
209394,2002.917329,5,0.2023162841796875,22.831205368041992,1,3
209414,2002.936313,5,0.22418594360351562,22.908599853515625,1,3
209434,2002.956320,5,0.22418594360351562,22.908599853515625,1,3
209454,2002.976313,5,0.22418594360351562,22.908599853515625,1,3
209474,2002.996312,5,0.21325302124023438,22.97813606262207,1,3
209494,2003.016308,5,0.21325302124023438,22.97813606262207,1,3
209514,2003.036313,5,0.20778656005859375,22.992948532104492,1,3
209534,2003.056311,5,0.20778656005859375,22.992948532104492,1,3
209554,2003.076309,1,0.22965621948242188,22.851795196533203,1,3
209574,2003.096316,1,0.22965621948242188,22.851795196533203,1,3
209594,2003.116910,2,0.19138336181640625,22.556631088256836,1,3
209614,2003.135931,2,0.19138336181640625,22.556631088256836,1,3
209634,2003.155888,1,0.060146331787109375,22.597091674804688,1,3
209654,2003.175888,1,0.060146331787109375,22.597091674804688,1,3
209674,2003.196889,2,0.027339935302734375,22.602373123168945,1,3
209694,2003.215886,2,0.027339935302734375,22.602373123168945,1,3
209714,2003.235896,3,0.15857315063476562,22.558292388916016,1,3
209734,2003.255884,3,0.15857315063476562,22.558292388916016,1,3
209754,2003.275885,3,0.15857315063476562,22.558292388916016,1,3
209774,2003.296886,4,0.17497634887695312,22.582374572753906,1,3
209794,2003.315916,4,0.17497634887695312,22.582374572753906,1,3
209814,2003.335892,5,0.0437469482421875,22.3841552734375,1,3
209834,2003.355882,5,0.0437469482421875,22.3841552734375,1,3
209854,2003.375882,5,0.19138336181640625,22.703121185302734,1,3
209874,2003.396884,5,0.19138336181640625,22.703121185302734,1,3
209894,2003.415886,5,0.15857315063476562,22.27560806274414,1,3
209914,2003.435890,5,0.15857315063476562,22.27560806274414,1,3
209934,2003.455880,5,0.24059295654296875,22.189077377319336,1,3
209954,2003.475880,5,0.24059295654296875,22.189077377319336,1,3
209974,2003.496882,5,0.032806396484375,22.28675651550293,1,3
209994,2003.515878,5,0.032806396484375,22.28675651550293,1,3
210014,2003.535889,5,0.060146331787109375,22.08027458190918,1,3
210034,2003.555938,5,0.060146331787109375,22.08027458190918,1,3
210054,2003.575878,5,0.060146331787109375,22.08027458190918,1,3
210074,2003.596882,5,0.17497634887695312,22.469799041748047,1,3
210094,2003.615875,5,0.17497634887695312,22.469799041748047,1,3
210114,2003.635887,5,0.1093597412109375,22.424625396728516,1,3
210134,2003.655875,5,0.1093597412109375,22.424625396728516,1,3
210154,2003.675874,5,0.16404342651367188,22.166528701782227,1,3
210174,2003.696880,5,0.16404342651367188,22.166528701782227,1,3
210194,2003.715876,5,0.16404342651367188,21.8641357421875,1,3
210214,2003.735909,5,0.16404342651367188,21.8641357421875,1,3
210234,2003.755878,5,0.05467987060546875,22.229167938232422,1,3
210254,2003.775873,5,0.05467987060546875,22.229167938232422,1,3
210274,2003.796879,5,0.05467987060546875,22.229167938232422,1,3
210294,2003.815872,5,0.17497634887695312,21.932292938232422,1,3
210314,2003.835875,5,0.17497634887695312,21.932292938232422,1,3
210334,2003.855878,5,0.2679328918457031,22.328784942626953,1,3
210354,2003.875872,5,0.2679328918457031,22.328784942626953,1,3
210374,2003.896872,5,0.21325302124023438,21.795320510864258,1,3
210394,2003.915877,5,0.21325302124023438,21.795320510864258,1,3
210414,2003.935872,5,0.12576675415039062,21.862049102783203,1,3
210434,2003.955870,5,0.12576675415039062,21.862049102783203,1,3
210454,2003.975872,5,0.2952728271484375,21.755537033081055,1,3
210474,2003.996873,5,0.2952728271484375,21.755537033081055,1,3
210494,2004.015869,5,0.3226127624511719,21.85391616821289,1,3
210514,2004.035876,5,0.3226127624511719,21.85391616821289,1,3
210534,2004.055872,5,0.311676025390625,21.686426162719727,1,3
210554,2004.075876,5,0.311676025390625,21.686426162719727,1,3
210574,2004.095877,5,0.311676025390625,21.686426162719727,1,3
210594,2004.115864,5,0.2679328918457031,21.480819702148438,1,3
210614,2004.135867,5,0.2679328918457031,21.480819702148438,1,3
210634,2004.155861,5,0.1859130859375,21.558849334716797,1,3
210654,2004.175864,5,0.1859130859375,21.558849334716797,1,3
210674,2004.195872,5,0.17497634887695312,21.558589935302734,1,3
210694,2004.215864,5,0.17497634887695312,21.558589935302734,1,3
210714,2004.235864,5,0.24059295654296875,21.473344802856445,1,3
210734,2004.255861,5,0.24059295654296875,21.473344802856445,1,3
210754,2004.274861,5,0.27886962890625,21.535659790039062,1,3
210774,2004.296307,5,0.27886962890625,21.535659790039062,1,3
210794,2004.315279,5,0.12576675415039062,21.275856018066406,1,3
210814,2004.335279,5,0.12576675415039062,21.275856018066406,1,3
210834,2004.355279,5,0.24059295654296875,21.115140914916992,1,3
210854,2004.375286,5,0.24059295654296875,21.115140914916992,1,3
210874,2004.396297,5,0.24059295654296875,21.115140914916992,1,3
210894,2004.415280,5,0.2624664306640625,21.093969345092773,1,3
210914,2004.435277,5,0.2624664306640625,21.093969345092773,1,3
210934,2004.455277,5,0.15857315063476562,21.208255767822266,1,3
210954,2004.475280,5,0.15857315063476562,21.208255767822266,1,3
210974,2004.495277,1,0.16404342651367188,21.274980545043945,1,3
210994,2004.515276,1,0.16404342651367188,21.274980545043945,1,3
211014,2004.535274,1,0.09842681884765625,21.258975982666016,1,3
211034,2004.555276,1,0.09842681884765625,21.258975982666016,1,3
211054,2004.575278,2,0.1093597412109375,21.1820011138916,1,3
211074,2004.595275,2,0.1093597412109375,21.1820011138916,1,3
211094,2004.615282,3,0.15857315063476562,21.15768051147461,1,3
211114,2004.635270,3,0.15857315063476562,21.15768051147461,1,3
211134,2004.655272,4,0.24059295654296875,21.0932559967041,1,3
211154,2004.675273,4,0.24059295654296875,21.0932559967041,1,3
211174,2004.695273,4,0.24059295654296875,21.0932559967041,1,3
211194,2004.715272,5,0.2843360900878906,20.91998863220215,1,3
211214,2004.735271,5,0.2843360900878906,20.91998863220215,1,3
211234,2004.755270,5,0.3062095642089844,20.994888305664062,1,3
211254,2004.775279,5,0.3062095642089844,20.994888305664062,1,3
211274,2004.795285,5,0.246063232421875,21.006858825683594,1,3
211294,2004.815271,5,0.246063232421875,21.006858825683594,1,3
211314,2004.835270,1,0.20778656005859375,20.65875244140625,1,3
211334,2004.855265,1,0.20778656005859375,20.65875244140625,1,3
211354,2004.875265,2,0.2023162841796875,20.711599349975586,1,3
211374,2004.895266,2,0.2023162841796875,20.711599349975586,1,3
211394,2004.915265,3,0.22418594360351562,20.683759689331055,1,3
211414,2004.935265,3,0.22418594360351562,20.683759689331055,1,3
211434,2004.955268,3,0.22418594360351562,20.683759689331055,1,3
211454,2004.975265,4,0.25152587890625,20.645471572875977,1,3
211474,2004.995264,4,0.25152587890625,20.645471572875977,1,3
211494,2005.015274,1,0.2679328918457031,20.707582473754883,1,3
211514,2005.035262,1,0.2679328918457031,20.707582473754883,1,3
211534,2005.055264,2,0.246063232421875,20.687122344970703,1,3
211554,2005.075265,2,0.246063232421875,20.687122344970703,1,3
211574,2005.095266,3,0.3062095642089844,20.63188934326172,1,3
211594,2005.114263,3,0.3062095642089844,20.63188934326172,1,3
211614,2005.134260,1,0.1859130859375,20.479734420776367,1,3
211634,2005.154262,1,0.1859130859375,20.479734420776367,1,3
211654,2005.174266,2,0.16404342651367188,20.4614200592041,1,3
211674,2005.194262,2,0.16404342651367188,20.4614200592041,1,3
211694,2005.214292,3,0.3062095642089844,20.417085647583008,1,3
211714,2005.234258,3,0.3062095642089844,20.417085647583008,1,3
211734,2005.254258,3,0.3062095642089844,20.417085647583008,1,3
211754,2005.274271,4,0.25152587890625,20.36888885498047,1,3
211774,2005.294260,4,0.25152587890625,20.36888885498047,1,3
211794,2005.314256,5,0.27886962890625,20.274944305419922,1,3
211814,2005.334256,5,0.27886962890625,20.274944305419922,1,3
211834,2005.354262,5,0.3226127624511719,20.333221435546875,1,3
211854,2005.374268,5,0.3226127624511719,20.333221435546875,1,3
211874,2005.394256,5,0.41010284423828125,20.207271575927734,1,3
211894,2005.414255,5,0.41010284423828125,20.207271575927734,1,3
211914,2005.434265,5,0.45384979248046875,19.826732635498047,1,3
211934,2005.454256,5,0.45384979248046875,19.826732635498047,1,3
211954,2005.474256,5,0.4483795166015625,19.747339248657227,1,3
211974,2005.494259,5,0.4483795166015625,19.747339248657227,1,3
211994,2005.515251,5,0.4483795166015625,19.747339248657227,1,3
212014,2005.534256,5,0.33354949951171875,19.651639938354492,1,3
212034,2005.554254,5,0.33354949951171875,19.651639938354492,1,3
212054,2005.574260,5,0.2734031677246094,19.7122859954834,1,3
212074,2005.594258,5,0.2734031677246094,19.7122859954834,1,3
212094,2005.614250,5,0.2679328918457031,19.550077438354492,1,3
212114,2005.634269,5,0.2679328918457031,19.550077438354492,1,3
212134,2005.654254,5,0.153106689453125,19.601158142089844,1,3
212154,2005.674257,5,0.153106689453125,19.601158142089844,1,3
212174,2005.694253,5,0.246063232421875,19.271909713745117,1,3
212194,2005.714246,5,0.246063232421875,19.271909713745117,1,3
212214,2005.735247,5,0.23512649536132812,19.576030731201172,1,3
212234,2005.754251,5,0.23512649536132812,19.576030731201172,1,3
212254,2005.775251,5,0.11482620239257812,19.408958435058594,1,3
212274,2005.795253,5,0.11482620239257812,19.408958435058594,1,3
212294,2005.814247,5,0.11482620239257812,19.408958435058594,1,3
212314,2005.834244,5,0.14763641357421875,19.63654899597168,1,3
212334,2005.855249,5,0.14763641357421875,19.63654899597168,1,3
212354,2005.874256,5,0.21872329711914062,19.157230377197266,1,3
212374,2005.894260,5,0.21872329711914062,19.157230377197266,1,3
212394,2005.914245,5,0.34995269775390625,19.39280128479004,1,3
212414,2005.934241,5,0.34995269775390625,19.39280128479004,1,3
212434,2005.954244,5,0.4757194519042969,19.119638442993164,1,3
212454,2005.974250,5,0.4757194519042969,19.119638442993164,1,3
212474,2005.994252,5,0.31714630126953125,18.94818115234375,1,3
212494,2006.014241,5,0.31714630126953125,18.94818115234375,1,3
212514,2006.034243,5,0.30074310302734375,19.007585525512695,1,3
212534,2006.054244,5,0.30074310302734375,19.007585525512695,1,3
212554,2006.074246,5,0.27886962890625,18.887662887573242,1,3
212574,2006.094252,5,0.27886962890625,18.887662887573242,1,3
212594,2006.114245,5,0.27886962890625,18.887662887573242,1,3
212614,2006.134239,5,0.2734031677246094,19.072399139404297,1,3
212634,2006.154241,5,0.2734031677246094,19.072399139404297,1,3
212654,2006.174244,5,0.3280830383300781,18.86172103881836,1,3
212674,2006.194250,5,0.3280830383300781,18.86172103881836,1,3
212694,2006.214238,5,0.3554229736328125,18.787771224975586,1,3
212714,2006.234238,5,0.3554229736328125,18.787771224975586,1,3
212734,2006.254238,5,0.311676025390625,18.78131103515625,1,3
212754,2006.274264,5,0.311676025390625,18.78131103515625,1,3
212774,2006.294250,5,0.2624664306640625,18.55862808227539,1,3
212794,2006.314236,5,0.2624664306640625,18.55862808227539,1,3
212814,2006.334236,5,0.08748626708984375,18.477205276489258,1,3
212834,2006.354239,5,0.08748626708984375,18.477205276489258,1,3
212854,2006.374245,5,0.08748626708984375,18.477205276489258,1,3
212874,2006.394283,5,0.18044662475585938,18.35395622253418,1,3
212894,2006.414235,5,0.18044662475585938,18.35395622253418,1,3
212914,2006.434237,5,0.33354949951171875,18.449308395385742,1,3
212934,2006.454236,5,0.33354949951171875,18.449308395385742,1,3
212954,2006.474238,5,0.13669967651367188,18.332334518432617,1,3
212974,2006.493190,5,0.13669967651367188,18.332334518432617,1,3
212994,2006.514181,5,0.153106689453125,18.60542106628418,1,3
213014,2006.534202,5,0.153106689453125,18.60542106628418,1,3
213034,2006.554196,5,0.153106689453125,18.435888290405273,1,3
213054,2006.574199,5,0.153106689453125,18.435888290405273,1,3
213074,2006.594198,5,0.4265098571777344,18.5533447265625,1,3
213094,2006.614197,5,0.4265098571777344,18.5533447265625,1,3
213114,2006.634199,5,0.2843360900878906,18.33928108215332,1,3
213134,2006.654195,5,0.2843360900878906,18.33928108215332,1,3
213154,2006.673195,5,0.2843360900878906,18.33928108215332,1,3
213174,2006.693230,5,0.34995269775390625,18.179922103881836,1,3
213194,2006.713230,5,0.34995269775390625,18.179922103881836,1,3
213214,2006.733231,1,0.3280830383300781,18.193269729614258,1,3
213234,2006.754229,1,0.3280830383300781,18.193269729614258,1,3
213254,2006.774241,2,0.311676025390625,18.13492202758789,1,3
213274,2006.793224,2,0.311676025390625,18.13492202758789,1,3
213294,2006.813223,3,0.3663597106933594,18.051925659179688,1,3
213314,2006.833227,3,0.3663597106933594,18.051925659179688,1,3
213334,2006.854223,4,0.41010284423828125,17.83554458618164,1,3
213354,2006.874236,4,0.41010284423828125,17.83554458618164,1,3
213374,2006.894222,5,0.3062095642089844,17.845611572265625,1,3
213394,2006.914219,5,0.3062095642089844,17.845611572265625,1,3
213414,2006.933222,5,0.3062095642089844,17.845611572265625,1,3
213434,2006.953221,5,0.22965621948242188,17.71891212463379,1,3
213454,2006.973219,5,0.22965621948242188,17.71891212463379,1,3
213474,2006.993220,5,0.19684600830078125,17.810800552368164,1,3
213494,2007.013217,5,0.19684600830078125,17.810800552368164,1,3
213514,2007.033215,5,0.21872329711914062,17.703035354614258,1,3
213534,2007.053223,5,0.21872329711914062,17.703035354614258,1,3
213554,2007.073216,5,0.3280830383300781,17.899452209472656,1,3
213574,2007.093214,5,0.3280830383300781,17.899452209472656,1,3
213594,2007.113217,5,0.2898063659667969,17.751609802246094,1,3
213614,2007.133214,5,0.2898063659667969,17.751609802246094,1,3
213634,2007.153219,5,0.25152587890625,17.39594841003418,1,3
213654,2007.173212,5,0.25152587890625,17.39594841003418,1,3
213674,2007.193212,5,0.19684600830078125,17.49654197692871,1,3
213694,2007.213212,5,0.19684600830078125,17.49654197692871,1,3
213714,2007.233213,5,0.19684600830078125,17.49654197692871,1,3
213734,2007.253216,5,0.153106689453125,17.59356117248535,1,3
213754,2007.273213,5,0.153106689453125,17.59356117248535,1,3
213774,2007.293206,5,0.2734031677246094,17.543941497802734,1,3
213794,2007.313210,5,0.2734031677246094,17.543941497802734,1,3
213814,2007.333212,5,0.18044662475585938,17.831106185913086,1,3
213834,2007.353220,5,0.18044662475585938,17.831106185913086,1,3
213854,2007.373212,5,0.13669967651367188,17.833635330200195,1,3
213874,2007.393212,5,0.13669967651367188,17.833635330200195,1,3
213894,2007.413208,5,0.09842681884765625,17.687999725341797,1,3
213914,2007.433208,5,0.09842681884765625,17.687999725341797,1,3
213934,2007.453207,5,0.16404342651367188,17.516613006591797,1,3
213954,2007.473209,5,0.16404342651367188,17.516613006591797,1,3
213974,2007.493212,5,0.14763641357421875,17.6127872467041,1,3
213994,2007.513249,5,0.14763641357421875,17.6127872467041,1,3
214014,2007.533214,5,0.14763641357421875,17.6127872467041,1,3
214034,2007.553205,5,0.17497634887695312,17.289566040039062,1,3
214054,2007.573201,5,0.17497634887695312,17.289566040039062,1,3
214074,2007.593204,5,0.19138336181640625,17.272666931152344,1,3
214094,2007.613204,5,0.19138336181640625,17.272666931152344,1,3
214114,2007.633208,5,0.12029647827148438,17.731843948364258,1,3
214134,2007.653205,5,0.12029647827148438,17.731843948364258,1,3
214154,2007.673203,5,0.20778656005859375,17.750080108642578,1,3
214174,2007.693204,5,0.20778656005859375,17.750080108642578,1,3
214194,2007.713229,5,0.22965621948242188,17.785667419433594,1,3
214214,2007.733203,5,0.22965621948242188,17.785667419433594,1,3
214234,2007.753204,5,0.23512649536132812,17.611127853393555,1,3
214254,2007.773201,5,0.23512649536132812,17.611127853393555,1,3
214274,2007.793196,5,0.23512649536132812,17.611127853393555,1,3
214294,2007.813203,5,0.15857315063476562,17.865985870361328,1,3
214314,2007.833199,5,0.15857315063476562,17.865985870361328,1,3
214334,2007.853201,5,0.13123321533203125,17.669937133789062,1,3
214354,2007.873199,5,0.13123321533203125,17.669937133789062,1,3
214374,2007.893195,5,0.12029647827148438,17.736940383911133,1,3
214394,2007.913198,5,0.12029647827148438,17.736940383911133,1,3
214414,2007.933221,5,0.17497634887695312,17.803661346435547,1,3
214434,2007.952210,5,0.17497634887695312,17.803661346435547,1,3
214454,2007.972197,5,0.0437469482421875,17.84481430053711,1,3
214474,2007.992197,5,0.0437469482421875,17.84481430053711,1,3
214494,2008.012199,5,0.1093597412109375,17.961645126342773,1,3
214514,2008.032200,5,0.1093597412109375,17.961645126342773,1,3
214534,2008.052194,5,0.1093597412109375,17.961645126342773,1,3
214554,2008.072192,5,0.12029647827148438,17.87179183959961,1,3
214574,2008.092192,5,0.12029647827148438,17.87179183959961,1,3
214594,2008.112190,5,0.22965621948242188,17.587671279907227,1,3
214614,2008.132211,5,0.22965621948242188,17.587671279907227,1,3
214634,2008.152191,5,0.21325302124023438,17.82185173034668,1,3
214654,2008.172192,5,0.21325302124023438,17.82185173034668,1,3
214674,2008.192193,5,0.25699615478515625,17.830854415893555,1,3
214694,2008.212212,5,0.25699615478515625,17.830854415893555,1,3
214714,2008.232190,5,0.22418594360351562,17.449230194091797,1,3
214734,2008.252185,5,0.22418594360351562,17.449230194091797,1,3
214754,2008.272185,5,0.18044662475585938,17.375614166259766,1,3
214774,2008.292187,5,0.18044662475585938,17.375614166259766,1,3
214794,2008.312185,5,0.16950607299804688,17.17955207824707,1,3
214814,2008.332187,5,0.16950607299804688,17.17955207824707,1,3
214834,2008.352196,5,0.16950607299804688,17.17955207824707,1,3
214854,2008.372183,5,0.2023162841796875,17.3289794921875,1,3
214874,2008.392191,5,0.2023162841796875,17.3289794921875,1,3
214894,2008.412185,5,0.18044662475585938,17.307750701904297,1,3
214914,2008.432183,5,0.18044662475585938,17.307750701904297,1,3
214934,2008.452186,1,0.2624664306640625,17.14727783203125,1,3
214954,2008.472186,1,0.2624664306640625,17.14727783203125,1,3
214974,2008.492182,1,0.153106689453125,17.12126922607422,1,3
214994,2008.512183,1,0.153106689453125,17.12126922607422,1,3
215014,2008.532183,2,0.153106689453125,17.1162052154541,1,3
215034,2008.552188,2,0.153106689453125,17.1162052154541,1,3
215054,2008.572186,1,0.17497634887695312,16.99659538269043,1,3
215074,2008.592185,1,0.17497634887695312,16.99659538269043,1,3
215094,2008.612180,2,0.14763641357421875,16.969263076782227,1,3
215114,2008.632177,2,0.14763641357421875,16.969263076782227,1,3
215134,2008.652188,2,0.14763641357421875,16.969263076782227,1,3
215154,2008.672176,3,0.06561660766601562,16.991790771484375,1,3
215174,2008.692176,3,0.06561660766601562,16.991790771484375,1,3
215194,2008.712175,4,0.1093597412109375,17.062463760375977,1,3
215214,2008.732180,4,0.1093597412109375,17.062463760375977,1,3
215234,2008.752176,5,0.09842681884765625,16.91475486755371,1,3
215254,2008.773185,5,0.09842681884765625,16.91475486755371,1,3
215274,2008.792179,5,0.1421661376953125,17.185161590576172,1,3
215294,2008.812193,5,0.1421661376953125,17.185161590576172,1,3
215314,2008.832177,5,0.016407012939453125,16.911741256713867,1,3
215334,2008.853177,5,0.016407012939453125,16.911741256713867,1,3
215354,2008.873169,5,0.021869659423828125,17.173398971557617,1,3
215374,2008.892171,5,0.021869659423828125,17.173398971557617,1,3
215394,2008.912169,5,0.021869659423828125,17.173398971557617,1,3
