cf_timestamp_ms,host_monotonic_s,sensorFilter.surfBefore,sensorFilter.surfAfter,sensorFilter.surfDelta,sensorFilter.surfSign
183753,1977.293913,0.46205681562423706,0.8929885029792786,-0.4309316873550415,-1
183773,1977.313908,0.46205681562423706,0.8930131196975708,-0.43095630407333374,-1
183793,1977.333910,0.46205681562423706,0.8930131196975708,-0.43095630407333374,-1
183813,1977.353907,0.46205681562423706,0.893001139163971,-0.4309443235397339,-1
183833,1977.373917,0.46205681562423706,0.893001139163971,-0.4309443235397339,-1
183853,1977.393906,0.46205681562423706,0.8929885029792786,-0.4309316873550415,-1
183873,1977.413906,0.46205681562423706,0.8929885029792786,-0.4309316873550415,-1
183893,1977.433904,0.46205681562423706,0.893001139163971,-0.4309443235397339,-1
183913,1977.453905,0.46205681562423706,0.893001139163971,-0.4309443235397339,-1
183933,1977.473932,0.46205681562423706,0.8930131196975708,-0.43095630407333374,-1
183953,1977.493909,0.46205681562423706,0.8930131196975708,-0.43095630407333374,-1
183973,1977.513903,0.46205681562423706,0.893001139163971,-0.4309443235397339,-1
183993,1977.533898,0.46205681562423706,0.893001139163971,-0.4309443235397339,-1
184013,1977.553904,0.46205681562423706,0.8921842575073242,-0.43012744188308716,-1
184033,1977.573925,0.46205681562423706,0.8921842575073242,-0.43012744188308716,-1
184053,1977.593903,0.46205681562423706,0.8928167819976807,-0.4307599663734436,-1
184073,1977.613902,0.46205681562423706,0.8928167819976807,-0.4307599663734436,-1
184093,1977.633899,0.46205681562423706,0.8928167819976807,-0.4307599663734436,-1
184113,1977.653902,0.46205681562423706,0.8928167819976807,-0.4307599663734436,-1
184133,1977.673919,0.46205681562423706,0.8928167819976807,-0.4307599663734436,-1
184153,1977.693903,0.46205681562423706,0.8928167819976807,-0.4307599663734436,-1
184173,1977.713898,0.46205681562423706,0.8928167819976807,-0.4307599663734436,-1
184193,1977.733896,0.46205681562423706,0.8928167819976807,-0.4307599663734436,-1
184213,1977.753901,0.46205681562423706,0.8928167819976807,-0.4307599663734436,-1
184233,1977.773895,0.46205681562423706,0.8929318189620972,-0.4308750033378601,-1
184253,1977.792900,0.46205681562423706,0.8929318189620972,-0.4308750033378601,-1
184273,1977.812899,0.46205681562423706,0.8929318189620972,-0.4308750033378601,-1
184293,1977.832893,0.46205681562423706,0.8929318189620972,-0.4308750033378601,-1
184313,1977.853896,0.46205681562423706,0.8929318189620972,-0.4308750033378601,-1
184333,1977.872898,0.46205681562423706,0.8929318189620972,-0.4308750033378601,-1
184353,1977.892901,0.46205681562423706,0.8922786712646484,-0.4302218556404114,-1
184373,1977.912890,0.46205681562423706,0.8922786712646484,-0.4302218556404114,-1
184393,1977.932907,0.46205681562423706,0.8932271003723145,-0.4311702847480774,-1
184413,1977.953906,0.46205681562423706,0.8932271003723145,-0.4311702847480774,-1
184433,1977.972894,0.46205681562423706,0.8932271003723145,-0.4311702847480774,-1
184453,1977.992894,0.46205681562423706,0.8932271003723145,-0.4311702847480774,-1
184473,1978.012891,0.46205681562423706,0.8932271003723145,-0.4311702847480774,-1
184493,1978.032892,0.46205681562423706,0.8939494490623474,-0.43189263343811035,-1
184513,1978.053890,0.46205681562423706,0.8939494490623474,-0.43189263343811035,-1
184533,1978.072888,0.46205681562423706,0.8932271003723145,-0.4311702847480774,-1
184553,1978.092920,0.46205681562423706,0.8932271003723145,-0.4311702847480774,-1
184573,1978.112891,0.46205681562423706,0.8939494490623474,-0.43189263343811035,-1
184593,1978.132889,0.46205681562423706,0.8939494490623474,-0.43189263343811035,-1
184613,1978.153890,0.46205681562423706,0.8939738869667053,-0.43191707134246826,-1
184633,1978.172888,0.46205681562423706,0.8939738869667053,-0.43191707134246826,-1
184653,1978.192890,0.46205681562423706,0.8939494490623474,-0.43189263343811035,-1
184673,1978.212888,0.46205681562423706,0.8939494490623474,-0.43189263343811035,-1
184693,1978.232892,0.46205681562423706,0.8913454413414001,-0.4292886257171631,-1
184713,1978.253892,0.46205681562423706,0.8913454413414001,-0.4292886257171631,-1
184733,1978.272886,0.46205681562423706,0.8923725485801697,-0.4303157329559326,-1
184753,1978.292892,0.46205681562423706,0.8923725485801697,-0.4303157329559326,-1
184773,1978.312903,0.46205681562423706,0.8914321660995483,-0.4293753504753113,-1
184793,1978.332888,0.46205681562423706,0.8914321660995483,-0.4293753504753113,-1
184813,1978.353890,0.46205681562423706,0.8914321660995483,-0.4293753504753113,-1
184833,1978.372885,0.46205681562423706,0.8914321660995483,-0.4293753504753113,-1
184853,1978.393884,0.46205681562423706,0.8923725485801697,-0.4303157329559326,-1
184873,1978.412884,0.46205681562423706,0.8923725485801697,-0.4303157329559326,-1
184893,1978.432880,0.46205681562423706,0.8923725485801697,-0.4303157329559326,-1
184913,1978.453889,0.46205681562423706,0.8923725485801697,-0.4303157329559326,-1
184933,1978.472881,0.46205681562423706,0.8923725485801697,-0.4303157329559326,-1
184953,1978.492937,0.46205681562423706,0.8931465744972229,-0.43108975887298584,-1
184973,1978.512880,0.46205681562423706,0.8931465744972229,-0.43108975887298584,-1
184993,1978.532916,0.46205681562423706,0.8931465744972229,-0.43108975887298584,-1
185013,1978.553893,0.46205681562423706,0.8931465744972229,-0.43108975887298584,-1
185033,1978.572876,0.46205681562423706,0.8931465744972229,-0.43108975887298584,-1
185053,1978.593882,0.46205681562423706,0.8931465744972229,-0.43108975887298584,-1
185073,1978.612877,0.46205681562423706,0.8922744989395142,-0.4302176833152771,-1
185093,1978.632875,0.46205681562423706,0.8922744989395142,-0.4302176833152771,-1
185113,1978.653884,0.46205681562423706,0.8922744989395142,-0.4302176833152771,-1
185133,1978.672873,0.46205681562423706,0.8922744989395142,-0.4302176833152771,-1
185153,1978.692876,0.46205681562423706,0.8913920521736145,-0.42933523654937744,-1
185173,1978.712874,0.46205681562423706,0.8913920521736145,-0.42933523654937744,-1
185193,1978.732474,0.46205681562423706,0.8913920521736145,-0.42933523654937744,-1
185213,1978.753469,0.46205681562423706,0.890687882900238,-0.428631067276001,-1
185233,1978.772454,0.46205681562423706,0.890687882900238,-0.428631067276001,-1
185253,1978.793453,0.46205681562423706,0.8896637558937073,-0.4276069402694702,-1
185273,1978.813451,0.46205681562423706,0.8896637558937073,-0.4276069402694702,-1
185293,1978.833447,0.46205681562423706,0.8903673887252808,-0.4283105731010437,-1
185313,1978.853467,0.46205681562423706,0.8903673887252808,-0.4283105731010437,-1
185333,1978.872449,0.46205681562423706,0.8903673887252808,-0.4283105731010437,-1
185353,1978.892448,0.46205681562423706,0.8903673887252808,-0.4283105731010437,-1
185373,1978.913449,0.46205681562423706,0.8893879652023315,-0.4273311495780945,-1
185393,1978.933447,0.46205681562423706,0.8893879652023315,-0.4273311495780945,-1
185413,1978.952459,0.46205681562423706,0.8893879652023315,-0.4273311495780945,-1
185433,1978.972453,0.46205681562423706,0.8893879652023315,-0.4273311495780945,-1
185453,1978.993450,0.46205681562423706,0.8903673887252808,-0.4283105731010437,-1
185473,1979.013444,0.46205681562423706,0.8903673887252808,-0.4283105731010437,-1
185493,1979.033446,0.46205681562423706,0.8886679410934448,-0.42661112546920776,-1
185513,1979.053453,0.46205681562423706,0.8886679410934448,-0.42661112546920776,-1
185533,1979.073446,0.46205681562423706,0.8886679410934448,-0.42661112546920776,-1
185553,1979.092450,0.46205681562423706,0.8886679410934448,-0.42661112546920776,-1
185573,1979.113456,0.46205681562423706,0.8886679410934448,-0.42661112546920776,-1
185593,1979.133443,0.46205681562423706,0.8906903266906738,-0.42863351106643677,-1
185613,1979.153453,0.46205681562423706,0.8906903266906738,-0.42863351106643677,-1
185633,1979.172456,0.46205681562423706,0.8933731913566589,-0.4313163757324219,-1
185653,1979.193453,0.46205681562423706,0.8933731913566589,-0.4313163757324219,-1
185673,1979.213443,0.46205681562423706,0.8933731913566589,-0.4313163757324219,-1
185693,1979.233441,0.46205681562423706,0.8933731913566589,-0.4313163757324219,-1
185713,1979.253448,0.46205681562423706,0.8933731913566589,-0.4313163757324219,-1
185733,1979.273441,0.46205681562423706,0.8933731913566589,-0.4313163757324219,-1
185753,1979.293441,0.46205681562423706,0.8926717042922974,-0.4306148886680603,-1
185773,1979.313439,0.46205681562423706,0.8926717042922974,-0.4306148886680603,-1
185793,1979.333437,0.46205681562423706,0.8926717042922974,-0.4306148886680603,-1
185813,1979.353445,0.46205681562423706,0.8926717042922974,-0.4306148886680603,-1
185833,1979.373442,0.46205681562423706,0.8923253417015076,-0.4302685260772705,-1
185853,1979.393439,0.46205681562423706,0.8923253417015076,-0.4302685260772705,-1
185873,1979.413441,0.46205681562423706,0.8926717042922974,-0.4306148886680603,-1
185893,1979.433436,0.46205681562423706,0.8926717042922974,-0.4306148886680603,-1
185913,1979.453441,0.46205681562423706,0.8926717042922974,-0.4306148886680603,-1
185933,1979.473450,0.46205681562423706,0.8926717042922974,-0.4306148886680603,-1
185953,1979.493440,0.46205681562423706,0.8926717042922974,-0.4306148886680603,-1
185973,1979.513433,0.46205681562423706,0.8917754292488098,-0.42971861362457275,-1
185993,1979.532435,0.46205681562423706,0.8917754292488098,-0.42971861362457275,-1
186013,1979.552435,0.46205681562423706,0.891474723815918,-0.4294179081916809,-1
186033,1979.572436,0.46205681562423706,0.891474723815918,-0.4294179081916809,-1
186053,1979.592469,0.46205681562423706,0.8908059000968933,-0.42874908447265625,-1
186073,1979.612433,0.46205681562423706,0.8908059000968933,-0.42874908447265625,-1
186093,1979.632430,0.46205681562423706,0.8908059000968933,-0.42874908447265625,-1
186113,1979.652434,0.46205681562423706,0.8908059000968933,-0.42874908447265625,-1
186133,1979.673440,0.46205681562423706,0.8909358382225037,-0.4288790225982666,-1
186153,1979.693434,0.46205681562423706,0.8909358382225037,-0.4288790225982666,-1
186173,1979.712429,0.46205681562423706,0.8909440636634827,-0.4288872480392456,-1
186193,1979.732430,0.46205681562423706,0.8909440636634827,-0.4288872480392456,-1
186213,1979.752434,0.46205681562423706,0.8909440636634827,-0.4288872480392456,-1
186233,1979.772428,0.46205681562423706,0.8909440636634827,-0.4288872480392456,-1
186253,1979.792891,0.46205681562423706,0.8909440636634827,-0.4288872480392456,-1
186273,1979.811851,0.46205681562423706,0.8909440636634827,-0.4288872480392456,-1
186293,1979.832848,0.46205681562423706,0.8909440636634827,-0.4288872480392456,-1
186313,1979.851850,0.46205681562423706,0.8909358382225037,-0.4288790225982666,-1
186333,1979.872849,0.46205681562423706,0.8909358382225037,-0.4288790225982666,-1
186353,1979.891868,0.46205681562423706,0.8909440636634827,-0.4288872480392456,-1
186373,1979.912844,0.46205681562423706,0.8909440636634827,-0.4288872480392456,-1
186393,1979.931483,0.46205681562423706,0.8898062705993652,-0.4277494549751282,-1
186413,1979.951430,0.46205681562423706,0.8898062705993652,-0.4277494549751282,-1
186433,1979.971422,0.46205681562423706,0.8799951076507568,-0.4179382920265198,-1
186453,1979.991436,0.46205681562423706,0.8799951076507568,-0.4179382920265198,-1
186473,1980.011428,0.46205681562423706,0.8919772505760193,-0.4299204349517822,-1
186493,1980.031425,0.46205681562423706,0.8919772505760193,-0.4299204349517822,-1
186514,1980.052419,0.46205681562423706,0.888879656791687,-0.42682284116744995,-1
186534,1980.072421,0.46205681562423706,0.888879656791687,-0.42682284116744995,-1
186553,1980.091427,0.46205681562423706,0.8859189748764038,-0.42386215925216675,-1
186573,1980.111419,0.46205681562423706,0.8859189748764038,-0.42386215925216675,-1
186593,1980.131416,0.46205681562423706,0.8938851952552795,-0.4318283796310425,-1
186613,1980.151417,0.46205681562423706,0.8938851952552795,-0.4318283796310425,-1
186633,1980.171419,0.46205681562423706,0.8938851952552795,-0.4318283796310425,-1
186653,1980.191423,0.46205681562423706,0.8906318545341492,-0.4285750389099121,-1
186673,1980.211418,0.46205681562423706,0.8906318545341492,-0.4285750389099121,-1
186693,1980.231419,0.46205681562423706,0.8906318545341492,-0.4285750389099121,-1
186713,1980.251421,0.46205681562423706,0.8906318545341492,-0.4285750389099121,-1
186734,1980.272417,0.46205681562423706,0.8906318545341492,-0.4285750389099121,-1
186753,1980.291416,0.46205681562423706,0.8906318545341492,-0.4285750389099121,-1
186773,1980.311414,0.46205681562423706,0.8926100730895996,-0.43055325746536255,-1
186793,1980.331414,0.46205681562423706,0.8926100730895996,-0.43055325746536255,-1
186814,1980.352413,0.46205681562423706,0.8926100730895996,-0.43055325746536255,-1
186833,1980.371413,0.46205681562423706,0.8926100730895996,-0.43055325746536255,-1
186853,1980.392417,0.46205681562423706,0.8926100730895996,-0.43055325746536255,-1
186873,1980.411412,0.46205681562423706,0.8926100730895996,-0.43055325746536255,-1
186893,1980.431409,0.46205681562423706,0.8929226994514465,-0.4308658838272095,-1
186913,1980.451423,0.46205681562423706,0.8929226994514465,-0.4308658838272095,-1
186933,1980.471413,0.46205681562423706,0.8929226994514465,-0.4308658838272095,-1
186953,1980.491420,0.46205681562423706,0.8929226994514465,-0.4308658838272095,-1
186973,1980.511408,0.46205681562423706,0.8919625878334045,-0.4299057722091675,-1
186993,1980.531409,0.46205681562423706,0.8919625878334045,-0.4299057722091675,-1
187013,1980.551408,0.46205681562423706,0.8919625878334045,-0.4299057722091675,-1
187033,1980.571409,0.46205681562423706,0.8909963965415955,-0.4289395809173584,-1
187053,1980.591417,0.46205681562423706,0.8909963965415955,-0.4289395809173584,-1
187073,1980.611409,0.46205681562423706,0.8916898965835571,-0.42963308095932007,-1
187093,1980.631404,0.46205681562423706,0.8916898965835571,-0.42963308095932007,-1
187113,1980.652406,0.46205681562423706,0.8909963965415955,-0.4289395809173584,-1
187133,1980.671409,0.46205681562423706,0.8909963965415955,-0.4289395809173584,-1
187153,1980.691407,0.46205681562423706,0.8916898965835571,-0.42963308095932007,-1
187173,1980.712403,0.46205681562423706,0.8916898965835571,-0.42963308095932007,-1
187193,1980.732405,0.46205681562423706,0.8896657228469849,-0.4276089072227478,-1
187213,1980.751404,0.46205681562423706,0.8896657228469849,-0.4276089072227478,-1
187233,1980.771404,0.46205681562423706,0.8900068998336792,-0.42795008420944214,-1
187253,1980.791413,0.46205681562423706,0.8900068998336792,-0.42795008420944214,-1
187273,1980.811402,0.46205681562423706,0.8900068998336792,-0.42795008420944214,-1
187293,1980.832402,0.46205681562423706,0.8900068998336792,-0.42795008420944214,-1
187313,1980.851399,0.46205681562423706,0.8900068998336792,-0.42795008420944214,-1
187333,1980.871405,0.46205681562423706,0.8900068998336792,-0.42795008420944214,-1
187353,1980.891410,0.46205681562423706,0.8900068998336792,-0.42795008420944214,-1
187373,1980.911402,0.46205681562423706,0.8890169858932495,-0.42696017026901245,-1
187393,1980.931402,0.46205681562423706,0.8890169858932495,-0.42696017026901245,-1
187413,1980.951399,0.46205681562423706,0.8900068998336792,-0.42795008420944214,-1
187433,1980.971399,0.46205681562423706,0.8900068998336792,-0.42795008420944214,-1
187453,1980.991408,0.46205681562423706,0.8890169858932495,-0.42696017026901245,-1
187473,1981.011401,0.46205681562423706,0.8890169858932495,-0.42696017026901245,-1
187493,1981.031400,0.46205681562423706,0.8890169858932495,-0.42696017026901245,-1
187513,1981.051395,0.46205681562423706,0.8890169858932495,-0.42696017026901245,-1
187533,1981.071398,0.46205681562423706,0.8906770348548889,-0.42862021923065186,-1
187553,1981.091407,0.46205681562423706,0.8906770348548889,-0.42862021923065186,-1
187573,1981.111397,0.46205681562423706,0.8906770348548889,-0.42862021923065186,-1
187593,1981.131399,0.46205681562423706,0.8906770348548889,-0.42862021923065186,-1
187613,1981.151392,0.46205681562423706,0.8930201530456543,-0.43096333742141724,-1
187633,1981.171395,0.46205681562423706,0.8930201530456543,-0.43096333742141724,-1
187653,1981.191414,0.46205681562423706,0.8930201530456543,-0.43096333742141724,-1
187673,1981.211393,0.46205681562423706,0.8930201530456543,-0.43096333742141724,-1
187693,1981.231390,0.46205681562423706,0.8920269012451172,-0.4299700856208801,-1
187713,1981.250395,0.46205681562423706,0.8920269012451172,-0.4299700856208801,-1
187733,1981.270397,0.46205681562423706,0.8920269012451172,-0.4299700856208801,-1
187753,1981.291397,0.46205681562423706,0.8916637897491455,-0.42960697412490845,-1
187773,1981.310394,0.46205681562423706,0.8916637897491455,-0.42960697412490845,-1
187793,1981.330355,0.46205681562423706,0.8916637897491455,-0.42960697412490845,-1
187813,1981.350353,0.46205681562423706,0.8916637897491455,-0.42960697412490845,-1
187833,1981.370369,0.46205681562423706,0.8906571269035339,-0.4286003112792969,-1
187853,1981.390364,0.46205681562423706,0.8906571269035339,-0.4286003112792969,-1
187873,1981.410364,0.46205681562423706,0.8906992673873901,-0.4286424517631531,-1
187893,1981.431366,0.46205681562423706,0.8906992673873901,-0.4286424517631531,-1
187913,1981.450362,0.46205681562423706,0.8906571269035339,-0.4286003112792969,-1
187933,1981.470365,0.46205681562423706,0.8906571269035339,-0.4286003112792969,-1
187953,1981.490360,0.46205681562423706,0.8906571269035339,-0.4286003112792969,-1
187973,1981.511362,0.46205681562423706,0.8906571269035339,-0.4286003112792969,-1
187993,1981.530361,0.46205681562423706,0.8900284171104431,-0.42797160148620605,-1
188013,1981.550360,0.46205681562423706,0.8900284171104431,-0.42797160148620605,-1
188033,1981.570362,0.46205681562423706,0.8906992673873901,-0.4286424517631531,-1
188053,1981.590385,0.46205681562423706,0.8906992673873901,-0.4286424517631531,-1
188073,1981.611361,0.46205681562423706,0.8906992673873901,-0.4286424517631531,-1
188093,1981.630358,0.46205681562423706,0.8909672498703003,-0.42891043424606323,-1
188113,1981.650360,0.46205681562423706,0.8909672498703003,-0.42891043424606323,-1
188133,1981.671357,0.46205681562423706,0.8910342454910278,-0.42897742986679077,-1
188153,1981.691369,0.46205681562423706,0.8910342454910278,-0.42897742986679077,-1
188173,1981.710391,0.46205681562423706,0.8910342454910278,-0.42897742986679077,-1
188193,1981.730355,0.46205681562423706,0.8910342454910278,-0.42897742986679077,-1
188213,1981.750355,0.46205681562423706,0.8910342454910278,-0.42897742986679077,-1
188233,1981.770359,0.46205681562423706,0.8910342454910278,-0.42897742986679077,-1
188253,1981.790381,0.46205681562423706,0.8900896906852722,-0.42803287506103516,-1
188273,1981.810354,0.46205681562423706,0.8900896906852722,-0.42803287506103516,-1
188293,1981.830352,0.46205681562423706,0.8900896906852722,-0.42803287506103516,-1
188313,1981.850385,0.46205681562423706,0.8900896906852722,-0.42803287506103516,-1
188333,1981.870396,0.46205681562423706,0.8900896906852722,-0.42803287506103516,-1
188353,1981.890386,0.46205681562423706,0.8900896906852722,-0.42803287506103516,-1
188373,1981.910419,0.46205681562423706,0.8920302391052246,-0.42997342348098755,-1
188393,1981.930387,0.46205681562423706,0.8920302391052246,-0.42997342348098755,-1
188413,1981.950379,0.46205681562423706,0.8920302391052246,-0.42997342348098755,-1
188433,1981.970384,0.46205681562423706,0.8920302391052246,-0.42997342348098755,-1
188453,1981.990381,0.46205681562423706,0.8920302391052246,-0.42997342348098755,-1
188473,1982.010383,0.46205681562423706,0.8920302391052246,-0.42997342348098755,-1
188493,1982.030383,0.46205681562423706,0.8920302391052246,-0.42997342348098755,-1
188513,1982.050380,0.46205681562423706,0.8927240371704102,-0.4306672215461731,-1
188533,1982.070385,0.46205681562423706,0.8927240371704102,-0.4306672215461731,-1
188553,1982.090385,0.46205681562423706,0.8927240371704102,-0.4306672215461731,-1
188573,1982.110411,0.46205681562423706,0.8927240371704102,-0.4306672215461731,-1
188593,1982.130379,0.46205681562423706,0.8887345790863037,-0.42667776346206665,-1
188613,1982.150378,0.46205681562423706,0.8887345790863037,-0.42667776346206665,-1
188633,1982.170382,0.46205681562423706,0.8920241594314575,-0.42996734380722046,-1
188653,1982.190379,0.46205681562423706,0.8920241594314575,-0.42996734380722046,-1
188673,1982.210378,0.46205681562423706,0.8920241594314575,-0.42996734380722046,-1
188693,1982.230377,0.46205681562423706,0.8920241594314575,-0.42996734380722046,-1
188713,1982.250376,0.46205681562423706,0.8920241594314575,-0.42996734380722046,-1
188733,1982.270379,0.46205681562423706,0.8920241594314575,-0.42996734380722046,-1
188753,1982.290375,0.46205681562423706,0.8910846710205078,-0.42902785539627075,-1
188773,1982.310414,0.46205681562423706,0.8910846710205078,-0.42902785539627075,-1
188793,1982.330372,0.46205681562423706,0.8910846710205078,-0.42902785539627075,-1
188813,1982.350375,0.46205681562423706,0.8910846710205078,-0.42902785539627075,-1
188833,1982.370376,0.46205681562423706,0.8910846710205078,-0.42902785539627075,-1
188853,1982.390403,0.46205681562423706,0.8910846710205078,-0.42902785539627075,-1
188873,1982.410375,0.46205681562423706,0.8910846710205078,-0.42902785539627075,-1
188893,1982.430372,0.46205681562423706,0.8910846710205078,-0.42902785539627075,-1
188913,1982.450378,0.46205681562423706,0.8910846710205078,-0.42902785539627075,-1
188933,1982.470376,0.46205681562423706,0.8910846710205078,-0.42902785539627075,-1
188953,1982.490369,0.46205681562423706,0.8910846710205078,-0.42902785539627075,-1
188973,1982.510374,0.46205681562423706,0.8919247388839722,-0.4298679232597351,-1
188993,1982.530419,0.46205681562423706,0.8919247388839722,-0.4298679232597351,-1
189013,1982.550371,0.46205681562423706,0.8919247388839722,-0.4298679232597351,-1
189033,1982.570379,0.46205681562423706,0.8919247388839722,-0.4298679232597351,-1
189053,1982.590379,0.46205681562423706,0.8919247388839722,-0.4298679232597351,-1
189073,1982.610369,0.46205681562423706,0.8919247388839722,-0.4298679232597351,-1
189093,1982.630369,0.46205681562423706,0.8919247388839722,-0.4298679232597351,-1
189113,1982.650364,0.46205681562423706,0.8939677476882935,-0.4319109320640564,-1
189133,1982.670374,0.46205681562423706,0.8939677476882935,-0.4319109320640564,-1
189153,1982.690365,0.46205681562423706,0.8942203521728516,-0.4321635365486145,-1
189173,1982.710366,0.46205681562423706,0.8942203521728516,-0.4321635365486145,-1
189193,1982.730438,0.46205681562423706,0.8942203521728516,-0.4321635365486145,-1
189213,1982.750367,0.46205681562423706,0.8942203521728516,-0.4321635365486145,-1
189233,1982.770379,0.46205681562423706,0.8942203521728516,-0.4321635365486145,-1
189253,1982.790361,0.46205681562423706,0.8942203521728516,-0.4321635365486145,-1
189273,1982.810366,0.46205681562423706,0.894249439239502,-0.4321926236152649,-1
189293,1982.829369,0.46205681562423706,0.894249439239502,-0.4321926236152649,-1
189313,1982.849360,0.46205681562423706,0.8949801325798035,-0.4329233169555664,-1
189333,1982.869789,0.46205681562423706,0.8949801325798035,-0.4329233169555664,-1
189353,1982.889780,0.46205681562423706,0.8952735066413879,-0.4332166910171509,-1
189373,1982.909792,0.46205681562423706,0.8952735066413879,-0.4332166910171509,-1
189393,1982.929809,0.46205681562423706,0.8952735066413879,-0.4332166910171509,-1
189413,1982.949787,0.46205681562423706,0.8952735066413879,-0.4332166910171509,-1
189433,1982.969786,0.46205681562423706,0.8952735066413879,-0.4332166910171509,-1
189453,1982.989784,0.46205681562423706,0.8952735066413879,-0.4332166910171509,-1
189473,1983.009778,0.46205681562423706,0.8952735066413879,-0.4332166910171509,-1
189493,1983.029778,0.46205681562423706,0.8952735066413879,-0.4332166910171509,-1
189513,1983.049779,0.46205681562423706,0.8952735066413879,-0.4332166910171509,-1
189533,1983.069788,0.46205681562423706,0.8952735066413879,-0.4332166910171509,-1
189553,1983.089779,0.46205681562423706,0.8952735066413879,-0.4332166910171509,-1
189573,1983.109775,0.46205681562423706,0.9000661373138428,-0.4380093216896057,-1
189593,1983.129775,0.46205681562423706,0.9000661373138428,-0.4380093216896057,-1
189613,1983.149386,0.46205681562423706,0.8979579210281372,-0.43590110540390015,-1
189633,1983.169375,0.46205681562423706,0.8979579210281372,-0.43590110540390015,-1
189653,1983.189356,0.46205681562423706,0.9019833207130432,-0.43992650508880615,-1
189673,1983.209352,0.46205681562423706,0.9019833207130432,-0.43992650508880615,-1
189693,1983.229351,0.46205681562423706,0.9032091498374939,-0.44115233421325684,-1
189713,1983.249350,0.46205681562423706,0.9032091498374939,-0.44115233421325684,-1
189733,1983.269368,0.46205681562423706,0.9019833207130432,-0.43992650508880615,-1
189753,1983.289353,0.46205681562423706,0.9019833207130432,-0.43992650508880615,-1
189773,1983.309354,0.46205681562423706,0.9029468297958374,-0.44089001417160034,-1
189793,1983.329350,0.46205681562423706,0.9029468297958374,-0.44089001417160034,-1
189813,1983.349383,0.46205681562423706,0.9029468297958374,-0.44089001417160034,-1
189833,1983.369367,0.46205681562423706,0.9030776023864746,-0.44102078676223755,-1
189853,1983.389356,0.46205681562423706,0.9030776023864746,-0.44102078676223755,-1
189873,1983.409351,0.46205681562423706,0.9086344242095947,-0.44657760858535767,-1
189893,1983.429347,0.46205681562423706,0.9086344242095947,-0.44657760858535767,-1
189913,1983.449347,0.46205681562423706,0.9106882214546204,-0.4486314058303833,-1
189933,1983.469361,0.46205681562423706,0.9106882214546204,-0.4486314058303833,-1
189953,1983.489354,0.46205681562423706,0.9046437740325928,-0.4425869584083557,-1
189973,1983.509345,0.46205681562423706,0.9046437740325928,-0.4425869584083557,-1
189993,1983.529342,0.46205681562423706,0.907597541809082,-0.44554072618484497,-1
190013,1983.549391,0.46205681562423706,0.907597541809082,-0.44554072618484497,-1
190033,1983.569359,0.46205681562423706,0.9086344242095947,-0.44657760858535767,-1
190053,1983.589349,0.46205681562423706,0.9086344242095947,-0.44657760858535767,-1
190073,1983.609352,0.46205681562423706,0.9105890989303589,-0.4485322833061218,-1
190093,1983.629340,0.46205681562423706,0.9105890989303589,-0.4485322833061218,-1
190113,1983.649342,0.46205681562423706,0.9105890989303589,-0.4485322833061218,-1
190133,1983.669359,0.46205681562423706,0.9105890989303589,-0.4485322833061218,-1
190153,1983.689351,0.46205681562423706,0.9105890989303589,-0.4485322833061218,-1
190173,1983.709341,0.46205681562423706,0.9194956421852112,-0.4574388265609741,-1
190193,1983.729338,0.46205681562423706,0.9194956421852112,-0.4574388265609741,-1
190213,1983.749339,0.46205681562423706,0.9104486703872681,-0.448391854763031,-1
190233,1983.768772,0.46205681562423706,0.9104486703872681,-0.448391854763031,-1
190253,1983.788781,0.46205681562423706,0.9111677408218384,-0.4491109251976013,-1
190273,1983.808762,0.46205681562423706,0.9111677408218384,-0.4491109251976013,-1
190293,1983.828759,0.46205681562423706,0.9171732068061829,-0.4551163911819458,-1
190313,1983.848759,0.46205681562423706,0.9171732068061829,-0.4551163911819458,-1
190333,1983.868760,0.46205681562423706,0.9181326031684875,-0.4560757875442505,-1
190353,1983.888758,0.46205681562423706,0.9181326031684875,-0.4560757875442505,-1
190373,1983.908762,0.46205681562423706,0.9170862436294556,-0.4550294280052185,-1
190393,1983.928761,0.46205681562423706,0.9170862436294556,-0.4550294280052185,-1
190413,1983.948756,0.46205681562423706,0.9163753986358643,-0.4543185830116272,-1
190433,1983.968769,0.46205681562423706,0.9163753986358643,-0.4543185830116272,-1
190453,1983.988755,0.46205681562423706,0.9163652658462524,-0.4543084502220154,-1
190473,1984.008759,0.46205681562423706,0.9163652658462524,-0.4543084502220154,-1
190493,1984.028756,0.46205681562423706,0.9170862436294556,-0.4550294280052185,-1
190513,1984.048754,0.46205681562423706,0.9170862436294556,-0.4550294280052185,-1
190533,1984.068753,0.46205681562423706,0.9263116717338562,-0.46425485610961914,-1
190553,1984.088753,0.46205681562423706,0.9263116717338562,-0.46425485610961914,-1
190573,1984.108756,0.46205681562423706,0.9263116717338562,-0.46425485610961914,-1
190593,1984.128748,0.46205681562423706,0.9192565679550171,-0.45719975233078003,-1
190613,1984.148755,0.46205681562423706,0.9192565679550171,-0.45719975233078003,-1
190633,1984.168758,0.46205681562423706,0.9190793037414551,-0.457022488117218,-1
190653,1984.188753,0.46205681562423706,0.9190793037414551,-0.457022488117218,-1
190673,1984.208755,0.46205681562423706,0.9246606230735779,-0.4626038074493408,-1
190693,1984.228749,0.46205681562423706,0.9246606230735779,-0.4626038074493408,-1
190713,1984.248749,0.46205681562423706,0.9246606230735779,-0.4626038074493408,-1
190733,1984.268749,0.46205681562423706,0.9246606230735779,-0.4626038074493408,-1
190753,1984.288747,0.46205681562423706,0.9243932962417603,-0.4623364806175232,-1
190773,1984.308754,0.46205681562423706,0.9243932962417603,-0.4623364806175232,-1
190793,1984.328746,0.46205681562423706,0.9246606230735779,-0.4626038074493408,-1
190813,1984.348748,0.46205681562423706,0.9246606230735779,-0.4626038074493408,-1
190833,1984.368341,0.46205681562423706,0.9264881610870361,-0.4644313454627991,-1
190853,1984.388323,0.46205681562423706,0.9264881610870361,-0.4644313454627991,-1
190873,1984.408327,0.46205681562423706,0.9264881610870361,-0.4644313454627991,-1
190893,1984.428324,0.46205681562423706,0.9264881610870361,-0.4644313454627991,-1
190913,1984.449324,0.46205681562423706,0.9295060038566589,-0.4674491882324219,-1
190933,1984.469337,0.46205681562423706,0.9295060038566589,-0.4674491882324219,-1
190953,1984.489327,0.46205681562423706,0.9295060038566589,-0.4674491882324219,-1
190973,1984.508339,0.46205681562423706,0.9295060038566589,-0.4674491882324219,-1
190993,1984.528323,0.46205681562423706,0.9295060038566589,-0.4674491882324219,-1
191013,1984.549320,0.46205681562423706,0.9340505003929138,-0.47199368476867676,-1
191033,1984.568325,0.46205681562423706,0.9340505003929138,-0.47199368476867676,-1
191053,1984.589325,0.46205681562423706,0.9388545155525208,-0.4767976999282837,-1
191073,1984.609322,0.46205681562423706,0.9388545155525208,-0.4767976999282837,-1
191093,1984.628321,0.46205681562423706,0.937451183795929,-0.4753943681716919,-1
191113,1984.648318,0.46205681562423706,0.937451183795929,-0.4753943681716919,-1
191133,1984.668288,0.46205681562423706,0.9396354556083679,-0.47757863998413086,-1
191153,1984.689320,0.46205681562423706,0.9396354556083679,-0.47757863998413086,-1
191173,1984.709326,0.46205681562423706,0.9388545155525208,-0.4767976999282837,-1
191193,1984.729316,0.46205681562423706,0.9388545155525208,-0.4767976999282837,-1
191213,1984.748317,0.46205681562423706,0.9437514543533325,-0.48169463872909546,-1
191233,1984.768316,0.46205681562423706,0.9437514543533325,-0.48169463872909546,-1
191253,1984.789321,0.46205681562423706,0.9448747038841248,-0.4828178882598877,-1
191273,1984.808335,0.46205681562423706,0.9448747038841248,-0.4828178882598877,-1
191293,1984.828314,0.46205681562423706,0.9448747038841248,-0.4828178882598877,-1
191313,1984.848314,0.46205681562423706,0.9488455653190613,-0.4867887496948242,-1
191333,1984.869328,0.46205681562423706,0.9488455653190613,-0.4867887496948242,-1
191353,1984.888317,0.46205681562423706,0.9425873756408691,-0.4805305600166321,-1
191373,1984.908311,0.46205681562423706,0.9425873756408691,-0.4805305600166321,-1
191393,1984.928310,0.46205681562423706,0.9448747038841248,-0.4828178882598877,-1
191413,1984.948309,0.46205681562423706,0.9448747038841248,-0.4828178882598877,-1
191433,1984.969323,0.46205681562423706,0.9454916715621948,-0.48343485593795776,-1
191453,1984.988318,0.46205681562423706,0.9454916715621948,-0.48343485593795776,-1
191473,1985.008331,0.46205681562423706,0.9464959502220154,-0.4844391345977783,-1
191493,1985.028316,0.46205681562423706,0.9464959502220154,-0.4844391345977783,-1
191513,1985.048311,0.46205681562423706,0.9464959502220154,-0.4844391345977783,-1
191533,1985.069321,0.46205681562423706,0.9464959502220154,-0.4844391345977783,-1
191553,1985.088312,0.46205681562423706,0.9483935832977295,-0.48633676767349243,-1
191573,1985.108317,0.46205681562423706,0.9483935832977295,-0.48633676767349243,-1
191593,1985.128310,0.46205681562423706,0.9535199999809265,-0.49146318435668945,-1
191613,1985.148309,0.46205681562423706,0.9535199999809265,-0.49146318435668945,-1
191633,1985.168307,0.46205681562423706,0.9535199999809265,-0.49146318435668945,-1
191653,1985.188319,0.46205681562423706,0.955237090587616,-0.4931802749633789,-1
191673,1985.208332,0.46205681562423706,0.955237090587616,-0.4931802749633789,-1
191693,1985.228309,0.46205681562423706,0.9559657573699951,-0.49390894174575806,-1
191713,1985.248311,0.46205681562423706,0.9559657573699951,-0.49390894174575806,-1
191733,1985.268310,0.46205681562423706,0.9576230645179749,-0.4955662488937378,-1
191753,1985.288315,0.46205681562423706,0.9576230645179749,-0.4955662488937378,-1
191773,1985.308316,0.46205681562423706,0.9559657573699951,-0.49390894174575806,-1
191793,1985.328309,0.46205681562423706,0.9559657573699951,-0.49390894174575806,-1
191813,1985.348303,0.46205681562423706,0.9630281329154968,-0.5009713172912598,-1
191833,1985.368302,0.46205681562423706,0.9630281329154968,-0.5009713172912598,-1
191853,1985.388302,0.46205681562423706,0.9601626396179199,-0.49810582399368286,-1
191873,1985.408319,0.46205681562423706,0.9601626396179199,-0.49810582399368286,-1
191893,1985.428302,0.46205681562423706,0.9723400473594666,-0.5102832317352295,-1
191913,1985.448302,0.46205681562423706,0.9723400473594666,-0.5102832317352295,-1
191933,1985.468309,0.46205681562423706,0.968565821647644,-0.506509006023407,-1
191953,1985.488299,0.46205681562423706,0.968565821647644,-0.506509006023407,-1
191973,1985.508312,0.46205681562423706,0.968565821647644,-0.506509006023407,-1
191993,1985.528299,0.46205681562423706,0.9669288992881775,-0.5048720836639404,-1
192013,1985.548298,0.46205681562423706,0.9669288992881775,-0.5048720836639404,-1
192033,1985.568298,0.46205681562423706,0.9710267186164856,-0.5089699029922485,-1
192053,1985.588299,0.46205681562423706,0.9710267186164856,-0.5089699029922485,-1
192073,1985.608302,0.46205681562423706,0.968565821647644,-0.506509006023407,-1
192093,1985.628297,0.46205681562423706,0.968565821647644,-0.506509006023407,-1
192113,1985.648295,0.46205681562423706,0.968565821647644,-0.506509006023407,-1
192133,1985.668299,0.46205681562423706,0.968565821647644,-0.506509006023407,-1
192153,1985.688305,0.46205681562423706,0.9710267186164856,-0.5089699029922485,-1
192173,1985.708315,0.46205681562423706,0.9710267186164856,-0.5089699029922485,-1
192193,1985.727296,0.46205681562423706,0.972216010093689,-0.5101591944694519,-1
192213,1985.747292,0.46205681562423706,0.972216010093689,-0.5101591944694519,-1
192233,1985.768293,0.46205681562423706,0.9770531058311462,-0.5149962902069092,-1
192253,1985.787299,0.46205681562423706,0.9770531058311462,-0.5149962902069092,-1
192273,1985.808300,0.46205681562423706,0.9785616993904114,-0.5165048837661743,-1
192293,1985.828293,0.46205681562423706,0.9785616993904114,-0.5165048837661743,-1
192313,1985.847293,0.46205681562423706,0.9851300716400146,-0.5230732560157776,-1
192333,1985.868296,0.46205681562423706,0.9851300716400146,-0.5230732560157776,-1
192353,1985.887293,0.46205681562423706,0.9851300716400146,-0.5230732560157776,-1
192373,1985.907286,0.46205681562423706,0.9807682633399963,-0.5187114477157593,-1
192393,1985.927289,0.46205681562423706,0.9807682633399963,-0.5187114477157593,-1
192413,1985.947292,0.46205681562423706,0.9901333451271057,-0.5280765295028687,-1
192433,1985.968292,0.46205681562423706,0.9901333451271057,-0.5280765295028687,-1
192453,1985.987290,0.46205681562423706,0.98299241065979,-0.520935595035553,-1
192473,1986.007327,0.46205681562423706,0.98299241065979,-0.520935595035553,-1
192493,1986.027288,0.46205681562423706,0.9851300716400146,-0.5230732560157776,-1
192513,1986.047287,0.46205681562423706,0.9851300716400146,-0.5230732560157776,-1
192533,1986.068293,0.46205681562423706,0.9953504800796509,-0.5332936644554138,-1
192553,1986.087288,0.46205681562423706,0.9953504800796509,-0.5332936644554138,-1
192573,1986.107285,0.46205681562423706,0.9933542609214783,-0.5312974452972412,-1
192593,1986.127287,0.46205681562423706,0.9933542609214783,-0.5312974452972412,-1
192613,1986.147284,0.46205681562423706,0.9991854429244995,-0.5371286273002625,-1
192633,1986.168292,0.46205681562423706,0.9991854429244995,-0.5371286273002625,-1
192653,1986.187284,0.46205681562423706,1.0010498762130737,-0.5389930605888367,-1
192673,1986.207291,0.46205681562423706,1.0010498762130737,-0.5389930605888367,-1
192693,1986.227288,0.46205681562423706,1.0048518180847168,-0.5427950024604797,-1
192713,1986.247283,0.46205681562423706,1.0048518180847168,-0.5427950024604797,-1
192733,1986.268292,0.46205681562423706,1.0121660232543945,-0.5501092076301575,-1
192753,1986.287285,0.46205681562423706,1.0121660232543945,-0.5501092076301575,-1
192773,1986.307321,0.46205681562423706,1.0084953308105469,-0.5464385151863098,-1
192793,1986.327283,0.46205681562423706,1.0084953308105469,-0.5464385151863098,-1
192813,1986.347279,0.46205681562423706,1.0084953308105469,-0.5464385151863098,-1
192833,1986.368233,0.46205681562423706,1.0158900022506714,-0.5538331866264343,-1
192853,1986.387245,0.46205681562423706,1.0158900022506714,-0.5538331866264343,-1
192873,1986.407257,0.46205681562423706,1.017845869064331,-0.555789053440094,-1
192893,1986.427280,0.46205681562423706,1.017845869064331,-0.555789053440094,-1
192913,1986.447248,0.46205681562423706,1.014787197113037,-0.5527303814888,-1
192933,1986.467246,0.46205681562423706,1.014787197113037,-0.5527303814888,-1
192953,1986.487246,0.46205681562423706,1.010027289390564,-0.5479704737663269,-1
192973,1986.507252,0.46205681562423706,1.010027289390564,-0.5479704737663269,-1
192993,1986.527248,0.46205681562423706,1.0158900022506714,-0.5538331866264343,-1
193013,1986.547248,0.46205681562423706,1.0158900022506714,-0.5538331866264343,-1
193033,1986.567244,0.46205681562423706,1.0161113739013672,-0.5540545582771301,-1
193053,1986.587247,0.46205681562423706,1.0161113739013672,-0.5540545582771301,-1
193073,1986.607242,0.46205681562423706,1.0161113739013672,-0.5540545582771301,-1
193093,1986.627244,0.46205681562423706,1.0161113739013672,-0.5540545582771301,-1
193113,1986.647252,0.46205681562423706,1.0161113739013672,-0.5540545582771301,-1
193133,1986.667241,0.46205681562423706,1.0329509973526,-0.570894181728363,-1
193153,1986.687242,0.46205681562423706,1.0329509973526,-0.570894181728363,-1
193173,1986.707240,0.46205681562423706,1.0282297134399414,-0.5661728978157043,-1
193193,1986.727241,0.46205681562423706,1.0282297134399414,-0.5661728978157043,-1
193213,1986.747239,0.46205681562423706,1.0329686403274536,-0.5709118247032166,-1
193233,1986.767242,0.46205681562423706,1.0329686403274536,-0.5709118247032166,-1
193253,1986.787239,0.46205681562423706,1.0355056524276733,-0.5734488368034363,-1
193273,1986.807237,0.46205681562423706,1.0355056524276733,-0.5734488368034363,-1
193293,1986.827238,0.46205681562423706,1.0329686403274536,-0.5709118247032166,-1
193313,1986.846285,0.46205681562423706,1.0329686403274536,-0.5709118247032166,-1
193333,1986.867274,0.46205681562423706,1.0417506694793701,-0.5796938538551331,-1
193353,1986.887270,0.46205681562423706,1.0417506694793701,-0.5796938538551331,-1
193373,1986.907301,0.46205681562423706,1.0408350229263306,-0.5787782073020935,-1
193393,1986.927268,0.46205681562423706,1.0408350229263306,-0.5787782073020935,-1
193413,1986.946266,0.46205681562423706,1.0408350229263306,-0.5787782073020935,-1
193433,1986.967271,0.46205681562423706,1.0391355752944946,-0.5770787596702576,-1
193453,1986.987267,0.46205681562423706,1.0391355752944946,-0.5770787596702576,-1
193473,1987.006263,0.46205681562423706,1.0394247770309448,-0.5773679614067078,-1
193493,1987.026265,0.46205681562423706,1.0394247770309448,-0.5773679614067078,-1
193513,1987.047263,0.46205681562423706,1.0408350229263306,-0.5787782073020935,-1
193533,1987.066308,0.46205681562423706,1.0408350229263306,-0.5787782073020935,-1
193553,1987.086293,0.46205681562423706,1.0394247770309448,-0.5773679614067078,-1
193573,1987.106280,0.46205681562423706,1.0394247770309448,-0.5773679614067078,-1
193593,1987.126275,0.46205681562423706,1.0394247770309448,-0.5773679614067078,-1
193613,1987.146278,0.46205681562423706,1.0394247770309448,-0.5773679614067078,-1
193633,1987.166280,0.46205681562423706,1.0436925888061523,-0.5816357731819153,-1
193653,1987.186289,0.46205681562423706,1.0436925888061523,-0.5816357731819153,-1
193673,1987.206277,0.46205681562423706,1.051461935043335,-0.5894051194190979,-1
193693,1987.226276,0.46205681562423706,1.051461935043335,-0.5894051194190979,-1
193713,1987.246274,0.46205681562423706,1.0485780239105225,-0.5865212082862854,-1
193733,1987.266308,0.46205681562423706,1.0485780239105225,-0.5865212082862854,-1
193753,1987.286284,0.46205681562423706,1.0485780239105225,-0.5865212082862854,-1
193773,1987.306275,0.46205681562423706,1.052380919456482,-0.5903241038322449,-1
193793,1987.326273,0.46205681562423706,1.052380919456482,-0.5903241038322449,-1
193813,1987.346274,0.46205681562423706,1.0525083541870117,-0.5904515385627747,-1
193833,1987.366276,0.46205681562423706,1.0525083541870117,-0.5904515385627747,-1
193853,1987.386279,0.46205681562423706,1.051461935043335,-0.5894051194190979,-1
193873,1987.406279,0.46205681562423706,1.051461935043335,-0.5894051194190979,-1
193893,1987.426270,0.46205681562423706,1.0522452592849731,-0.5901884436607361,-1
193913,1987.447271,0.46205681562423706,1.0522452592849731,-0.5901884436607361,-1
193933,1987.467285,0.46205681562423706,1.0608546733856201,-0.5987978577613831,-1
193953,1987.486279,0.46205681562423706,1.0608546733856201,-0.5987978577613831,-1
193973,1987.506271,0.46205681562423706,1.0517388582229614,-0.5896820425987244,-1
193993,1987.526267,0.46205681562423706,1.0517388582229614,-0.5896820425987244,-1
194013,1987.546267,0.46205681562423706,1.0557185411453247,-0.5936617255210876,-1
194033,1987.566271,0.46205681562423706,1.0557185411453247,-0.5936617255210876,-1
194053,1987.587254,0.46205681562423706,1.0588043928146362,-0.5967475771903992,-1
194073,1987.606249,0.46205681562423706,1.0588043928146362,-0.5967475771903992,-1
194093,1987.626253,0.46205681562423706,1.0588043928146362,-0.5967475771903992,-1
194113,1987.646248,0.46205681562423706,1.0583000183105469,-0.5962432026863098,-1
194133,1987.666263,0.46205681562423706,1.0583000183105469,-0.5962432026863098,-1
194153,1987.686264,0.46205681562423706,1.0760520696640015,-0.6139952540397644,-1
194173,1987.707257,0.46205681562423706,1.0760520696640015,-0.6139952540397644,-1
194193,1987.726249,0.46205681562423706,1.0665714740753174,-0.6045146584510803,-1
194213,1987.747250,0.46205681562423706,1.0665714740753174,-0.6045146584510803,-1
194233,1987.766249,0.46205681562423706,1.069441556930542,-0.6073847413063049,-1
194253,1987.786255,0.46205681562423706,1.069441556930542,-0.6073847413063049,-1
194273,1987.807274,0.46205681562423706,1.0671727657318115,-0.6051159501075745,-1
194293,1987.826245,0.46205681562423706,1.0671727657318115,-0.6051159501075745,-1
194313,1987.846248,0.46205681562423706,1.0802236795425415,-0.6181668639183044,-1
194333,1987.866248,0.46205681562423706,1.0802236795425415,-0.6181668639183044,-1
194353,1987.886264,0.46205681562423706,1.0713047981262207,-0.6092479825019836,-1
194373,1987.907244,0.46205681562423706,1.0713047981262207,-0.6092479825019836,-1
194393,1987.927243,0.46205681562423706,1.0778069496154785,-0.6157501339912415,-1
194413,1987.946245,0.46205681562423706,1.0778069496154785,-0.6157501339912415,-1
194433,1987.966243,0.46205681562423706,1.0778069496154785,-0.6157501339912415,-1
194453,1987.986246,0.46205681562423706,1.0776258707046509,-0.6155690550804138,-1
194473,1988.006242,0.46205681562423706,1.0776258707046509,-0.6155690550804138,-1
194493,1988.026241,0.46205681562423706,1.0755034685134888,-0.6134466528892517,-1
194513,1988.046243,0.46205681562423706,1.0755034685134888,-0.6134466528892517,-1
194533,1988.066296,0.46205681562423706,1.0846823453903198,-0.6226255297660828,-1
194553,1988.086246,0.46205681562423706,1.0846823453903198,-0.6226255297660828,-1
194573,1988.106240,0.46205681562423706,1.0902771949768066,-0.6282203793525696,-1
194593,1988.126241,0.46205681562423706,1.0902771949768066,-0.6282203793525696,-1
194613,1988.146237,0.46205681562423706,1.0853395462036133,-0.6232827305793762,-1
194633,1988.166237,0.46205681562423706,1.0853395462036133,-0.6232827305793762,-1
194653,1988.186244,0.46205681562423706,1.092416524887085,-0.6303597092628479,-1
194673,1988.206234,0.46205681562423706,1.092416524887085,-0.6303597092628479,-1
194693,1988.226240,0.46205681562423706,1.0913928747177124,-0.6293360590934753,-1
194713,1988.246234,0.46205681562423706,1.0913928747177124,-0.6293360590934753,-1
194733,1988.266236,0.46205681562423706,1.0911842584609985,-0.6291274428367615,-1
194753,1988.286246,0.46205681562423706,1.0911842584609985,-0.6291274428367615,-1
194773,1988.306236,0.46205681562423706,1.0911842584609985,-0.6291274428367615,-1
194793,1988.326238,0.46205681562423706,1.0841604471206665,-0.6221036314964294,-1
194813,1988.346233,0.46205681562423706,1.0841604471206665,-0.6221036314964294,-1
194833,1988.366233,0.46205681562423706,1.091269850730896,-0.6292130351066589,-1
194853,1988.386241,0.46205681562423706,1.091269850730896,-0.6292130351066589,-1
194873,1988.406230,0.46205681562423706,1.0881998538970947,-0.6261430382728577,-1
194893,1988.426231,0.46205681562423706,1.0881998538970947,-0.6261430382728577,-1
194913,1988.446231,0.46205681562423706,1.0893949270248413,-0.6273381114006042,-1
194933,1988.466229,0.46205681562423706,1.0893949270248413,-0.6273381114006042,-1
194953,1988.486232,0.46205681562423706,1.0968306064605713,-0.6347737908363342,-1
194973,1988.505653,0.46205681562423706,1.0968306064605713,-0.6347737908363342,-1
194993,1988.525651,0.46205681562423706,1.0924887657165527,-0.6304319500923157,-1
195013,1988.545647,0.46205681562423706,1.0924887657165527,-0.6304319500923157,-1
195033,1988.565647,0.46205681562423706,1.0985631942749023,-0.6365063786506653,-1
195053,1988.585647,0.46205681562423706,1.0985631942749023,-0.6365063786506653,-1
195073,1988.605650,0.46205681562423706,1.0985631942749023,-0.6365063786506653,-1
195093,1988.625648,0.46205681562423706,1.0914206504821777,-0.6293638348579407,-1
195113,1988.645646,0.46205681562423706,1.0914206504821777,-0.6293638348579407,-1
195133,1988.666647,0.46205681562423706,1.0968306064605713,-0.6347737908363342,-1
195153,1988.685644,0.46205681562423706,1.0968306064605713,-0.6347737908363342,-1
195173,1988.705646,0.46205681562423706,1.0971482992172241,-0.6350914835929871,-1
195193,1988.725650,0.46205681562423706,1.0971482992172241,-0.6350914835929871,-1
195213,1988.745646,0.46205681562423706,1.0981900691986084,-0.6361332535743713,-1
195233,1988.766222,0.46205681562423706,1.0981900691986084,-0.6361332535743713,-1
195253,1988.785222,0.46205681562423706,1.0981900691986084,-0.6361332535743713,-1
195273,1988.805224,0.46205681562423706,1.0981900691986084,-0.6361332535743713,-1
195293,1988.825238,0.46205681562423706,1.099108099937439,-0.6370512843132019,-1
195313,1988.845222,0.46205681562423706,1.099108099937439,-0.6370512843132019,-1
195333,1988.865219,0.46205681562423706,1.099108099937439,-0.6370512843132019,-1
195353,1988.886228,0.46205681562423706,1.099108099937439,-0.6370512843132019,-1
195373,1988.905222,0.46205681562423706,1.1113686561584473,-0.6493118405342102,-1
195393,1988.925229,0.46205681562423706,1.1113686561584473,-0.6493118405342102,-1
195413,1988.945229,0.46205681562423706,1.1113686561584473,-0.6493118405342102,-1
195433,1988.965218,0.46205681562423706,1.1126067638397217,-0.6505499482154846,-1
195453,1988.985218,0.46205681562423706,1.1126067638397217,-0.6505499482154846,-1
195473,1989.006220,0.46205681562423706,1.098408579826355,-0.6363517642021179,-1
195493,1989.025229,0.46205681562423706,1.098408579826355,-0.6363517642021179,-1
195513,1989.046223,0.46205681562423706,1.1063718795776367,-0.6443150639533997,-1
195533,1989.066216,0.46205681562423706,1.1063718795776367,-0.6443150639533997,-1
195553,1989.085214,0.46205681562423706,1.1051827669143677,-0.6431259512901306,-1
195573,1989.105213,0.46205681562423706,1.1051827669143677,-0.6431259512901306,-1
195593,1989.125220,0.46205681562423706,1.1139280796051025,-0.6518712639808655,-1
195613,1989.146215,0.46205681562423706,1.1139280796051025,-0.6518712639808655,-1
195633,1989.166213,0.46205681562423706,1.1131269931793213,-0.6510701775550842,-1
195653,1989.185212,0.46205681562423706,1.1131269931793213,-0.6510701775550842,-1
195673,1989.206213,0.46205681562423706,1.1063718795776367,-0.6443150639533997,-1
195693,1989.225217,0.46205681562423706,1.1063718795776367,-0.6443150639533997,-1
195713,1989.246214,0.46205681562423706,1.1067276000976562,-0.6446707844734192,-1
195733,1989.266217,0.46205681562423706,1.1067276000976562,-0.6446707844734192,-1
195753,1989.286234,0.46205681562423706,1.1067276000976562,-0.6446707844734192,-1
195773,1989.306211,0.46205681562423706,1.1105499267578125,-0.6484931111335754,-1
195793,1989.326242,0.46205681562423706,1.1105499267578125,-0.6484931111335754,-1
195813,1989.346215,0.46205681562423706,1.1105499267578125,-0.6484931111335754,-1
195833,1989.366211,0.46205681562423706,1.1105499267578125,-0.6484931111335754,-1
195853,1989.386217,0.46205681562423706,1.1078885793685913,-0.6458317637443542,-1
195873,1989.406210,0.46205681562423706,1.1078885793685913,-0.6458317637443542,-1
195893,1989.426211,0.46205681562423706,1.1104661226272583,-0.6484093070030212,-1
195913,1989.446209,0.46205681562423706,1.1104661226272583,-0.6484093070030212,-1
195933,1989.466207,0.46205681562423706,1.1104661226272583,-0.6484093070030212,-1
195953,1989.486218,0.46205681562423706,1.1104661226272583,-0.6484093070030212,-1
195973,1989.506205,0.46205681562423706,1.1095155477523804,-0.6474587321281433,-1
195993,1989.526241,0.46205681562423706,1.1095155477523804,-0.6474587321281433,-1
196013,1989.546207,0.46205681562423706,1.1095155477523804,-0.6474587321281433,-1
196033,1989.566206,0.46205681562423706,1.1095155477523804,-0.6474587321281433,-1
196053,1989.586211,0.46205681562423706,1.1146124601364136,-0.6525556445121765,-1
196073,1989.605207,0.46205681562423706,1.1146124601364136,-0.6525556445121765,-1
196093,1989.625207,0.46205681562423706,1.1146124601364136,-0.6525556445121765,-1
196113,1989.645203,0.46205681562423706,1.1194465160369873,-0.6573897004127502,-1
196133,1989.665201,0.46205681562423706,1.1194465160369873,-0.6573897004127502,-1
196153,1989.685200,0.46205681562423706,1.1211895942687988,-0.6591327786445618,-1
196173,1989.705203,0.46205681562423706,1.1211895942687988,-0.6591327786445618,-1
196193,1989.725207,0.46205681562423706,1.1203986406326294,-0.6583418250083923,-1
196213,1989.745226,0.46205681562423706,1.1203986406326294,-0.6583418250083923,-1
196233,1989.765202,0.46205681562423706,1.1203986406326294,-0.6583418250083923,-1
196253,1989.785202,0.46205681562423706,1.1203986406326294,-0.6583418250083923,-1
196273,1989.805198,0.46205681562423706,1.1253658533096313,-0.6633090376853943,-1
196293,1989.825213,0.46205681562423706,1.1253658533096313,-0.6633090376853943,-1
196313,1989.844200,0.46205681562423706,1.1159732341766357,-0.6539164185523987,-1
196333,1989.865196,0.46205681562423706,1.1159732341766357,-0.6539164185523987,-1
196353,1989.884198,0.46205681562423706,1.1177923679351807,-0.6557355523109436,-1
196373,1989.905202,0.46205681562423706,1.1177923679351807,-0.6557355523109436,-1
196393,1989.925198,0.46205681562423706,1.1177539825439453,-0.6556971669197083,-1
196413,1989.945239,0.46205681562423706,1.1177539825439453,-0.6556971669197083,-1
196433,1989.965200,0.46205681562423706,1.1209282875061035,-0.6588714718818665,-1
196453,1989.984196,0.46205681562423706,1.1209282875061035,-0.6588714718818665,-1
196473,1990.004223,0.46205681562423706,1.1209282875061035,-0.6588714718818665,-1
196493,1990.024197,0.46205681562423706,1.130203366279602,-0.668146550655365,-1
196513,1990.045199,0.46205681562423706,1.130203366279602,-0.668146550655365,-1
196533,1990.064192,0.46205681562423706,1.1201425790786743,-0.6580857634544373,-1
196553,1990.084189,0.46205681562423706,1.1201425790786743,-0.6580857634544373,-1
196573,1990.104190,0.46205681562423706,1.117958903312683,-0.655902087688446,-1
196593,1990.125202,0.46205681562423706,1.117958903312683,-0.655902087688446,-1
196613,1990.144227,0.46205681562423706,1.1139135360717773,-0.6518567204475403,-1
196633,1990.164192,0.46205681562423706,1.1139135360717773,-0.6518567204475403,-1
196654,1990.185187,0.46205681562423706,1.1135101318359375,-0.6514533162117004,-1
196673,1990.204193,0.46205681562423706,1.1135101318359375,-0.6514533162117004,-1
196693,1990.224207,0.46205681562423706,1.117958903312683,-0.655902087688446,-1
196714,1990.245188,0.46205681562423706,1.117958903312683,-0.655902087688446,-1
196733,1990.264187,0.46205681562423706,1.117958903312683,-0.655902087688446,-1
196754,1990.285188,0.46205681562423706,1.117958903312683,-0.655902087688446,-1
196774,1990.305186,0.46205681562423706,1.1223294734954834,-0.6602726578712463,-1
196793,1990.324184,0.46205681562423706,1.1223294734954834,-0.6602726578712463,-1
196813,1990.344188,0.46205681562423706,1.1223294734954834,-0.6602726578712463,-1
196833,1990.364634,0.46205681562423706,1.1223294734954834,-0.6602726578712463,-1
196853,1990.384608,0.46205681562423706,1.1223294734954834,-0.6602726578712463,-1
196873,1990.404606,0.46205681562423706,1.1223294734954834,-0.6602726578712463,-1
196893,1990.424560,0.46205681562423706,1.1223294734954834,-0.6602726578712463,-1
196913,1990.444571,0.46205681562423706,1.1206434965133667,-0.6585866808891296,-1
196933,1990.464572,0.46205681562423706,1.1206434965133667,-0.6585866808891296,-1
196953,1990.484573,0.46205681562423706,1.1197960376739502,-0.6577392220497131,-1
196973,1990.504573,0.46205681562423706,1.1197960376739502,-0.6577392220497131,-1
196993,1990.524618,0.46205681562423706,1.1197558641433716,-0.6576990485191345,-1
197013,1990.544605,0.46205681562423706,1.1197558641433716,-0.6576990485191345,-1
197033,1990.564632,0.46205681562423706,1.1197960376739502,-0.6577392220497131,-1
197053,1990.584607,0.46205681562423706,1.1197960376739502,-0.6577392220497131,-1
197073,1990.604605,0.46205681562423706,1.1206434965133667,-0.6585866808891296,-1
197093,1990.624625,0.46205681562423706,1.1206434965133667,-0.6585866808891296,-1
197113,1990.644604,0.46205681562423706,1.1222000122070312,-0.6601431965827942,-1
197133,1990.664605,0.46205681562423706,1.1222000122070312,-0.6601431965827942,-1
197153,1990.684598,0.46205681562423706,1.1222000122070312,-0.6601431965827942,-1
197173,1990.704597,0.46205681562423706,1.1226391792297363,-0.6605823636054993,-1
197193,1990.724623,0.46205681562423706,1.1226391792297363,-0.6605823636054993,-1
197213,1990.743597,0.46205681562423706,1.1226391792297363,-0.6605823636054993,-1
197233,1990.763630,0.46205681562423706,1.1226391792297363,-0.6605823636054993,-1
197253,1990.784600,0.46205681562423706,1.1226391792297363,-0.6605823636054993,-1
197273,1990.804598,0.46205681562423706,1.1226391792297363,-0.6605823636054993,-1
197293,1990.823600,0.46205681562423706,1.1222000122070312,-0.6601431965827942,-1
197313,1990.843596,0.46205681562423706,1.1222000122070312,-0.6601431965827942,-1
197333,1990.863601,0.46205681562423706,1.1226391792297363,-0.6605823636054993,-1
197353,1990.883593,0.46205681562423706,1.1226391792297363,-0.6605823636054993,-1
197373,1990.903601,0.46205681562423706,1.1237517595291138,-0.6616949439048767,-1
197393,1990.923593,0.46205681562423706,1.1237517595291138,-0.6616949439048767,-1
197413,1990.943596,0.46205681562423706,1.1237517595291138,-0.6616949439048767,-1
197433,1990.963618,0.46205681562423706,1.1237517595291138,-0.6616949439048767,-1
197453,1990.983599,0.46205681562423706,1.1234358549118042,-0.6613790392875671,-1
197473,1991.003598,0.46205681562423706,1.1234358549118042,-0.6613790392875671,-1
197493,1991.023593,0.46205681562423706,1.1234358549118042,-0.6613790392875671,-1
197513,1991.044592,0.46205681562423706,1.124371886253357,-0.6623150706291199,-1
197533,1991.063590,0.46205681562423706,1.124371886253357,-0.6623150706291199,-1
197553,1991.083589,0.46205681562423706,1.1237300634384155,-0.6616732478141785,-1
197573,1991.104595,0.46205681562423706,1.1237300634384155,-0.6616732478141785,-1
197593,1991.124605,0.46205681562423706,1.1237300634384155,-0.6616732478141785,-1
197613,1991.143590,0.46205681562423706,1.1237300634384155,-0.6616732478141785,-1
197633,1991.165588,0.46205681562423706,1.1245007514953613,-0.6624439358711243,-1
197653,1991.184193,0.46205681562423706,1.1245007514953613,-0.6624439358711243,-1
197673,1991.204166,0.46205681562423706,1.1245477199554443,-0.6624909043312073,-1
197693,1991.224165,0.46205681562423706,1.1245477199554443,-0.6624909043312073,-1
197713,1991.244173,0.46205681562423706,1.1245007514953613,-0.6624439358711243,-1
197733,1991.264167,0.46205681562423706,1.1245007514953613,-0.6624439358711243,-1
197753,1991.284165,0.46205681562423706,1.1245007514953613,-0.6624439358711243,-1
197773,1991.304164,0.46205681562423706,1.1245007514953613,-0.6624439358711243,-1
197793,1991.324181,0.46205681562423706,1.1218146085739136,-0.6597577929496765,-1
197813,1991.344164,0.46205681562423706,1.1218146085739136,-0.6597577929496765,-1
197833,1991.364158,0.46205681562423706,1.1218146085739136,-0.6597577929496765,-1
197853,1991.384595,0.46205681562423706,1.1218146085739136,-0.6597577929496765,-1
197873,1991.404531,0.46205681562423706,1.1218146085739136,-0.6597577929496765,-1
197893,1991.423539,0.46205681562423706,1.1218146085739136,-0.6597577929496765,-1
197913,1991.443537,0.46205681562423706,1.1218146085739136,-0.6597577929496765,-1
197933,1991.463546,0.46205681562423706,1.1219640970230103,-0.6599072813987732,-1
197953,1991.483549,0.46205681562423706,1.1219640970230103,-0.6599072813987732,-1
197973,1991.503548,0.46205681562423706,1.1228426694869995,-0.6607858538627625,-1
197993,1991.523567,0.46205681562423706,1.1228426694869995,-0.6607858538627625,-1
198013,1991.544125,0.46205681562423706,1.1230841875076294,-0.6610273718833923,-1
198033,1991.564122,0.46205681562423706,1.1230841875076294,-0.6610273718833923,-1
198053,1991.584133,0.46205681562423706,1.1228426694869995,-0.6607858538627625,-1
198073,1991.604118,0.46205681562423706,1.1228426694869995,-0.6607858538627625,-1
198093,1991.624128,0.46205681562423706,1.1227079629898071,-0.6606511473655701,-1
198113,1991.644117,0.46205681562423706,1.1227079629898071,-0.6606511473655701,-1
198133,1991.663120,0.46205681562423706,1.1227079629898071,-0.6606511473655701,-1
198153,1991.683119,0.46205681562423706,1.1227079629898071,-0.6606511473655701,-1
198173,1991.703119,0.46205681562423706,1.1227079629898071,-0.6606511473655701,-1
198193,1991.723126,0.46205681562423706,1.1227079629898071,-0.6606511473655701,-1
198213,1991.743120,0.46205681562423706,1.1227079629898071,-0.6606511473655701,-1
198233,1991.763119,0.46205681562423706,1.1227079629898071,-0.6606511473655701,-1
198253,1991.784116,0.46205681562423706,1.1227079629898071,-0.6606511473655701,-1
198273,1991.803118,0.46205681562423706,1.124129295349121,-0.662072479724884,-1
198293,1991.823159,0.46205681562423706,1.124129295349121,-0.662072479724884,-1
198313,1991.843145,0.46205681562423706,1.124129295349121,-0.662072479724884,-1
198333,1991.863144,0.46205681562423706,1.124129295349121,-0.662072479724884,-1
198353,1991.883145,0.46205681562423706,1.124692440032959,-0.6626356244087219,-1
198373,1991.903150,0.46205681562423706,1.124692440032959,-0.6626356244087219,-1
198393,1991.923146,0.46205681562423706,1.124129295349121,-0.662072479724884,-1
198413,1991.943147,0.46205681562423706,1.124129295349121,-0.662072479724884,-1
198433,1991.963565,0.46205681562423706,1.124129295349121,-0.662072479724884,-1
198453,1991.983566,0.46205681562423706,1.124129295349121,-0.662072479724884,-1
198473,1992.003572,0.46205681562423706,1.1211918592453003,-0.6591350436210632,-1
198493,1992.023567,0.46205681562423706,1.1211918592453003,-0.6591350436210632,-1
198513,1992.043559,0.46205681562423706,1.1216551065444946,-0.6595982909202576,-1
198533,1992.063564,0.46205681562423706,1.1216551065444946,-0.6595982909202576,-1
198553,1992.083564,0.46205681562423706,1.1216551065444946,-0.6595982909202576,-1
198573,1992.103564,0.46205681562423706,1.120673418045044,-0.6586166024208069,-1
198593,1992.123559,0.46205681562423706,1.120673418045044,-0.6586166024208069,-1
198613,1992.143558,0.46205681562423706,1.1211423873901367,-0.6590855717658997,-1
198633,1992.162559,0.46205681562423706,1.1211423873901367,-0.6590855717658997,-1
198653,1992.183563,0.46205681562423706,1.1211423873901367,-0.6590855717658997,-1
198673,1992.202560,0.46205681562423706,1.1211423873901367,-0.6590855717658997,-1
198693,1992.222562,0.46205681562423706,1.1211423873901367,-0.6590855717658997,-1
198713,1992.242558,0.46205681562423706,1.1211423873901367,-0.6590855717658997,-1
198733,1992.262529,0.46205681562423706,1.1211423873901367,-0.6590855717658997,-1
198753,1992.282558,0.46205681562423706,1.1211423873901367,-0.6590855717658997,-1
198773,1992.302554,0.46205681562423706,1.1218379735946655,-0.6597811579704285,-1
198793,1992.323562,0.46205681562423706,1.1218379735946655,-0.6597811579704285,-1
198813,1992.342558,0.46205681562423706,1.1225998401641846,-0.6605430245399475,-1
198833,1992.362555,0.46205681562423706,1.1225998401641846,-0.6605430245399475,-1
198853,1992.382557,0.46205681562423706,1.1225998401641846,-0.6605430245399475,-1
198873,1992.402555,0.46205681562423706,1.1225998401641846,-0.6605430245399475,-1
198893,1992.422554,0.46205681562423706,1.1225998401641846,-0.6605430245399475,-1
198913,1992.442560,0.46205681562423706,1.1225998401641846,-0.6605430245399475,-1
198933,1992.462553,0.46205681562423706,1.1225998401641846,-0.6605430245399475,-1
198953,1992.482557,0.46205681562423706,1.1208206415176392,-0.6587638258934021,-1
198973,1992.502555,0.46205681562423706,1.1208206415176392,-0.6587638258934021,-1
198993,1992.522552,0.46205681562423706,1.1296319961547852,-0.6675751805305481,-1
199013,1992.542553,0.46205681562423706,1.1296319961547852,-0.6675751805305481,-1
199033,1992.562551,0.46205681562423706,1.1196562051773071,-0.6575993895530701,-1
199053,1992.582552,0.46205681562423706,1.1196562051773071,-0.6575993895530701,-1
199073,1992.602549,0.46205681562423706,1.1228817701339722,-0.6608249545097351,-1
199093,1992.622549,0.46205681562423706,1.1228817701339722,-0.6608249545097351,-1
199113,1992.642555,0.46205681562423706,1.1187604665756226,-0.6567036509513855,-1
199133,1992.663548,0.46205681562423706,1.1187604665756226,-0.6567036509513855,-1
199153,1992.682552,0.46205681562423706,1.1266528367996216,-0.6645960211753845,-1
199173,1992.703548,0.46205681562423706,1.1266528367996216,-0.6645960211753845,-1
199193,1992.722556,0.46205681562423706,1.1196562051773071,-0.6575993895530701,-1
199213,1992.742548,0.46205681562423706,1.1196562051773071,-0.6575993895530701,-1
199233,1992.762544,0.46205681562423706,1.1228817701339722,-0.6608249545097351,-1
199253,1992.782547,0.46205681562423706,1.1228817701339722,-0.6608249545097351,-1
199273,1992.802545,0.46205681562423706,1.1228817701339722,-0.6608249545097351,-1
199293,1992.822544,0.46205681562423706,1.1187604665756226,-0.6567036509513855,-1
199313,1992.842546,0.46205681562423706,1.1187604665756226,-0.6567036509513855,-1
199333,1992.862598,0.46205681562423706,1.121005892753601,-0.658949077129364,-1
199353,1992.883548,0.46205681562423706,1.121005892753601,-0.658949077129364,-1
199373,1992.902542,0.46205681562423706,1.121005892753601,-0.658949077129364,-1
199393,1992.922545,0.46205681562423706,1.121005892753601,-0.658949077129364,-1
199413,1992.942547,0.46205681562423706,1.1221202611923218,-0.6600634455680847,-1
199433,1992.962540,0.46205681562423706,1.1221202611923218,-0.6600634455680847,-1
199453,1992.982543,0.46205681562423706,1.1221202611923218,-0.6600634455680847,-1
199473,1993.002541,0.46205681562423706,1.1221202611923218,-0.6600634455680847,-1
199493,1993.022545,0.46205681562423706,1.1230801343917847,-0.6610233187675476,-1
199513,1993.042539,0.46205681562423706,1.1230801343917847,-0.6610233187675476,-1
199533,1993.062581,0.46205681562423706,1.1231616735458374,-0.6611048579216003,-1
199553,1993.082542,0.46205681562423706,1.1231616735458374,-0.6611048579216003,-1
199573,1993.102545,0.46205681562423706,1.124160647392273,-0.6621038317680359,-1
199593,1993.122537,0.46205681562423706,1.124160647392273,-0.6621038317680359,-1
199613,1993.142539,0.46205681562423706,1.124160647392273,-0.6621038317680359,-1
199633,1993.162538,0.46205681562423706,1.124160647392273,-0.6621038317680359,-1
199653,1993.182537,0.46205681562423706,1.124160647392273,-0.6621038317680359,-1
199673,1993.202536,0.46205681562423706,1.124160647392273,-0.6621038317680359,-1
199693,1993.222536,0.46205681562423706,1.124160647392273,-0.6621038317680359,-1
199713,1993.242534,0.46205681562423706,1.1232099533081055,-0.6611531376838684,-1
199733,1993.262541,0.46205681562423706,1.1232099533081055,-0.6611531376838684,-1
199753,1993.282570,0.46205681562423706,1.1229240894317627,-0.6608672738075256,-1
199773,1993.302536,0.46205681562423706,1.1229240894317627,-0.6608672738075256,-1
199793,1993.322534,0.46205681562423706,1.119200587272644,-0.657143771648407,-1
199813,1993.342534,0.46205681562423706,1.119200587272644,-0.657143771648407,-1
199833,1993.362534,0.46205681562423706,1.119200587272644,-0.657143771648407,-1
199853,1993.382537,0.46205681562423706,1.119200587272644,-0.657143771648407,-1
199873,1993.402531,0.46205681562423706,1.121448040008545,-0.6593912243843079,-1
199893,1993.422533,0.46205681562423706,1.121448040008545,-0.6593912243843079,-1
199913,1993.442537,0.46205681562423706,1.121448040008545,-0.6593912243843079,-1
199933,1993.462530,0.46205681562423706,1.121448040008545,-0.6593912243843079,-1
199953,1993.483136,0.46205681562423706,1.1201521158218384,-0.6580953001976013,-1
199973,1993.502114,0.46205681562423706,1.1201521158218384,-0.6580953001976013,-1
199993,1993.522121,0.46205681562423706,1.121448040008545,-0.6593912243843079,-1
200013,1993.542117,0.46205681562423706,1.121448040008545,-0.6593912243843079,-1
200033,1993.562113,0.46205681562423706,1.121448040008545,-0.6593912243843079,-1
200053,1993.582133,0.46205681562423706,1.1201521158218384,-0.6580953001976013,-1
200073,1993.602114,0.46205681562423706,1.1201521158218384,-0.6580953001976013,-1
200093,1993.622111,0.46205681562423706,1.1201521158218384,-0.6580953001976013,-1
200113,1993.642111,0.46205681562423706,1.1201521158218384,-0.6580953001976013,-1
200133,1993.662109,0.46205681562423706,1.1201286315917969,-0.6580718159675598,-1
200153,1993.683137,0.46205681562423706,1.1201286315917969,-0.6580718159675598,-1
200173,1993.702109,0.46205681562423706,1.1231610774993896,-0.6611042618751526,-1
200193,1993.722109,0.46205681562423706,1.1231610774993896,-0.6611042618751526,-1
200213,1993.743107,0.46205681562423706,1.1236110925674438,-0.6615542769432068,-1
200233,1993.762107,0.46205681562423706,1.1236110925674438,-0.6615542769432068,-1
200253,1993.782110,0.46205681562423706,1.1236110925674438,-0.6615542769432068,-1
200273,1993.802106,0.46205681562423706,1.1236110925674438,-0.6615542769432068,-1
200293,1993.822109,0.46205681562423706,1.1230096817016602,-0.6609528660774231,-1
200313,1993.842106,0.46205681562423706,1.1230096817016602,-0.6609528660774231,-1
200333,1993.863105,0.46205681562423706,1.1230096817016602,-0.6609528660774231,-1
200353,1993.882105,0.46205681562423706,1.1236110925674438,-0.6615542769432068,-1
200373,1993.902110,0.46205681562423706,1.1236110925674438,-0.6615542769432068,-1
200393,1993.922103,0.46205681562423706,1.1230096817016602,-0.6609528660774231,-1
200413,1993.942104,0.46205681562423706,1.1230096817016602,-0.6609528660774231,-1
200433,1993.962101,0.46205681562423706,1.1230096817016602,-0.6609528660774231,-1
200453,1993.982103,0.46205681562423706,1.1230096817016602,-0.6609528660774231,-1
200473,1994.002101,0.46205681562423706,1.1230096817016602,-0.6609528660774231,-1
200493,1994.022102,0.46205681562423706,1.1230096817016602,-0.6609528660774231,-1
200513,1994.042108,0.46205681562423706,1.124937653541565,-0.6628808379173279,-1
200533,1994.062102,0.46205681562423706,1.124937653541565,-0.6628808379173279,-1
200553,1994.082102,0.46205681562423706,1.1189581155776978,-0.6569012999534607,-1
200573,1994.102101,0.46205681562423706,1.1189581155776978,-0.6569012999534607,-1
200593,1994.122103,0.46205681562423706,1.124616026878357,-0.6625592112541199,-1
200613,1994.142105,0.46205681562423706,1.124616026878357,-0.6625592112541199,-1
200633,1994.161097,0.46205681562423706,1.1189581155776978,-0.6569012999534607,-1
200653,1994.182098,0.46205681562423706,1.1189581155776978,-0.6569012999534607,-1
200673,1994.201094,0.46205681562423706,1.123605489730835,-0.6615486741065979,-1
200693,1994.221093,0.46205681562423706,1.123605489730835,-0.6615486741065979,-1
200713,1994.241105,0.46205681562423706,1.123605489730835,-0.6615486741065979,-1
200733,1994.261098,0.46205681562423706,1.1206626892089844,-0.6586058735847473,-1
200753,1994.282095,0.46205681562423706,1.1206626892089844,-0.6586058735847473,-1
200773,1994.301112,0.46205681562423706,1.1227158308029175,-0.6606590151786804,-1
200793,1994.321110,0.46205681562423706,1.1227158308029175,-0.6606590151786804,-1
200813,1994.341133,0.46205681562423706,1.1206626892089844,-0.6586058735847473,-1
200833,1994.361115,0.46205681562423706,1.1206626892089844,-0.6586058735847473,-1
200853,1994.382116,0.46205681562423706,1.1206626892089844,-0.6586058735847473,-1
200873,1994.401115,0.46205681562423706,1.1206626892089844,-0.6586058735847473,-1
200893,1994.421111,0.46205681562423706,1.1206626892089844,-0.6586058735847473,-1
200913,1994.442116,0.46205681562423706,1.1206626892089844,-0.6586058735847473,-1
200933,1994.461116,0.46205681562423706,1.1201272010803223,-0.6580703854560852,-1
200953,1994.482111,0.46205681562423706,1.1201272010803223,-0.6580703854560852,-1
200973,1994.501133,0.46205681562423706,1.1201272010803223,-0.6580703854560852,-1
200993,1994.521113,0.46205681562423706,1.1201272010803223,-0.6580703854560852,-1
201013,1994.542117,0.46205681562423706,1.1201272010803223,-0.6580703854560852,-1
201033,1994.561116,0.46205681562423706,1.1201272010803223,-0.6580703854560852,-1
201053,1994.582128,0.46205681562423706,1.1201272010803223,-0.6580703854560852,-1
201073,1994.601562,0.46205681562423706,1.1201272010803223,-0.6580703854560852,-1
201093,1994.621503,0.46205681562423706,1.1186976432800293,-0.6566408276557922,-1
201113,1994.641521,0.46205681562423706,1.1186976432800293,-0.6566408276557922,-1
201133,1994.661502,0.46205681562423706,1.1186976432800293,-0.6566408276557922,-1
201153,1994.682509,0.46205681562423706,1.1186976432800293,-0.6566408276557922,-1
201173,1994.701501,0.46205681562423706,1.1186976432800293,-0.6566408276557922,-1
201193,1994.721520,0.46205681562423706,1.1186976432800293,-0.6566408276557922,-1
201213,1994.741534,0.46205681562423706,1.1186976432800293,-0.6566408276557922,-1
201233,1994.761503,0.46205681562423706,1.120231032371521,-0.6581742167472839,-1
201253,1994.782511,0.46205681562423706,1.120231032371521,-0.6581742167472839,-1
201273,1994.801498,0.46205681562423706,1.1222387552261353,-0.6601819396018982,-1
201293,1994.821503,0.46205681562423706,1.1222387552261353,-0.6601819396018982,-1
201313,1994.841507,0.46205681562423706,1.1227426528930664,-0.6606858372688293,-1
201333,1994.861498,0.46205681562423706,1.1227426528930664,-0.6606858372688293,-1
201353,1994.882496,0.46205681562423706,1.1222387552261353,-0.6601819396018982,-1
201373,1994.901493,0.46205681562423706,1.1222387552261353,-0.6601819396018982,-1
201393,1994.921498,0.46205681562423706,1.1222387552261353,-0.6601819396018982,-1
201413,1994.941510,0.46205681562423706,1.1222387552261353,-0.6601819396018982,-1
201433,1994.961575,0.46205681562423706,1.1222387552261353,-0.6601819396018982,-1
201453,1994.982496,0.46205681562423706,1.1222387552261353,-0.6601819396018982,-1
201473,1995.000495,0.46205681562423706,1.1222387552261353,-0.6601819396018982,-1
201493,1995.020494,0.46205681562423706,1.1224868297576904,-0.6604300141334534,-1
201513,1995.041509,0.46205681562423706,1.1224868297576904,-0.6604300141334534,-1
201533,1995.060493,0.46205681562423706,1.119606375694275,-0.6575495600700378,-1
201553,1995.081493,0.46205681562423706,1.119606375694275,-0.6575495600700378,-1
201573,1995.100494,0.46205681562423706,1.1200275421142578,-0.6579707264900208,-1
201593,1995.120493,0.46205681562423706,1.1200275421142578,-0.6579707264900208,-1
201613,1995.140488,0.46205681562423706,1.1200275421142578,-0.6579707264900208,-1
201633,1995.160494,0.46205681562423706,1.1200275421142578,-0.6579707264900208,-1
201653,1995.181499,0.46205681562423706,1.1200275421142578,-0.6579707264900208,-1
201673,1995.200489,0.46205681562423706,1.1200275421142578,-0.6579707264900208,-1
201693,1995.220485,0.46205681562423706,1.1200275421142578,-0.6579707264900208,-1
201713,1995.240487,0.46205681562423706,1.1200275421142578,-0.6579707264900208,-1
201733,1995.260488,0.46205681562423706,1.1221239566802979,-0.6600671410560608,-1
201753,1995.280485,0.46205681562423706,1.1221239566802979,-0.6600671410560608,-1
201773,1995.300484,0.46205681562423706,1.1230682134628296,-0.6610113978385925,-1
201793,1995.320487,0.46205681562423706,1.1230682134628296,-0.6610113978385925,-1
201813,1995.340503,0.46205681562423706,1.1230682134628296,-0.6610113978385925,-1
201833,1995.360484,0.46205681562423706,1.1230682134628296,-0.6610113978385925,-1
201853,1995.380488,0.46205681562423706,1.1247193813323975,-0.6626625657081604,-1
201873,1995.400497,0.46205681562423706,1.1247193813323975,-0.6626625657081604,-1
201893,1995.420488,0.46205681562423706,1.1247193813323975,-0.6626625657081604,-1
201913,1995.440482,0.46205681562423706,1.1239062547683716,-0.6618494391441345,-1
201933,1995.460480,0.46205681562423706,1.1239062547683716,-0.6618494391441345,-1
201953,1995.480483,0.46205681562423706,1.129380464553833,-0.667323648929596,-1
201973,1995.501483,0.46205681562423706,1.129380464553833,-0.667323648929596,-1
201993,1995.520484,0.46205681562423706,1.128402829170227,-0.66634601354599,-1
202013,1995.540480,0.46205681562423706,1.128402829170227,-0.66634601354599,-1
202033,1995.560484,0.46205681562423706,1.1283419132232666,-0.6662850975990295,-1
202053,1995.580486,0.46205681562423706,1.1283419132232666,-0.6662850975990295,-1
202073,1995.600484,0.46205681562423706,1.1264270544052124,-0.6643702387809753,-1
202093,1995.620483,0.46205681562423706,1.1264270544052124,-0.6643702387809753,-1
202113,1995.640478,0.46205681562423706,1.1283419132232666,-0.6662850975990295,-1
202133,1995.660477,0.46205681562423706,1.1283419132232666,-0.6662850975990295,-1
202153,1995.680484,0.46205681562423706,1.121282935142517,-0.65922611951828,-1
202173,1995.700481,0.46205681562423706,1.121282935142517,-0.65922611951828,-1
202193,1995.721477,0.46205681562423706,1.1282880306243896,-0.6662312150001526,-1
202213,1995.741479,0.46205681562423706,1.1282880306243896,-0.6662312150001526,-1
202233,1995.761475,0.46205681562423706,1.1282880306243896,-0.6662312150001526,-1
202253,1995.780478,0.46205681562423706,1.1314417123794556,-0.6693848967552185,-1
202273,1995.800476,0.46205681562423706,1.1314417123794556,-0.6693848967552185,-1
202293,1995.820481,0.46205681562423706,1.1273491382598877,-0.6652923226356506,-1
202313,1995.840474,0.46205681562423706,1.1273491382598877,-0.6652923226356506,-1
202333,1995.860473,0.46205681562423706,1.1318845748901367,-0.6698277592658997,-1
202353,1995.880475,0.46205681562423706,1.1318845748901367,-0.6698277592658997,-1
202373,1995.900471,0.46205681562423706,1.1189792156219482,-0.6569223999977112,-1
202393,1995.920471,0.46205681562423706,1.1189792156219482,-0.6569223999977112,-1
202413,1995.941479,0.46205681562423706,1.126897931098938,-0.6648411154747009,-1
202433,1995.961473,0.46205681562423706,1.126897931098938,-0.6648411154747009,-1
202453,1995.980476,0.46205681562423706,1.1261532306671143,-0.6640964150428772,-1
202473,1996.000471,0.46205681562423706,1.1261532306671143,-0.6640964150428772,-1
202493,1996.020470,0.46205681562423706,1.1277507543563843,-0.6656939387321472,-1
202513,1996.040479,0.46205681562423706,1.1277507543563843,-0.6656939387321472,-1
202533,1996.060471,0.46205681562423706,1.1189385652542114,-0.6568817496299744,-1
202553,1996.080473,0.46205681562423706,1.1189385652542114,-0.6568817496299744,-1
202573,1996.100467,0.46205681562423706,1.1189385652542114,-0.6568817496299744,-1
202593,1996.120469,0.46205681562423706,1.1218643188476562,-0.6598075032234192,-1
202613,1996.140502,0.46205681562423706,1.1218643188476562,-0.6598075032234192,-1
202633,1996.160468,0.46205681562423706,1.1170706748962402,-0.6550138592720032,-1
202653,1996.180473,0.46205681562423706,1.1170706748962402,-0.6550138592720032,-1
202673,1996.200467,0.46205681562423706,1.118271827697754,-0.6562150120735168,-1
202693,1996.220463,0.46205681562423706,1.118271827697754,-0.6562150120735168,-1
202713,1996.240492,0.46205681562423706,1.118271827697754,-0.6562150120735168,-1
202733,1996.260464,0.46205681562423706,1.118271827697754,-0.6562150120735168,-1
202753,1996.280477,0.46205681562423706,1.118271827697754,-0.6562150120735168,-1
202773,1996.300465,0.46205681562423706,1.118271827697754,-0.6562150120735168,-1
202793,1996.320462,0.46205681562423706,1.1170706748962402,-0.6550138592720032,-1
202813,1996.340464,0.46205681562423706,1.1170706748962402,-0.6550138592720032,-1
202833,1996.360464,0.46205681562423706,1.115444540977478,-0.653387725353241,-1
202853,1996.380472,0.46205681562423706,1.115444540977478,-0.653387725353241,-1
202873,1996.400467,0.46205681562423706,1.115085482597351,-0.653028666973114,-1
202893,1996.420502,0.46205681562423706,1.115085482597351,-0.653028666973114,-1
202913,1996.440425,0.46205681562423706,1.115085482597351,-0.653028666973114,-1
202933,1996.460434,0.46205681562423706,1.1100709438323975,-0.6480141282081604,-1
202953,1996.480432,0.46205681562423706,1.1100709438323975,-0.6480141282081604,-1
202973,1996.500424,0.46205681562423706,1.109115719795227,-0.64705890417099,-1
202993,1996.520423,0.46205681562423706,1.109115719795227,-0.64705890417099,-1
203013,1996.540445,0.46205681562423706,1.1075466871261597,-0.6454898715019226,-1
203033,1996.559428,0.46205681562423706,1.1075466871261597,-0.6454898715019226,-1
203053,1996.579424,0.46205681562423706,1.107436180114746,-0.645379364490509,-1
203073,1996.600421,0.46205681562423706,1.107436180114746,-0.645379364490509,-1
203093,1996.620419,0.46205681562423706,1.109115719795227,-0.64705890417099,-1
203113,1996.639419,0.46205681562423706,1.109115719795227,-0.64705890417099,-1
203133,1996.660441,0.46205681562423706,1.1013944149017334,-0.6393375992774963,-1
203153,1996.679417,0.46205681562423706,1.1013944149017334,-0.6393375992774963,-1
203173,1996.699420,0.46205681562423706,1.0960358381271362,-0.6339790225028992,-1
203193,1996.719420,0.46205681562423706,1.0960358381271362,-0.6339790225028992,-1
203213,1996.740416,0.46205681562423706,1.0961849689483643,-0.6341281533241272,-1
203233,1996.759417,0.46205681562423706,1.0961849689483643,-0.6341281533241272,-1
203253,1996.779417,0.46205681562423706,1.0961849689483643,-0.6341281533241272,-1
203273,1996.799416,0.46205681562423706,1.0950835943222046,-0.6330267786979675,-1
203293,1996.820437,0.46205681562423706,1.0950835943222046,-0.6330267786979675,-1
203313,1996.839419,0.46205681562423706,1.0960392951965332,-0.6339824795722961,-1
203333,1996.860000,0.46205681562423706,1.0960392951965332,-0.6339824795722961,-1
203353,1996.880041,0.46205681562423706,1.0960392951965332,-0.6339824795722961,-1
203373,1996.900037,0.46205681562423706,1.0960392951965332,-0.6339824795722961,-1
203393,1996.920033,0.46205681562423706,1.0915175676345825,-0.6294607520103455,-1
203413,1996.940045,0.46205681562423706,1.0915175676345825,-0.6294607520103455,-1
203433,1996.960025,0.46205681562423706,1.0993245840072632,-0.6372677683830261,-1
203453,1996.980033,0.46205681562423706,1.0993245840072632,-0.6372677683830261,-1
203473,1997.000031,0.46205681562423706,1.085479974746704,-0.623423159122467,-1
203493,1997.020033,0.46205681562423706,1.085479974746704,-0.623423159122467,-1
203513,1997.040025,0.46205681562423706,1.0909634828567505,-0.6289066672325134,-1
203533,1997.059034,0.46205681562423706,1.0909634828567505,-0.6289066672325134,-1
203553,1997.080044,0.46205681562423706,1.086881160736084,-0.6248243451118469,-1
203573,1997.099031,0.46205681562423706,1.086881160736084,-0.6248243451118469,-1
203593,1997.119022,0.46205681562423706,1.086881160736084,-0.6248243451118469,-1
203613,1997.139024,0.46205681562423706,1.0848987102508545,-0.6228418946266174,-1
203633,1997.159032,0.46205681562423706,1.0848987102508545,-0.6228418946266174,-1
203653,1997.179024,0.46205681562423706,1.085479974746704,-0.623423159122467,-1
203673,1997.199023,0.46205681562423706,1.085479974746704,-0.623423159122467,-1
203693,1997.219021,0.46205681562423706,1.086881160736084,-0.6248243451118469,-1
203713,1997.239022,0.46205681562423706,1.086881160736084,-0.6248243451118469,-1
203733,1997.259024,0.46205681562423706,1.086881160736084,-0.6248243451118469,-1
203753,1997.279063,0.46205681562423706,1.086881160736084,-0.6248243451118469,-1
203773,1997.299025,0.46205681562423706,1.0849242210388184,-0.6228674054145813,-1
203793,1997.319019,0.46205681562423706,1.0849242210388184,-0.6228674054145813,-1
203813,1997.339024,0.46205681562423706,1.0849242210388184,-0.6228674054145813,-1
203833,1997.359022,0.46205681562423706,1.0849242210388184,-0.6228674054145813,-1
203853,1997.379020,0.46205681562423706,1.0753710269927979,-0.6133142113685608,-1
203873,1997.399024,0.46205681562423706,1.0753710269927979,-0.6133142113685608,-1
203893,1997.420021,0.46205681562423706,1.0711196660995483,-0.6090628504753113,-1
203913,1997.439016,0.46205681562423706,1.0711196660995483,-0.6090628504753113,-1
203933,1997.459024,0.46205681562423706,1.0692718029022217,-0.6072149872779846,-1
203953,1997.479041,0.46205681562423706,1.0692718029022217,-0.6072149872779846,-1
203973,1997.499020,0.46205681562423706,1.0692718029022217,-0.6072149872779846,-1
203993,1997.519022,0.46205681562423706,1.0755021572113037,-0.6134453415870667,-1
204013,1997.539018,0.46205681562423706,1.0755021572113037,-0.6134453415870667,-1
204033,1997.559019,0.46205681562423706,1.0711196660995483,-0.6090628504753113,-1
204053,1997.579025,0.46205681562423706,1.0711196660995483,-0.6090628504753113,-1
204073,1997.599020,0.46205681562423706,1.0711196660995483,-0.6090628504753113,-1
204093,1997.619019,0.46205681562423706,1.0711196660995483,-0.6090628504753113,-1
204113,1997.639015,0.46205681562423706,1.0717535018920898,-0.6096966862678528,-1
204133,1997.659017,0.46205681562423706,1.0717535018920898,-0.6096966862678528,-1
204153,1997.679073,0.46205681562423706,1.0717535018920898,-0.6096966862678528,-1
204173,1997.700019,0.46205681562423706,1.0717535018920898,-0.6096966862678528,-1
204193,1997.720010,0.46205681562423706,1.0600873231887817,-0.5980305075645447,-1
204213,1997.740015,0.46205681562423706,1.0600873231887817,-0.5980305075645447,-1
204233,1997.759011,0.46205681562423706,1.0536913871765137,-0.5916345715522766,-1
204253,1997.779014,0.46205681562423706,1.0536913871765137,-0.5916345715522766,-1
204273,1997.799011,0.46205681562423706,1.061720609664917,-0.5996637940406799,-1
204293,1997.820026,0.46205681562423706,1.061720609664917,-0.5996637940406799,-1
204313,1997.840013,0.46205681562423706,1.061720609664917,-0.5996637940406799,-1
204333,1997.860009,0.46205681562423706,1.0577301979064941,-0.5956733822822571,-1
204353,1997.879047,0.46205681562423706,1.0577301979064941,-0.5956733822822571,-1
204373,1997.900016,0.46205681562423706,1.0600873231887817,-0.5980305075645447,-1
204393,1997.919006,0.46205681562423706,1.0600873231887817,-0.5980305075645447,-1
204413,1997.940005,0.46205681562423706,1.0577301979064941,-0.5956733822822571,-1
204433,1997.960011,0.46205681562423706,1.0577301979064941,-0.5956733822822571,-1
204453,1997.979007,0.46205681562423706,1.0577301979064941,-0.5956733822822571,-1
204473,1997.999015,0.46205681562423706,1.0577301979064941,-0.5956733822822571,-1
204493,1998.019011,0.46205681562423706,1.0483421087265015,-0.5862852931022644,-1
204513,1998.039006,0.46205681562423706,1.0483421087265015,-0.5862852931022644,-1
204533,1998.059010,0.46205681562423706,1.0464407205581665,-0.5843839049339294,-1
204553,1998.079019,0.46205681562423706,1.0464407205581665,-0.5843839049339294,-1
204573,1998.099045,0.46205681562423706,1.0483300685882568,-0.5862732529640198,-1
204593,1998.118995,0.46205681562423706,1.0483300685882568,-0.5862732529640198,-1
204613,1998.139008,0.46205681562423706,1.046990990638733,-0.5849341750144958,-1
204633,1998.159008,0.46205681562423706,1.046990990638733,-0.5849341750144958,-1
204653,1998.178999,0.46205681562423706,1.046990990638733,-0.5849341750144958,-1
204673,1998.199004,0.46205681562423706,1.039071798324585,-0.5770149827003479,-1
204693,1998.218999,0.46205681562423706,1.039071798324585,-0.5770149827003479,-1
204713,1998.238996,0.46205681562423706,1.044148564338684,-0.582091748714447,-1
204733,1998.258998,0.46205681562423706,1.044148564338684,-0.582091748714447,-1
204753,1998.278995,0.46205681562423706,1.036208987236023,-0.5741521716117859,-1
204773,1998.299000,0.46205681562423706,1.036208987236023,-0.5741521716117859,-1
204793,1998.319009,0.46205681562423706,1.0291231870651245,-0.5670663714408875,-1
204813,1998.338998,0.46205681562423706,1.0291231870651245,-0.5670663714408875,-1
204833,1998.359007,0.46205681562423706,1.0285242795944214,-0.5664674639701843,-1
204853,1998.378997,0.46205681562423706,1.0285242795944214,-0.5664674639701843,-1
204873,1998.398997,0.46205681562423706,1.0286028385162354,-0.5665460228919983,-1
204893,1998.418995,0.46205681562423706,1.0286028385162354,-0.5665460228919983,-1
204913,1998.438999,0.46205681562423706,1.0196975469589233,-0.5576407313346863,-1
204933,1998.458997,0.46205681562423706,1.0196975469589233,-0.5576407313346863,-1
204953,1998.478996,0.46205681562423706,1.0186121463775635,-0.5565553307533264,-1
204973,1998.498994,0.46205681562423706,1.0186121463775635,-0.5565553307533264,-1
204993,1998.518991,0.46205681562423706,1.01553475856781,-0.553477942943573,-1
205013,1998.539009,0.46205681562423706,1.01553475856781,-0.553477942943573,-1
205033,1998.558995,0.46205681562423706,1.016019344329834,-0.5539625287055969,-1
205053,1998.578997,0.46205681562423706,1.016019344329834,-0.5539625287055969,-1
205073,1998.598996,0.46205681562423706,1.016019344329834,-0.5539625287055969,-1
205093,1998.618991,0.46205681562423706,1.0120933055877686,-0.5500364899635315,-1
205113,1998.637992,0.46205681562423706,1.0120933055877686,-0.5500364899635315,-1
205133,1998.658037,0.46205681562423706,1.0049389600753784,-0.5428821444511414,-1
205153,1998.677986,0.46205681562423706,1.0049389600753784,-0.5428821444511414,-1
205173,1998.698991,0.46205681562423706,1.0078439712524414,-0.5457871556282043,-1
205193,1998.718990,0.46205681562423706,1.0078439712524414,-0.5457871556282043,-1
205213,1998.738419,0.46205681562423706,1.0050452947616577,-0.5429884791374207,-1
205233,1998.759413,0.46205681562423706,1.0050452947616577,-0.5429884791374207,-1
205253,1998.778411,0.46205681562423706,1.0078439712524414,-0.5457871556282043,-1
205273,1998.798410,0.46205681562423706,1.0078439712524414,-0.5457871556282043,-1
205293,1998.818412,0.46205681562423706,0.9955541491508484,-0.5334973335266113,-1
205313,1998.839409,0.46205681562423706,0.9955541491508484,-0.5334973335266113,-1
205333,1998.858437,0.46205681562423706,0.9993788003921509,-0.5373219847679138,-1
205353,1998.878413,0.46205681562423706,0.9993788003921509,-0.5373219847679138,-1
205373,1998.898404,0.46205681562423706,1.0009838342666626,-0.5389270186424255,-1
205393,1998.918407,0.46205681562423706,1.0009838342666626,-0.5389270186424255,-1
205413,1998.938415,0.46205681562423706,1.0009838342666626,-0.5389270186424255,-1
205433,1998.958414,0.46205681562423706,0.9892011284828186,-0.5271443128585815,-1
205453,1998.978407,0.46205681562423706,0.9892011284828186,-0.5271443128585815,-1
205473,1998.998406,0.46205681562423706,0.9955541491508484,-0.5334973335266113,-1
205493,1999.018405,0.46205681562423706,0.9955541491508484,-0.5334973335266113,-1
205513,1999.038403,0.46205681562423706,0.9913917779922485,-0.5293349623680115,-1
205533,1999.059401,0.46205681562423706,0.9913917779922485,-0.5293349623680115,-1
205553,1999.079402,0.46205681562423706,0.9902397990226746,-0.5281829833984375,-1
205573,1999.098407,0.46205681562423706,0.9902397990226746,-0.5281829833984375,-1
205593,1999.118398,0.46205681562423706,0.9898930788040161,-0.527836263179779,-1
205613,1999.139397,0.46205681562423706,0.9898930788040161,-0.527836263179779,-1
205633,1999.158406,0.46205681562423706,0.9780405759811401,-0.5159837603569031,-1
205653,1999.179400,0.46205681562423706,0.9780405759811401,-0.5159837603569031,-1
205673,1999.198405,0.46205681562423706,0.9872621893882751,-0.5252053737640381,-1
205693,1999.219405,0.46205681562423706,0.9872621893882751,-0.5252053737640381,-1
205713,1999.239396,0.46205681562423706,0.9789283871650696,-0.5168715715408325,-1
205733,1999.258399,0.46205681562423706,0.9789283871650696,-0.5168715715408325,-1
205753,1999.278398,0.46205681562423706,0.9789283871650696,-0.5168715715408325,-1
205773,1999.298417,0.46205681562423706,0.9799686074256897,-0.5179117918014526,-1
205793,1999.319398,0.46205681562423706,0.9799686074256897,-0.5179117918014526,-1
205813,1999.339394,0.46205681562423706,0.972144603729248,-0.510087788105011,-1
205833,1999.358397,0.46205681562423706,0.972144603729248,-0.510087788105011,-1
205853,1999.379398,0.46205681562423706,0.9670329689979553,-0.5049761533737183,-1
205873,1999.399396,0.46205681562423706,0.9670329689979553,-0.5049761533737183,-1
205893,1999.418397,0.46205681562423706,0.9629931449890137,-0.5009363293647766,-1
205913,1999.439397,0.46205681562423706,0.9629931449890137,-0.5009363293647766,-1
205933,1999.458394,0.46205681562423706,0.9692263007164001,-0.5071694850921631,-1
205953,1999.478391,0.46205681562423706,0.9692263007164001,-0.5071694850921631,-1
205973,1999.499391,0.46205681562423706,0.9592509865760803,-0.49719417095184326,-1
205993,1999.518392,0.46205681562423706,0.9592509865760803,-0.49719417095184326,-1
206013,1999.539392,0.46205681562423706,0.9561164379119873,-0.49405962228775024,-1
206033,1999.559394,0.46205681562423706,0.9561164379119873,-0.49405962228775024,-1
206053,1999.579396,0.46205681562423706,0.9529803395271301,-0.49092352390289307,-1
206073,1999.598392,0.46205681562423706,0.9529803395271301,-0.49092352390289307,-1
206093,1999.618389,0.46205681562423706,0.9526291489601135,-0.49057233333587646,-1
206113,1999.639386,0.46205681562423706,0.9526291489601135,-0.49057233333587646,-1
206133,1999.658388,0.46205681562423706,0.9526291489601135,-0.49057233333587646,-1
206153,1999.678387,0.46205681562423706,0.9476081132888794,-0.48555129766464233,-1
206173,1999.698389,0.46205681562423706,0.9476081132888794,-0.48555129766464233,-1
206193,1999.719387,0.46205681562423706,0.9466481804847717,-0.48459136486053467,-1
206213,1999.738388,0.46205681562423706,0.9466481804847717,-0.48459136486053467,-1
206233,1999.758400,0.46205681562423706,0.9439306259155273,-0.4818738102912903,-1
206253,1999.778385,0.46205681562423706,0.9439306259155273,-0.4818738102912903,-1
206273,1999.798385,0.46205681562423706,0.9396036863327026,-0.4775468707084656,-1
206293,1999.818387,0.46205681562423706,0.9396036863327026,-0.4775468707084656,-1
206313,1999.838385,0.46205681562423706,0.9397460222244263,-0.4776892066001892,-1
206333,1999.858386,0.46205681562423706,0.9397460222244263,-0.4776892066001892,-1
206353,1999.878383,0.46205681562423706,0.9360007047653198,-0.47394388914108276,-1
206373,1999.897383,0.46205681562423706,0.9360007047653198,-0.47394388914108276,-1
206393,1999.917960,0.46205681562423706,0.9371327757835388,-0.47507596015930176,-1
206413,1999.937963,0.46205681562423706,0.9371327757835388,-0.47507596015930176,-1
206433,1999.957964,0.46205681562423706,0.9371327757835388,-0.47507596015930176,-1
206453,1999.977384,0.46205681562423706,0.9371327757835388,-0.47507596015930176,-1
206473,1999.998386,0.46205681562423706,0.9368825554847717,-0.47482573986053467,-1
206493,2000.017382,0.46205681562423706,0.9368825554847717,-0.47482573986053467,-1
206513,2000.037383,0.46205681562423706,0.9368825554847717,-0.47482573986053467,-1
206533,2000.057386,0.46205681562423706,0.9310022592544556,-0.4689454436302185,-1
206553,2000.077385,0.46205681562423706,0.9310022592544556,-0.4689454436302185,-1
206573,2000.098378,0.46205681562423706,0.9319929480552673,-0.4699361324310303,-1
206593,2000.117957,0.46205681562423706,0.9319929480552673,-0.4699361324310303,-1
206613,2000.136959,0.46205681562423706,0.9170272350311279,-0.45497041940689087,-1
206633,2000.157959,0.46205681562423706,0.9170272350311279,-0.45497041940689087,-1
206653,2000.176960,0.46205681562423706,0.9187629818916321,-0.456706166267395,-1
206673,2000.196977,0.46205681562423706,0.9187629818916321,-0.456706166267395,-1
206694,2000.217957,0.46205681562423706,0.9160666465759277,-0.4540098309516907,-1
206714,2000.237954,0.46205681562423706,0.9160666465759277,-0.4540098309516907,-1
206734,2000.257957,0.46205681562423706,0.9150681495666504,-0.45301133394241333,-1
206754,2000.277956,0.46205681562423706,0.9150681495666504,-0.45301133394241333,-1
206774,2000.297954,0.46205681562423706,0.9160666465759277,-0.4540098309516907,-1
206793,2000.316950,0.46205681562423706,0.9160666465759277,-0.4540098309516907,-1
206813,2000.336949,0.46205681562423706,0.905871570110321,-0.443814754486084,-1
206834,2000.357959,0.46205681562423706,0.905871570110321,-0.443814754486084,-1
206854,2000.377955,0.46205681562423706,0.9019132852554321,-0.43985646963119507,-1
206874,2000.397966,0.46205681562423706,0.9019132852554321,-0.43985646963119507,-1
206893,2000.416952,0.46205681562423706,0.9019132852554321,-0.43985646963119507,-1
206913,2000.436949,0.46205681562423706,0.8935286402702332,-0.4314718246459961,-1
206933,2000.456950,0.46205681562423706,0.8935286402702332,-0.4314718246459961,-1
206953,2000.476950,0.46205681562423706,0.8956311345100403,-0.4335743188858032,-1
206974,2000.497950,0.46205681562423706,0.8956311345100403,-0.4335743188858032,-1
206993,2000.516952,0.46205681562423706,0.8958225846290588,-0.4337657690048218,-1
207014,2000.537951,0.46205681562423706,0.8958225846290588,-0.4337657690048218,-1
207033,2000.556957,0.46205681562423706,0.894834578037262,-0.4327777624130249,-1
207053,2000.577967,0.46205681562423706,0.894834578037262,-0.4327777624130249,-1
207073,2000.596956,0.46205681562423706,0.8956311345100403,-0.4335743188858032,-1
207093,2000.616952,0.46205681562423706,0.8956311345100403,-0.4335743188858032,-1
207113,2000.636946,0.46205681562423706,0.8956311345100403,-0.4335743188858032,-1
207133,2000.656947,0.46205681562423706,0.8956311345100403,-0.4335743188858032,-1
207153,2000.676951,0.46205681562423706,0.894834578037262,-0.4327777624130249,-1
207173,2000.697952,0.46205681562423706,0.894834578037262,-0.4327777624130249,-1
207193,2000.717944,0.46205681562423706,0.8911947011947632,-0.4291378855705261,-1
207213,2000.736950,0.46205681562423706,0.8911947011947632,-0.4291378855705261,-1
207233,2000.756946,0.46205681562423706,0.8891689777374268,-0.4271121621131897,-1
207253,2000.776941,0.46205681562423706,0.8891689777374268,-0.4271121621131897,-1
207273,2000.796940,0.46205681562423706,0.8891689777374268,-0.4271121621131897,-1
207293,2000.816965,0.46205681562423706,0.8792877793312073,-0.4172309637069702,-1
207313,2000.836945,0.46205681562423706,0.8792877793312073,-0.4172309637069702,-1
207333,2000.856944,0.46205681562423706,0.8852406144142151,-0.423183798789978,-1
207353,2000.876944,0.46205681562423706,0.8852406144142151,-0.423183798789978,-1
207373,2000.896939,0.46205681562423706,0.8795644640922546,-0.4175076484680176,-1
207393,2000.916941,0.46205681562423706,0.8795644640922546,-0.4175076484680176,-1
207413,2000.936948,0.46205681562423706,0.8804707527160645,-0.4184139370918274,-1
207433,2000.956938,0.46205681562423706,0.8804707527160645,-0.4184139370918274,-1
207453,2000.976939,0.46205681562423706,0.8795644640922546,-0.4175076484680176,-1
207473,2000.996941,0.46205681562423706,0.8795644640922546,-0.4175076484680176,-1
207493,2001.016964,0.46205681562423706,0.8795644640922546,-0.4175076484680176,-1
207513,2001.036942,0.46205681562423706,0.8795644640922546,-0.4175076484680176,-1
207533,2001.056940,0.46205681562423706,0.8774355053901672,-0.4153786897659302,-1
207553,2001.076937,0.46205681562423706,0.8774355053901672,-0.4153786897659302,-1
207573,2001.096935,0.46205681562423706,0.8673999905586243,-0.4053431749343872,-1
207593,2001.116938,0.46205681562423706,0.8673999905586243,-0.4053431749343872,-1
207613,2001.136934,0.46205681562423706,0.8614318370819092,-0.3993750214576721,-1
207633,2001.156937,0.46205681562423706,0.8614318370819092,-0.3993750214576721,-1
207653,2001.176932,0.46205681562423706,0.8614318370819092,-0.3993750214576721,-1
207673,2001.196933,0.46205681562423706,0.8651452660560608,-0.40308845043182373,-1
207693,2001.216932,0.46205681562423706,0.8651452660560608,-0.40308845043182373,-1
207713,2001.236363,0.46205681562423706,0.8610773682594299,-0.39902055263519287,-1
207733,2001.256356,0.46205681562423706,0.8610773682594299,-0.39902055263519287,-1
207753,2001.276353,0.46205681562423706,0.8530226945877075,-0.39096587896347046,-1
207773,2001.296361,0.46205681562423706,0.8530226945877075,-0.39096587896347046,-1
207793,2001.316355,0.46205681562423706,0.856191098690033,-0.3941342830657959,-1
207813,2001.336355,0.46205681562423706,0.856191098690033,-0.3941342830657959,-1
207833,2001.356353,0.46205681562423706,0.8544715642929077,-0.39241474866867065,-1
207853,2001.376356,0.46205681562423706,0.8544715642929077,-0.39241474866867065,-1
207873,2001.396350,0.46205681562423706,0.8494583368301392,-0.3874015212059021,-1
207893,2001.416350,0.46205681562423706,0.8494583368301392,-0.3874015212059021,-1
207913,2001.436352,0.46205681562423706,0.8530226945877075,-0.39096587896347046,-1
207933,2001.456371,0.46205681562423706,0.8530226945877075,-0.39096587896347046,-1
207953,2001.476327,0.46205681562423706,0.8453866243362427,-0.3833298087120056,-1
207973,2001.496313,0.46205681562423706,0.8453866243362427,-0.3833298087120056,-1
207993,2001.516318,0.46205681562423706,0.8453866243362427,-0.3833298087120056,-1
208013,2001.536316,0.46205681562423706,0.845044732093811,-0.382987916469574,-1
208033,2001.556895,0.46205681562423706,0.845044732093811,-0.382987916469574,-1
208053,2001.576893,0.46205681562423706,0.8420597910881042,-0.3800029754638672,-1
208073,2001.596312,0.46205681562423706,0.8420597910881042,-0.3800029754638672,-1
208093,2001.616891,0.46205681562423706,0.8400368094444275,-0.37797999382019043,-1
208113,2001.635898,0.46205681562423706,0.8400368094444275,-0.37797999382019043,-1
208133,2001.655892,0.46205681562423706,0.8420597910881042,-0.3800029754638672,-1
208153,2001.675890,0.46205681562423706,0.8420597910881042,-0.3800029754638672,-1
208173,2001.695889,0.46205681562423706,0.8352521061897278,-0.3731952905654907,-1
208193,2001.716888,0.46205681562423706,0.8352521061897278,-0.3731952905654907,-1
208213,2001.736888,0.46205681562423706,0.8310030102729797,-0.3689461946487427,-1
208233,2001.756890,0.46205681562423706,0.8310030102729797,-0.3689461946487427,-1
208253,2001.775891,0.46205681562423706,0.8289985060691833,-0.3669416904449463,-1
208273,2001.796921,0.46205681562423706,0.8289985060691833,-0.3669416904449463,-1
208293,2001.815923,0.46205681562423706,0.8322039842605591,-0.370147168636322,-1
208313,2001.835927,0.46205681562423706,0.8322039842605591,-0.370147168636322,-1
208333,2001.855919,0.46205681562423706,0.8322039842605591,-0.370147168636322,-1
208353,2001.876920,0.46205681562423706,0.8320417404174805,-0.3699849247932434,-1
208373,2001.896923,0.46205681562423706,0.8320417404174805,-0.3699849247932434,-1
208393,2001.915918,0.46205681562423706,0.822453498840332,-0.36039668321609497,-1
208413,2001.935935,0.46205681562423706,0.822453498840332,-0.36039668321609497,-1
208433,2001.955918,0.46205681562423706,0.8274035453796387,-0.3653467297554016,-1
208453,2001.975916,0.46205681562423706,0.8274035453796387,-0.3653467297554016,-1
208473,2001.996925,0.46205681562423706,0.8235913515090942,-0.3615345358848572,-1
208493,2002.015914,0.46205681562423706,0.8235913515090942,-0.3615345358848572,-1
208513,2002.035917,0.46205681562423706,0.8237428069114685,-0.36168599128723145,-1
208533,2002.055915,0.46205681562423706,0.8237428069114685,-0.36168599128723145,-1
208553,2002.075915,0.46205681562423706,0.8237428069114685,-0.36168599128723145,-1
208573,2002.097402,0.46205681562423706,0.8237428069114685,-0.36168599128723145,-1
208593,2002.116333,0.46205681562423706,0.8237428069114685,-0.36168599128723145,-1
208613,2002.136335,0.46205681562423706,0.8269404768943787,-0.3648836612701416,-1
208633,2002.155333,0.46205681562423706,0.8269404768943787,-0.3648836612701416,-1
208653,2002.176333,0.46205681562423706,0.8237428069114685,-0.36168599128723145,-1
208673,2002.196333,0.46205681562423706,0.8237428069114685,-0.36168599128723145,-1
208693,2002.216336,0.46205681562423706,0.8237428069114685,-0.36168599128723145,-1
208713,2002.235331,0.46205681562423706,0.8237428069114685,-0.36168599128723145,-1
208733,2002.255328,0.46205681562423706,0.8235253095626831,-0.36146849393844604,-1
208753,2002.275329,0.46205681562423706,0.8235253095626831,-0.36146849393844604,-1
208773,2002.296392,0.46205681562423706,0.8217051029205322,-0.35964828729629517,-1
208793,2002.315335,0.46205681562423706,0.8217051029205322,-0.35964828729629517,-1
208813,2002.336328,0.46205681562423706,0.8138653635978699,-0.3518085479736328,-1
208833,2002.356327,0.46205681562423706,0.8138653635978699,-0.3518085479736328,-1
208853,2002.375327,0.46205681562423706,0.8124940991401672,-0.3504372835159302,-1
208873,2002.396328,0.46205681562423706,0.8124940991401672,-0.3504372835159302,-1
208893,2002.415327,0.46205681562423706,0.8124940991401672,-0.3504372835159302,-1
208913,2002.436330,0.46205681562423706,0.8154256939888,-0.353368878364563,-1
208933,2002.455324,0.46205681562423706,0.8154256939888,-0.353368878364563,-1
208953,2002.476325,0.46205681562423706,0.81047123670578,-0.34841442108154297,-1
208973,2002.496355,0.46205681562423706,0.81047123670578,-0.34841442108154297,-1
208993,2002.515324,0.46205681562423706,0.8124940991401672,-0.3504372835159302,-1
209013,2002.536334,0.46205681562423706,0.8124940991401672,-0.3504372835159302,-1
209033,2002.556328,0.46205681562423706,0.81047123670578,-0.34841442108154297,-1
209053,2002.575325,0.46205681562423706,0.81047123670578,-0.34841442108154297,-1
209073,2002.596326,0.46205681562423706,0.8076097369194031,-0.345552921295166,-1
209093,2002.615326,0.46205681562423706,0.8076097369194031,-0.345552921295166,-1
209113,2002.635321,0.46205681562423706,0.8045989274978638,-0.3425421118736267,-1
209133,2002.655318,0.46205681562423706,0.8045989274978638,-0.3425421118736267,-1
209153,2002.675318,0.46205681562423706,0.8045989274978638,-0.3425421118736267,-1
209173,2002.696353,0.46205681562423706,0.8015944361686707,-0.3395376205444336,-1
209193,2002.716321,0.46205681562423706,0.8015944361686707,-0.3395376205444336,-1
209213,2002.735319,0.46205681562423706,0.80231773853302,-0.34026092290878296,-1
209233,2002.755323,0.46205681562423706,0.80231773853302,-0.34026092290878296,-1
209253,2002.775317,0.46205681562423706,0.805357813835144,-0.343300998210907,-1
209273,2002.796322,0.46205681562423706,0.805357813835144,-0.343300998210907,-1
209293,2002.816314,0.46205681562423706,0.8035855293273926,-0.3415287137031555,-1
209313,2002.836316,0.46205681562423706,0.8035855293273926,-0.3415287137031555,-1
209333,2002.856315,0.46205681562423706,0.8029217720031738,-0.34086495637893677,-1
209353,2002.875314,0.46205681562423706,0.8029217720031738,-0.34086495637893677,-1
209373,2002.896318,0.46205681562423706,0.8029217720031738,-0.34086495637893677,-1
209393,2002.916341,0.46205681562423706,0.8029217720031738,-0.34086495637893677,-1
209413,2002.935316,0.46205681562423706,0.8035855293273926,-0.3415287137031555,-1
209433,2002.955311,0.46205681562423706,0.8035855293273926,-0.3415287137031555,-1
209453,2002.975318,0.46205681562423706,0.8035855293273926,-0.3415287137031555,-1
209473,2002.995314,0.46205681562423706,0.8035855293273926,-0.3415287137031555,-1
209493,2003.015309,0.46205681562423706,0.8035855293273926,-0.3415287137031555,-1
209513,2003.035311,0.46205681562423706,0.8038175106048584,-0.34176069498062134,-1
209533,2003.055310,0.46205681562423706,0.8038175106048584,-0.34176069498062134,-1
209553,2003.075313,0.46205681562423706,0.7957148551940918,-0.33365803956985474,-1
209573,2003.095310,0.46205681562423706,0.7957148551940918,-0.33365803956985474,-1
209593,2003.115920,0.46205681562423706,0.7956163883209229,-0.3335595726966858,-1
209613,2003.134950,0.46205681562423706,0.7956163883209229,-0.3335595726966858,-1
209633,2003.154893,0.46205681562423706,0.8058609962463379,-0.34380418062210083,-1
209653,2003.174889,0.46205681562423706,0.8058609962463379,-0.34380418062210083,-1
209673,2003.195895,0.46205681562423706,0.8070055246353149,-0.3449487090110779,-1
209693,2003.214886,0.46205681562423706,0.8070055246353149,-0.3449487090110779,-1
209713,2003.234886,0.46205681562423706,0.8040285706520081,-0.341971755027771,-1
209733,2003.254885,0.46205681562423706,0.8040285706520081,-0.341971755027771,-1
209753,2003.274891,0.46205681562423706,0.8040285706520081,-0.341971755027771,-1
209773,2003.295889,0.46205681562423706,0.800887405872345,-0.3388305902481079,-1
209793,2003.314894,0.46205681562423706,0.800887405872345,-0.3388305902481079,-1
209813,2003.334883,0.46205681562423706,0.8040285706520081,-0.341971755027771,-1
209833,2003.354887,0.46205681562423706,0.8040285706520081,-0.341971755027771,-1
209853,2003.374889,0.46205681562423706,0.8040285706520081,-0.341971755027771,-1
209873,2003.395889,0.46205681562423706,0.8040285706520081,-0.341971755027771,-1
209893,2003.414880,0.46205681562423706,0.8039438128471375,-0.3418869972229004,-1
209913,2003.434880,0.46205681562423706,0.8039438128471375,-0.3418869972229004,-1
209933,2003.454882,0.46205681562423706,0.8009668588638306,-0.3389100432395935,-1
209953,2003.474882,0.46205681562423706,0.8009668588638306,-0.3389100432395935,-1
209973,2003.495885,0.46205681562423706,0.8030775785446167,-0.34102076292037964,-1
209993,2003.514884,0.46205681562423706,0.8030775785446167,-0.34102076292037964,-1
210013,2003.534887,0.46205681562423706,0.8030775785446167,-0.34102076292037964,-1
210033,2003.554914,0.46205681562423706,0.8030775785446167,-0.34102076292037964,-1
210053,2003.574883,0.46205681562423706,0.8030775785446167,-0.34102076292037964,-1
210073,2003.595889,0.46205681562423706,0.8030775785446167,-0.34102076292037964,-1
210093,2003.614878,0.46205681562423706,0.8030775785446167,-0.34102076292037964,-1
210113,2003.634879,0.46205681562423706,0.8030775785446167,-0.34102076292037964,-1
210133,2003.654872,0.46205681562423706,0.8030775785446167,-0.34102076292037964,-1
210153,2003.674875,0.46205681562423706,0.8041206002235413,-0.3420637845993042,-1
210173,2003.695883,0.46205681562423706,0.8041206002235413,-0.3420637845993042,-1
210193,2003.714877,0.46205681562423706,0.8041206002235413,-0.3420637845993042,-1
210213,2003.734874,0.46205681562423706,0.8041206002235413,-0.3420637845993042,-1
210233,2003.754885,0.46205681562423706,0.8058624267578125,-0.34380561113357544,-1
210253,2003.774873,0.46205681562423706,0.8058624267578125,-0.34380561113357544,-1
210273,2003.795882,0.46205681562423706,0.8058624267578125,-0.34380561113357544,-1
210293,2003.814870,0.46205681562423706,0.8045621514320374,-0.3425053358078003,-1
210313,2003.834875,0.46205681562423706,0.8045621514320374,-0.3425053358078003,-1
210333,2003.854874,0.46205681562423706,0.8045621514320374,-0.3425053358078003,-1
210353,2003.874877,0.46205681562423706,0.8045621514320374,-0.3425053358078003,-1
210373,2003.895880,0.46205681562423706,0.8045621514320374,-0.3425053358078003,-1
210393,2003.914869,0.46205681562423706,0.8045621514320374,-0.3425053358078003,-1
210413,2003.934870,0.46205681562423706,0.8045621514320374,-0.3425053358078003,-1
210433,2003.954886,0.46205681562423706,0.8045621514320374,-0.3425053358078003,-1
210453,2003.974877,0.46205681562423706,0.8032774925231934,-0.3412206768989563,-1
210473,2003.995880,0.46205681562423706,0.8032774925231934,-0.3412206768989563,-1
210493,2004.014872,0.46205681562423706,0.8032774925231934,-0.3412206768989563,-1
210513,2004.034866,0.46205681562423706,0.8032774925231934,-0.3412206768989563,-1
210533,2004.054871,0.46205681562423706,0.8032774925231934,-0.3412206768989563,-1
210553,2004.074875,0.46205681562423706,0.8032774925231934,-0.3412206768989563,-1
210573,2004.093869,0.46205681562423706,0.8032774925231934,-0.3412206768989563,-1
210593,2004.114865,0.46205681562423706,0.8032774925231934,-0.3412206768989563,-1
210613,2004.134865,0.46205681562423706,0.8032774925231934,-0.3412206768989563,-1
210633,2004.154865,0.46205681562423706,0.8030697703361511,-0.34101295471191406,-1
210653,2004.174870,0.46205681562423706,0.8030697703361511,-0.34101295471191406,-1
210673,2004.193866,0.46205681562423706,0.804419994354248,-0.342363178730011,-1
210693,2004.214863,0.46205681562423706,0.804419994354248,-0.342363178730011,-1
210713,2004.234863,0.46205681562423706,0.8030697703361511,-0.34101295471191406,-1
210733,2004.254861,0.46205681562423706,0.8030697703361511,-0.34101295471191406,-1
210753,2004.273869,0.46205681562423706,0.8030697703361511,-0.34101295471191406,-1
210773,2004.293862,0.46205681562423706,0.8030697703361511,-0.34101295471191406,-1
210793,2004.314280,0.46205681562423706,0.804332435131073,-0.34227561950683594,-1
210813,2004.334278,0.46205681562423706,0.804332435131073,-0.34227561950683594,-1
210833,2004.354284,0.46205681562423706,0.804332435131073,-0.34227561950683594,-1
210853,2004.374294,0.46205681562423706,0.804332435131073,-0.34227561950683594,-1
210873,2004.394311,0.46205681562423706,0.804332435131073,-0.34227561950683594,-1
210893,2004.414281,0.46205681562423706,0.8030624389648438,-0.3410056233406067,-1
210913,2004.434280,0.46205681562423706,0.8030624389648438,-0.3410056233406067,-1
210933,2004.454279,0.46205681562423706,0.8022793531417847,-0.3402225375175476,-1
210953,2004.474283,0.46205681562423706,0.8022793531417847,-0.3402225375175476,-1
210973,2004.494283,0.46205681562423706,0.7969036102294922,-0.3348467946052551,-1
210993,2004.514278,0.46205681562423706,0.7969036102294922,-0.3348467946052551,-1
211013,2004.534275,0.46205681562423706,0.8058838248252869,-0.3438270092010498,-1
211033,2004.554277,0.46205681562423706,0.8058838248252869,-0.3438270092010498,-1
211053,2004.574301,0.46205681562423706,0.8032069802284241,-0.341150164604187,-1
211073,2004.594274,0.46205681562423706,0.8032069802284241,-0.341150164604187,-1
211093,2004.614277,0.46205681562423706,0.8001880049705505,-0.3381311893463135,-1
211113,2004.634275,0.46205681562423706,0.8001880049705505,-0.3381311893463135,-1
211133,2004.654275,0.46205681562423706,0.8001880049705505,-0.3381311893463135,-1
211153,2004.674278,0.46205681562423706,0.8010692596435547,-0.3390124440193176,-1
211173,2004.694276,0.46205681562423706,0.8010692596435547,-0.3390124440193176,-1
211193,2004.714278,0.46205681562423706,0.8010692596435547,-0.3390124440193176,-1
211213,2004.734271,0.46205681562423706,0.8010692596435547,-0.3390124440193176,-1
211233,2004.754269,0.46205681562423706,0.8001880049705505,-0.3381311893463135,-1
211253,2004.774279,0.46205681562423706,0.8001880049705505,-0.3381311893463135,-1
211273,2004.794272,0.46205681562423706,0.8001880049705505,-0.3381311893463135,-1
211293,2004.814273,0.46205681562423706,0.8001880049705505,-0.3381311893463135,-1
211313,2004.834269,0.46205681562423706,0.7953857779502869,-0.3333289623260498,-1
211333,2004.854268,0.46205681562423706,0.7953857779502869,-0.3333289623260498,-1
211353,2004.874280,0.46205681562423706,0.7955905795097351,-0.33353376388549805,-1
211373,2004.894270,0.46205681562423706,0.7955905795097351,-0.33353376388549805,-1
211393,2004.914267,0.46205681562423706,0.7955905795097351,-0.33353376388549805,-1
211413,2004.934270,0.46205681562423706,0.8014107346534729,-0.33935391902923584,-1
211433,2004.954268,0.46205681562423706,0.8014107346534729,-0.33935391902923584,-1
211453,2004.974269,0.46205681562423706,0.7994861006736755,-0.3374292850494385,-1
211473,2004.994265,0.46205681562423706,0.7994861006736755,-0.3374292850494385,-1
211493,2005.014274,0.46205681562423706,0.8051807284355164,-0.3431239128112793,-1
211513,2005.034269,0.46205681562423706,0.8051807284355164,-0.3431239128112793,-1
211533,2005.054267,0.46205681562423706,0.799203634262085,-0.3371468186378479,-1
211553,2005.074271,0.46205681562423706,0.799203634262085,-0.3371468186378479,-1
211573,2005.094267,0.46205681562423706,0.7993279099464417,-0.3372710943222046,-1
211593,2005.113264,0.46205681562423706,0.7993279099464417,-0.3372710943222046,-1
211613,2005.133268,0.46205681562423706,0.7955204248428345,-0.3334636092185974,-1
211633,2005.153265,0.46205681562423706,0.7955204248428345,-0.3334636092185974,-1
211653,2005.173263,0.46205681562423706,0.800484299659729,-0.33842748403549194,-1
211673,2005.193268,0.46205681562423706,0.800484299659729,-0.33842748403549194,-1
211693,2005.213266,0.46205681562423706,0.800484299659729,-0.33842748403549194,-1
211713,2005.233265,0.46205681562423706,0.7983726263046265,-0.3363158106803894,-1
211733,2005.253261,0.46205681562423706,0.7983726263046265,-0.3363158106803894,-1
211753,2005.273257,0.46205681562423706,0.7943935990333557,-0.33233678340911865,-1
211773,2005.293269,0.46205681562423706,0.7943935990333557,-0.33233678340911865,-1
211793,2005.313256,0.46205681562423706,0.7955204248428345,-0.3334636092185974,-1
211813,2005.333258,0.46205681562423706,0.7955204248428345,-0.3334636092185974,-1
211833,2005.353256,0.46205681562423706,0.796051025390625,-0.33399420976638794,-1
211853,2005.373255,0.46205681562423706,0.796051025390625,-0.33399420976638794,-1
211873,2005.393265,0.46205681562423706,0.795988142490387,-0.3339313268661499,-1
211893,2005.413259,0.46205681562423706,0.795988142490387,-0.3339313268661499,-1
211913,2005.433252,0.46205681562423706,0.7943935990333557,-0.33233678340911865,-1
211933,2005.453260,0.46205681562423706,0.7943935990333557,-0.33233678340911865,-1
211953,2005.473254,0.46205681562423706,0.795988142490387,-0.3339313268661499,-1
211973,2005.493266,0.46205681562423706,0.795988142490387,-0.3339313268661499,-1
211993,2005.514253,0.46205681562423706,0.795988142490387,-0.3339313268661499,-1
212013,2005.533253,0.46205681562423706,0.796051025390625,-0.33399420976638794,-1
212033,2005.553255,0.46205681562423706,0.796051025390625,-0.33399420976638794,-1
212053,2005.573253,0.46205681562423706,0.7961638569831848,-0.33410704135894775,-1
212073,2005.593266,0.46205681562423706,0.7961638569831848,-0.33410704135894775,-1
212093,2005.613251,0.46205681562423706,0.7961638569831848,-0.33410704135894775,-1
212113,2005.633252,0.46205681562423706,0.7961638569831848,-0.33410704135894775,-1
212133,2005.653253,0.46205681562423706,0.7961638569831848,-0.33410704135894775,-1
212153,2005.673249,0.46205681562423706,0.7961638569831848,-0.33410704135894775,-1
212173,2005.693260,0.46205681562423706,0.795953094959259,-0.333896279335022,-1
212193,2005.713249,0.46205681562423706,0.795953094959259,-0.333896279335022,-1
212213,2005.734248,0.46205681562423706,0.795953094959259,-0.333896279335022,-1
212233,2005.753245,0.46205681562423706,0.795953094959259,-0.333896279335022,-1
212253,2005.774275,0.46205681562423706,0.7950083613395691,-0.33295154571533203,-1
212273,2005.794260,0.46205681562423706,0.7950083613395691,-0.33295154571533203,-1
212293,2005.813248,0.46205681562423706,0.7950083613395691,-0.33295154571533203,-1
212313,2005.833248,0.46205681562423706,0.795953094959259,-0.333896279335022,-1
212333,2005.854248,0.46205681562423706,0.795953094959259,-0.333896279335022,-1
212353,2005.873249,0.46205681562423706,0.79453444480896,-0.3324776291847229,-1
212373,2005.893246,0.46205681562423706,0.79453444480896,-0.3324776291847229,-1
212393,2005.913246,0.46205681562423706,0.7963017821311951,-0.334244966506958,-1
212413,2005.933243,0.46205681562423706,0.7963017821311951,-0.334244966506958,-1
212433,2005.953245,0.46205681562423706,0.79453444480896,-0.3324776291847229,-1
212453,2005.973246,0.46205681562423706,0.79453444480896,-0.3324776291847229,-1
212473,2005.993249,0.46205681562423706,0.7922137975692749,-0.33015698194503784,-1
212493,2006.013245,0.46205681562423706,0.7922137975692749,-0.33015698194503784,-1
212513,2006.033249,0.46205681562423706,0.7922137975692749,-0.33015698194503784,-1
212533,2006.053244,0.46205681562423706,0.7922137975692749,-0.33015698194503784,-1
212553,2006.073243,0.46205681562423706,0.7922137975692749,-0.33015698194503784,-1
212573,2006.093241,0.46205681562423706,0.7922137975692749,-0.33015698194503784,-1
212593,2006.113241,0.46205681562423706,0.7922137975692749,-0.33015698194503784,-1
212613,2006.133240,0.46205681562423706,0.7922137975692749,-0.33015698194503784,-1
212633,2006.153241,0.46205681562423706,0.7922137975692749,-0.33015698194503784,-1
212653,2006.173238,0.46205681562423706,0.791558027267456,-0.329501211643219,-1
212673,2006.193238,0.46205681562423706,0.791558027267456,-0.329501211643219,-1
212693,2006.213243,0.46205681562423706,0.7922580242156982,-0.3302012085914612,-1
212713,2006.233240,0.46205681562423706,0.7922580242156982,-0.3302012085914612,-1
212733,2006.253234,0.46205681562423706,0.7922580242156982,-0.3302012085914612,-1
212753,2006.273242,0.46205681562423706,0.7922580242156982,-0.3302012085914612,-1
212773,2006.293237,0.46205681562423706,0.793353259563446,-0.331296443939209,-1
212793,2006.313241,0.46205681562423706,0.793353259563446,-0.331296443939209,-1
212813,2006.333236,0.46205681562423706,0.7922580242156982,-0.3302012085914612,-1
212833,2006.353237,0.46205681562423706,0.7922580242156982,-0.3302012085914612,-1
212853,2006.373235,0.46205681562423706,0.7922580242156982,-0.3302012085914612,-1
212873,2006.393234,0.46205681562423706,0.7922580242156982,-0.3302012085914612,-1
212893,2006.413240,0.46205681562423706,0.7922580242156982,-0.3302012085914612,-1
212913,2006.433231,0.46205681562423706,0.7926092743873596,-0.33055245876312256,-1
212933,2006.453233,0.46205681562423706,0.7926092743873596,-0.33055245876312256,-1
212953,2006.473232,0.46205681562423706,0.7915824055671692,-0.32952558994293213,-1
212973,2006.492187,0.46205681562423706,0.7915824055671692,-0.32952558994293213,-1
212993,2006.513191,0.46205681562423706,0.7915824055671692,-0.32952558994293213,-1
213013,2006.533214,0.46205681562423706,0.7915824055671692,-0.32952558994293213,-1
213033,2006.553202,0.46205681562423706,0.7896702885627747,-0.3276134729385376,-1
213053,2006.573197,0.46205681562423706,0.7896702885627747,-0.3276134729385376,-1
213073,2006.593200,0.46205681562423706,0.7926092743873596,-0.33055245876312256,-1
213093,2006.613199,0.46205681562423706,0.7926092743873596,-0.33055245876312256,-1
213113,2006.633196,0.46205681562423706,0.7926092743873596,-0.33055245876312256,-1
213133,2006.653198,0.46205681562423706,0.7932910919189453,-0.33123427629470825,-1
213153,2006.672197,0.46205681562423706,0.7932910919189453,-0.33123427629470825,-1
213173,2006.692235,0.46205681562423706,0.7947434782981873,-0.3326866626739502,-1
213193,2006.712226,0.46205681562423706,0.7947434782981873,-0.3326866626739502,-1
213213,2006.732226,0.46205681562423706,0.7875537276268005,-0.3254969120025635,-1
213233,2006.753232,0.46205681562423706,0.7875537276268005,-0.3254969120025635,-1
213253,2006.773222,0.46205681562423706,0.7894906997680664,-0.32743388414382935,-1
213273,2006.792225,0.46205681562423706,0.7894906997680664,-0.32743388414382935,-1
213293,2006.812225,0.46205681562423706,0.7895268201828003,-0.32747000455856323,-1
213313,2006.832223,0.46205681562423706,0.7895268201828003,-0.32747000455856323,-1
213333,2006.853224,0.46205681562423706,0.790674090385437,-0.32861727476119995,-1
213353,2006.873221,0.46205681562423706,0.790674090385437,-0.32861727476119995,-1
213373,2006.893225,0.46205681562423706,0.7895268201828003,-0.32747000455856323,-1
213393,2006.913222,0.46205681562423706,0.7895268201828003,-0.32747000455856323,-1
213413,2006.932225,0.46205681562423706,0.7895268201828003,-0.32747000455856323,-1
213433,2006.952220,0.46205681562423706,0.7895268201828003,-0.32747000455856323,-1
213453,2006.972220,0.46205681562423706,0.7895268201828003,-0.32747000455856323,-1
213473,2006.992223,0.46205681562423706,0.790674090385437,-0.32861727476119995,-1
213493,2007.012220,0.46205681562423706,0.790674090385437,-0.32861727476119995,-1
213513,2007.032217,0.46205681562423706,0.790674090385437,-0.32861727476119995,-1
213533,2007.052218,0.46205681562423706,0.790674090385437,-0.32861727476119995,-1
213553,2007.072217,0.46205681562423706,0.7906749844551086,-0.3286181688308716,-1
213573,2007.092212,0.46205681562423706,0.7906749844551086,-0.3286181688308716,-1
213593,2007.112218,0.46205681562423706,0.791458785533905,-0.32940196990966797,-1
213613,2007.132214,0.46205681562423706,0.791458785533905,-0.32940196990966797,-1
213633,2007.152219,0.46205681562423706,0.791458785533905,-0.32940196990966797,-1
213653,2007.172214,0.46205681562423706,0.791458785533905,-0.32940196990966797,-1
213673,2007.192216,0.46205681562423706,0.7885270118713379,-0.32647019624710083,-1
213693,2007.212214,0.46205681562423706,0.7885270118713379,-0.32647019624710083,-1
213713,2007.232213,0.46205681562423706,0.7885270118713379,-0.32647019624710083,-1
213733,2007.252214,0.46205681562423706,0.7885270118713379,-0.32647019624710083,-1
213753,2007.272214,0.46205681562423706,0.7885270118713379,-0.32647019624710083,-1
213773,2007.292215,0.46205681562423706,0.7876765131950378,-0.3256196975708008,-1
213793,2007.312215,0.46205681562423706,0.7876765131950378,-0.3256196975708008,-1
213813,2007.332215,0.46205681562423706,0.7876765131950378,-0.3256196975708008,-1
213833,2007.352212,0.46205681562423706,0.7876765131950378,-0.3256196975708008,-1
213853,2007.372222,0.46205681562423706,0.7876765131950378,-0.3256196975708008,-1
213873,2007.392211,0.46205681562423706,0.7876765131950378,-0.3256196975708008,-1
213893,2007.412210,0.46205681562423706,0.7904731035232544,-0.32841628789901733,-1
213913,2007.432209,0.46205681562423706,0.7904731035232544,-0.32841628789901733,-1
213933,2007.452210,0.46205681562423706,0.7904731035232544,-0.32841628789901733,-1
213953,2007.472209,0.46205681562423706,0.7904731035232544,-0.32841628789901733,-1
213973,2007.492210,0.46205681562423706,0.7904998660087585,-0.3284430503845215,-1
213993,2007.512216,0.46205681562423706,0.7904998660087585,-0.3284430503845215,-1
214013,2007.532207,0.46205681562423706,0.7904998660087585,-0.3284430503845215,-1
214033,2007.552206,0.46205681562423706,0.7904998660087585,-0.3284430503845215,-1
214053,2007.572203,0.46205681562423706,0.7904998660087585,-0.3284430503845215,-1
214073,2007.592209,0.46205681562423706,0.7889174818992615,-0.3268606662750244,-1
214093,2007.612203,0.46205681562423706,0.7889174818992615,-0.3268606662750244,-1
214113,2007.632213,0.46205681562423706,0.7855762243270874,-0.32351940870285034,-1
214133,2007.652202,0.46205681562423706,0.7855762243270874,-0.32351940870285034,-1
214153,2007.672206,0.46205681562423706,0.7855762243270874,-0.32351940870285034,-1
214173,2007.692206,0.46205681562423706,0.7855762243270874,-0.32351940870285034,-1
214193,2007.712239,0.46205681562423706,0.7855762243270874,-0.32351940870285034,-1
214213,2007.732202,0.46205681562423706,0.7855762243270874,-0.32351940870285034,-1
214233,2007.752201,0.46205681562423706,0.7855762243270874,-0.32351940870285034,-1
214253,2007.772202,0.46205681562423706,0.7855762243270874,-0.32351940870285034,-1
214273,2007.792202,0.46205681562423706,0.7855762243270874,-0.32351940870285034,-1
214293,2007.812214,0.46205681562423706,0.7856558561325073,-0.32359904050827026,-1
214313,2007.832199,0.46205681562423706,0.7856558561325073,-0.32359904050827026,-1
214333,2007.852198,0.46205681562423706,0.7856558561325073,-0.32359904050827026,-1
214353,2007.872199,0.46205681562423706,0.7856558561325073,-0.32359904050827026,-1
214373,2007.892197,0.46205681562423706,0.7849248647689819,-0.3228680491447449,-1
214393,2007.912206,0.46205681562423706,0.7849248647689819,-0.3228680491447449,-1
214413,2007.932233,0.46205681562423706,0.784905731678009,-0.322848916053772,-1
214433,2007.951218,0.46205681562423706,0.784905731678009,-0.322848916053772,-1
214453,2007.971197,0.46205681562423706,0.7845938205718994,-0.32253700494766235,-1
214473,2007.991195,0.46205681562423706,0.7845938205718994,-0.32253700494766235,-1
214493,2008.011196,0.46205681562423706,0.7845938205718994,-0.32253700494766235,-1
214513,2008.031193,0.46205681562423706,0.7845938205718994,-0.32253700494766235,-1
214533,2008.051191,0.46205681562423706,0.7845938205718994,-0.32253700494766235,-1
214553,2008.071194,0.46205681562423706,0.7845938205718994,-0.32253700494766235,-1
214573,2008.091203,0.46205681562423706,0.7845938205718994,-0.32253700494766235,-1
214593,2008.111191,0.46205681562423706,0.7845938205718994,-0.32253700494766235,-1
214613,2008.131245,0.46205681562423706,0.7845938205718994,-0.32253700494766235,-1
214633,2008.151194,0.46205681562423706,0.7870191931724548,-0.3249623775482178,-1
214653,2008.171191,0.46205681562423706,0.7870191931724548,-0.3249623775482178,-1
214673,2008.191214,0.46205681562423706,0.7879362106323242,-0.32587939500808716,-1
214693,2008.211213,0.46205681562423706,0.7879362106323242,-0.32587939500808716,-1
214713,2008.231191,0.46205681562423706,0.7910469174385071,-0.32899010181427,-1
214733,2008.251188,0.46205681562423706,0.7910469174385071,-0.32899010181427,-1
214753,2008.271190,0.46205681562423706,0.7910873889923096,-0.3290305733680725,-1
214773,2008.291194,0.46205681562423706,0.7910873889923096,-0.3290305733680725,-1
214793,2008.311185,0.46205681562423706,0.7910873889923096,-0.3290305733680725,-1
214813,2008.331186,0.46205681562423706,0.7910873889923096,-0.3290305733680725,-1
214833,2008.351205,0.46205681562423706,0.7910873889923096,-0.3290305733680725,-1
214853,2008.371182,0.46205681562423706,0.7910873889923096,-0.3290305733680725,-1
214873,2008.391198,0.46205681562423706,0.7910873889923096,-0.3290305733680725,-1
214893,2008.411186,0.46205681562423706,0.7910873889923096,-0.3290305733680725,-1
214913,2008.431187,0.46205681562423706,0.7910873889923096,-0.3290305733680725,-1
214933,2008.451199,0.46205681562423706,0.7991132140159607,-0.33705639839172363,-1
214953,2008.471187,0.46205681562423706,0.7991132140159607,-0.33705639839172363,-1
214973,2008.491201,0.46205681562423706,0.7891038060188293,-0.3270469903945923,-1
214993,2008.511185,0.46205681562423706,0.7891038060188293,-0.3270469903945923,-1
215013,2008.531181,0.46205681562423706,0.7930827736854553,-0.33102595806121826,-1
215033,2008.551187,0.46205681562423706,0.7930827736854553,-0.33102595806121826,-1
215053,2008.571190,0.46205681562423706,0.7983947992324829,-0.33633798360824585,-1
215073,2008.591187,0.46205681562423706,0.7983947992324829,-0.33633798360824585,-1
215093,2008.611183,0.46205681562423706,0.7983947992324829,-0.33633798360824585,-1
215113,2008.631179,0.46205681562423706,0.801477313041687,-0.33942049741744995,-1
215133,2008.651174,0.46205681562423706,0.801477313041687,-0.33942049741744995,-1
215153,2008.671179,0.46205681562423706,0.7935752868652344,-0.3315184712409973,-1
215173,2008.691176,0.46205681562423706,0.7935752868652344,-0.3315184712409973,-1
215193,2008.711174,0.46205681562423706,0.7963346838951111,-0.334277868270874,-1
215213,2008.731176,0.46205681562423706,0.7963346838951111,-0.334277868270874,-1
215233,2008.751174,0.46205681562423706,0.7963346838951111,-0.334277868270874,-1
215253,2008.772185,0.46205681562423706,0.7963346838951111,-0.334277868270874,-1
215273,2008.791202,0.46205681562423706,0.7963346838951111,-0.334277868270874,-1
215293,2008.811195,0.46205681562423706,0.7963346838951111,-0.334277868270874,-1
215313,2008.831179,0.46205681562423706,0.7941640019416809,-0.33210718631744385,-1
215333,2008.852175,0.46205681562423706,0.7941640019416809,-0.33210718631744385,-1
215353,2008.872172,0.46205681562423706,0.7963346838951111,-0.334277868270874,-1
215373,2008.891181,0.46205681562423706,0.7963346838951111,-0.334277868270874,-1
215393,2008.911171,0.46205681562423706,0.7963346838951111,-0.334277868270874,-1
