cf_timestamp_ms,host_monotonic_s,stateEstimate.x,stateEstimate.y,stateEstimate.z,stateEstimate.vx,stateEstimate.vy,stateEstimate.vz
132566,1926.143113,0.06327438354492188,5.9772491455078125,-0.18706156313419342,0.027252869680523872,0.013976083137094975,-0.11182290315628052
132586,1926.163115,0.06444719433784485,5.970754146575928,-0.18748193979263306,0.027316538617014885,0.011727956123650074,-0.11309301853179932
132606,1926.183102,0.06583061814308167,5.974397659301758,-0.18816089630126953,0.030208703130483627,0.014294983819127083,-0.11282350867986679
132626,1926.203102,0.0657520666718483,5.979677677154541,-0.18863721191883087,0.03182188421487808,0.015674691647291183,-0.11449267715215683
132646,1926.223102,0.060869257897138596,5.979498386383057,-0.1892547756433487,0.031189007684588432,0.016657019034028053,-0.11337005347013474
132666,1926.243103,0.06143719702959061,5.979824066162109,-0.18945465981960297,0.0356844924390316,0.01432487741112709,-0.11117467284202576
132686,1926.263108,0.06204900145530701,5.980081081390381,-0.18956632912158966,0.0357607863843441,0.010416551493108273,-0.11241456866264343
132706,1926.283100,0.06264647096395493,5.9802632331848145,-0.1895373910665512,0.03585325554013252,0.006606597453355789,-0.11646784842014313
132726,1926.303104,0.062446873635053635,5.975234031677246,-0.18962866067886353,0.03482356667518616,0.0012220481876283884,-0.12167412042617798
132746,1926.323101,0.06299848109483719,5.975242614746094,-0.18978670239448547,0.03237919509410858,-0.000927251297980547,-0.12527525424957275
132766,1926.343097,0.06354828923940659,5.975265026092529,-0.19014500081539154,0.03362672030925751,0.0022234723437577486,-0.12394953519105911
132786,1926.363100,0.0641421377658844,5.97536039352417,-0.19042840600013733,0.036342453211545944,0.006344744935631752,-0.11837346851825714
132806,1926.383091,0.06477067619562149,5.975527286529541,-0.1903381049633026,0.03865337744355202,0.008569128811359406,-0.11252952367067337
132826,1926.403095,0.0654403418302536,5.9757080078125,-0.1901146024465561,0.04009416699409485,0.007968200370669365,-0.10918872058391571
132846,1926.423095,0.06609886139631271,5.975854873657227,-0.18972107768058777,0.03821328654885292,0.005293878726661205,-0.10888603329658508
132866,1926.443094,0.06584032624959946,5.970359802246094,-0.1896289438009262,0.035103462636470795,0.0017106516752392054,-0.10961141437292099
132886,1926.463108,0.06641960889101028,5.970404148101807,-0.18977247178554535,0.033073440194129944,0.0017101092962548137,-0.11082573980093002
132906,1926.483100,0.06697291880846024,5.970457553863525,-0.19000183045864105,0.03223299980163574,0.0022861682809889317,-0.11041578650474548
132926,1926.503091,0.06626925617456436,5.9643235206604,-0.18993324041366577,0.030780496075749397,-0.0017296752193942666,-0.10997016727924347
132946,1926.523090,0.06440222263336182,5.964286804199219,-0.18997159600257874,0.026101795956492424,-0.0011605217587202787,-0.10986361652612686
132966,1926.543100,0.06409195065498352,5.963542938232422,-0.18990449607372284,0.02464294619858265,-0.0013771005906164646,-0.1086711511015892
132986,1926.563096,0.06447477638721466,5.963516712188721,-0.1899600327014923,0.023740356788039207,-0.0025913373101502657,-0.10949430614709854
133006,1926.583093,0.06481505185365677,5.96347188949585,-0.19006474316120148,0.020653551444411278,-0.0028765250463038683,-0.11147807538509369
133026,1926.603090,0.06511873006820679,5.963440418243408,-0.19012831151485443,0.019509028643369675,-0.0013272264041006565,-0.11345487087965012
133046,1926.623089,0.06540326029062271,5.963425636291504,-0.1901720017194748,0.020030057057738304,-0.001719521009363234,-0.11489954590797424
133066,1926.643090,0.06520580500364304,5.970371723175049,-0.19051383435726166,0.019427474588155746,0.0008740108460187912,-0.11567248404026031
133086,1926.663088,0.06565894931554794,5.964211940765381,-0.19091349840164185,0.020182376727461815,-0.002789087826386094,-0.11524922400712967
133106,1926.683091,0.06595871597528458,5.970157146453857,-0.19121985137462616,0.021930675953626633,0.0004351800598669797,-0.11425195634365082
133126,1926.703090,0.06633459776639938,5.97018575668335,-0.1915856897830963,0.02495473623275757,0.0011910947505384684,-0.11175009608268738
133146,1926.723090,0.06565852463245392,5.9641008377075195,-0.19187785685062408,0.02692882902920246,-0.0027085207402706146,-0.10986559092998505
133166,1926.743096,0.0661296397447586,5.964090347290039,-0.19204406440258026,0.030244402587413788,0.00038605727604590356,-0.10616100579500198
133186,1926.763088,0.06455282121896744,5.968587398529053,-0.1919911801815033,0.03163313493132591,0.002457783091813326,-0.10456880182027817
133206,1926.783089,0.06509944051504135,5.968625068664551,-0.19208304584026337,0.03293607756495476,0.00028786540497094393,-0.10421836376190186
133226,1926.803090,0.06567110866308212,5.968638896942139,-0.19226330518722534,0.033988919109106064,-0.0002802495437208563,-0.10348358750343323
133246,1926.823101,0.06624758988618851,5.968637466430664,-0.19217921793460846,0.033327411860227585,-0.0010384077904745936,-0.10580825060606003
133266,1926.843090,0.06677822023630142,5.968623638153076,-0.19241560995578766,0.029476311057806015,-0.0014534349320456386,-0.10946643352508545
133286,1926.863085,0.06724813580513,5.96860408782959,-0.19248148798942566,0.028710557147860527,-0.002047425601631403,-0.1123742014169693
133306,1926.883089,0.06769291311502457,5.968563079833984,-0.19236579537391663,0.027117034420371056,-0.00363126490265131,-0.11464516818523407
133326,1926.903083,0.07470643520355225,5.9680914878845215,-0.19228246808052063,0.02931753359735012,-0.004966231994330883,-0.11449575424194336
133346,1926.923090,0.07389870285987854,5.961833953857422,-0.19219696521759033,0.03013134002685547,-0.009783708490431309,-0.11398172378540039
133366,1926.943095,0.0726359635591507,5.968603134155273,-0.19209913909435272,0.026982810348272324,-0.005016289185732603,-0.11452548205852509
133386,1926.963099,0.07302287220954895,5.968539237976074,-0.19213367998600006,0.023085186257958412,-0.0032028239220380783,-0.11600203812122345
133406,1926.983082,0.07349000126123428,5.961853981018066,-0.19212773442268372,0.022074880078434944,-0.00725354440510273,-0.11697321385145187
133426,1927.003080,0.07304254174232483,5.96866512298584,-0.19227087497711182,0.019671911373734474,-0.005378376226872206,-0.11695625633001328
133446,1927.023081,0.0735616683959961,5.963013648986816,-0.19269609451293945,0.01984686590731144,-0.009471351280808449,-0.11653010547161102
133466,1927.043082,0.07387300580739975,5.962857246398926,-0.19304794073104858,0.020700735971331596,-0.007491547614336014,-0.11467267572879791
133486,1927.063083,0.0741705447435379,5.962730884552002,-0.19293665885925293,0.020946361124515533,-0.007007635664194822,-0.11543752253055573
133506,1927.083081,0.07418610900640488,5.956496238708496,-0.1927664428949356,0.02148321084678173,-0.010996717028319836,-0.11708615720272064
133526,1927.102082,0.07449295371770859,5.95628547668457,-0.19253498315811157,0.021731693297624588,-0.011797991581261158,-0.11839661002159119
133546,1927.122095,0.07482205331325531,5.956068992614746,-0.1924152821302414,0.024046998471021652,-0.011224159970879555,-0.11733715981245041
133566,1927.142087,0.07414676994085312,5.950184345245361,-0.19226190447807312,0.02944648452103138,-0.013398740440607071,-0.11262863129377365
133586,1927.162093,0.07325166463851929,5.957803726196289,-0.19202756881713867,0.033509138971567154,-0.011272202245891094,-0.10834269970655441
133606,1927.182104,0.07182653248310089,5.952383041381836,-0.19171299040317535,0.0408453568816185,-0.016622254624962807,-0.1034948080778122
133626,1927.202082,0.07256113737821579,5.952047824859619,-0.1912667155265808,0.04372565448284149,-0.018260108307003975,-0.1023663803935051
133646,1927.222080,0.07331451028585434,5.951721668243408,-0.19102174043655396,0.04301988333463669,-0.015459941700100899,-0.10194332897663116
133666,1927.242080,0.07970229536294937,5.938066005706787,-0.1903678923845291,0.0481695756316185,-0.016851037740707397,-0.10209596902132034
133686,1927.262077,0.08053848147392273,5.937829494476318,-0.18967993557453156,0.0482480563223362,-0.009316601790487766,-0.10331219434738159
133706,1927.282076,0.08566395193338394,5.937248706817627,-0.18935109674930573,0.045972663909196854,-0.00216163438744843,-0.10865035653114319
133726,1927.302079,0.07868767529726028,5.942427635192871,-0.18916237354278564,0.035146623849868774,0.0018298036884516478,-0.11591421812772751
133746,1927.322078,0.08640121668577194,5.941990852355957,-0.1889362633228302,0.03399345651268959,-0.0010894298320636153,-0.12073323875665665
133766,1927.342083,0.08654644340276718,5.935641765594482,-0.18891407549381256,0.03012540191411972,-0.005359842907637358,-0.12294498831033707
133786,1927.362075,0.08703024685382843,5.935563564300537,-0.18936745822429657,0.027828026562929153,-0.003406229428946972,-0.12282297015190125
133806,1927.382074,0.07431057840585709,5.946221351623535,-0.18971146643161774,0.018540222197771072,0.002898715902119875,-0.12325260788202286
133826,1927.402088,0.07452531903982162,5.9462995529174805,-0.18980100750923157,0.014649436809122562,0.002487909747287631,-0.12564420700073242
133846,1927.422078,0.07597216963768005,5.953475475311279,-0.19005757570266724,0.012895571999251842,0.003439818974584341,-0.12804481387138367
133866,1927.442077,0.07761698216199875,5.9481425285339355,-0.19026745855808258,0.012200561352074146,-0.0034472960978746414,-0.13092835247516632
133886,1927.462074,0.07773908972740173,5.948067665100098,-0.1908784955739975,0.010067430324852467,-0.005485221743583679,-0.13269150257110596
133906,1927.482072,0.07784903049468994,5.94795036315918,-0.19162589311599731,0.010468905791640282,-0.0077295792289078236,-0.1333930939435959
133926,1927.502094,0.07828662544488907,5.943186283111572,-0.19227533042430878,0.011109095066785812,-0.012340296991169453,-0.1328069567680359
133946,1927.522073,0.0786871537566185,5.938282012939453,-0.19290871918201447,0.01148425042629242,-0.015666723251342773,-0.13212710618972778
133966,1927.542072,0.07166897505521774,5.938559055328369,-0.19398820400238037,0.011315698735415936,-0.01324091199785471,-0.1288885772228241
133986,1927.562069,0.07182574272155762,5.938338279724121,-0.19479423761367798,0.011963619850575924,-0.010324395261704922,-0.12700369954109192
134006,1927.582073,0.07196564227342606,5.938154697418213,-0.19545818865299225,0.01150510273873806,-0.009881529025733471,-0.12444442510604858
134026,1927.602067,0.07211211323738098,5.937952041625977,-0.19600291550159454,0.012452236376702785,-0.012173210270702839,-0.12341736257076263
134046,1927.622078,0.07019053399562836,5.931543827056885,-0.19646967947483063,0.009279793128371239,-0.016729053109884262,-0.1241714134812355
134066,1927.642075,0.07025321573019028,5.931248188018799,-0.1968347728252411,0.0074490997940301895,-0.013830097392201424,-0.12552465498447418
134086,1927.662070,0.07027435302734375,5.9310479164123535,-0.197283074259758,0.004674916621297598,-0.007869142107665539,-0.1286817044019699
134106,1927.682070,0.07024569064378738,5.930969715118408,-0.1977417916059494,0.0032147029414772987,-0.0019079481717199087,-0.13036012649536133
134126,1927.702065,0.07019637525081635,5.9309821128845215,-0.19807705283164978,0.0030821864493191242,0.0008180098375305533,-0.1301705688238144
134146,1927.722061,0.056605733931064606,5.939124584197998,-0.1984626203775406,-0.0021018078550696373,0.004276994615793228,-0.12827032804489136
134166,1927.742069,0.056488998234272,5.939210414886475,-0.1991194784641266,-0.00016789932851679623,0.002282643225044012,-0.125644713640213
134186,1927.762067,0.06359859555959702,5.933112144470215,-0.1993774175643921,0.006613980513066053,-0.0019201621180400252,-0.12243939191102982
134206,1927.782061,0.05569345876574516,5.932291507720947,-0.19948239624500275,0.004808444995433092,0.001371780876070261,-0.11838995665311813
134226,1927.802062,0.061719588935375214,5.931972026824951,-0.19972509145736694,0.008824719116091728,0.0026170227210968733,-0.11583553999662399
134246,1927.822064,0.06178004667162895,5.932057857513428,-0.19977235794067383,0.008008839562535286,0.0038047346752136946,-0.11507530510425568
134266,1927.842072,0.06180581822991371,5.932163238525391,-0.19950002431869507,0.0068888356909155846,0.0043962262570858,-0.11493955552577972
134286,1927.862060,0.06181402876973152,5.932278156280518,-0.19954347610473633,0.004874571692198515,0.004964745137840509,-0.11564222723245621
134306,1927.882060,0.06831598281860352,5.937206268310547,-0.19950009882450104,0.00740612018853426,0.0059589240700006485,-0.11725976318120956
134326,1927.902059,0.0671209916472435,5.944509506225586,-0.19936507940292358,0.006558510474860668,0.0062378691509366035,-0.1200743243098259
134346,1927.922062,0.06709533929824829,5.9446797370910645,-0.19943378865718842,0.0026200481224805117,0.0090144919231534,-0.11987895518541336
134366,1927.942069,0.06706163287162781,5.944905757904053,-0.19977255165576935,0.004289539065212011,0.011300195008516312,-0.11642374843358994
134386,1927.962060,0.06509758532047272,5.9510040283203125,-0.199832022190094,0.003443803172558546,0.015123295597732067,-0.1156032532453537
134406,1927.982058,0.06506020575761795,5.951310157775879,-0.20022688806056976,0.00260721892118454,0.01306611206382513,-0.1169547587633133
134426,1928.002056,0.06503576040267944,5.9515533447265625,-0.20087498426437378,0.0031568980775773525,0.00976848229765892,-0.11922004073858261
134446,1928.022055,0.065004862844944,5.9517388343811035,-0.20131975412368774,0.0033047182951122522,0.006945803761482239,-0.12027144432067871
134466,1928.042063,0.06501226127147675,5.951870918273926,-0.20214450359344482,0.005372307728976011,0.004838026128709316,-0.12054024636745453
134486,1928.062057,0.06507241725921631,5.951963901519775,-0.2030811607837677,0.007879683747887611,0.0033880085684359074,-0.11949815601110458
134506,1928.082064,0.06516221910715103,5.952055931091309,-0.2038537561893463,0.00859985314309597,0.0041998689994215965,-0.11890877038240433
134526,1928.102056,0.0653751939535141,5.959296703338623,-0.20424653589725494,0.010619133710861206,0.008297446183860302,-0.11920487135648727
134546,1928.122056,0.06552242487668991,5.9594902992248535,-0.20474593341350555,0.013249826617538929,0.009094214998185635,-0.11899153143167496
134566,1928.142063,0.0659981444478035,5.9507646560668945,-0.20530731976032257,0.017596179619431496,0.004250259138643742,-0.11790990084409714
134586,1928.162054,0.06627503782510757,5.9508442878723145,-0.2058052122592926,0.01908000558614731,0.0017680287128314376,-0.11870746314525604
134606,1928.182035,0.06658647209405899,5.9508867263793945,-0.20616991817951202,0.021501734852790833,0.0013008903479203582,-0.11877313256263733
134626,1928.202052,0.06691986322402954,5.950961589813232,-0.20641297101974487,0.022237999364733696,0.0037656412459909916,-0.11818462610244751
134646,1928.222057,0.06726101040840149,5.951058864593506,-0.20665206015110016,0.02158321999013424,0.003329966915771365,-0.11903910338878632
134666,1928.242066,0.06669272482395172,5.953908443450928,-0.2067939192056656,0.01845681667327881,0.002893355442211032,-0.12154325097799301
134686,1928.262054,0.0669490247964859,5.9539875984191895,-0.20706301927566528,0.017821336165070534,0.0031715985387563705,-0.12207890301942825
134706,1928.282053,0.06721802800893784,5.954087734222412,-0.2074134647846222,0.01926974207162857,0.004261435009539127,-0.11998943239450455
134726,1928.302051,0.06750378012657166,5.954196929931641,-0.20759102702140808,0.019398340955376625,0.004538405686616898,-0.11709079146385193
134746,1928.322050,0.06478682160377502,5.946724891662598,-0.20775657892227173,0.015296806581318378,0.0025797253474593163,-0.11631933599710464
134766,1928.342057,0.06495007872581482,5.946794509887695,-0.20787574350833893,0.012026109732687473,0.0017530597979202867,-0.11907155066728592
134786,1928.362053,0.06506399810314178,5.946846008300781,-0.20810818672180176,0.009685938246548176,0.0013322873273864388,-0.12120945751667023
134806,1928.382051,0.06512487679719925,5.946910381317139,-0.2082453966140747,0.007289952598512173,0.0028666190337389708,-0.12162115424871445
134826,1928.402049,0.06514888256788254,5.947006702423096,-0.2083340436220169,0.0067767128348350525,0.0037275999784469604,-0.12039247155189514
134846,1928.422048,0.07264520972967148,5.9477763175964355,-0.2084549516439438,0.009105873294174671,0.0026188711635768414,-0.12047848105430603
134866,1928.442059,0.0721885934472084,5.939561367034912,-0.20910833775997162,0.00885702483355999,-0.00027059036074206233,-0.11936596781015396
134886,1928.462049,0.07226965576410294,5.939571857452393,-0.20967794954776764,0.008170992136001587,-0.0005525443702936172,-0.12010874599218369
134906,1928.482049,0.07234618812799454,5.939593315124512,-0.2099953144788742,0.009592052549123764,0.00013298378325998783,-0.11789655685424805
134926,1928.502047,0.0705113634467125,5.933127403259277,-0.21030785143375397,0.009593061171472073,-0.0025408235378563404,-0.1178821548819542
134946,1928.522048,0.06928811222314835,5.93087911605835,-0.21070237457752228,0.007573514711111784,-0.0009267476852983236,-0.11798092722892761
134966,1928.542053,0.06934469193220139,5.9308977127075195,-0.211018368601799,0.007924498990178108,0.0002438492956571281,-0.118406280875206
134986,1928.561050,0.06819631159305573,5.940338134765625,-0.21106292307376862,0.007343250792473555,0.005983869079500437,-0.11781460046768188
135006,1928.581052,0.06793254613876343,5.933653354644775,-0.21124538779258728,0.00898775178939104,0.0045403712429106236,-0.11524853110313416
135026,1928.601050,0.07485669106245041,5.9397664070129395,-0.21134643256664276,0.010637877508997917,0.008804557844996452,-0.11547379940748215
135046,1928.621044,0.07498227059841156,5.939967632293701,-0.21172408759593964,0.011347792111337185,0.009018549695611,-0.11563806235790253
135066,1928.641061,0.07510625571012497,5.9401655197143555,-0.21181438863277435,0.01102463062852621,0.006961128208786249,-0.11853326112031937
135086,1928.661086,0.0752071663737297,5.940330505371094,-0.21183712780475616,0.010350465774536133,0.007656837813556194,-0.12000034004449844
135106,1928.681046,0.07530317455530167,5.940540790557861,-0.21200762689113617,0.010174944996833801,0.010176710784435272,-0.11997369676828384
135126,1928.701046,0.07540453970432281,5.940770149230957,-0.21209879219532013,0.010888548567891121,0.009851044975221157,-0.11995744705200195
135146,1928.721043,0.07550858706235886,5.940999984741211,-0.212079256772995,0.011248423717916012,0.010386231355369091,-0.12075382471084595
135166,1928.741041,0.07562924176454544,5.941258907318115,-0.21213214099407196,0.011915173381567001,0.01297837309539318,-0.12119711190462112
135186,1928.761053,0.07577428221702576,5.941561222076416,-0.21245357394218445,0.012539172545075417,0.01423004362732172,-0.11990261822938919
135206,1928.781051,0.07594490796327591,5.941850662231445,-0.21294230222702026,0.013454338535666466,0.012368167750537395,-0.11684446036815643
135226,1928.801041,0.07612814754247665,5.942121982574463,-0.21345585584640503,0.013550336472690105,0.012854170985519886,-0.11254796385765076
135246,1928.821048,0.0763363316655159,5.942402362823486,-0.21391460299491882,0.015405801124870777,0.012873858213424683,-0.10788732022047043
135266,1928.841042,0.0849001407623291,5.940203666687012,-0.21419402956962585,0.020034581422805786,0.011713247746229172,-0.10210274904966354
135286,1928.861080,0.08522733300924301,5.940494537353516,-0.2144368290901184,0.020907167345285416,0.015921909362077713,-0.09733516722917557
135306,1928.881041,0.08556518703699112,5.940896511077881,-0.214521124958992,0.021599065512418747,0.021750513464212418,-0.0964411273598671
135326,1928.901039,0.09179439395666122,5.947397708892822,-0.2147049903869629,0.023230481892824173,0.02758963406085968,-0.09949740022420883
135346,1928.921043,0.09216423332691193,5.947951793670654,-0.2150798887014389,0.021082928404211998,0.025441257283091545,-0.10337530821561813
135366,1928.941045,0.1080973893404007,5.9478373527526855,-0.2148493230342865,0.022521821781992912,0.02382948435842991,-0.10788020491600037
135386,1928.961042,0.10839097201824188,5.948340892791748,-0.21469856798648834,0.01821780391037464,0.023809969425201416,-0.1107991635799408
135406,1928.981037,0.09946256875991821,5.9604315757751465,-0.2147669792175293,0.012622810900211334,0.02906266786158085,-0.11162249743938446
135426,1929.001039,0.09942548722028732,5.965328693389893,-0.21453382074832916,0.01284828595817089,0.030690543353557587,-0.11172749102115631
135446,1929.021037,0.09958688169717789,5.96597957611084,-0.21467702090740204,0.01317186001688242,0.032037295401096344,-0.11306694895029068
135466,1929.041038,0.10805526375770569,5.963251113891602,-0.21447522938251495,0.016830038279294968,0.0318843349814415,-0.11568199098110199
135486,1929.061077,0.09811326861381531,5.970278739929199,-0.2144758403301239,0.01127544790506363,0.03313823416829109,-0.11938402056694031
135506,1929.081052,0.09821752458810806,5.970930099487305,-0.2147241085767746,0.010159526020288467,0.0289809200912714,-0.12303251028060913
135526,1929.101036,0.10033925622701645,5.969788551330566,-0.21500876545906067,0.013778388500213623,0.024568753316998482,-0.12365495413541794
135546,1929.121039,0.09930074214935303,5.976285934448242,-0.21540358662605286,0.016040058806538582,0.02729317545890808,-0.12110328674316406
135566,1929.141053,0.09883478283882141,5.965968608856201,-0.21585741639137268,0.015404879115521908,0.023416927084326744,-0.11879143863916397
135586,1929.161036,0.09901881217956543,5.966466426849365,-0.21607576310634613,0.013220995664596558,0.023656567558646202,-0.11793098598718643
135606,1929.181036,0.10632599890232086,5.9672136306762695,-0.21618156135082245,0.012313651852309704,0.02217293158173561,-0.11936207115650177
135626,1929.201029,0.09862925112247467,5.967454433441162,-0.2163780927658081,0.004813969135284424,0.01960604079067707,-0.12338154762983322
135646,1929.221035,0.0986001044511795,5.967860698699951,-0.21679556369781494,0.0022244455758482218,0.01910754293203354,-0.12713348865509033
135666,1929.241050,0.09271609038114548,5.966216564178467,-0.2173968255519867,-0.0020741713233292103,0.018924681469798088,-0.1286446452140808
135686,1929.261031,0.09757549315690994,5.957374572753906,-0.2183932662010193,0.0016812317771837115,0.014285974204540253,-0.12827330827713013
135706,1929.281039,0.09101416170597076,5.933924674987793,-0.21930623054504395,0.0006104987114667892,0.0029646477196365595,-0.12612570822238922
135726,1929.301028,0.09097326546907425,5.933987140655518,-0.2201329916715622,0.0033050000201910734,0.0015559749444946647,-0.12381386011838913
135746,1929.321027,0.09032060950994492,5.955959796905518,-0.2208520472049713,0.004163295030593872,0.01622140035033226,-0.12296566367149353
135766,1929.341047,0.0925789475440979,5.937733173370361,-0.2217494249343872,0.0048577613197267056,0.00883912667632103,-0.1253558248281479
135786,1929.361033,0.09254275262355804,5.932375907897949,-0.22245001792907715,0.0064128972589969635,0.0017676588613539934,-0.12897004187107086
135806,1929.381029,0.0926123633980751,5.932433605194092,-0.2231946587562561,0.00934973917901516,0.0020929600577801466,-0.12881551682949066
135826,1929.401026,0.09272723644971848,5.932523727416992,-0.22382564842700958,0.01141925435513258,0.004092056304216385,-0.12831251323223114
135846,1929.421024,0.07615914940834045,5.94757080078125,-0.2241237908601761,0.007198040839284658,0.009866791777312756,-0.12876245379447937
135866,1929.441044,0.08311978727579117,5.932323455810547,-0.22456184029579163,0.010085058398544788,0.0014053448103368282,-0.1312577724456787
135886,1929.461025,0.08320452272891998,5.932380199432373,-0.22504276037216187,0.008983760140836239,0.001369826728478074,-0.13189801573753357
135906,1929.481028,0.09110419452190399,5.933286190032959,-0.22573764622211456,0.014282011426985264,0.0010614567436277866,-0.1287754476070404
135926,1929.501038,0.09129098802804947,5.933324813842773,-0.22627738118171692,0.013567226007580757,0.0004442509962245822,-0.125758096575737
135946,1929.521025,0.09146367013454437,5.933377265930176,-0.22668668627738953,0.014131473377346992,0.0018512674141675234,-0.12205415964126587
135966,1929.541041,0.09166187793016434,5.933465003967285,-0.22699126601219177,0.015676699578762054,0.004031880758702755,-0.12162667512893677
135986,1929.561020,0.09188162535429001,5.933596134185791,-0.22736769914627075,0.01578843779861927,0.005962870083749294,-0.12322712689638138
136006,1929.581029,0.09209900349378586,5.933724403381348,-0.22789983451366425,0.01537765096873045,0.003846545470878482,-0.12557826936244965
136026,1929.601019,0.09231612831354141,5.933810234069824,-0.22851619124412537,0.015648989006876945,0.002223662566393614,-0.1277087926864624
136046,1929.621019,0.0925464853644371,5.93388032913208,-0.2290746122598648,0.015876444056630135,0.001770499860867858,-0.13075867295265198
136066,1929.641040,0.09276321530342102,5.933955669403076,-0.22981108725070953,0.015025824308395386,0.003002855461090803,-0.13292312622070312
136086,1929.661021,0.0938800498843193,5.925640106201172,-0.2305288165807724,0.016902396455407143,-0.0005022655241191387,-0.13409990072250366
136106,1929.681021,0.09415091574192047,5.925654411315918,-0.23133040964603424,0.019216062501072884,-0.0011639122385531664,-0.1346103399991989
136126,1929.701027,0.09448551386594772,5.925627708435059,-0.23208928108215332,0.023809878155589104,-0.00435281777754426,-0.13200154900550842
136146,1929.721021,0.07597095519304276,5.920647621154785,-0.23266921937465668,0.01906883530318737,-0.006540228612720966,-0.13009479641914368
136166,1929.741027,0.090682253241539,5.92157506942749,-0.23320692777633667,0.025872990489006042,-0.004489959217607975,-0.12816335260868073
136186,1929.761019,0.09112520515918732,5.9215407371521,-0.2336386740207672,0.028342679142951965,-0.001971967052668333,-0.12452898174524307
136206,1929.781022,0.09638646245002747,5.921259880065918,-0.23388777673244476,0.028239795938134193,-0.0016524232923984528,-0.12387987971305847
136226,1929.801014,0.09681465476751328,5.921263217926025,-0.234077587723732,0.025891698896884918,-0.00122237263713032,-0.12437783926725388
136246,1929.821018,0.10295410454273224,5.913104057312012,-0.23427899181842804,0.026886818930506706,-0.004762951284646988,-0.12497477978467941
136266,1929.841036,0.11013364046812057,5.923023223876953,-0.23457513749599457,0.025532638654112816,-0.0002077566459774971,-0.1259402334690094
136286,1929.861018,0.10941853374242783,5.907127380371094,-0.23463304340839386,0.02178826369345188,-0.004631885793060064,-0.12530677020549774
136306,1929.881016,0.11485038697719574,5.899717807769775,-0.2344655990600586,0.01921171136200428,-0.005685063078999519,-0.12673623859882355
136326,1929.901016,0.10714981704950333,5.8995585441589355,-0.2342378944158554,0.011011114344000816,-0.0028040092438459396,-0.12697888910770416
136346,1929.921021,0.10721185058355331,5.899564266204834,-0.23433461785316467,0.007121407892554998,-0.00013297803525347263,-0.1279381811618805
136366,1929.941036,0.10882874578237534,5.911978721618652,-0.23451091349124908,0.006281440146267414,0.007481989450752735,-0.12731727957725525
136386,1929.961017,0.10847669839859009,5.911847114562988,-0.23445956408977509,0.003614820307120681,0.007935608737170696,-0.12670831382274628
136406,1929.980025,0.10887542366981506,5.912592887878418,-0.23447372019290924,-0.00014359370106831193,0.009634613990783691,-0.12789024412631989
136426,1930.000017,0.1037183478474617,5.903266429901123,-0.23467983305454254,-0.00351207354106009,0.007339163683354855,-0.12769736349582672
136446,1930.020022,0.10099000483751297,5.913663864135742,-0.23504489660263062,-0.0046540056355297565,0.012934369966387749,-0.12738557159900665
136466,1930.040022,0.0947955921292305,5.912182807922363,-0.23550249636173248,-0.003963322378695011,0.012790515087544918,-0.12477245181798935
136486,1930.060018,0.10277421027421951,5.892492771148682,-0.23585955798625946,0.0021625470835715532,0.004302117973566055,-0.12324268370866776
136506,1930.080019,0.0954311266541481,5.91319465637207,-0.23599503934383392,0.0015264881076291203,0.014677346684038639,-0.12241379171609879
136526,1930.100015,0.08953380584716797,5.899022102355957,-0.23630057275295258,0.0015207510441541672,0.011912096291780472,-0.12222529202699661
136546,1930.120029,0.08351676166057587,5.896058559417725,-0.23652765154838562,0.0037364501040428877,0.009472128003835678,-0.12124323844909668
136566,1930.140009,0.09603308886289597,5.907826900482178,-0.23673687875270844,0.01285198237746954,0.011794300749897957,-0.12305806577205658
136586,1930.160006,0.09918876737356186,5.9030070304870605,-0.23704898357391357,0.014570754952728748,0.010850359685719013,-0.12616705894470215
136606,1930.180010,0.09304597228765488,5.895076751708984,-0.23738035559654236,0.014396345242857933,0.006298369728028774,-0.12851443886756897
136626,1930.200006,0.09738267958164215,5.894504547119141,-0.23760485649108887,0.01784367300570011,0.0055748228915035725,-0.12829738855361938
136646,1930.220015,0.09554662555456161,5.900605201721191,-0.23800931870937347,0.014708403497934341,0.006196517962962389,-0.13033556938171387
136666,1930.239952,0.09557189047336578,5.894597053527832,-0.23839904367923737,0.012807571329176426,0.004482018295675516,-0.13045401871204376
136686,1930.259969,0.09532856941223145,5.893355846405029,-0.23882824182510376,0.012634559534490108,0.0035620289854705334,-0.12997514009475708
136706,1930.279974,0.09909778833389282,5.8934407234191895,-0.23915371298789978,0.013193302787840366,0.0013206939911469817,-0.1301509141921997
136726,1930.299970,0.09869514405727386,5.899639129638672,-0.23946720361709595,0.011340716853737831,0.00269192922860384,-0.13101348280906677
136746,1930.320012,0.0988963395357132,5.894108772277832,-0.23949691653251648,0.011801916174590588,0.0014589230995625257,-0.1279338151216507
136766,1930.340005,0.09901466965675354,5.89417839050293,-0.239522323012352,0.011384871788322926,0.0007430248078890145,-0.12613286077976227
136786,1930.359998,0.09926967322826385,5.901052951812744,-0.23945985734462738,0.010769658721983433,0.0019950747955590487,-0.12508931756019592
136806,1930.380015,0.10020559281110764,5.896629333496094,-0.2391664683818817,0.011748536489903927,0.0013196885120123625,-0.12137353420257568
136826,1930.399997,0.10019947588443756,5.889709949493408,-0.23897776007652283,0.015079289674758911,0.0006879796856082976,-0.11423309892416
136846,1930.420008,0.10041936486959457,5.8897833824157715,-0.23883257806301117,0.018019067123532295,0.001788803841918707,-0.10871636122465134
136866,1930.440020,0.09700401872396469,5.8733344078063965,-0.2385471761226654,0.023923875764012337,-0.004349735099822283,-0.0982961431145668
136886,1930.459997,0.09748046100139618,5.87044095993042,-0.23791374266147614,0.03432011604309082,-0.0012402774300426245,-0.08869243413209915
136906,1930.479997,0.104482501745224,5.870201110839844,-0.2371557652950287,0.044777270406484604,0.002045159228146076,-0.08206886798143387
136926,1930.499999,0.1149071753025055,5.867669105529785,-0.2363709658384323,0.055587880313396454,0.004726131446659565,-0.07803269475698471
136946,1930.520011,0.11385484784841537,5.859520435333252,-0.23544009029865265,0.06368985772132874,0.007465981412678957,-0.07227348536252975
136966,1930.539997,0.1134433001279831,5.864564418792725,-0.23462806642055511,0.0692579448223114,0.013603712432086468,-0.07059625536203384
136986,1930.559999,0.11477825045585632,5.864908218383789,-0.2340361624956131,0.07434172928333282,0.016499191522598267,-0.06805752962827682
137006,1930.580016,0.11960496753454208,5.865217685699463,-0.23333968222141266,0.08325827121734619,0.016760334372520447,-0.06610405445098877
137026,1930.599992,0.12455393373966217,5.866026401519775,-0.2324468344449997,0.0906345471739769,0.019207661971449852,-0.06194445118308067
137046,1930.619999,0.12635833024978638,5.866443634033203,-0.23123472929000854,0.10200219601392746,0.020269004628062248,-0.05418982356786728
137066,1930.639998,0.13068781793117523,5.868381023406982,-0.22979290783405304,0.11445429176092148,0.027686595916748047,-0.04380205273628235
137086,1930.659991,0.14000363647937775,5.869081974029541,-0.22846654057502747,0.1176818460226059,0.028940381482243538,-0.04529799148440361
137106,1930.679993,0.1490827053785324,5.869009494781494,-0.22715651988983154,0.12015430629253387,0.03367798402905464,-0.04450148716568947
137126,1930.699987,0.15141597390174866,5.869741916656494,-0.22580623626708984,0.12325586378574371,0.034886546432971954,-0.042426422238349915
137146,1930.719998,0.15595489740371704,5.872933864593506,-0.2244434654712677,0.12299886345863342,0.03351019322872162,-0.04105544090270996
137166,1930.739988,0.16367124021053314,5.8757476806640625,-0.2228139191865921,0.13901710510253906,0.03277461603283882,-0.02772236056625843
137186,1930.759993,0.1733495146036148,5.880265712738037,-0.22106808423995972,0.15242423117160797,0.03721103072166443,-0.016881540417671204
137206,1930.779990,0.17625322937965393,5.881059169769287,-0.21907693147659302,0.14788676798343658,0.03704288601875305,-0.017829932272434235
137226,1930.799985,0.18071193993091583,5.879930019378662,-0.21705830097198486,0.15425844490528107,0.035136785358190536,-0.015948684886097908
137246,1930.819999,0.1837136596441269,5.880687713623047,-0.21464617550373077,0.15776774287223816,0.035434599965810776,-0.011757569387555122
137266,1930.839989,0.19768965244293213,5.884903430938721,-0.21212533116340637,0.16409918665885925,0.03556562960147858,-0.005052577238529921
137286,1930.859990,0.20329824090003967,5.885986804962158,-0.2092645764350891,0.17274728417396545,0.03579789400100708,0.003082958748564124
137306,1930.879987,0.2134518027305603,5.883789539337158,-0.206682950258255,0.18356677889823914,0.030863340944051743,0.0102299265563488
137326,1930.899985,0.2139018326997757,5.888690948486328,-0.20393210649490356,0.195046529173851,0.029897304251790047,0.020638376474380493
137346,1930.920000,0.22438520193099976,5.889802932739258,-0.20096905529499054,0.20441153645515442,0.03328701853752136,0.028633926063776016
137366,1930.939996,0.23003935813903809,5.886101722717285,-0.1980748176574707,0.2096170336008072,0.02994583174586296,0.031190499663352966
137386,1930.959570,0.23516620695590973,5.885944366455078,-0.19500082731246948,0.220536470413208,0.02853204868733883,0.038432467728853226
137406,1930.979529,0.23272088170051575,5.886099338531494,-0.1917227953672409,0.23042212426662445,0.03272576257586479,0.05002531036734581
137426,1930.999525,0.24014075100421906,5.888443946838379,-0.1881164163351059,0.24252977967262268,0.034249912947416306,0.055735424160957336
137446,1931.019531,0.23690029978752136,5.884568691253662,-0.1845623105764389,0.24485424160957336,0.028112685307860374,0.05864186957478523
137466,1931.039538,0.24809420108795166,5.885684967041016,-0.18084433674812317,0.2527332007884979,0.02500913105905056,0.06461115926504135
137486,1931.059546,0.2500669062137604,5.88334321975708,-0.1768520474433899,0.24900022149085999,0.0306736771017313,0.06796709448099136
137506,1931.079547,0.24940979480743408,5.887615203857422,-0.17308805882930756,0.24692155420780182,0.03975478932261467,0.07234881818294525
137526,1931.099543,0.2634245455265045,5.891661643981934,-0.1690656691789627,0.25280389189720154,0.034842219203710556,0.08049657195806503
137546,1931.119546,0.2647513747215271,5.887934684753418,-0.16506071388721466,0.2587116062641144,0.03076561912894249,0.09152651578187943
137566,1931.139544,0.2840316593647003,5.888262748718262,-0.16079843044281006,0.2717418074607849,0.031544655561447144,0.09897180646657944
137586,1931.159544,0.28684839606285095,5.891308784484863,-0.15626315772533417,0.2593744099140167,0.02721765823662281,0.09672078490257263
137606,1931.179542,0.29190394282341003,5.891101837158203,-0.15181854367256165,0.2494947910308838,0.019532781094312668,0.09588684141635895
137626,1931.199542,0.2953994870185852,5.88827657699585,-0.14711782336235046,0.24683533608913422,0.016413267701864243,0.10031741112470627
137646,1931.219541,0.30147483944892883,5.889509201049805,-0.14246805012226105,0.2496507316827774,0.021788032725453377,0.10773021727800369
137666,1931.239541,0.30517932772636414,5.885645389556885,-0.1377430409193039,0.24486982822418213,0.01811589114367962,0.11162574589252472
137686,1931.259539,0.30069419741630554,5.886723041534424,-0.13267281651496887,0.2336444854736328,0.024221032857894897,0.11197596788406372
137706,1931.279541,0.33018407225608826,5.885831356048584,-0.12778905034065247,0.23898915946483612,0.016334952786564827,0.1012386828660965
137726,1931.299538,0.3361563980579376,5.881473064422607,-0.12322687357664108,0.23858173191547394,0.015554772689938545,0.09914150089025497
137746,1931.319538,0.3470743000507355,5.878259658813477,-0.11883711814880371,0.2431575059890747,0.012201963923871517,0.09542529284954071
137766,1931.339539,0.345838338136673,5.8788957595825195,-0.11452127993106842,0.23615509271621704,0.010637394152581692,0.08960378170013428
137786,1931.359569,0.3424234390258789,5.878448009490967,-0.11023484915494919,0.2304220348596573,0.010406357236206532,0.08473586291074753
137806,1931.379563,0.3528480529785156,5.874960899353027,-0.10611166059970856,0.23595811426639557,0.0097124632447958,0.0822991281747818
137826,1931.399561,0.36645326018333435,5.877998352050781,-0.10210904479026794,0.24050332605838776,0.018566790968179703,0.0790460929274559
137846,1931.419561,0.3771917223930359,5.876216888427734,-0.09798786789178848,0.24562424421310425,0.01799570396542549,0.07118824124336243
137866,1931.439560,0.3813226521015167,5.876181602478027,-0.09403464943170547,0.2462465614080429,0.01645916886627674,0.06507188826799393
137886,1931.459562,0.38768500089645386,5.877199649810791,-0.09026957303285599,0.25621747970581055,0.017274511978030205,0.0659884363412857
137906,1931.479560,0.38990318775177,5.8754563331604,-0.08644850552082062,0.2656499445438385,0.02114791050553322,0.06854505091905594
137926,1931.499556,0.3984508216381073,5.8722615242004395,-0.08298035711050034,0.2760595679283142,0.023752180859446526,0.06846390664577484
137946,1931.519565,0.4068773686885834,5.870487689971924,-0.0793677344918251,0.28541260957717896,0.028959158807992935,0.06375640630722046
137966,1931.539574,0.4188397228717804,5.873728275299072,-0.07580273598432541,0.2860274016857147,0.03522935137152672,0.05577559024095535
137986,1931.559573,0.42254582047462463,5.876237869262695,-0.07233256101608276,0.2948509454727173,0.040148258209228516,0.055532198399305344
138006,1931.579562,0.4301898181438446,5.875608444213867,-0.06881211698055267,0.3090716302394867,0.0369403250515461,0.05374540761113167
138026,1931.599559,0.450713574886322,5.876711845397949,-0.06503978371620178,0.31524938344955444,0.03259674459695816,0.04856143146753311
138046,1931.619550,0.4608318507671356,5.873373985290527,-0.06126841902732849,0.3211698532104492,0.03374522924423218,0.04225591570138931
138066,1931.639554,0.46145668625831604,5.87704610824585,-0.05754891782999039,0.32775038480758667,0.042110007256269455,0.03605632856488228
138086,1931.659553,0.46509140729904175,5.8779754638671875,-0.05398121848702431,0.33742040395736694,0.05258507281541824,0.03077564761042595
138106,1931.679572,0.4807016849517822,5.877896308898926,-0.050789572298526764,0.3451022505760193,0.056620463728904724,0.02398218773305416
138126,1931.699562,0.48229315876960754,5.877239227294922,-0.048069700598716736,0.3464249074459076,0.05410731956362724,0.014918714761734009
138146,1931.719555,0.48804837465286255,5.874191761016846,-0.04538850486278534,0.35024192929267883,0.05203106626868248,0.002794563304632902
138166,1931.739564,0.4930679500102997,5.875192165374756,-0.042862992733716965,0.3463757336139679,0.05400505289435387,-0.01336786150932312
138186,1931.759565,0.500044584274292,5.876445293426514,-0.04043923690915108,0.3667154014110565,0.06517145037651062,-0.010426397435367107
138206,1931.779575,0.5205821990966797,5.87612771987915,-0.03795924037694931,0.3884921967983246,0.06221626698970795,-0.008146851323544979
138226,1931.799564,0.5222578048706055,5.872763156890869,-0.03548435494303703,0.38014501333236694,0.050323132425546646,-0.013704217970371246
138246,1931.819562,0.5262816548347473,5.873384475708008,-0.03310728445649147,0.3748001158237457,0.0494307242333889,-0.017776265740394592
138266,1931.839561,0.5348227024078369,5.874522686004639,-0.0305392574518919,0.37724176049232483,0.05132000893354416,-0.01851007528603077
138286,1931.859562,0.5448657274246216,5.876486778259277,-0.027755429968237877,0.37490782141685486,0.0527251660823822,-0.02003348059952259
138306,1931.879564,0.5522048473358154,5.876887321472168,-0.024803221225738525,0.3752633035182953,0.052819572389125824,-0.015918999910354614
138326,1931.899559,0.5617032051086426,5.876976490020752,-0.021714627742767334,0.3839501738548279,0.0510459803044796,-0.00657537579536438
138346,1931.919558,0.5807954668998718,5.877682209014893,-0.018553871661424637,0.38526809215545654,0.04646111652255058,-0.0018238318152725697
138366,1931.939560,0.5804735422134399,5.878258228302002,-0.015052054077386856,0.38119369745254517,0.04587622731924057,0.004144114907830954
138386,1931.959523,0.5884596705436707,5.878114223480225,-0.011750808916985989,0.37830519676208496,0.044286660850048065,0.002204721327871084
138406,1931.979525,0.5976630449295044,5.875880718231201,-0.008650599978864193,0.3732757270336151,0.04229607805609703,-0.0024177981540560722
138426,1931.998531,0.6048066020011902,5.876811981201172,-0.0058331056497991085,0.3559770882129669,0.04375282675027847,-0.014673375524580479
138446,1932.019553,0.612094521522522,5.878636837005615,-0.0030906025785952806,0.34555864334106445,0.04535707086324692,-0.024689756333827972
138466,1932.038556,0.6207402348518372,5.878555774688721,-0.0004958065692335367,0.3461313843727112,0.044034045189619064,-0.02262427844107151
138486,1932.058557,0.6330367922782898,5.878255367279053,0.0022417213767766953,0.34455135464668274,0.04157894849777222,-0.014267121441662312
138506,1932.078566,0.6452631950378418,5.877432346343994,0.005229204427450895,0.3441886901855469,0.04492621868848801,-0.00538455368950963
138526,1932.098549,0.6442360877990723,5.878732204437256,0.00837440975010395,0.32876574993133545,0.04915487766265869,-0.010075910948216915
138546,1932.118552,0.6529256105422974,5.880183696746826,0.011322000063955784,0.31304842233657837,0.0484190508723259,-0.02151898294687271
138566,1932.138598,0.6550487875938416,5.884571075439453,0.014011075720191002,0.3033154308795929,0.042131390422582626,-0.024904852733016014
138586,1932.158554,0.6585797667503357,5.879969120025635,0.016812190413475037,0.3005974292755127,0.03422815352678299,-0.023050567135214806
138606,1932.178568,0.6656779050827026,5.884997367858887,0.019276417791843414,0.29040369391441345,0.035553593188524246,-0.033309563994407654
138626,1932.198565,0.6729548573493958,5.884067535400391,0.02163710817694664,0.27442777156829834,0.03708844259381294,-0.05118066444993019
138646,1932.218549,0.6755881905555725,5.8837571144104,0.02373463101685047,0.2687414586544037,0.03978652134537697,-0.06372043490409851
138666,1932.238558,0.6809918284416199,5.886170864105225,0.025457607582211494,0.26411619782447815,0.0448233000934124,-0.07034183293581009
138686,1932.258554,0.6860549449920654,5.887155532836914,0.02742932364344597,0.25854218006134033,0.04392668977379799,-0.07441767305135727
138706,1932.278553,0.6924596428871155,5.887050151824951,0.029212340712547302,0.25299525260925293,0.04169495403766632,-0.0873909592628479
138726,1932.298550,0.6998210549354553,5.8867669105529785,0.030642235651612282,0.2612920105457306,0.05151727795600891,-0.09232758730649948
138746,1932.318548,0.7028399109840393,5.886495113372803,0.032269977033138275,0.2542780339717865,0.061649177223443985,-0.10172068327665329
138766,1932.338550,0.7029942870140076,5.887128829956055,0.033511776477098465,0.22373433411121368,0.06355910748243332,-0.11730769276618958
138786,1932.358550,0.7058013677597046,5.887619495391846,0.03458224609494209,0.20759660005569458,0.05391566455364227,-0.12805213034152985
138806,1932.378551,0.7097516655921936,5.888704776763916,0.035345658659935,0.2048945128917694,0.04665720462799072,-0.13729187846183777
138826,1932.398551,0.711492657661438,5.887344837188721,0.036059845238924026,0.201983243227005,0.04712675139307976,-0.14504511654376984
138846,1932.418547,0.7152631282806396,5.888429164886475,0.036225929856300354,0.1898137927055359,0.0518934540450573,-0.1525489091873169
138866,1932.438548,0.7187497019767761,5.88950777053833,0.03632843494415283,0.1732446253299713,0.046366818249225616,-0.16639134287834167
138886,1932.458548,0.7199289798736572,5.889669418334961,0.03619827702641487,0.1650710552930832,0.039705514907836914,-0.1754683405160904
138906,1932.478549,0.7179036736488342,5.887738227844238,0.036048877984285355,0.1590706706047058,0.03425564244389534,-0.18245263397693634
138926,1932.498547,0.717515766620636,5.888443470001221,0.03562255576252937,0.15376126766204834,0.03545428067445755,-0.18657639622688293
138946,1932.518548,0.717823326587677,5.890701770782471,0.03499288484454155,0.14343829452991486,0.03654756397008896,-0.19262230396270752
138966,1932.538544,0.7204922437667847,5.8915324211120605,0.03413556516170502,0.13809284567832947,0.0381459966301918,-0.19604700803756714
138986,1932.558547,0.723774254322052,5.89293909072876,0.033541351556777954,0.13755622506141663,0.03810036554932594,-0.1941693276166916
139006,1932.578549,0.7263099551200867,5.893794059753418,0.032953016459941864,0.1308186948299408,0.037908848375082016,-0.1920114904642105
139026,1932.598545,0.7271923422813416,5.893797874450684,0.03248734772205353,0.13100261986255646,0.03716868534684181,-0.1837225705385208
139046,1932.618543,0.7181428074836731,5.895349979400635,0.03246830403804779,0.12511970102787018,0.033247701823711395,-0.17631597816944122
139066,1932.638543,0.720456600189209,5.896129131317139,0.032733459025621414,0.12336958199739456,0.035376399755477905,-0.16862280666828156
139086,1932.658540,0.7280892133712769,5.895973205566406,0.0326814241707325,0.12475363165140152,0.04190723970532417,-0.16292479634284973
139106,1932.678543,0.7215273976325989,5.895116329193115,0.032921429723501205,0.11762065440416336,0.04311651736497879,-0.1580929309129715
139126,1932.698535,0.72770094871521,5.892603397369385,0.03282434120774269,0.11806889623403549,0.03347265347838402,-0.15129320323467255
139146,1932.718528,0.731735348701477,5.891371250152588,0.03330313786864281,0.11991491168737411,0.029475634917616844,-0.14597322046756744
139166,1932.738525,0.7331706285476685,5.889113903045654,0.033855222165584564,0.11757179349660873,0.028115790337324142,-0.14441044628620148
139186,1932.758545,0.7344443202018738,5.8881731033325195,0.03453186899423599,0.11639606207609177,0.026191946119070053,-0.1400391310453415
139206,1932.778546,0.7366937398910522,5.888800621032715,0.035011280328035355,0.12312912940979004,0.027420081198215485,-0.13408081233501434
139226,1932.798535,0.7389919757843018,5.889472484588623,0.035355985164642334,0.11991178244352341,0.030628278851509094,-0.13736779987812042
139246,1932.818547,0.7379838824272156,5.887087821960449,0.03565201908349991,0.12004932016134262,0.028416773304343224,-0.13818517327308655
139266,1932.838537,0.7382611036300659,5.8847761154174805,0.03611775115132332,0.12290147691965103,0.020916825160384178,-0.1373458355665207
139286,1932.858539,0.7405103445053101,5.885297775268555,0.03672785311937332,0.11754278093576431,0.021822335198521614,-0.13602758944034576
139306,1932.878543,0.7391800880432129,5.882226943969727,0.03747661039233208,0.11354858428239822,0.02459407038986683,-0.13695864379405975
139326,1932.898535,0.7413246631622314,5.882842063903809,0.03781111538410187,0.11579269915819168,0.027490481734275818,-0.1376214623451233
139346,1932.918534,0.7410114407539368,5.8827290534973145,0.03819258138537407,0.11381318420171738,0.031130317598581314,-0.13878290355205536
139366,1932.938531,0.7431736588478088,5.883500576019287,0.03867904469370842,0.1177530363202095,0.03638870641589165,-0.1362379491329193
139386,1932.958538,0.7435359358787537,5.886488437652588,0.039239272475242615,0.11552760004997253,0.043438006192445755,-0.13423533737659454
139406,1932.978540,0.7456467747688293,5.887545108795166,0.040037933737039566,0.11103004217147827,0.051690809428691864,-0.13399279117584229
139426,1932.998533,0.7481237649917603,5.888952255249023,0.040538303554058075,0.10814136266708374,0.058394428342580795,-0.13505534827709198
139446,1933.018536,0.7501664757728577,5.890249252319336,0.04116273671388626,0.11084166169166565,0.06000872701406479,-0.1317172795534134
139466,1933.038532,0.7522359490394592,5.891541481018066,0.04200439527630806,0.11223189532756805,0.058537837117910385,-0.128622904419899
139486,1933.058531,0.7530132532119751,5.894833087921143,0.04302244260907173,0.11332419514656067,0.057092875242233276,-0.12566661834716797
139506,1933.078542,0.7550840973854065,5.8960795402526855,0.044431138783693314,0.11080218106508255,0.05477169156074524,-0.1250971406698227
139526,1933.098537,0.7571083307266235,5.8972649574279785,0.04579879716038704,0.11103571951389313,0.05184972286224365,-0.1221625804901123
139546,1933.118531,0.7591856718063354,5.898407459259033,0.04728008434176445,0.11424245685338974,0.05020664632320404,-0.12014253437519073
139566,1933.138534,0.7612902522087097,5.899536609649658,0.048653364181518555,0.11342796683311462,0.05110909789800644,-0.11814939975738525
139586,1933.158529,0.764981746673584,5.9001030921936035,0.049687981605529785,0.112549789249897,0.05243023857474327,-0.11782168596982956
139606,1933.178535,0.7643086314201355,5.896194934844971,0.05085807666182518,0.11021172255277634,0.053106021136045456,-0.11869867891073227
139626,1933.198529,0.7658945322036743,5.899133682250977,0.05194539576768875,0.113825723528862,0.05834750458598137,-0.11883802711963654
139646,1933.218535,0.7680010795593262,5.900383472442627,0.05280319228768349,0.11145932972431183,0.05577859655022621,-0.11962565779685974
139666,1933.238530,0.7664881944656372,5.897980690002441,0.05382896214723587,0.1100439578294754,0.05191812291741371,-0.11702971160411835
139686,1933.258530,0.7719749808311462,5.895415306091309,0.054786261171102524,0.1155535951256752,0.054083336144685745,-0.11527478694915771
139706,1933.278536,0.771840512752533,5.898768901824951,0.05577155947685242,0.10906661301851273,0.057782407850027084,-0.11680886149406433
139726,1933.298530,0.7716602683067322,5.891826629638672,0.05659171938896179,0.10344970971345901,0.04563724994659424,-0.11780967563390732
139746,1933.318527,0.7755577564239502,5.8929443359375,0.05741856247186661,0.10970624536275864,0.040999218821525574,-0.11807809770107269
139766,1933.338534,0.7779408693313599,5.894465446472168,0.05818488448858261,0.10913236439228058,0.04327601194381714,-0.12412343919277191
139786,1933.358524,0.7817554473876953,5.893348693847656,0.05867914855480194,0.10502371937036514,0.042650144547224045,-0.13144610822200775
139806,1933.378531,0.779852569103241,5.892693996429443,0.05907958745956421,0.1027320846915245,0.0422607883810997,-0.13411210477352142
139826,1933.398524,0.7775090932846069,5.893041610717773,0.05958286672830582,0.10450177639722824,0.04366793856024742,-0.13257819414138794
139846,1933.417527,0.7806718945503235,5.890464782714844,0.060221415013074875,0.10690607875585556,0.043435968458652496,-0.13298356533050537
139866,1933.437526,0.7826512455940247,5.891475200653076,0.060933731496334076,0.105645552277565,0.0463792160153389,-0.13852711021900177
139886,1933.457526,0.7866760492324829,5.891507148742676,0.06134277954697609,0.10059995204210281,0.051190391182899475,-0.14941908419132233
139906,1933.478548,0.7870960235595703,5.8915181159973145,0.0618617981672287,0.10181870311498642,0.054592836648225784,-0.1559656858444214
139926,1933.497524,0.7846912741661072,5.891541004180908,0.06228987127542496,0.105910524725914,0.05711357668042183,-0.15564554929733276
139946,1933.517519,0.7881307005882263,5.891866207122803,0.0625830665230751,0.10686814785003662,0.06146520376205444,-0.15472537279129028
139966,1933.537525,0.7900649309158325,5.893245697021484,0.06273077428340912,0.10052657872438431,0.06425240635871887,-0.1559315174818039
139986,1933.557524,0.7875836491584778,5.893415451049805,0.06290105730295181,0.09246128052473068,0.06073807552456856,-0.15592774748802185
140006,1933.578540,0.7892982363700867,5.894758701324463,0.06307930499315262,0.09505045413970947,0.06258286535739899,-0.1532924324274063
140026,1933.597519,0.7910876870155334,5.896156311035156,0.06332948803901672,0.0983881801366806,0.06543506681919098,-0.1526656150817871
140046,1933.617521,0.7876762747764587,5.8961100578308105,0.06334243714809418,0.09599436819553375,0.06081816926598549,-0.15131963789463043
140066,1933.637521,0.7874720096588135,5.894328594207764,0.06357447057962418,0.09767518937587738,0.05798571556806564,-0.14749307930469513
140086,1933.657521,0.7909741997718811,5.895564079284668,0.06384801864624023,0.10147236287593842,0.06258592754602432,-0.14430250227451324
140106,1933.678538,0.7927972674369812,5.8969831466674805,0.06442651152610779,0.09607304632663727,0.06611882150173187,-0.14428815245628357
140126,1933.697518,0.7945743799209595,5.898393630981445,0.06507628411054611,0.09870169311761856,0.06306412816047668,-0.14053712785243988
140146,1933.717513,0.7965302467346191,5.899820327758789,0.06563592702150345,0.10239321738481522,0.06103191524744034,-0.1358042061328888
140166,1933.737508,0.79982590675354,5.899914264678955,0.06616918742656708,0.10945244878530502,0.06274235248565674,-0.12936624884605408
140186,1933.757504,0.8018941879272461,5.901285648345947,0.06682708114385605,0.11055076867341995,0.06226802617311478,-0.1276179850101471
140206,1933.778513,0.8039080500602722,5.9026265144348145,0.06741685420274734,0.10504889488220215,0.061182595789432526,-0.1293458342552185
140226,1933.797503,0.8088164925575256,5.902730941772461,0.06805361062288284,0.10691891610622406,0.062061432749032974,-0.13152246177196503
140246,1933.817504,0.8108184933662415,5.904107570648193,0.06891357153654099,0.1088642105460167,0.06292597204446793,-0.13291685283184052
140266,1933.837519,0.8141330480575562,5.905956268310547,0.06961521506309509,0.11034560203552246,0.0642794817686081,-0.13265816867351532
140286,1933.857502,0.8161725997924805,5.907413482666016,0.07025916874408722,0.10882151871919632,0.06924083828926086,-0.13385112583637238
140306,1933.878509,0.8181597590446472,5.908934116363525,0.07083726674318314,0.10385584831237793,0.07060972601175308,-0.13708598911762238
140326,1933.897501,0.8200076818466187,5.9104485511779785,0.07144678384065628,0.09718616306781769,0.06832094490528107,-0.139522522687912
140346,1933.917516,0.8218181729316711,5.9119486808776855,0.07174009084701538,0.09845013916492462,0.0720861405134201,-0.13944226503372192
140366,1933.937517,0.8236848711967468,5.913597106933594,0.07203511148691177,0.10229085385799408,0.08156727999448776,-0.13904283940792084
140386,1933.957520,0.8255998492240906,5.915390491485596,0.07214794307947159,0.10099662095308304,0.08562637120485306,-0.13837778568267822
140406,1933.978533,0.8274145126342773,5.917177200317383,0.0723336935043335,0.09477800875902176,0.08243914693593979,-0.13884210586547852
140426,1933.997509,0.8291979432106018,5.9189453125,0.07272759824991226,0.09833724796772003,0.08296482264995575,-0.13825243711471558
140446,1934.017509,0.8328797817230225,5.917844772338867,0.07306469231843948,0.10246261954307556,0.08503823727369308,-0.14010296761989594
140466,1934.037513,0.8372761011123657,5.921067714691162,0.0734446719288826,0.10548354685306549,0.08681318163871765,-0.14037208259105682
140486,1934.057512,0.8273576498031616,5.919315814971924,0.07382732629776001,0.09361127018928528,0.08129244297742844,-0.1431545615196228
140506,1934.078529,0.8291040062904358,5.921051502227783,0.07440312206745148,0.09693384170532227,0.07945530116558075,-0.1444590538740158
140526,1934.097507,0.8346150517463684,5.930635452270508,0.07530609518289566,0.10285681486129761,0.08485949784517288,-0.14444424211978912
140546,1934.117507,0.8291181921958923,5.917118072509766,0.076517254114151,0.10340534150600433,0.07771547883749008,-0.14134468138217926
140566,1934.137508,0.83878493309021,5.9224395751953125,0.07759593427181244,0.10836067795753479,0.07903221994638443,-0.1413181573152542
140586,1934.157522,0.8302947282791138,5.9232001304626465,0.07861020416021347,0.09353338181972504,0.07194604724645615,-0.1456330120563507
140606,1934.177506,0.8320337533950806,5.924720287322998,0.07935328781604767,0.09800127893686295,0.06691370904445648,-0.14491739869117737
140626,1934.197508,0.8358221054077148,5.925884246826172,0.08014987409114838,0.10611408203840256,0.06833922863006592,-0.1443420648574829
140646,1934.217504,0.8342694640159607,5.921458721160889,0.08088786154985428,0.10228314995765686,0.07039330154657364,-0.14542530477046967
140666,1934.237506,0.8351767063140869,5.924628734588623,0.08173096925020218,0.09842826426029205,0.07224530726671219,-0.14672650396823883
140686,1934.257507,0.8369842171669006,5.9261932373046875,0.08246558159589767,0.09819492697715759,0.0694243535399437,-0.1482904851436615
140706,1934.278507,0.8275538086891174,5.918571949005127,0.08296602964401245,0.09159670025110245,0.059007495641708374,-0.14922088384628296
140726,1934.297504,0.8292255401611328,5.919891357421875,0.08375782519578934,0.09225181490182877,0.059172045439481735,-0.14925454556941986
140746,1934.317502,0.8308953642845154,5.921241283416748,0.08446606248617172,0.09098733961582184,0.06184285879135132,-0.1488565057516098
140766,1934.337507,0.8325235247612,5.9226393699646,0.08515404164791107,0.08925545960664749,0.0634080246090889,-0.14667068421840668
140786,1934.357503,0.834231972694397,5.924049377441406,0.08578277379274368,0.09670397639274597,0.06422660499811172,-0.1422213762998581
140806,1934.378502,0.8269497156143188,5.924825191497803,0.08682315796613693,0.08512406796216965,0.06216351315379143,-0.1458166539669037
140826,1934.397500,0.8329448699951172,5.920628547668457,0.08772601932287216,0.08510686457157135,0.06001729145646095,-0.14680926501750946
140846,1934.417500,0.8303436040878296,5.918607234954834,0.08850441873073578,0.0844043642282486,0.06173507496714592,-0.14994119107723236
140866,1934.437503,0.8318557739257812,5.920024871826172,0.08932887762784958,0.0841231420636177,0.0649302527308464,-0.15246818959712982
140886,1934.457506,0.8333938121795654,5.92147970199585,0.08981724828481674,0.08522538095712662,0.06633877754211426,-0.15196210145950317
140906,1934.477500,0.8396973013877869,5.926717281341553,0.09041707217693329,0.08214209228754044,0.07039382308721542,-0.15284796059131622
140926,1934.497500,0.8323339819908142,5.9265007972717285,0.09109780937433243,0.07207596302032471,0.07200352847576141,-0.15272827446460724
140946,1934.517497,0.8339295983314514,5.920547962188721,0.09163159132003784,0.07395093888044357,0.06433556973934174,-0.14966607093811035
140966,1934.537500,0.835305392742157,5.921963691711426,0.09191726893186569,0.07776829600334167,0.06531544029712677,-0.14744769036769867
140986,1934.557498,0.8367076516151428,5.918917655944824,0.09236350655555725,0.07546939700841904,0.06829403340816498,-0.1503787636756897
141006,1934.577497,0.8380296230316162,5.920470714569092,0.09287597239017487,0.07240583747625351,0.07270873337984085,-0.15050646662712097
141026,1934.597499,0.8342550992965698,5.919315814971924,0.09365509450435638,0.07011018693447113,0.07270270586013794,-0.14732439815998077
141046,1934.617493,0.8355405926704407,5.920941352844238,0.09458008408546448,0.07463838160037994,0.07444100081920624,-0.14234396815299988
141066,1934.637499,0.8352850675582886,5.91648530960083,0.09509672224521637,0.07087831199169159,0.0718868225812912,-0.14138269424438477
141086,1934.657512,0.8353450894355774,5.92252254486084,0.09566715359687805,0.06798030436038971,0.07306437194347382,-0.14052869379520416
141106,1934.678494,0.8399735689163208,5.921527862548828,0.09645729511976242,0.07422797381877899,0.07354143261909485,-0.13928183913230896
141126,1934.697494,0.8382071852684021,5.925649642944336,0.09719064831733704,0.07467929273843765,0.07855748385190964,-0.1403309553861618
141146,1934.717493,0.839528501033783,5.927418231964111,0.09806244820356369,0.07337861508131027,0.08314274996519089,-0.14311732351779938
141166,1934.737512,0.8386262655258179,5.930901527404785,0.09901802986860275,0.07026263326406479,0.08373719453811646,-0.14635069668293
141186,1934.757483,0.8398813009262085,5.9326887130737305,0.09968341141939163,0.07132837921380997,0.08020158112049103,-0.14675204455852509
141206,1934.777486,0.8411338925361633,5.934412002563477,0.1003308892250061,0.06955037266016006,0.07800891250371933,-0.1483565717935562
141226,1934.797487,0.8423733115196228,5.936111927032471,0.10073491185903549,0.06950609385967255,0.07774040102958679,-0.1491156369447708
141246,1934.817482,0.8426824808120728,5.939844608306885,0.1007009893655777,0.0689091831445694,0.07488816976547241,-0.15118005871772766
141266,1934.837483,0.8439720869064331,5.941432476043701,0.10069213062524796,0.0739634558558464,0.07180961966514587,-0.14956767857074738
141286,1934.857493,0.8385570049285889,5.940886497497559,0.10057926923036575,0.06843192875385284,0.07032127678394318,-0.15368437767028809
141306,1934.877479,0.8397818803787231,5.942450046539307,0.10043109953403473,0.06886041164398193,0.07364533841609955,-0.1542716920375824
141326,1934.897483,0.8408339619636536,5.9460272789001465,0.10034774988889694,0.07320243120193481,0.07224421203136444,-0.15375548601150513
141346,1934.917494,0.8371110558509827,5.941876411437988,0.10029086470603943,0.06738961488008499,0.07072058320045471,-0.15421965718269348
141366,1934.937495,0.8383353352546692,5.943408012390137,0.10000140219926834,0.06783270090818405,0.07054519653320312,-0.15569986402988434
141386,1934.957489,0.8395538330078125,5.9449591636657715,0.09989640861749649,0.0667819157242775,0.07199548929929733,-0.15916480123996735
141406,1934.977487,0.8407608270645142,5.946547985076904,0.09991829842329025,0.0693591833114624,0.07406774163246155,-0.15795432031154633
141426,1934.996491,0.8430933356285095,5.945734024047852,0.10017285495996475,0.07097284495830536,0.07525461167097092,-0.15795710682868958
141446,1935.016487,0.844285249710083,5.947372913360596,0.10040853172540665,0.06328439712524414,0.0739210769534111,-0.16038084030151367
141466,1935.036539,0.8453805446624756,5.948967933654785,0.10071222484111786,0.0630999356508255,0.07096613198518753,-0.16050998866558075
141486,1935.056491,0.8465292453765869,5.950535774230957,0.1009524017572403,0.06640603393316269,0.07156851142644882,-0.15924333035945892
141506,1935.076493,0.8477485775947571,5.95211124420166,0.10082884132862091,0.06869285553693771,0.07328708469867706,-0.15964201092720032
141526,1935.096487,0.8489478230476379,5.9537506103515625,0.10113554447889328,0.06668828427791595,0.07602018862962723,-0.16292890906333923
141546,1935.116484,0.8501273393630981,5.955461025238037,0.1016153022646904,0.06782464683055878,0.07866665720939636,-0.16479015350341797
141566,1935.136544,0.8513133525848389,5.957211971282959,0.1018984466791153,0.06598313897848129,0.08101595193147659,-0.1681130826473236
141586,1935.156484,0.8524578809738159,5.958988666534424,0.10218539834022522,0.0655316635966301,0.08079170435667038,-0.16739703714847565
141606,1935.176488,0.8526002764701843,5.94653844833374,0.10218267887830734,0.06729766726493835,0.06951893121004105,-0.16542887687683105
141626,1935.196482,0.8537839651107788,5.948089122772217,0.10239788889884949,0.0659952312707901,0.07142342627048492,-0.16440318524837494
141646,1935.216484,0.8549283742904663,5.949728012084961,0.10252223163843155,0.06397824734449387,0.0781884491443634,-0.1638294905424118
141666,1935.236537,0.8561134934425354,5.953588485717773,0.10254238545894623,0.06465110182762146,0.08333736658096313,-0.1624743491411209
141686,1935.256481,0.8572336435317993,5.955367088317871,0.10277319699525833,0.06251803040504456,0.07955219596624374,-0.16345299780368805
141706,1935.276488,0.8583292961120605,5.95706033706665,0.10289009660482407,0.06226208060979843,0.0751010850071907,-0.1638955920934677
141726,1935.296525,0.8579274415969849,5.952584266662598,0.10295214504003525,0.05843503028154373,0.07203906774520874,-0.16535353660583496
141746,1935.316480,0.8589074015617371,5.954226493835449,0.1031053215265274,0.05562648922204971,0.07720808684825897,-0.16598078608512878
141766,1935.336536,0.8627301454544067,5.960871696472168,0.10323095321655273,0.06131412088871002,0.08483997732400894,-0.1626157909631729
141786,1935.356482,0.8638175129890442,5.9627203941345215,0.10334514826536179,0.06114013493061066,0.08493992686271667,-0.15923888981342316
141806,1935.376483,0.8642547726631165,5.955689907073975,0.10357498377561569,0.06142263486981392,0.08085844665765762,-0.15630613267421722
141826,1935.396480,0.8642363548278809,5.96204948425293,0.10372954607009888,0.05669673532247543,0.08235950767993927,-0.1592615246772766
141846,1935.416478,0.8604059815406799,5.960887432098389,0.10375387966632843,0.05613549053668976,0.07937218248844147,-0.16106192767620087
141866,1935.436532,0.8614361882209778,5.9626336097717285,0.10408725589513779,0.06116556003689766,0.07981503754854202,-0.162621408700943
141886,1935.456477,0.8624640703201294,5.964417934417725,0.10431972146034241,0.056427765637636185,0.08349993079900742,-0.16624952852725983
141906,1935.476479,0.8634284138679504,5.96625280380249,0.10443081706762314,0.05572466552257538,0.08416672796010971,-0.1645258367061615
141926,1935.496555,0.8643836379051208,5.968031883239746,0.10436954349279404,0.05266651511192322,0.07935300469398499,-0.1625933200120926
141946,1935.516478,0.8645315766334534,5.963414669036865,0.10475316643714905,0.049161192029714584,0.0733151063323021,-0.16196171939373016
141966,1935.536532,0.864317774772644,5.956266403198242,0.10504726320505142,0.052999772131443024,0.0706537663936615,-0.16115497052669525
141986,1935.556477,0.8652490377426147,5.957874298095703,0.10536874830722809,0.05466306954622269,0.07479413598775864,-0.16100002825260162
142006,1935.576536,0.8650118112564087,5.96232271194458,0.10541364550590515,0.05306628346443176,0.07941637188196182,-0.16172875463962555
142026,1935.596478,0.8658927083015442,5.964047908782959,0.1053878590464592,0.047954920679330826,0.07835759967565536,-0.16357272863388062
142046,1935.616474,0.8666524887084961,5.965747833251953,0.10550419986248016,0.04406493902206421,0.07674837112426758,-0.16432294249534607
142066,1935.636531,0.8685253262519836,5.962599277496338,0.10565060377120972,0.04972265660762787,0.07467872649431229,-0.1614925116300583
142086,1935.656471,0.8693864345550537,5.964264869689941,0.10620427876710892,0.051479555666446686,0.07566215097904205,-0.1590512990951538
142106,1935.676474,0.87022465467453,5.965971946716309,0.10693053156137466,0.0499330498278141,0.07760952413082123,-0.1570759117603302
142126,1935.696470,0.8711041212081909,5.9677019119262695,0.10761312395334244,0.054382793605327606,0.07833758741617203,-0.15420515835285187
142146,1935.716480,0.8688458800315857,5.959680080413818,0.1079774871468544,0.054306820034980774,0.07546930015087128,-0.1538979560136795
142166,1935.736532,0.869468092918396,5.9644880294799805,0.10837619751691818,0.0512022040784359,0.078873410820961,-0.15641048550605774
142186,1935.756498,0.8703597784042358,5.966299533843994,0.10871436446905136,0.049788352102041245,0.07774066925048828,-0.1580830216407776
142206,1935.776468,0.8633486032485962,5.96830940246582,0.10906855016946793,0.050511281937360764,0.07644159346818924,-0.15579061210155487
142226,1935.796469,0.8685423731803894,5.965864658355713,0.10922137647867203,0.050519756972789764,0.07490023225545883,-0.15627744793891907
142246,1935.816471,0.8698912262916565,5.971536159515381,0.10959601402282715,0.04931045323610306,0.07829282432794571,-0.15519367158412933
142266,1935.836531,0.8599360585212708,5.964331150054932,0.11001522094011307,0.04597081243991852,0.07498235255479813,-0.15290607511997223
142286,1935.856470,0.8606938123703003,5.965997695922852,0.1103459969162941,0.04511252045631409,0.07683252543210983,-0.15216994285583496
142306,1935.876469,0.8614770770072937,5.967709541320801,0.11079762876033783,0.04796834662556648,0.07821562141180038,-0.15118631720542908
142326,1935.896469,0.8660441637039185,5.966464042663574,0.11148625612258911,0.04886427894234657,0.0786929503083229,-0.1507790982723236
142346,1935.916483,0.8659458160400391,5.972105026245117,0.11178731918334961,0.04337277263402939,0.0790603905916214,-0.15216803550720215
142366,1935.936544,0.866686224937439,5.973818302154541,0.11224447190761566,0.04656565561890602,0.07686801999807358,-0.15148146450519562
142386,1935.956466,0.8674882054328918,5.975496292114258,0.11278030276298523,0.047057006508111954,0.07415349781513214,-0.15118607878684998
142406,1935.976464,0.8651518225669861,5.968644142150879,0.11310455948114395,0.04224603995680809,0.07201522588729858,-0.15017129480838776
142426,1935.996467,0.8659067153930664,5.970268726348877,0.11329100281000137,0.04681156575679779,0.07544629275798798,-0.1495261788368225
142446,1936.016410,0.8633449077606201,5.97511100769043,0.11373419314622879,0.04352754354476929,0.07654669880867004,-0.15052349865436554
142466,1936.036487,0.8640783429145813,5.976759910583496,0.11409936845302582,0.04484686627984047,0.07333886623382568,-0.14815197885036469
142486,1936.056422,0.8648364543914795,5.978366374969482,0.11435247957706451,0.04334326088428497,0.07248135656118393,-0.15047670900821686
142506,1936.076432,0.8646829128265381,5.984017372131348,0.11438814550638199,0.03836939111351967,0.07452069222927094,-0.15221908688545227
142526,1936.096428,0.8652964234352112,5.985635757446289,0.11457476764917374,0.03747976943850517,0.07247012108564377,-0.15411752462387085
142546,1936.116428,0.8659126162528992,5.987248420715332,0.11502138525247574,0.03869173675775528,0.07260237634181976,-0.15644949674606323
142566,1936.136561,0.8647900819778442,5.97870397567749,0.11555562168359756,0.03706232085824013,0.07049248367547989,-0.16026121377944946
142586,1936.156465,0.8654097318649292,5.980278491973877,0.11568805575370789,0.038812365382909775,0.07050451636314392,-0.16086135804653168
142606,1936.176461,0.8660091757774353,5.981799602508545,0.11578530818223953,0.03428611904382706,0.06681007891893387,-0.16225099563598633
142626,1936.196458,0.866527795791626,5.983307838439941,0.11589103937149048,0.032886940985918045,0.06879953294992447,-0.16145381331443787
142646,1936.216457,0.8670524954795837,5.984870910644531,0.11608307808637619,0.03340525180101395,0.07182600349187851,-0.15967153012752533
142666,1936.236525,0.8674300312995911,5.991645336151123,0.11648937314748764,0.03477415069937706,0.07743041962385178,-0.15516509115695953
142686,1936.255464,0.8679865598678589,5.993378162384033,0.1169244647026062,0.035107798874378204,0.07886727154254913,-0.15413503348827362
142706,1936.275457,0.8527063727378845,5.999800205230713,0.11758272349834442,0.0280923955142498,0.0788457989692688,-0.15350517630577087
142726,1936.295462,0.8601566553115845,5.999661922454834,0.11786982417106628,0.03004635125398636,0.07213752716779709,-0.15449845790863037
142746,1936.316457,0.8605892062187195,6.001255512237549,0.11816854774951935,0.028221670538187027,0.07240802049636841,-0.15492868423461914
142766,1936.335457,0.8615893721580505,5.98408317565918,0.11818534880876541,0.03166751191020012,0.06696216762065887,-0.15326976776123047
142786,1936.355462,0.8607678413391113,5.989362716674805,0.11821340769529343,0.031170077621936798,0.0694677010178566,-0.15082931518554688
142806,1936.376458,0.8612480759620667,5.9908671379089355,0.11824410408735275,0.028732502833008766,0.06606198102235794,-0.14902736246585846
142826,1936.395458,0.8616628646850586,5.992303848266602,0.11833123117685318,0.026128966361284256,0.06374377012252808,-0.14988252520561218
142846,1936.415467,0.8561065196990967,6.000326156616211,0.11857384443283081,0.027907591313123703,0.06886425614356995,-0.14846837520599365
142866,1936.435454,0.856586217880249,6.001898288726807,0.1188340112566948,0.03235553950071335,0.07362896203994751,-0.14797721803188324
142886,1936.455453,0.8488921523094177,5.997799396514893,0.11904919892549515,0.02524998039007187,0.07351940125226974,-0.15025918185710907
142906,1936.475453,0.8517529964447021,6.002462863922119,0.11988294124603271,0.02725093998014927,0.07534626871347427,-0.1493375152349472
142926,1936.495452,0.8642922639846802,5.986180782318115,0.12068245559930801,0.031903788447380066,0.06590083986520767,-0.1479128748178482
142946,1936.515465,0.8651054501533508,5.994017124176025,0.12141519784927368,0.030378973111510277,0.06998643279075623,-0.14705604314804077
142966,1936.535452,0.8562185168266296,5.9926018714904785,0.12206725776195526,0.023249730467796326,0.06685029715299606,-0.14945726096630096
142986,1936.555456,0.8565230369567871,5.9940667152404785,0.12235429883003235,0.021460719406604767,0.06402280181646347,-0.1521027684211731
143006,1936.575452,0.8636038303375244,5.986202239990234,0.12261461466550827,0.025644639506936073,0.059932902455329895,-0.15492410957813263
143026,1936.595448,0.8566945791244507,5.993181228637695,0.12315870076417923,0.019649256020784378,0.06521104276180267,-0.15932264924049377
143046,1936.615449,0.8569011092185974,5.99464750289917,0.12354616820812225,0.016492990776896477,0.06375405192375183,-0.16300761699676514
143066,1936.635446,0.8507608771324158,5.993624210357666,0.12378574907779694,0.01544177159667015,0.0620596781373024,-0.16257576644420624
143086,1936.655449,0.8591282367706299,5.985654354095459,0.12370739132165909,0.015044912695884705,0.06023254245519638,-0.16313746571540833
143106,1936.675449,0.8631577491760254,5.976335048675537,0.12385813146829605,0.017656732350587845,0.05959894508123398,-0.16084536910057068
143126,1936.695447,0.8552410006523132,5.984428882598877,0.12408390641212463,0.012895165011286736,0.06391655653715134,-0.16164271533489227
143146,1936.715447,0.8723373413085938,5.973687171936035,0.12415006011724472,0.018065059557557106,0.0594492107629776,-0.16308726370334625
143166,1936.735449,0.8496865034103394,5.965651988983154,0.12430794537067413,0.008072237484157085,0.05696776509284973,-0.16340698301792145
143186,1936.755445,0.8486454486846924,5.962831020355225,0.1243128627538681,0.00692006153985858,0.055941056460142136,-0.1632860153913498
143206,1936.775448,0.851352334022522,5.978140354156494,0.1246119886636734,0.007293693721294403,0.06010934337973595,-0.16364458203315735
143226,1936.795448,0.8419517278671265,5.963801383972168,0.1250699907541275,0.00017053369083441794,0.05498344451189041,-0.16381867229938507
143246,1936.815444,0.8430521488189697,5.961974143981934,0.12503603100776672,0.0025675727520138025,0.059643812477588654,-0.16087917983531952
143266,1936.835445,0.8610356450080872,5.9592204093933105,0.12483849376440048,0.012036160565912724,0.06007082015275955,-0.160070538520813
143286,1936.855445,0.8437340259552002,5.959860324859619,0.12490376830101013,0.0011533296201378107,0.05709849298000336,-0.16066135466098785
143306,1936.875443,0.866692841053009,5.95916748046875,0.12502244114875793,0.010861211456358433,0.057522960007190704,-0.15987809002399445
143326,1936.895447,0.8667585849761963,5.9604926109313965,0.12532907724380493,0.010121758095920086,0.05777459591627121,-0.16032865643501282
143346,1936.915455,0.8668509125709534,5.961801528930664,0.12559282779693604,0.012983307242393494,0.05599614605307579,-0.15864716470241547
143366,1936.935445,0.867009699344635,5.963068008422852,0.12562695145606995,0.014999386854469776,0.05587003380060196,-0.1576259583234787
143386,1936.955445,0.8671439290046692,5.964343547821045,0.12558718025684357,0.010587397962808609,0.05640015751123428,-0.15981294214725494
143406,1936.975444,0.867226243019104,5.965615749359131,0.12558667361736298,0.011599423363804817,0.0552561953663826,-0.15928737819194794
143426,1936.995443,0.8673388361930847,5.966874122619629,0.12582515180110931,0.011661181226372719,0.053571321070194244,-0.16060076653957367
143446,1937.015440,0.8673907518386841,5.968077659606934,0.12575168907642365,0.006657070014625788,0.05170590430498123,-0.1616465002298355
143466,1937.035439,0.8416787981987,5.969565391540527,0.12591391801834106,-0.004007689189165831,0.04972807690501213,-0.16292373836040497
143486,1937.055442,0.848314642906189,5.962006568908691,0.126002699136734,0.0017921453109011054,0.04811593145132065,-0.16376470029354095
143506,1937.075439,0.8637233972549438,5.966881275177002,0.12597468495368958,0.009901085868477821,0.05092420056462288,-0.16325420141220093
143526,1937.095439,0.8618260025978088,5.960829257965088,0.12584160268306732,0.00732222106307745,0.04643358290195465,-0.16195179522037506
143546,1937.115436,0.8552612662315369,5.954560279846191,0.12626953423023224,0.0013185811694711447,0.04333470016717911,-0.16123972833156586
143566,1937.135438,0.8513954281806946,5.95217752456665,0.12655577063560486,0.004809116013348103,0.045232586562633514,-0.1581401377916336
143586,1937.155440,0.8650317788124084,5.9572978019714355,0.1266358643770218,0.012873062863945961,0.04909800738096237,-0.15628699958324432
143606,1937.175437,0.8559100031852722,5.9550981521606445,0.12667085230350494,0.01129890140146017,0.049268171191215515,-0.1530144363641739
143626,1937.195430,0.865553617477417,5.959189414978027,0.12702994048595428,0.016309738159179688,0.05211203172802925,-0.1532381922006607
143646,1937.215427,0.8657097220420837,5.960393905639648,0.12725885212421417,0.012901781126856804,0.05150765925645828,-0.15412776172161102
143666,1937.235424,0.8656017184257507,5.958531856536865,0.1275492012500763,0.010303661227226257,0.04667343944311142,-0.15632325410842896
143686,1937.255431,0.8656500577926636,5.959629058837891,0.12763139605522156,0.008107377216219902,0.04775045067071915,-0.15733499825000763
143706,1937.275430,0.8657151460647583,5.960752010345459,0.12761282920837402,0.010040439665317535,0.04868145287036896,-0.15770769119262695
143726,1937.295426,0.8657836318016052,5.961886405944824,0.12787483632564545,0.010510213673114777,0.047661300748586655,-0.15592041611671448
143746,1937.315439,0.8659188151359558,5.9629998207092285,0.12800082564353943,0.015379570424556732,0.04844767600297928,-0.15237118303775787
143766,1937.335434,0.8579780459403992,5.9613165855407715,0.12805527448654175,0.0073884935118258,0.051814161241054535,-0.15343335270881653
143786,1937.355437,0.8620108962059021,5.965512275695801,0.12850847840309143,0.00485170679166913,0.05426732078194618,-0.1528717428445816
143806,1937.375438,0.8620015382766724,5.966752052307129,0.12888561189174652,0.007027377374470234,0.052178699523210526,-0.1522555649280548
143826,1937.395437,0.8619784116744995,5.967968463897705,0.12948520481586456,0.00451007392257452,0.05175862833857536,-0.15326303243637085
143846,1937.415431,0.8619378209114075,5.969164848327637,0.1297006458044052,0.0047533526085317135,0.05093211680650711,-0.15320514142513275
143866,1937.435430,0.8619175553321838,5.9703545570373535,0.13027404248714447,0.0062791346572339535,0.049623750150203705,-0.15333791077136993
143886,1937.455434,0.861879289150238,5.971500396728516,0.13068246841430664,0.0032559912651777267,0.048451997339725494,-0.15504755079746246
143906,1937.475432,0.8618249297142029,5.97265625,0.13092279434204102,0.004462644923478365,0.049748096615076065,-0.1543382704257965
143926,1937.495431,0.8617979288101196,5.973797798156738,0.13107140362262726,0.00458780862390995,0.04799420386552811,-0.15449313819408417
143946,1937.515432,0.8617411255836487,5.97490119934082,0.13120757043361664,0.0022437372244894505,0.046389564871788025,-0.15526536107063293
143966,1937.535451,0.8602775931358337,5.976838111877441,0.1315893828868866,0.002265148563310504,0.047532349824905396,-0.15588431060314178
143986,1937.555431,0.8655614852905273,5.977056980133057,0.13168440759181976,0.003246820531785488,0.05095326527953148,-0.15810325741767883
144006,1937.575437,0.8654744029045105,5.978251934051514,0.13169005513191223,0.00024976060376502573,0.05161822959780693,-0.16047151386737823
144026,1937.595431,0.8586621880531311,5.980196952819824,0.1315995156764984,-0.0035820305347442627,0.04714606702327728,-0.16174323856830597
144046,1937.615428,0.8586831092834473,5.973389148712158,0.1316494196653366,-0.0029061075765639544,0.04351110756397247,-0.16294486820697784
144066,1937.635431,0.8585101962089539,5.974463939666748,0.13185268640518188,-0.0014290357939898968,0.046890661120414734,-0.1633981466293335
144086,1937.655428,0.8583373427391052,5.975610733032227,0.13210232555866241,-0.002954924711957574,0.04933764785528183,-0.1627173125743866
144106,1937.675428,0.8581193089485168,5.976746082305908,0.13247354328632355,-0.005359417758882046,0.04523911699652672,-0.16308888792991638
144126,1937.695427,0.8605047464370728,5.970647811889648,0.13258104026317596,-0.006620129570364952,0.03713611140847206,-0.16521112620830536
144146,1937.714427,0.8602750897407532,5.971566677093506,0.13277611136436462,-0.0028780573047697544,0.03711060434579849,-0.16568797826766968
144166,1937.734425,0.8600915670394897,5.964824199676514,0.13267715275287628,-0.00011529980838531628,0.03839658200740814,-0.16584834456443787
144186,1937.754426,0.8531238436698914,5.953301429748535,0.13247427344322205,-0.003639813279733062,0.03595743328332901,-0.16490156948566437
144206,1937.774444,0.8625898957252502,5.9523396492004395,0.13207249343395233,-0.0009348433231934905,0.03245679289102554,-0.1641218215227127
144226,1937.794425,0.8466211557388306,5.938159465789795,0.1320757418870926,-0.004025780595839024,0.02418976090848446,-0.16106079518795013
144246,1937.814427,0.8464553356170654,5.938813209533691,0.13240817189216614,-0.00026362715288996696,0.02316332422196865,-0.15913723409175873
144266,1937.834422,0.8462932109832764,5.939462184906006,0.1324855089187622,-0.004374613054096699,0.02519039623439312,-0.16051022708415985
144286,1937.854425,0.846049427986145,5.940150260925293,0.13237644731998444,-0.007916540838778019,0.027619509026408195,-0.16337496042251587
144306,1937.874425,0.8457489013671875,5.940881729125977,0.13263681530952454,-0.009374058805406094,0.0266962181776762,-0.165577694773674
144326,1937.894422,0.8394542336463928,5.940457820892334,0.13285748660564423,-0.016341399401426315,0.02529744803905487,-0.16749602556228638
144346,1937.914423,0.8390050530433655,5.941135406494141,0.1328830122947693,-0.014906825497746468,0.025658175349235535,-0.16620661318302155
144366,1937.934420,0.8386340737342834,5.941854476928711,0.13287900388240814,-0.010827474296092987,0.029341597110033035,-0.16331703960895538
144386,1937.954423,0.8382863998413086,5.9426655769348145,0.13296517729759216,-0.011910045519471169,0.03490954637527466,-0.16092894971370697
144406,1937.974420,0.8378994464874268,5.943563461303711,0.13289248943328857,-0.01561567559838295,0.037812575697898865,-0.1617908626794815
144426,1937.994422,0.8481582999229431,5.946823596954346,0.13267144560813904,-0.015415702015161514,0.035491831600666046,-0.16492821276187897
144446,1938.014421,0.8417026400566101,5.939774990081787,0.13276803493499756,-0.01934707909822464,0.026852572336792946,-0.16965749859809875
144466,1938.034417,0.8436617851257324,5.942710876464844,0.13304433226585388,-0.021331753581762314,0.02807450480759144,-0.17483410239219666
144486,1938.054419,0.8430807590484619,5.9435343742370605,0.13334745168685913,-0.021957114338874817,0.034670520573854446,-0.1765788495540619
144506,1938.074421,0.8425050377845764,5.9444756507873535,0.1335534006357193,-0.02236861176788807,0.03959401696920395,-0.17716656625270844
144526,1938.094418,0.8370183706283569,5.944217681884766,0.13398194313049316,-0.02857142500579357,0.038557976484298706,-0.17632350325584412
144546,1938.114415,0.831713080406189,5.944203853607178,0.13401485979557037,-0.029127715155482292,0.03870279714465141,-0.17345686256885529
144566,1938.134417,0.8310127258300781,5.945188045501709,0.13436490297317505,-0.027200324460864067,0.039944685995578766,-0.1715506762266159
144586,1938.154420,0.8303355574607849,5.946177005767822,0.1345207542181015,-0.028296200558543205,0.039800871163606644,-0.17142516374588013
144606,1938.174421,0.8296197056770325,5.947152614593506,0.1345651000738144,-0.03015865571796894,0.039657775312662125,-0.1722271740436554
144626,1938.194416,0.8289050459861755,5.948159694671631,0.13491927087306976,-0.027426524087786674,0.04143255203962326,-0.16983386874198914
144646,1938.214418,0.8281941413879395,5.9492082595825195,0.1356981098651886,-0.02928033471107483,0.04099641367793083,-0.167739599943161
144666,1938.234414,0.8274561762809753,5.950196266174316,0.13614360988140106,-0.03046421706676483,0.03768106922507286,-0.16499300301074982
144686,1938.254419,0.826711893081665,5.951111316680908,0.1368546336889267,-0.029646046459674835,0.033226948231458664,-0.16094280779361725
144706,1938.274416,0.8260118365287781,5.951972007751465,0.13729122281074524,-0.02754962630569935,0.03472715616226196,-0.1567799597978592
144726,1938.294415,0.8253211975097656,5.952874660491943,0.13768920302391052,-0.02882685326039791,0.036402009427547455,-0.15677231550216675
144746,1938.314413,0.8187659978866577,5.951151371002197,0.13761289417743683,-0.030840283259749413,0.034548431634902954,-0.1575036197900772
144766,1938.334411,0.8180631399154663,5.952004909515381,0.13760797679424286,-0.028546541929244995,0.03474697098135948,-0.15858052670955658
144786,1938.354416,0.8173529505729675,5.95289945602417,0.1378038376569748,-0.030276868492364883,0.036525532603263855,-0.16073016822338104
144806,1938.374424,0.8166191577911377,5.9538164138793945,0.13799352943897247,-0.03138979151844978,0.036884743720293045,-0.16153940558433533
144826,1938.394422,0.8189414739608765,5.963009357452393,0.13857565820217133,-0.029576081782579422,0.04243653640151024,-0.16094261407852173
144846,1938.414414,0.818212628364563,5.964085578918457,0.13925398886203766,-0.03046049177646637,0.04364065080881119,-0.16208626329898834
144866,1938.434409,0.8174734115600586,5.965142726898193,0.13985024392604828,-0.029022185131907463,0.04120224341750145,-0.1620958000421524
144886,1938.454408,0.8162813186645508,5.966184616088867,0.1403658092021942,-0.027726203203201294,0.03848637267947197,-0.1648344099521637
144906,1938.474411,0.8144751191139221,5.957343101501465,0.1408689171075821,-0.030456148087978363,0.03579363226890564,-0.16836218535900116
144926,1938.494411,0.813718855381012,5.958298206329346,0.1415305882692337,-0.029874734580516815,0.03803557902574539,-0.17031358182430267
144946,1938.514408,0.8130046725273132,5.959255218505859,0.14180348813533783,-0.02949809841811657,0.037233948707580566,-0.17226408421993256
144966,1938.534406,0.7999526262283325,5.968712329864502,0.14216800034046173,-0.037725821137428284,0.03832061588764191,-0.17504599690437317
144986,1938.554409,0.7991068959236145,5.969664096832275,0.14252890646457672,-0.032425280660390854,0.036347366869449615,-0.17374655604362488
145006,1938.574410,0.8147538900375366,5.968865394592285,0.14321725070476532,-0.024770023301243782,0.03554149344563484,-0.17390640079975128
145026,1938.594406,0.8054507970809937,5.967926025390625,0.14372998476028442,-0.028703777119517326,0.0379042774438858,-0.17256101965904236
145046,1938.614425,0.813666820526123,5.956077575683594,0.14401690661907196,-0.02517501637339592,0.03385995328426361,-0.17430996894836426
145066,1938.634403,0.8130218386650085,5.9569315910339355,0.14423851668834686,-0.025790831074118614,0.03118070401251316,-0.1754816323518753
145086,1938.654405,0.8124292492866516,5.957721710205078,0.1442151814699173,-0.0213871281594038,0.029409188777208328,-0.17578952014446259
145106,1938.674410,0.8118935823440552,5.958517551422119,0.14430475234985352,-0.02067425474524498,0.030934305861592293,-0.17583705484867096
145126,1938.694406,0.8113370537757874,5.959353446960449,0.14459341764450073,-0.02114035189151764,0.0321216881275177,-0.1756391078233719
145146,1938.714419,0.810812771320343,5.960203647613525,0.1447058916091919,-0.018677139654755592,0.033361878246068954,-0.17533673346042633
145166,1938.734390,0.8103694915771484,5.961097240447998,0.14479510486125946,-0.0136990025639534,0.03675852715969086,-0.17233633995056152
145186,1938.754410,0.8180510401725769,5.96033239364624,0.14499199390411377,-0.012287366203963757,0.0372638963162899,-0.17391717433929443
145206,1938.774407,0.8176974058151245,5.9612603187561035,0.14505337178707123,-0.010122202336788177,0.03593623265624046,-0.17431683838367462
145226,1938.794401,0.8173806667327881,5.962170600891113,0.14467886090278625,-0.010136937722563744,0.03435216099023819,-0.17854395508766174
145246,1938.814402,0.8170766830444336,5.963076114654541,0.14448125660419464,-0.00803428515791893,0.03798646852374077,-0.17983388900756836
145266,1938.834409,0.8168380856513977,5.964038848876953,0.1443062275648117,-0.003566559636965394,0.039101019501686096,-0.18214772641658783
145286,1938.854399,0.8166958093643188,5.964987277984619,0.14406752586364746,-0.00010117569763679057,0.037541039288043976,-0.18438470363616943
145306,1938.874401,0.8165610432624817,5.965917110443115,0.14360284805297852,-0.0029224336612969637,0.037308450788259506,-0.189705953001976
145326,1938.894403,0.8164026737213135,5.966861248016357,0.14304496347904205,-0.0006616546888835728,0.03894418478012085,-0.19300885498523712
145346,1938.914398,0.8185768127441406,5.957122325897217,0.142562597990036,0.004880404099822044,0.033768028020858765,-0.19603432714939117
145366,1938.934398,0.8185461163520813,5.957995414733887,0.14222845435142517,0.0031412167008966208,0.033513687551021576,-0.20337910950183868
145386,1938.954397,0.8184735774993896,5.958843231201172,0.14137883484363556,0.001676729996688664,0.03332500904798508,-0.2112107127904892
145406,1938.974399,0.8184049129486084,5.959689140319824,0.1404476761817932,0.002609924180433154,0.032388050109148026,-0.22000230848789215
145426,1938.994399,0.8204855918884277,5.959254264831543,0.13941596448421478,0.0047385371290147305,0.029514972120523453,-0.22685293853282928
145446,1939.014396,0.817078173160553,5.961452484130859,0.13798554241657257,0.005861587356775999,0.027991915121674538,-0.2318827360868454
145466,1939.034395,0.8128291368484497,5.963720798492432,0.13617755472660065,0.008110127411782742,0.029913833364844322,-0.23596663773059845
145486,1939.054396,0.8084020614624023,5.963658332824707,0.1341439038515091,0.009808393195271492,0.03158532828092575,-0.23825982213020325
145506,1939.074399,0.8085494637489319,5.964411735534668,0.13205724954605103,0.015255477279424667,0.028474386781454086,-0.23898935317993164
145526,1939.094396,0.8088750243186951,5.965062618255615,0.12988285720348358,0.024593690410256386,0.022129470482468605,-0.23969249427318573
145546,1939.114395,0.8084746599197388,5.949056625366211,0.12790130078792572,0.02776818722486496,0.015125807374715805,-0.24439232051372528
145566,1939.134392,0.8106700778007507,5.930703639984131,0.12601152062416077,0.02920287474989891,0.01055994164198637,-0.25159215927124023
145586,1939.154389,0.8165483474731445,5.940971851348877,0.12408658862113953,0.033154767006635666,0.015955405309796333,-0.2561347782611847
145606,1939.173392,0.8236101269721985,5.930662631988525,0.12207676470279694,0.04532129317522049,0.008559983223676682,-0.2567669153213501
145626,1939.194392,0.8244727253913879,5.930983066558838,0.12014934420585632,0.050476692616939545,0.006713008042424917,-0.2575218081474304
145646,1939.213397,0.8291275501251221,5.912089824676514,0.11841820180416107,0.0569172278046608,0.0008863131515681744,-0.2602705657482147
145666,1939.233391,0.8319483995437622,5.922459125518799,0.11641596257686615,0.06339995563030243,0.008099310100078583,-0.2631647288799286
145686,1939.253399,0.8339073061943054,5.910275936126709,0.11440310627222061,0.07148346304893494,0.001619781251065433,-0.2638048827648163
145706,1939.273392,0.8345016241073608,5.920257568359375,0.11217236518859863,0.07924288511276245,0.00523321982473135,-0.26558917760849
145726,1939.293393,0.8359982967376709,5.920521259307861,0.10967427492141724,0.07894495874643326,0.004464714787900448,-0.27155154943466187
145746,1939.313391,0.8375409245491028,5.920783042907715,0.10753096640110016,0.08702726662158966,0.0033975893165916204,-0.27407652139663696
145766,1939.333389,0.8393374681472778,5.921039581298828,0.1050623208284378,0.1011650487780571,0.005269953049719334,-0.2742578089237213
145786,1939.353403,0.8307100534439087,5.918375015258789,0.10244004428386688,0.09908787161111832,0.004533933009952307,-0.2773396670818329
145806,1939.373399,0.8455196619033813,5.914919376373291,0.09972072392702103,0.10514678061008453,0.0017935300711542368,-0.2800154387950897
145826,1939.393392,0.8476595282554626,5.9151201248168945,0.09721963852643967,0.11931733042001724,0.0007303516031242907,-0.27791741490364075
145846,1939.413387,0.9059977531433105,5.9080352783203125,0.09452114254236221,0.14780735969543457,-0.004218279849737883,-0.2807605266571045
145866,1939.433387,0.9088951945304871,5.908157825469971,0.09202704578638077,0.15263840556144714,-0.001320131472311914,-0.28220057487487793
145886,1939.453395,0.9204398989677429,5.912356376647949,0.08973400294780731,0.1680951714515686,0.0004985290579497814,-0.28512027859687805
145906,1939.473384,0.9034687876701355,5.910503387451172,0.08741085976362228,0.16468702256679535,-0.001254915026947856,-0.290633887052536
145926,1939.493390,0.9005707502365112,5.901139736175537,0.08494877070188522,0.1595657616853714,-0.005831173621118069,-0.29802778363227844
145946,1939.513385,0.9036876559257507,5.90118408203125,0.08191700279712677,0.16165143251419067,-0.006137481424957514,-0.30648040771484375
145966,1939.533386,0.9068977236747742,5.901252746582031,0.07880982756614685,0.1685703545808792,-0.005445727612823248,-0.31195080280303955
145986,1939.553389,0.9421070218086243,5.932494163513184,0.07512770593166351,0.18584266304969788,0.005633901804685593,-0.3150934875011444
146006,1939.573385,0.9492092132568359,5.9058098793029785,0.07204628735780716,0.1893710196018219,-0.0038286917842924595,-0.3185741603374481
146026,1939.593386,0.9734836220741272,5.92948055267334,0.06832541525363922,0.2035658359527588,0.012210642918944359,-0.323996365070343
146046,1939.613381,0.9755274057388306,5.845710754394531,0.06535983830690384,0.20305085182189941,-0.01895049959421158,-0.3306410014629364
146066,1939.633383,0.9874750375747681,5.844421863555908,0.061506982892751694,0.20612475275993347,-0.02098134160041809,-0.33665692806243896
146086,1939.653387,1.012640118598938,5.842625141143799,0.05725009739398956,0.225142240524292,-0.021861618384718895,-0.33820080757141113
146106,1939.673405,1.004429817199707,5.855402946472168,0.05334453657269478,0.2244575470685959,-0.013082372955977917,-0.3412015438079834
146126,1939.693384,1.023642897605896,5.855587482452393,0.04938194155693054,0.2238263487815857,-0.010274956934154034,-0.3453604280948639
146146,1939.713379,1.0322515964508057,5.849052429199219,0.04551370441913605,0.22653691470623016,-0.012879674322903156,-0.34901586174964905
146166,1939.733379,1.0367450714111328,5.8489484786987305,0.04130440205335617,0.2303745448589325,-0.013994522392749786,-0.3539353013038635
146186,1939.753383,1.051530122756958,5.847411155700684,0.03686060756444931,0.23535849153995514,-0.017364224418997765,-0.3604629635810852
146206,1939.773378,1.0773851871490479,5.843380451202393,0.03252376988530159,0.24796681106090546,-0.013358524069190025,-0.3644407093524933
146226,1939.793379,1.0911589860916138,5.85321044921875,0.028504103422164917,0.25690972805023193,-0.0028350818902254105,-0.3688724637031555
146246,1939.813379,1.0873085260391235,5.848977088928223,0.024152591824531555,0.24531298875808716,-0.002996511524543166,-0.3796672224998474
146266,1939.833378,1.0990437269210815,5.843827724456787,0.0194415170699358,0.2451099157333374,-0.009376779198646545,-0.38465651869773865
146286,1939.853380,1.1186280250549316,5.841075420379639,0.014796136878430843,0.2647938132286072,-0.016248302534222603,-0.3830980062484741
146306,1939.873377,1.121384620666504,5.847138404846191,0.010213668458163738,0.2742692828178406,-0.011507054790854454,-0.3811347186565399
146326,1939.893375,1.131856083869934,5.844233989715576,0.00570047739893198,0.2786036431789398,-0.008574281819164753,-0.3805861175060272
146346,1939.913373,1.1356173753738403,5.835652828216553,0.0011308916145935655,0.27692991495132446,-0.007089116610586643,-0.3854311406612396
146366,1939.933373,1.144299864768982,5.838319301605225,-0.003869696520268917,0.27448466420173645,-0.00654978770762682,-0.3931276202201843
146386,1939.953394,1.1504883766174316,5.821834564208984,-0.008563761599361897,0.27389806509017944,-0.015247898176312447,-0.39429035782814026
146406,1939.973373,1.1663551330566406,5.836696147918701,-0.01368128601461649,0.2799101173877716,-0.005494579207152128,-0.3937862813472748
146426,1939.993373,1.1791239976882935,5.831162452697754,-0.018788184970617294,0.2857740819454193,-0.003519506426528096,-0.38924548029899597
146446,1940.013374,1.1835302114486694,5.836197853088379,-0.02374120056629181,0.29048606753349304,-0.0025314476806670427,-0.3840993642807007
146466,1940.033370,1.1809669733047485,5.831606864929199,-0.028710823506116867,0.29105517268180847,-0.001782071776688099,-0.38098204135894775
146486,1940.053379,1.2122516632080078,5.8347039222717285,-0.03371491655707359,0.30225875973701477,0.0006639863131567836,-0.37884625792503357
146506,1940.073372,1.2029457092285156,5.841206073760986,-0.03843589872121811,0.2982223331928253,0.005739782936871052,-0.3763637840747833
146526,1940.093370,1.203697919845581,5.839762210845947,-0.04325786232948303,0.30617401003837585,0.0037253410555422306,-0.3698095381259918
146546,1940.113382,1.2445993423461914,5.839940071105957,-0.048047974705696106,0.3245066702365875,0.00730771804228425,-0.3650709390640259
146566,1940.133368,1.2506293058395386,5.835118770599365,-0.05252071097493172,0.3123311698436737,0.0028536838945001364,-0.3646393120288849
146586,1940.153372,1.2567588090896606,5.835304260253906,-0.056765299290418625,0.3089650571346283,-0.0028550459537655115,-0.36295586824417114
146606,1940.173370,1.2774708271026611,5.842718124389648,-0.060773156583309174,0.32440733909606934,-0.006323907524347305,-0.35870182514190674
146626,1940.193370,1.2929915189743042,5.828714370727539,-0.06470905989408493,0.32819029688835144,-0.01169149111956358,-0.3532063663005829
146646,1940.213365,1.3065314292907715,5.827704429626465,-0.06876774877309799,0.33981382846832275,0.0007104107062332332,-0.3427314758300781
146666,1940.233363,1.3092745542526245,5.851024627685547,-0.07258394360542297,0.3391527831554413,0.016716886311769485,-0.33748412132263184
146686,1940.253374,1.3065916299819946,5.835346221923828,-0.0763506293296814,0.33458632230758667,0.0036141364835202694,-0.33060553669929504
146706,1940.273366,1.3204387426376343,5.8366804122924805,-0.08037247508764267,0.3309297263622284,-2.6384516331745544e-06,-0.3304506838321686
146726,1940.293366,1.3074439764022827,5.839170455932617,-0.08450322598218918,0.3122815787792206,0.004478934220969677,-0.329649418592453
146746,1940.313366,1.3257554769515991,5.8343963623046875,-0.08804898709058762,0.3249072730541229,0.010341918095946312,-0.3184088170528412
146766,1940.333362,1.347469687461853,5.836744785308838,-0.09135183691978455,0.3356415927410126,0.016280168667435646,-0.3076227307319641
146786,1940.353375,1.3601375818252563,5.837301731109619,-0.09431368857622147,0.3339603543281555,0.020193707197904587,-0.30049169063568115
146806,1940.373388,1.3543723821640015,5.849698543548584,-0.09743218868970871,0.3098611831665039,0.02452961355447769,-0.2998361885547638
146826,1940.393365,1.3640122413635254,5.849931240081787,-0.10063599795103073,0.30453523993492126,0.014910266734659672,-0.29850390553474426
146846,1940.413365,1.3717677593231201,5.839885711669922,-0.10369736701250076,0.3071824908256531,-0.000740231538657099,-0.2926582396030426
146866,1940.433360,1.3777639865875244,5.834371566772461,-0.10664403438568115,0.30178576707839966,-0.0037940272595733404,-0.2844734489917755
146886,1940.453369,1.3779160976409912,5.838205814361572,-0.10946869105100632,0.2986588180065155,0.0035446209367364645,-0.278658002614975
146906,1940.473362,1.3901560306549072,5.842423915863037,-0.11203856021165848,0.29905596375465393,0.010023429989814758,-0.27620041370391846
146926,1940.493362,1.410923957824707,5.846280574798584,-0.1144048422574997,0.2878098487854004,0.010300259105861187,-0.28135764598846436
146946,1940.513363,1.4002677202224731,5.850780010223389,-0.11690966039896011,0.27179309725761414,-0.002527782693505287,-0.28291672468185425
146966,1940.533360,1.4104591608047485,5.8500823974609375,-0.11929451674222946,0.27730581164360046,-0.009672469459474087,-0.28154540061950684
146986,1940.553415,1.420937418937683,5.849475860595703,-0.12176518887281418,0.28140580654144287,-0.011459960602223873,-0.2765817642211914
147006,1940.573361,1.4292023181915283,5.846591949462891,-0.12423314154148102,0.27284741401672363,-0.009966656565666199,-0.27071577310562134
147026,1940.593359,1.4224324226379395,5.840022563934326,-0.1269906759262085,0.25856512784957886,-0.020938938483595848,-0.26581263542175293
147046,1940.613359,1.4365618228912354,5.8372602462768555,-0.12925127148628235,0.2601642906665802,-0.022259145975112915,-0.2634051740169525
147066,1940.632355,1.4434679746627808,5.831570148468018,-0.13163499534130096,0.2644086182117462,-0.02636401169002056,-0.2610868513584137
147086,1940.652356,1.438138484954834,5.839282512664795,-0.13400782644748688,0.2552691698074341,-0.01663176529109478,-0.26085731387138367
147106,1940.672358,1.4568216800689697,5.834784030914307,-0.13582415878772736,0.2551383674144745,-0.017337828874588013,-0.25743037462234497
147126,1940.692359,1.4699270725250244,5.834835052490234,-0.1377280205488205,0.2529955506324768,-0.01335043366998434,-0.25187018513679504
147146,1940.712357,1.4676040410995483,5.832507133483887,-0.13990138471126556,0.2394799441099167,-0.012228431180119514,-0.24785305559635162
147166,1940.732355,1.472219705581665,5.832457065582275,-0.14175595343112946,0.227245032787323,-0.011662852019071579,-0.24952185153961182
147186,1940.752353,1.4753215312957764,5.832913875579834,-0.14358022809028625,0.22865641117095947,-0.0038153163623064756,-0.24734492599964142
147206,1940.772353,1.5066752433776855,5.831472873687744,-0.1446702927350998,0.24604257941246033,0.004297876730561256,-0.24573925137519836
147226,1940.792358,1.5062453746795654,5.826081275939941,-0.14698554575443268,0.22665315866470337,0.003427725750952959,-0.24646921455860138
147246,1940.812362,1.5187883377075195,5.826235771179199,-0.14864875376224518,0.21683908998966217,-0.00014507486775983125,-0.2461908757686615
147266,1940.832355,1.5319066047668457,5.825164318084717,-0.15062086284160614,0.21333681046962738,-0.00481359614059329,-0.2492694854736328
147286,1940.852351,1.5352849960327148,5.820706844329834,-0.15274347364902496,0.19692394137382507,0.0021282772067934275,-0.2566797137260437
147306,1940.872352,1.5347291231155396,5.822465896606445,-0.1548515409231186,0.18185654282569885,0.007306104525923729,-0.26177778840065
147326,1940.892361,1.5361992120742798,5.824867248535156,-0.15723256766796112,0.17874230444431305,0.009138998575508595,-0.2575341761112213
147346,1940.912352,1.5396136045455933,5.825170993804932,-0.1597636342048645,0.16521470248699188,0.00391142163425684,-0.2486906349658966
147366,1940.932353,1.5419070720672607,5.821564674377441,-0.1622179001569748,0.14774800837039948,-0.009976875968277454,-0.24264052510261536
147386,1940.952350,1.5447888374328613,5.821503162384033,-0.16431774199008942,0.14659328758716583,-0.011859480291604996,-0.2349022775888443
147406,1940.972349,1.5439038276672363,5.819080352783203,-0.16643276810646057,0.14143796265125275,-0.011117305606603622,-0.2284650206565857
147426,1940.992354,1.5466252565383911,5.819113254547119,-0.16806931793689728,0.13632909953594208,-0.0036447709426283836,-0.21828775107860565
147446,1941.012348,1.549290418624878,5.8192009925842285,-0.16951005160808563,0.13427579402923584,-0.00611586170271039,-0.21009686589241028
147466,1941.032350,1.5476633310317993,5.822810649871826,-0.17096738517284393,0.12244619429111481,-0.00882196705788374,-0.20273457467556
147486,1941.052292,1.5489064455032349,5.827117443084717,-0.17221280932426453,0.11412709206342697,-0.008808140642940998,-0.19014576077461243
147506,1941.072289,1.551108717918396,5.827077388763428,-0.1730583757162094,0.10986382514238358,-0.013248229399323463,-0.17862309515476227
147526,1941.092311,1.553180456161499,5.826929092407227,-0.17348578572273254,0.10316962748765945,-0.02042499929666519,-0.17182716727256775
147546,1941.112315,1.555191993713379,5.826691627502441,-0.17392607033252716,0.10301298648118973,-0.020694339647889137,-0.1686943620443344
147566,1941.132317,1.5548611879348755,5.829413890838623,-0.1745205819606781,0.10785108804702759,-0.016511021181941032,-0.16457600891590118
147586,1941.152312,1.5570151805877686,5.82925271987915,-0.17525959014892578,0.10957230627536774,-0.014607862569391727,-0.16026507318019867
147606,1941.172314,1.5538411140441895,5.8250555992126465,-0.17619073390960693,0.10326080769300461,-0.012319985777139664,-0.1572883278131485
147626,1941.192312,1.5547454357147217,5.821396350860596,-0.17695032060146332,0.11239270120859146,-0.011728757061064243,-0.1565508097410202
147646,1941.212305,1.5570011138916016,5.821295261383057,-0.17776253819465637,0.1152627170085907,-0.01322264689952135,-0.16213874518871307
147666,1941.232307,1.5591998100280762,5.821122646331787,-0.17867684364318848,0.10785800218582153,-0.01936769112944603,-0.16905203461647034
147686,1941.252305,1.561301350593567,5.820878505706787,-0.17962327599525452,0.10728001594543457,-0.01902262307703495,-0.170683354139328
147706,1941.272303,1.5634557008743286,5.820685863494873,-0.1809511035680771,0.11178235709667206,-0.013236507773399353,-0.1687242090702057
147726,1941.292307,1.5657037496566772,5.8205790519714355,-0.18226508796215057,0.11535359919071198,-0.011053595691919327,-0.17070554196834564
147746,1941.312324,1.5641494989395142,5.817036151885986,-0.18376687169075012,0.11610592901706696,-0.01406853087246418,-0.17395618557929993
147766,1941.332309,1.5586574077606201,5.810880661010742,-0.18562571704387665,0.11384379118680954,-0.014107825234532356,-0.1768539696931839
147786,1941.352309,1.5608302354812622,5.810769081115723,-0.18720783293247223,0.10614290833473206,-0.01015848945826292,-0.17988431453704834
147806,1941.372306,1.5654733180999756,5.810027122497559,-0.18872058391571045,0.10457413643598557,-0.011980037204921246,-0.17743635177612305
147826,1941.392309,1.5675675868988037,5.809896469116211,-0.18991950154304504,0.10850276798009872,-0.01468037161976099,-0.17479661107063293
147846,1941.412344,1.5651766061782837,5.807025909423828,-0.1912337988615036,0.10329414904117584,-0.01164635457098484,-0.17990997433662415
147866,1941.432340,1.5671731233596802,5.806988716125488,-0.1924816220998764,0.10082527995109558,-0.007089333143085241,-0.18474949896335602
147886,1941.452340,1.5685505867004395,5.812622547149658,-0.19408725202083588,0.1008860170841217,0.0012280849041417241,-0.18359465897083282
147906,1941.472341,1.5695176124572754,5.81544303894043,-0.1954375058412552,0.10423703491687775,0.007906841114163399,-0.1813095659017563
147926,1941.492342,1.571592092514038,5.815717697143555,-0.19693532586097717,0.10505122691392899,0.005213868338614702,-0.18368132412433624
147946,1941.512354,1.5703002214431763,5.819610118865967,-0.19864703714847565,0.09724747389554977,0.005039121024310589,-0.18730251491069794
147966,1941.532338,1.5722347497940063,5.819851875305176,-0.20007728040218353,0.10130682587623596,0.004697536118328571,-0.1891103982925415
147986,1941.552337,1.574262022972107,5.820086479187012,-0.20151911675930023,0.10357563942670822,0.003554558614268899,-0.19332820177078247
148006,1941.572339,1.574918270111084,5.8243327140808105,-0.20310068130493164,0.09985515475273132,0.003517847042530775,-0.1950119137763977
148026,1941.592342,1.5723425149917603,5.829108238220215,-0.20477750897407532,0.10081520676612854,0.0007149938028305769,-0.19474706053733826
148046,1941.612333,1.574360728263855,5.829284191131592,-0.20640413463115692,0.1039665937423706,0.0030522558372467756,-0.1957971453666687
148066,1941.632334,1.5709792375564575,5.825860500335693,-0.2082521766424179,0.09943253546953201,0.0012704464606940746,-0.19885902106761932
148086,1941.652335,1.5631459951400757,5.833148956298828,-0.21026474237442017,0.0882304385304451,-0.0044769481755793095,-0.20326276123523712
148106,1941.672334,1.5642765760421753,5.829199314117432,-0.21220509707927704,0.08231610804796219,-0.014712964184582233,-0.20550349354743958
148126,1941.692343,1.5620943307876587,5.828998565673828,-0.21395722031593323,0.08412160724401474,-0.013267027214169502,-0.2058456540107727
148146,1941.712344,1.5638017654418945,5.828885078430176,-0.2159133106470108,0.08849269151687622,-0.011812703683972359,-0.20540238916873932
148166,1941.732333,1.560512661933899,5.825740814208984,-0.2178809940814972,0.08248898386955261,-0.013198072090744972,-0.20477403700351715
148186,1941.752334,1.5548913478851318,5.8267316818237305,-0.21934205293655396,0.08011417835950851,-0.014790071174502373,-0.2050001621246338
148206,1941.772342,1.556357979774475,5.831059455871582,-0.2207334041595459,0.08306925743818283,-0.010869987308979034,-0.20422965288162231
148226,1941.792338,1.5579380989074707,5.830953598022461,-0.2219972014427185,0.07994789630174637,-0.017162267118692398,-0.20234225690364838
148246,1941.812338,1.5596250295639038,5.830726623535156,-0.22365280985832214,0.08487329632043839,-0.019911887124180794,-0.19571717083454132
148266,1941.832329,1.5581839084625244,5.827389240264893,-0.22490885853767395,0.0857911929488182,-0.020678268745541573,-0.1927889883518219
148286,1941.852328,1.5598238706588745,5.827126502990723,-0.22621464729309082,0.08163768798112869,-0.022252295166254044,-0.19305644929409027
148306,1941.872329,1.5603280067443848,5.8239641189575195,-0.22784000635147095,0.0818861871957779,-0.023972762748599052,-0.19280429184436798
148326,1941.892334,1.5607149600982666,5.821044921875,-0.22957205772399902,0.08228188008069992,-0.02569086104631424,-0.19451703131198883
148346,1941.912345,1.5589385032653809,5.808372974395752,-0.23144038021564484,0.07556986063718796,-0.03430541232228279,-0.19479675590991974
148366,1941.932328,1.5604288578033447,5.807816505432129,-0.2334160953760147,0.07828646153211594,-0.032638877630233765,-0.19003023207187653
148386,1941.952329,1.563270092010498,5.809106826782227,-0.23503929376602173,0.0825752466917038,-0.02824978716671467,-0.18738046288490295
148406,1941.972330,1.5648183822631836,5.8086957931518555,-0.2368495762348175,0.07488799840211868,-0.025671547278761864,-0.1885642558336258
148426,1941.992334,1.5662838220596313,5.808287620544434,-0.23846951127052307,0.07627057284116745,-0.02996675670146942,-0.1871235966682434
148446,1942.012337,1.5663988590240479,5.804649353027344,-0.2400442212820053,0.07900061458349228,-0.03603794425725937,-0.18677182495594025
148466,1942.032326,1.5689196586608887,5.8056254386901855,-0.2417014092206955,0.07576186954975128,-0.029653972014784813,-0.187139093875885
148486,1942.052326,1.5703604221343994,5.805237770080566,-0.243316188454628,0.07326551526784897,-0.022406157106161118,-0.1848817616701126
148506,1942.072325,1.5679991245269775,5.805595874786377,-0.24484936892986298,0.07935405522584915,-0.016270725056529045,-0.18136848509311676
148526,1942.092347,1.5695117712020874,5.805875301361084,-0.24636639654636383,0.07948534190654755,-0.01685679517686367,-0.182891383767128
148546,1942.112339,1.5722699165344238,5.806776523590088,-0.24606221914291382,0.07645616680383682,-0.017644811421632767,-0.18409596383571625
148566,1942.131327,1.5736967325210571,5.80649995803833,-0.2477736622095108,0.07032255083322525,-0.02336876466870308,-0.18610557913780212
148586,1942.152322,1.5727415084838867,5.803648471832275,-0.2495073527097702,0.07072010636329651,-0.02745901234447956,-0.18772651255130768
148606,1942.172325,1.5698760747909546,5.803686141967773,-0.2515098452568054,0.06720317155122757,-0.023391684517264366,-0.19083182513713837
148626,1942.191345,1.5711779594421387,5.80341911315918,-0.25302550196647644,0.06648068875074387,-0.018987420946359634,-0.19419240951538086
148646,1942.212322,1.5671716928482056,5.801541328430176,-0.2543678283691406,0.06552523374557495,-0.018773838877677917,-0.19395661354064941
148666,1942.231322,1.5684924125671387,5.80128812789917,-0.25559481978416443,0.07059652358293533,-0.02401302568614483,-0.1909920871257782
148686,1942.251320,1.5713860988616943,5.802459716796875,-0.25638532638549805,0.06830889731645584,-0.025882216170430183,-0.19495294988155365
148706,1942.271322,1.572691798210144,5.80212926864624,-0.25756901502609253,0.06813497096300125,-0.02495957352221012,-0.1951240748167038
148726,1942.292330,1.5740691423416138,5.801794052124023,-0.25885701179504395,0.07169245183467865,-0.025899499654769897,-0.19573743641376495
148746,1942.311321,1.5754141807556152,5.80141544342041,-0.2604038715362549,0.06627881526947021,-0.02721857838332653,-0.19627714157104492
148766,1942.331322,1.576694369316101,5.8010149002075195,-0.26215818524360657,0.06526024639606476,-0.02714790590107441,-0.19636864960193634
148786,1942.352319,1.5746567249298096,5.797792434692383,-0.26382651925086975,0.06653282046318054,-0.02840602584183216,-0.19589725136756897
148806,1942.371320,1.5748815536499023,5.802096366882324,-0.26514163613319397,0.06728129833936691,-0.02390439435839653,-0.1968967467546463
148826,1942.392324,1.5762146711349487,5.801807403564453,-0.2663947641849518,0.07057879120111465,-0.02243708074092865,-0.19600588083267212
148846,1942.411318,1.5803641080856323,5.797170162200928,-0.26767104864120483,0.07087746262550354,-0.025606969371438026,-0.197810560464859
148866,1942.431318,1.5799356698989868,5.793758392333984,-0.2691342830657959,0.06787585467100143,-0.027344275265932083,-0.19974100589752197
148886,1942.451315,1.579639196395874,5.78994607925415,-0.2706454396247864,0.06751790642738342,-0.031153345480561256,-0.20181961357593536
148906,1942.471317,1.580933690071106,5.78948450088501,-0.27230313420295715,0.06443730741739273,-0.030479993671178818,-0.20226097106933594
148926,1942.492323,1.582176685333252,5.789083480834961,-0.27379798889160156,0.06440626084804535,-0.025229988619685173,-0.20163539052009583
148946,1942.512314,1.5834541320800781,5.788829326629639,-0.2752665579319,0.06621132045984268,-0.018061188980937004,-0.20107097923755646
148966,1942.532315,1.5847505331039429,5.788636684417725,-0.2767343819141388,0.06733991950750351,-0.018704216927289963,-0.20133912563323975
148986,1942.552316,1.5860674381256104,5.788401126861572,-0.2784315347671509,0.06632482260465622,-0.020083565264940262,-0.2034461796283722
149006,1942.571315,1.5872939825057983,5.788165092468262,-0.2801439166069031,0.059154510498046875,-0.019249292090535164,-0.20458054542541504
149026,1942.592320,1.5907351970672607,5.792129993438721,-0.281821608543396,0.059539418667554855,-0.018074696883559227,-0.20194180309772491
149046,1942.611314,1.591961145401001,5.79197359085083,-0.283249169588089,0.06594739854335785,-0.01418377086520195,-0.19732119143009186
149066,1942.632313,1.5932658910751343,5.791861057281494,-0.284675270318985,0.0675542950630188,-0.014546101912856102,-0.19434498250484467
149086,1942.651311,1.5910571813583374,5.789412975311279,-0.28632286190986633,0.06205397844314575,-0.01997116021811962,-0.1951075792312622
149106,1942.671311,1.5921807289123535,5.789166450500488,-0.28785547614097595,0.05389697477221489,-0.020029833540320396,-0.19814899563789368
149126,1942.691312,1.5932070016860962,5.788935661315918,-0.2895338833332062,0.05242716148495674,-0.018422767519950867,-0.20015506446361542
149146,1942.712311,1.594241738319397,5.788725852966309,-0.29112911224365234,0.05391152575612068,-0.01883203536272049,-0.20029622316360474
149166,1942.731308,1.594101905822754,5.7918381690979,-0.29279428720474243,0.05276276171207428,-0.01791723072528839,-0.19998550415039062
149186,1942.752314,1.5927577018737793,5.79217529296875,-0.2944013774394989,0.050873737782239914,-0.017337974160909653,-0.19857703149318695
149206,1942.771311,1.5922975540161133,5.78849983215332,-0.29592210054397583,0.05183414742350578,-0.02087695337831974,-0.19812853634357452
149226,1942.791310,1.590702772140503,5.780383586883545,-0.2975216805934906,0.048778947442770004,-0.029944971203804016,-0.20163989067077637
149246,1942.812308,1.5916578769683838,5.779914379119873,-0.2994609773159027,0.049202028661966324,-0.029187766835093498,-0.20477613806724548
149266,1942.832309,1.5909456014633179,5.783991813659668,-0.30181148648262024,0.0448027029633522,-0.02145465463399887,-0.21034054458141327
149286,1942.851305,1.5919052362442017,5.783710956573486,-0.3040695786476135,0.04972853884100914,-0.0200163796544075,-0.21239827573299408
149306,1942.872306,1.590193510055542,5.780725002288818,-0.30595502257347107,0.047716882079839706,-0.027429213747382164,-0.21681436896324158
149326,1942.892304,1.5909322500228882,5.778812885284424,-0.30815058946609497,0.04137730598449707,-0.02882728911936283,-0.22072380781173706
149346,1942.912306,1.5877022743225098,5.774785995483398,-0.31038302183151245,0.04038678854703903,-0.025373805314302444,-0.22023528814315796
149366,1942.932302,1.5865954160690308,5.764926433563232,-0.31260713934898376,0.04011029750108719,-0.03159646317362785,-0.22012484073638916
149386,1942.951315,1.5820286273956299,5.764678478240967,-0.31453409790992737,0.03715168684720993,-0.03420863673090935,-0.2189273238182068
149406,1942.971310,1.5810935497283936,5.769968509674072,-0.31648167967796326,0.03907568380236626,-0.03160246089100838,-0.21690814197063446
149426,1942.992298,1.5825210809707642,5.770591735839844,-0.31823307275772095,0.03815570846199989,-0.025889795273542404,-0.21528680622577667
149446,1943.011295,1.578922986984253,5.770936012268066,-0.3201225996017456,0.033434681594371796,-0.028209151700139046,-0.21585451066493988
149466,1943.031294,1.575166940689087,5.7662763595581055,-0.32201313972473145,0.030639145523309708,-0.03303846716880798,-0.21291707456111908
149486,1943.051302,1.5792049169540405,5.76561975479126,-0.3238166272640228,0.036417156457901,-0.03220721706748009,-0.2098962366580963
149506,1943.071304,1.5836663246154785,5.764271259307861,-0.32572656869888306,0.03676643595099449,-0.028437651693820953,-0.2084445059299469
149526,1943.092302,1.5844025611877441,5.7638115882873535,-0.3276858627796173,0.04067956283688545,-0.03307407349348068,-0.20591513812541962
149546,1943.112301,1.5852179527282715,5.76324987411499,-0.32965168356895447,0.042122211307287216,-0.037105850875377655,-0.20455984771251678
149566,1943.131300,1.5859761238098145,5.762661457061768,-0.33161014318466187,0.035708554089069366,-0.03547663986682892,-0.20587016642093658
149586,1943.151307,1.5836411714553833,5.76189661026001,-0.3335092067718506,0.03481341153383255,-0.032853636890649796,-0.20383276045322418
149606,1943.172299,1.5843682289123535,5.761402130126953,-0.33542361855506897,0.03896458074450493,-0.03167850524187088,-0.20201216638088226
149626,1943.190299,1.5850868225097656,5.760890960693359,-0.3375304043292999,0.034880638122558594,-0.03277505561709404,-0.20334596931934357
149646,1943.212298,1.5857456922531128,5.760373592376709,-0.3395896553993225,0.03414415940642357,-0.03211214765906334,-0.2032250612974167
149666,1943.232296,1.585716724395752,5.755058288574219,-0.3414252698421478,0.03625074774026871,-0.03491217643022537,-0.19900450110435486
149686,1943.252334,1.5864083766937256,5.754520416259766,-0.3431614935398102,0.03516257926821709,-0.033384017646312714,-0.1976270228624344
149706,1943.272298,1.5859078168869019,5.749946117401123,-0.3451080024242401,0.03161884844303131,-0.03173569217324257,-0.19931219518184662
149726,1943.290299,1.5864143371582031,5.754262924194336,-0.3471440374851227,0.025467272847890854,-0.025827502831816673,-0.20191611349582672
149746,1943.312296,1.5843385457992554,5.753483772277832,-0.3490041494369507,0.026013962924480438,-0.027115345001220703,-0.19910478591918945
149766,1943.332292,1.586133599281311,5.750316143035889,-0.3507530391216278,0.02957967109978199,-0.024705249816179276,-0.1967371702194214
149786,1943.351305,1.5807976722717285,5.750419616699219,-0.3526896834373474,0.022289272397756577,-0.019175361841917038,-0.19592724740505219
149806,1943.371300,1.587803602218628,5.7517242431640625,-0.35452356934547424,0.025945642963051796,-0.01770762726664543,-0.19460013508796692
149826,1943.392295,1.5883148908615112,5.751476764678955,-0.3563031256198883,0.02617318369448185,-0.020937666296958923,-0.19326917827129364
149846,1943.411294,1.5840591192245483,5.749797344207764,-0.3579661548137665,0.019036831334233284,-0.016648216173052788,-0.1920822113752365
149866,1943.431292,1.583508014678955,5.753384113311768,-0.3596685528755188,0.02402898482978344,-0.0075139934197068214,-0.1871834099292755
149886,1943.451292,1.5867900848388672,5.752413272857666,-0.3609165847301483,0.022710628807544708,-0.011617152951657772,-0.18646012246608734
149906,1943.471293,1.583367109298706,5.752089977264404,-0.36234134435653687,0.01810910552740097,-0.021525491029024124,-0.18797358870506287
149926,1943.492292,1.5871995687484741,5.752678394317627,-0.363798588514328,0.01954103820025921,-0.02193906530737877,-0.1910274475812912
149946,1943.510291,1.5875381231307983,5.752467155456543,-0.3654845654964447,0.0176423080265522,-0.013828658498823643,-0.19163532555103302
149966,1943.530290,1.5873103141784668,5.755044460296631,-0.3671167492866516,0.022477559745311737,-0.008816965855658054,-0.19016630947589874
149986,1943.550291,1.5877416133880615,5.754985809326172,-0.3688396215438843,0.021341459825634956,-0.01187457051128149,-0.19245776534080505
150006,1943.570292,1.5880811214447021,5.75485897064209,-0.37050458788871765,0.015533351339399815,-0.015943635255098343,-0.19636669754981995
150026,1943.590310,1.5839849710464478,5.751130104064941,-0.37210795283317566,0.011766968294978142,-0.023790910840034485,-0.19957426190376282
150046,1943.610284,1.5880568027496338,5.751287937164307,-0.3732982277870178,0.014789019711315632,-0.022667303681373596,-0.2024971842765808
150066,1943.630290,1.5883142948150635,5.751059532165527,-0.37468865513801575,0.014397398568689823,-0.018861111253499985,-0.20580019056797028
150086,1943.650287,1.5843265056610107,5.754257678985596,-0.3761165142059326,0.014202401041984558,-0.011634250171482563,-0.20462778210639954
150106,1943.670295,1.5880800485610962,5.752714157104492,-0.377461314201355,0.014547022990882397,-0.0157460980117321,-0.204530730843544
150126,1943.690285,1.5894505977630615,5.753949165344238,-0.37888967990875244,0.01114281453192234,-0.021518327295780182,-0.20583701133728027
150146,1943.710287,1.5860525369644165,5.757399082183838,-0.38056233525276184,0.011904235929250717,-0.020096544176340103,-0.20510967075824738
150166,1943.730286,1.5898025035858154,5.7559614181518555,-0.38204845786094666,0.015889625996351242,-0.021637946367263794,-0.20376604795455933
150186,1943.750285,1.5856654644012451,5.7557597160339355,-0.3837319016456604,0.010521967895328999,-0.02160089649260044,-0.20393766462802887
150206,1943.770290,1.5857337713241577,5.752267837524414,-0.3856041729450226,0.013317310251295567,-0.023551765829324722,-0.20332743227481842
150226,1943.790308,1.5894010066986084,5.755424976348877,-0.3874627947807312,0.016150187700986862,-0.01937286928296089,-0.20429058372974396
150246,1943.810283,1.585851788520813,5.754265785217285,-0.38924965262413025,0.012068058364093304,-0.021378858014941216,-0.2038896232843399
150266,1943.830289,1.5866048336029053,5.758509159088135,-0.39115265011787415,0.012853852473199368,-0.020173722878098488,-0.20286819338798523
150286,1943.850285,1.5833901166915894,5.753339767456055,-0.3929586410522461,0.012065049260854721,-0.023185204714536667,-0.2023368775844574
150306,1943.870290,1.584476351737976,5.756149768829346,-0.3948873281478882,0.01866832748055458,-0.021464092656970024,-0.19661003351211548
150326,1943.890284,1.5866130590438843,5.756758213043213,-0.3966512084007263,0.016617730259895325,-0.019625920802354813,-0.19459599256515503
150346,1943.910284,1.5867489576339722,5.752879619598389,-0.3984512388706207,0.015473419800400734,-0.01604941301047802,-0.1944422870874405
150366,1943.930288,1.5857453346252441,5.750051498413086,-0.3999841809272766,0.017783282324671745,-0.019421368837356567,-0.19297035038471222
150386,1943.950293,1.585167407989502,5.753634929656982,-0.401557594537735,0.014291106723248959,-0.022155363112688065,-0.19279299676418304
150406,1943.970276,1.5853962898254395,5.753359794616699,-0.4029414653778076,0.011751982383430004,-0.02161528915166855,-0.19375234842300415
150426,1943.990286,1.5856212377548218,5.753127574920654,-0.4044427275657654,0.01320139691233635,-0.01888369768857956,-0.19535014033317566
150446,1944.010279,1.5844584703445435,5.748553276062012,-0.4060446619987488,0.010018435306847095,-0.0203297920525074,-0.19718118011951447
150466,1944.030279,1.586030125617981,5.758955001831055,-0.40745779871940613,0.006996341980993748,-0.014504608698189259,-0.2009963095188141
150486,1944.050279,1.586209774017334,5.749986171722412,-0.4087822139263153,0.006175885908305645,-0.01935495249927044,-0.20326688885688782
150506,1944.070297,1.5857430696487427,5.7493391036987305,-0.41006386280059814,0.002423476194962859,-0.017616869881749153,-0.2051011472940445
150526,1944.090284,1.5900075435638428,5.749382495880127,-0.4113679528236389,0.003433651989325881,-0.022774187847971916,-0.20574791729450226
150546,1944.110276,1.586249828338623,5.751284599304199,-0.4130697250366211,-0.004302584566175938,-0.024068357422947884,-0.21019408106803894
150566,1944.130274,1.586153268814087,5.750861644744873,-0.41730934381484985,-0.00458426121622324,-0.018117966130375862,-0.21333833038806915
150586,1944.150280,1.582559585571289,5.750697135925293,-0.4191085994243622,-0.006732237059623003,-0.017611606046557426,-0.2132243812084198
150606,1944.170283,1.5823708772659302,5.750479221343994,-0.42102184891700745,-0.009783807210624218,-0.01998005248606205,-0.2141043245792389
150626,1944.190280,1.5757406949996948,5.751781463623047,-0.4230485260486603,-0.013965361751616001,-0.013947153463959694,-0.2154151052236557
150646,1944.210277,1.5729762315750122,5.749933242797852,-0.4247400462627411,-0.01314439158886671,-0.011592603288590908,-0.21375466883182526
150666,1944.230277,1.572676181793213,5.749880790710449,-0.4262312054634094,-0.014612222090363503,-0.013769008219242096,-0.21114584803581238
150686,1944.250277,1.572359561920166,5.749753952026367,-0.4280734062194824,-0.013773908838629723,-0.014556358568370342,-0.2092316448688507
150706,1944.270282,1.5723934173583984,5.7462849617004395,-0.4296068549156189,-0.010395729914307594,-0.011893143877387047,-0.2088180035352707
150726,1944.290315,1.5724031925201416,5.748982906341553,-0.43106648325920105,-0.012089972384274006,-0.011875092051923275,-0.20860838890075684
150746,1944.310268,1.5721142292022705,5.748915672302246,-0.4324278235435486,-0.01361282542347908,-0.014153755269944668,-0.2074819803237915
150766,1944.330264,1.573093295097351,5.748921871185303,-0.4337880313396454,-0.01358273345977068,-0.010663997381925583,-0.2088976353406906
150786,1944.350264,1.5727767944335938,5.748887538909912,-0.43534329533576965,-0.014898465014994144,-0.012843426316976547,-0.2090788036584854
150806,1944.370268,1.568486213684082,5.7504682540893555,-0.4369086027145386,-0.016712242737412453,-0.015339253470301628,-0.20681510865688324
150826,1944.390291,1.5681371688842773,5.750378608703613,-0.4383782744407654,-0.015071769244968891,-0.011342691257596016,-0.20408445596694946
150846,1944.410232,1.567832112312317,5.750387668609619,-0.43997693061828613,-0.013735692948102951,-0.0065721566788852215,-0.2031782865524292
150866,1944.430269,1.5707728862762451,5.749145030975342,-0.4417952597141266,-0.015518051572144032,-0.010433824732899666,-0.20750980079174042
150886,1944.450268,1.5692578554153442,5.752427577972412,-0.4435828924179077,-0.019677745178341866,-0.008758359588682652,-0.21229895949363708
150906,1944.470270,1.5697511434555054,5.747977256774902,-0.4453553259372711,-0.017409173771739006,-0.01035868376493454,-0.21306473016738892
150926,1944.490278,1.5693827867507935,5.747979640960693,-0.44695720076560974,-0.017302997410297394,-0.008750791661441326,-0.21222414076328278
150946,1944.510262,1.5690054893493652,5.747971534729004,-0.44859781861305237,-0.0180449727922678,-0.011147096753120422,-0.21171240508556366
150966,1944.530257,1.565657615661621,5.747994899749756,-0.45021653175354004,-0.0207291841506958,-0.016617588698863983,-0.21182262897491455
150986,1944.550257,1.5652048587799072,5.747840404510498,-0.45171821117401123,-0.021688168868422508,-0.018118450418114662,-0.21075297892093658
151006,1944.570262,1.5647631883621216,5.747673034667969,-0.4533787965774536,-0.020599348470568657,-0.01636064611375332,-0.20923377573490143
151026,1944.590286,1.5614746809005737,5.754842281341553,-0.4553081691265106,-0.022623389959335327,-0.008311031386256218,-0.2101994752883911
151046,1944.610261,1.5651613473892212,5.749440670013428,-0.45727235078811646,-0.019575124606490135,-0.015478713437914848,-0.21027196943759918
151066,1944.630257,1.561058759689331,5.750742435455322,-0.4590287506580353,-0.020590664818882942,-0.017292479053139687,-0.20938168466091156
151086,1944.650254,1.563930630683899,5.7482709884643555,-0.46063074469566345,-0.017806634306907654,-0.013452653773128986,-0.20869649946689606
151106,1944.670258,1.5676730871200562,5.746822357177734,-0.46222296357154846,-0.016614839434623718,-0.010030987672507763,-0.20901703834533691
151126,1944.690290,1.5583776235580444,5.754000186920166,-0.4637981355190277,-0.02517160028219223,-0.010266143828630447,-0.20914700627326965
151146,1944.710254,1.5655643939971924,5.746056079864502,-0.4652577042579651,-0.01870574988424778,-0.02148350514471531,-0.20759367942810059
151166,1944.730258,1.5681655406951904,5.7461419105529785,-0.4668039381504059,-0.017621368169784546,-0.021539971232414246,-0.20912529528141022
151186,1944.750256,1.567760944366455,5.745943546295166,-0.4683743417263031,-0.019834913313388824,-0.017663903534412384,-0.21058470010757446
151206,1944.770262,1.5673434734344482,5.745815277099609,-0.47004204988479614,-0.019718479365110397,-0.013519546017050743,-0.21210531890392303
151226,1944.790250,1.5669338703155518,5.745731830596924,-0.4719514846801758,-0.018970143049955368,-0.012579853646457195,-0.21311721205711365
151246,1944.810259,1.566510558128357,5.745594501495361,-0.47389382123947144,-0.02235918864607811,-0.01920939050614834,-0.21693439781665802
151266,1944.830261,1.5659959316253662,5.745326995849609,-0.47591352462768555,-0.026629619300365448,-0.023415764793753624,-0.22035923600196838
151286,1944.850256,1.5653958320617676,5.745070457458496,-0.4779137670993805,-0.0315423347055912,-0.019106728956103325,-0.2240578830242157
151306,1944.870260,1.5636754035949707,5.738419055938721,-0.4801371097564697,-0.032197505235672,-0.01518398430198431,-0.22203905880451202
151326,1944.890248,1.5630218982696533,5.738346576690674,-0.4818223714828491,-0.03213325887918472,-0.012538770213723183,-0.2233342081308365
151346,1944.909256,1.5566009283065796,5.739878177642822,-0.4838637113571167,-0.03941278159618378,-0.012407312169671059,-0.2259155660867691
151366,1944.930254,1.5586739778518677,5.7430548667907715,-0.48597022891044617,-0.03813251852989197,-0.01375714410096407,-0.23065751791000366
151386,1944.950248,1.5578533411026,5.7430009841918945,-0.48805370926856995,-0.04143793135881424,-0.008339256048202515,-0.2327083796262741
151406,1944.970252,1.5570250749588013,5.743133068084717,-0.49011388421058655,-0.038300611078739166,0.0016140006482601166,-0.23008164763450623
151426,1944.990249,1.559912919998169,5.742148399353027,-0.4923229515552521,-0.03364003822207451,0.0042020115070044994,-0.2265104204416275
151446,1945.009265,1.5559043884277344,5.742266654968262,-0.4943678379058838,-0.036318786442279816,0.004614626057446003,-0.22221025824546814
151466,1945.029251,1.5551382303237915,5.742492198944092,-0.4967656433582306,-0.03926680609583855,0.0021515695843845606,-0.2233658879995346
151486,1945.049250,1.5525621175765991,5.742684841156006,-0.49893918633461,-0.04070108383893967,-0.0007606735453009605,-0.2229042798280716
151506,1945.069244,1.5508230924606323,5.749661445617676,-0.5008898377418518,-0.039543673396110535,0.0010638306848704815,-0.22319690883159637
151526,1945.089245,1.5526373386383057,5.750730037689209,-0.502925455570221,-0.034932706505060196,0.003311685286462307,-0.22065109014511108
151546,1945.109248,1.5568655729293823,5.740789890289307,-0.5048485398292542,-0.03196248412132263,-0.004756368696689606,-0.21974895894527435
151566,1945.129244,1.5525866746902466,5.74887752532959,-0.5064111948013306,-0.03020104020833969,0.003629696322605014,-0.21626399457454681
151586,1945.149244,1.5554695129394531,5.748641014099121,-0.5078902244567871,-0.021507959812879562,0.00666757021099329,-0.21270202100276947
151606,1945.169242,1.555038571357727,5.7489728927612305,-0.5093051791191101,-0.01963547058403492,0.004954867996275425,-0.20895859599113464
151626,1945.189242,1.5536335706710815,5.741649150848389,-0.5108641982078552,-0.019466815516352654,-0.004546695854514837,-0.20788368582725525
151646,1945.209245,1.556829571723938,5.749422550201416,-0.5126778483390808,-0.022123299539089203,0.0002055741788353771,-0.2119206190109253
151666,1945.229272,1.553951382637024,5.7484331130981445,-0.5144928693771362,-0.027672920376062393,-0.0014450130984187126,-0.21615815162658691
151686,1945.249243,1.5533534288406372,5.748509407043457,-0.5166983604431152,-0.030815135687589645,-0.006740659475326538,-0.22059306502342224
151706,1945.269247,1.5544594526290894,5.751859664916992,-0.5189550518989563,-0.029105760157108307,-0.004132718779146671,-0.21896959841251373
151726,1945.289248,1.5538606643676758,5.751944065093994,-0.5210958123207092,-0.029826125130057335,-0.0038937602657824755,-0.21938566863536835
151746,1945.309252,1.5532349348068237,5.75205659866333,-0.5230366587638855,-0.03110910765826702,-0.0027039460837841034,-0.215463325381279
151766,1945.329248,1.5525455474853516,5.752191066741943,-0.5250677466392517,-0.03668815270066261,-0.00015996585716493428,-0.213833287358284
151786,1945.349238,1.5517674684524536,5.752369403839111,-0.5271099805831909,-0.03889545053243637,0.0012396179372444749,-0.213388592004776
151806,1945.369241,1.5509557723999023,5.752578258514404,-0.5290542244911194,-0.040758803486824036,0.001989293610677123,-0.21630023419857025
151826,1945.389239,1.5500982999801636,5.752796649932861,-0.5309067964553833,-0.04308963194489479,0.001125680166296661,-0.21872478723526
151846,1945.409239,1.5462990999221802,5.753064155578613,-0.5331276655197144,-0.04388434439897537,0.0034193366300314665,-0.21938945353031158
151866,1945.429240,1.5499699115753174,5.752734661102295,-0.5353013277053833,-0.03914755955338478,0.008154568262398243,-0.2188732922077179
151886,1945.449241,1.5491834878921509,5.753105640411377,-0.5375636219978333,-0.03798676282167435,0.012679792940616608,-0.21785107254981995
151906,1945.469232,1.5447334051132202,5.753072738647461,-0.5393710732460022,-0.04033105447888374,0.008394028060138226,-0.21740147471427917
151926,1945.489236,1.5406851768493652,5.753050804138184,-0.5412989258766174,-0.042388636618852615,0.004427363630384207,-0.2162369042634964
151946,1945.509240,1.5398402214050293,5.753286838531494,-0.5434010624885559,-0.04075978323817253,0.0030873718205839396,-0.21677975356578827
151966,1945.529238,1.5390220880508423,5.753485202789307,-0.5457357168197632,-0.039327096194028854,0.0014649097574874759,-0.21804653108119965
151986,1945.549234,1.5480501651763916,5.754339218139648,-0.5481175780296326,-0.031107032671570778,0.0018979035085067153,-0.21921247243881226
152006,1945.569232,1.5474196672439575,5.754510879516602,-0.5503950119018555,-0.030680816620588303,-0.0009454510291106999,-0.2194223701953888
152026,1945.589231,1.5467827320098877,5.754645347595215,-0.5523900985717773,-0.03193584084510803,-0.0030640638433396816,-0.22000272572040558
152046,1945.609238,1.5433613061904907,5.754817008972168,-0.5542585849761963,-0.03675736486911774,-0.004919631406664848,-0.21997320652008057
152066,1945.629253,1.5426201820373535,5.754855155944824,-0.5563464164733887,-0.035788074135780334,-0.007641663774847984,-0.21785128116607666
152086,1945.649241,1.5418860912322998,5.754923343658447,-0.5581141114234924,-0.03626871109008789,-0.004431916866451502,-0.2147885113954544
152106,1945.669241,1.5357329845428467,5.758596420288086,-0.5597848296165466,-0.03978786617517471,0.001427460927516222,-0.21372684836387634
152126,1945.689239,1.54081392288208,5.752976894378662,-0.5619251132011414,-0.03476487472653389,-0.0031716767698526382,-0.21244500577449799
152146,1945.709241,1.540063500404358,5.753016471862793,-0.5640583038330078,-0.03849651664495468,-0.008196941576898098,-0.21067367494106293
152166,1945.729233,1.5392837524414062,5.753021717071533,-0.5661283135414124,-0.037552133202552795,-0.006075196899473667,-0.20722953975200653
152186,1945.749230,1.5385533571243286,5.753162384033203,-0.5680060982704163,-0.034167736768722534,0.004641159437596798,-0.2042669802904129
152206,1945.769229,1.5393447875976562,5.763520240783691,-0.569685697555542,-0.029467450454831123,0.02005864679813385,-0.20326632261276245
152226,1945.789228,1.5463021993637085,5.764472484588623,-0.5715991854667664,-0.022131826728582382,0.02291020192205906,-0.20523019134998322
152246,1945.809233,1.5448706150054932,5.764004230499268,-0.5733158588409424,-0.025619542226195335,0.02459685131907463,-0.2093624323606491
152266,1945.829237,1.5458874702453613,5.7674946784973145,-0.5754066705703735,-0.02837931364774704,0.028480371460318565,-0.21429768204689026
152286,1945.849265,1.5453089475631714,5.76816463470459,-0.5780527591705322,-0.02845129743218422,0.025538573041558266,-0.2172190397977829
152306,1945.869232,1.5446799993515015,5.768771648406982,-0.5810183882713318,-0.03085753694176674,0.020973389968276024,-0.21800866723060608
152326,1945.889232,1.5461411476135254,5.771609783172607,-0.5838481783866882,-0.03070121258497238,0.02134726196527481,-0.2179124504327774
152346,1945.909229,1.544079303741455,5.780597686767578,-0.5864065289497375,-0.028176451101899147,0.024792904034256935,-0.2154979258775711
152366,1945.929235,1.550612449645996,5.779958724975586,-0.5891475677490234,-0.023703861981630325,0.01741565391421318,-0.21356065571308136
152386,1945.949226,1.5501023530960083,5.780359745025635,-0.5918394327163696,-0.026336167007684708,0.011496144346892834,-0.21484972536563873
152406,1945.969229,1.5495537519454956,5.780693054199219,-0.5945991277694702,-0.027717992663383484,0.010384829714894295,-0.21868710219860077
152426,1945.989223,1.549100399017334,5.779777526855469,-0.597445011138916,-0.031042056158185005,0.009285127744078636,-0.22299952805042267
152446,1946.009231,1.5484651327133179,5.780094146728516,-0.6000217199325562,-0.03133447840809822,0.007953528314828873,-0.22633031010627747
152466,1946.029234,1.5483613014221191,5.776252269744873,-0.6027541160583496,-0.03266225755214691,0.004365971311926842,-0.2311154305934906
152486,1946.049272,1.549272060394287,5.780109405517578,-0.6059216260910034,-0.032462574541568756,0.008198766969144344,-0.2343112975358963
152506,1946.069235,1.5486146211624146,5.780417442321777,-0.6088897585868835,-0.03197069838643074,0.009408426471054554,-0.23442338407039642
152526,1946.089184,1.5479817390441895,5.78073787689209,-0.611797571182251,-0.03045869804918766,0.00960461888462305,-0.23184961080551147
152546,1946.109193,1.5476258993148804,5.777087211608887,-0.6144267916679382,-0.028824755921959877,0.009174619801342487,-0.2303398847579956
