cf_timestamp_ms,host_monotonic_s,stateEstimate.x,stateEstimate.y,stateEstimate.z,stateEstimate.vx,stateEstimate.vy,stateEstimate.vz
62106,1855.733733,0.0369919054210186,-0.037140775471925735,-0.00023725423670839518,0.017779173329472542,-0.01468430832028389,-0.0006116983131505549
62126,1855.753742,0.03734419494867325,-0.03743603080511093,-0.00020549849432427436,0.017942920327186584,-0.014922029338777065,-0.0007123270188458264
62146,1855.773724,0.037706781178712845,-0.03773544356226921,-0.00022001282195560634,0.01825481839478016,-0.014991456642746925,-0.0007615411304868758
62166,1855.793719,0.038073617964982986,-0.03803810477256775,-0.0002357331832172349,0.01853613741695881,-0.015288136899471283,-0.0008524105069227517
62186,1855.813720,0.03844333067536354,-0.03834257647395134,-0.00020661174494307488,0.018853219226002693,-0.015158344060182571,-0.0006461594603024423
62206,1855.833720,0.03881914168596268,-0.03864317014813423,-0.00021850560733582824,0.018686551600694656,-0.014917961321771145,-0.0005535116652026772
62226,1855.853716,0.03918743506073952,-0.03894242271780968,-0.00018896136316470802,0.018553754314780235,-0.015155792236328125,-0.0006483002798631787
62246,1855.873751,0.03957666456699371,-0.03926027938723564,-0.00020335917361080647,0.018547331914305687,-0.015144833363592625,-0.0007118766661733389
62266,1855.893716,0.03994453325867653,-0.03956403583288193,-0.00017749451217241585,0.018650062382221222,-0.015337027609348297,-0.0006332978373393416
62286,1855.913721,0.040321920067071915,-0.03986996412277222,-0.00019237358355894685,0.019093181937932968,-0.015303462743759155,-0.0007667062454856932
62306,1855.933715,0.04070282354950905,-0.04017920419573784,-0.0001737648999551311,0.01944037526845932,-0.01572033017873764,-0.0010670768097043037
62326,1855.953687,0.04109279066324234,-0.04049579054117203,-0.0001937091292347759,0.019464116543531418,-0.015890687704086304,-0.000948956236243248
62346,1855.973720,0.041476842015981674,-0.040812525898218155,-0.0001754646800691262,0.0193902850151062,-0.01589793525636196,-0.000986242201179266
62366,1855.993717,0.04186525195837021,-0.04112589359283447,-0.00019946767133660614,0.019464952871203423,-0.01541127823293209,-0.0014280943432822824
62386,1856.013722,0.04224919527769089,-0.04143122583627701,-0.00018750019080471247,0.019350416958332062,-0.015379897318780422,-0.0015555708669126034
62406,1856.033715,0.04263889044523239,-0.041737448424100876,-0.0002171865780837834,0.0195926520973444,-0.015359686687588692,-0.0014500917168334126
62426,1856.053713,0.04302544891834259,-0.0420432947576046,-0.0002006871218327433,0.019597457721829414,-0.015444261021912098,-0.001399607164785266
62446,1856.073747,0.04341921582818031,-0.04235360771417618,-0.0002331794094061479,0.019805461168289185,-0.01553636696189642,-0.0017008263384923339
62466,1856.093714,0.04381629079580307,-0.042667586356401443,-0.00026527486625127494,0.019807102158665657,-0.01582842878997326,-0.0015890677459537983
62486,1856.113717,0.04420818015933037,-0.04298336058855057,-0.0002481797419022769,0.019926220178604126,-0.015990661457180977,-0.0017320961924269795
62506,1856.133717,0.044604234397411346,-0.04330259561538696,-0.0002845657872967422,0.01967807300388813,-0.015899673104286194,-0.0018130907556042075
62526,1856.153714,0.044992875307798386,-0.04361919313669205,-0.0002622865722514689,0.019820887595415115,-0.0161097701638937,-0.0017187801422551274
62546,1856.173715,0.04539233073592186,-0.04394270479679108,-0.0003012126253452152,0.020099908113479614,-0.016191646456718445,-0.0022400368470698595
62566,1856.193714,0.04578954353928566,-0.04426411911845207,-0.00028715806547552347,0.020222211256623268,-0.016221413388848305,-0.002110668458044529
62586,1856.213715,0.04619463160634041,-0.04458562284708023,-0.00032896207994781435,0.02034689486026764,-0.01597234420478344,-0.002163761993870139
62606,1856.233712,0.04659346863627434,-0.04490415006875992,-0.00030807891744188964,0.020288215950131416,-0.016284368932247162,-0.002208027057349682
62626,1856.253714,0.04700276255607605,-0.04523211717605591,-0.000350501446519047,0.020575042814016342,-0.016480812802910805,-0.0020778337493538857
62646,1856.273746,0.04740721732378006,-0.045558080077171326,-0.00031924989889375865,0.020652275532484055,-0.016546834260225296,-0.0019475941080600023
62666,1856.293713,0.0478195883333683,-0.04589125141501427,-0.0003569876425899565,0.02056310325860977,-0.01679541915655136,-0.0018775713397189975
62686,1856.313711,0.04823089390993118,-0.04622691869735718,-0.0003952598199248314,0.020528558641672134,-0.016733882948756218,-0.002056379336863756
62706,1856.333716,0.04863554239273071,-0.04655658081173897,-0.0003589799744077027,0.020723393186926842,-0.016718072816729546,-0.0016851788386702538
62726,1856.353710,0.04905055835843086,-0.04689092934131622,-0.0003904823097400367,0.02073742263019085,-0.016687046736478806,-0.0014685967471450567
62746,1856.373707,0.049459151923656464,-0.04722241312265396,-0.00034478341694921255,0.020904237404465675,-0.01692667044699192,-0.001324400189332664
62766,1856.393711,0.049878984689712524,-0.04756094142794609,-0.00036924309097230434,0.02110176533460617,-0.01695135235786438,-0.00115053856279701
62786,1856.413708,0.05029362067580223,-0.047899600118398666,-0.0003206979890819639,0.021072139963507652,-0.017384998500347137,-0.001143681351095438
62806,1856.432709,0.05071475729346275,-0.04824887588620186,-0.00034516907180659473,0.021073823794722557,-0.01756487414240837,-0.001376007217913866
62826,1856.453718,0.0511326901614666,-0.04859881475567818,-0.00030513154342770576,0.02140894904732704,-0.01779208891093731,-0.0012432660441845655
62846,1856.473711,0.051563605666160583,-0.04895327240228653,-0.00032946723513305187,0.021675344556570053,-0.01772061362862587,-0.001195645541884005
62866,1856.492710,0.05199149623513222,-0.04930495843291283,-0.00029196677496656775,0.021788742393255234,-0.01796131581068039,-0.0013469625264406204
62886,1856.512708,0.05243169143795967,-0.049665674567222595,-0.00032586397719569504,0.022230885922908783,-0.01807779259979725,-0.0020310489926487207
62906,1856.532709,0.05287043750286102,-0.050025034695863724,-0.00030687940306961536,0.022332018241286278,-0.018387502059340477,-0.002271362580358982
62926,1856.552708,0.05331794172525406,-0.05039583146572113,-0.0003559105098247528,0.02237110212445259,-0.018698468804359436,-0.0026748802047222853
62946,1856.572704,0.0537572056055069,-0.05076415464282036,-0.00033297884510830045,0.02253483422100544,-0.01880728267133236,-0.0024526971392333508
62966,1856.592706,0.05421041324734688,-0.051141876727342606,-0.0003791148483287543,0.022657662630081177,-0.018997857347130775,-0.0021738798823207617
62986,1856.612702,0.054662954062223434,-0.05152444541454315,-0.0004243004659656435,0.02262701652944088,-0.019236983731389046,-0.002273324178531766
63006,1856.632705,0.05510858818888664,-0.05190268158912659,-0.00038645643508061767,0.022922804579138756,-0.019343875348567963,-0.002085349289700389
63026,1856.652700,0.05557042360305786,-0.052288420498371124,-0.0004302226298023015,0.02321089245378971,-0.019330520182847977,-0.0023707360960543156
63046,1856.672710,0.0560266338288784,-0.052668385207653046,-0.0004012580029666424,0.02345076948404312,-0.0194846224039793,-0.0027099871076643467
63066,1856.692704,0.05649711191654205,-0.05305862054228783,-0.0004583957197610289,0.023562615737318993,-0.019506854936480522,-0.002975566079840064
63086,1856.712702,0.05696026608347893,-0.05344047769904137,-0.0004218858666718006,0.0239447969943285,-0.01982857845723629,-0.0025672237388789654
63106,1856.732705,0.05743781849741936,-0.05383835360407829,-0.000477637309813872,0.023778269067406654,-0.02000035159289837,-0.0029816310852766037
63126,1856.752698,0.05790039896965027,-0.05422785133123398,-0.00043998289038427174,0.023834317922592163,-0.020246870815753937,-0.0025602157693356276
63146,1856.772703,0.05837663635611534,-0.054636020213365555,-0.0004911840660497546,0.02385420724749565,-0.020547030493617058,-0.00268275523558259
63166,1856.792704,0.05884110927581787,-0.05503315478563309,-0.00044582138070836663,0.023972146213054657,-0.020483195781707764,-0.0022124936804175377
63186,1856.812698,0.05932053551077843,-0.05544361472129822,-0.000487882032757625,0.02403089962899685,-0.020588871091604233,-0.0020545460283756256
63206,1856.832696,0.059788502752780914,-0.05584031343460083,-0.0004317247658036649,0.024301476776599884,-0.020633181557059288,-0.002144631464034319
63226,1856.852695,0.06027621403336525,-0.056254900991916656,-0.00047957507194951177,0.024446120485663414,-0.02083612233400345,-0.0025509907864034176
63246,1856.872698,0.06074996665120125,-0.056653715670108795,-0.0004353854455985129,0.02449703961610794,-0.020624708384275436,-0.0026844069361686707
63266,1856.892701,0.06124419346451759,-0.05706243962049484,-0.0004924319218844175,0.0249476358294487,-0.02028704807162285,-0.0029724210035055876
63286,1856.912778,0.06176748126745224,-0.05748780816793442,-0.0005533911753445864,0.024952340871095657,-0.020223548635840416,-0.0028504026122391224
63306,1856.932701,0.062252987176179886,-0.0578734464943409,-0.000506678712554276,0.02522214874625206,-0.020058754831552505,-0.00296921213157475
63326,1856.952696,0.0627594143152237,-0.0582767091691494,-0.0005686978111043572,0.025411250069737434,-0.02042398788034916,-0.003307124599814415
63346,1856.972695,0.06325165927410126,-0.05866905674338341,-0.0005269209505058825,0.02567616105079651,-0.02045515365898609,-0.0030450690537691116
63366,1856.992698,0.0637652575969696,-0.05907987803220749,-0.0005889530293643475,0.0256945863366127,-0.020678356289863586,-0.003183027496561408
63386,1857.012694,0.06426273286342621,-0.059473469853401184,-0.0005357360350899398,0.02612626738846302,-0.020463256165385246,-0.003073673462495208
63406,1857.032657,0.06478554010391235,-0.059879887849092484,-0.0005937836249358952,0.026135148480534554,-0.02021247148513794,-0.0027676960453391075
63426,1857.052656,0.06529010832309723,-0.06027096137404442,-0.0005305696977302432,0.02649846486747265,-0.020625852048397064,-0.0024020480923354626
63446,1857.072658,0.06582329422235489,-0.060684558004140854,-0.0005787230911664665,0.026849931105971336,-0.02075524628162384,-0.0023734106216579676
63466,1857.092656,0.06634010374546051,-0.061082419008016586,-0.0005145330796949565,0.027026545256376266,-0.0206320658326149,-0.0021591417025774717
63486,1857.112692,0.0668816938996315,-0.06149282306432724,-0.0005569488857872784,0.027217445895075798,-0.02051490917801857,-0.0021041708532720804
63506,1857.132692,0.06740473955869675,-0.061889298260211945,-0.00048451987095177174,0.0273832269012928,-0.020735515281558037,-0.0016324088210240006
63526,1857.152694,0.06795112043619156,-0.062303800135850906,-0.0005198338185437024,0.027313528582453728,-0.020796943455934525,-0.0019907078240066767
63546,1857.172696,0.06849800795316696,-0.06272001564502716,-0.0005618460709229112,0.02738003060221672,-0.020746663212776184,-0.0020076031796634197
63566,1857.192692,0.06902375817298889,-0.06311865150928497,-0.0004911217256449163,0.027561508119106293,-0.02067800611257553,-0.0017396332696080208
63586,1857.212689,0.06957602500915527,-0.06353362649679184,-0.0005288749234750867,0.027709735557436943,-0.020787416025996208,-0.002070073038339615
63606,1857.232686,0.07010820508003235,-0.06393350660800934,-0.00047298334538936615,0.027782302349805832,-0.020451080054044724,-0.002132289344444871
63626,1857.252685,0.07066050171852112,-0.06434042751789093,-0.0005178345600143075,0.027464665472507477,-0.02024419791996479,-0.002374042756855488
63646,1857.272691,0.07118348777294159,-0.0647331029176712,-0.000461819872725755,0.027292348444461823,-0.020214824005961418,-0.002198289381340146
63666,1857.292688,0.07172925770282745,-0.06513863056898117,-0.0005067929741926491,0.02726663090288639,-0.020350610837340355,-0.002300974912941456
63686,1857.312689,0.07225343585014343,-0.06553851068019867,-0.0004552283207885921,0.027464354410767555,-0.0206577330827713,-0.0023719407618045807
63706,1857.332686,0.07280362397432327,-0.06595157831907272,-0.0005047204904258251,0.027466611936688423,-0.020681411027908325,-0.002561839297413826
63726,1857.352683,0.07333169877529144,-0.06635617464780807,-0.0004589179588947445,0.027621304616332054,-0.020723572000861168,-0.0025464161299169064
63746,1857.372690,0.07388416677713394,-0.06677092611789703,-0.0005152258672751486,0.02756991609930992,-0.020865434780716896,-0.003065753960981965
63766,1857.392684,0.0744134858250618,-0.06718287616968155,-0.00047623543650843203,0.027608824893832207,-0.021150849759578705,-0.002946892287582159
63786,1857.412688,0.07496873289346695,-0.06760714203119278,-0.0005350993596948683,0.027973268181085587,-0.02129616215825081,-0.0028415811248123646
63806,1857.432685,0.07550626248121262,-0.06802637130022049,-0.0004804952477570623,0.02814553864300251,-0.021666819229722023,-0.0025249850004911423
63826,1857.452681,0.07606945931911469,-0.06845972687005997,-0.0005274880677461624,0.028226619586348534,-0.021621661260724068,-0.002253379439935088
63846,1857.472687,0.07663505524396896,-0.06889066845178604,-0.0005756917526014149,0.028341226279735565,-0.02144194208085537,-0.0025183071848005056
63866,1857.492684,0.07718154042959213,-0.06930772960186005,-0.0005153215024620295,0.028666799888014793,-0.02133934199810028,-0.0022227789741009474
63886,1857.512701,0.07776108384132385,-0.06973633915185928,-0.0005599961732514203,0.029197100549936295,-0.02157566510140896,-0.0021947298664599657
63906,1857.532693,0.07832564413547516,-0.0701567530632019,-0.0004969549481756985,0.02949327602982521,-0.0214216485619545,-0.0019312952645123005
63926,1857.552680,0.07891645282506943,-0.07058372348546982,-0.0005333646549843252,0.02955942414700985,-0.021382348611950874,-0.0018249859567731619
63946,1857.572698,0.07948626577854156,-0.07100358605384827,-0.00046752087655477226,0.029836347326636314,-0.021543897688388824,-0.0019527504919096828
63966,1857.592685,0.08008256554603577,-0.07144074141979218,-0.0005095502710901201,0.029827337712049484,-0.022090071812272072,-0.0023444718681275845
63986,1857.612683,0.080658458173275,-0.07187371701002121,-0.00045559409772977233,0.030146853998303413,-0.022283153608441353,-0.002077742014080286
64006,1857.632678,0.08126392960548401,-0.07231990247964859,-0.0004998983931727707,0.03032306581735611,-0.0222945474088192,-0.002393782138824463
64026,1857.652678,0.08184587210416794,-0.0727551281452179,-0.00045304946252144873,0.030415333807468414,-0.022314684465527534,-0.0026092880871146917
64046,1857.672678,0.0824616476893425,-0.07320059835910797,-0.0005039619863964617,0.0311316829174757,-0.02220587432384491,-0.002352242125198245
64066,1857.692678,0.08305976539850235,-0.07363403588533401,-0.00045103253796696663,0.03108343295753002,-0.02222730591893196,-0.0019180874805897474
64086,1857.712704,0.08368460088968277,-0.0740787535905838,-0.0004893268342129886,0.03150209039449692,-0.022267382591962814,-0.001998729072511196
64106,1857.732679,0.08428910374641418,-0.07450979948043823,-0.00043174633174203336,0.03173523768782616,-0.021956181153655052,-0.001999984262511134
64126,1857.752677,0.08492723107337952,-0.07494647055864334,-0.00047571671893820167,0.03208921104669571,-0.02180585078895092,-0.0023744734935462475
64146,1857.772680,0.08557379245758057,-0.07538352161645889,-0.0005284565268084407,0.03263578191399574,-0.021972106769680977,-0.0028091627173125744
64166,1857.792676,0.08620219677686691,-0.0758139044046402,-0.00048130424693226814,0.03309956565499306,-0.02209947630763054,-0.0025769476778805256
64186,1857.812700,0.08686786890029907,-0.07625748962163925,-0.0005318030598573387,0.03345661982893944,-0.02228226698935032,-0.0025243202690035105
64206,1857.832673,0.08750907331705093,-0.0766935795545578,-0.0004848048265557736,0.03386973962187767,-0.02222672663629055,-0.002662496641278267
64226,1857.852671,0.08818595856428146,-0.07714184373617172,-0.0005374851753003895,0.03381729871034622,-0.022612232714891434,-0.0026423493400216103
64246,1857.872674,0.08882232755422592,-0.07758472859859467,-0.0004819155437871814,0.033722419291734695,-0.022745493799448013,-0.002436284441500902
64266,1857.892672,0.08949775248765945,-0.07803988456726074,-0.0005333363660611212,0.03387502580881119,-0.02278456650674343,-0.0026806772220879793
64286,1857.912683,0.09013501554727554,-0.07848714292049408,-0.0004799702437594533,0.03390321508049965,-0.022986087948083878,-0.0023940112441778183
64306,1857.931685,0.09081516414880753,-0.07894642651081085,-0.0005299054319038987,0.03412740305066109,-0.022929156199097633,-0.002502537565305829
64326,1857.951670,0.0914919525384903,-0.07941767573356628,-0.00048130680806934834,0.03435526043176651,-0.023177847266197205,-0.002622593892738223
64346,1857.971674,0.09217951446771622,-0.07988454401493073,-0.0005346427205950022,0.03440774977207184,-0.023475579917430878,-0.002769799204543233
64366,1857.991683,0.09282304346561432,-0.0803423672914505,-0.0004797352885361761,0.034667182713747025,-0.023726144805550575,-0.0025581365916877985
64386,1858.011672,0.09351684153079987,-0.08082029968500137,-0.0005320110940374434,0.03478303924202919,-0.024074334651231766,-0.002712460234761238
64406,1858.032671,0.09421354532241821,-0.08130533248186111,-0.0005850711604580283,0.03485533595085144,-0.024398494511842728,-0.0026133598294109106
64426,1858.051667,0.09486349672079086,-0.08177927881479263,-0.0005205065244808793,0.034859467297792435,-0.024475064128637314,-0.002025960711762309
64446,1858.071674,0.09555722773075104,-0.0822661817073822,-0.0005619589937850833,0.03462947905063629,-0.024309895932674408,-0.00213625212199986
64466,1858.091673,0.09620670974254608,-0.08273633569478989,-0.000500426918733865,0.03493586182594299,-0.02437048964202404,-0.0022618218790739775
64486,1858.111669,0.09690753370523453,-0.08322436362504959,-0.0005446822615340352,0.035053800791502,-0.02439398504793644,-0.00210851663723588
64506,1858.132674,0.09756612032651901,-0.08369536697864532,-0.0004826041404157877,0.035222094506025314,-0.024561682716012,-0.0018115058774128556
64526,1858.152672,0.09827050566673279,-0.08418963104486465,-0.0005184561014175415,0.03524578735232353,-0.02475345879793167,-0.0017821881920099258
64546,1858.171670,0.09893346577882767,-0.08466573059558868,-0.0004520955844782293,0.035448770970106125,-0.024905314669013023,-0.001655975473113358
64566,1858.191676,0.09964441508054733,-0.08516661077737808,-0.000489525031298399,0.035661134868860245,-0.02519608847796917,-0.0020454558543860912
64586,1858.211664,0.1003163754940033,-0.0856524333357811,-0.0004366832145024091,0.035777635872364044,-0.025363251566886902,-0.0020193124655634165
64606,1858.231666,0.10103483498096466,-0.08616311848163605,-0.00047913711750879884,0.035983383655548096,-0.025611596181988716,-0.0023250903468579054
64626,1858.251663,0.10171389579772949,-0.08665329962968826,-0.00043125904630869627,0.03587232157588005,-0.025436753407120705,-0.0019535361789166927
64646,1858.271670,0.10243360698223114,-0.0871618390083313,-0.0004689635243266821,0.036086052656173706,-0.025497956201434135,-0.0018143064808100462
64666,1858.291665,0.10311705619096756,-0.08764979243278503,-0.0004086829430889338,0.03630538657307625,-0.025733582675457,-0.0014415676705539227
64686,1858.311665,0.10384687036275864,-0.08816609531641006,-0.00044059284846298397,0.03677087649703026,-0.025907885283231735,-0.0016853808192536235
64706,1858.331662,0.10458524525165558,-0.08868516236543655,-0.00047534165787510574,0.037153180688619614,-0.026015453040599823,-0.0017863062676042318
64726,1858.351662,0.1052938848733902,-0.08918508142232895,-0.00042210635729134083,0.0374797023832798,-0.02635556273162365,-0.0018765017157420516
64746,1858.371671,0.10604383796453476,-0.0897163674235344,-0.00046083820052444935,0.037544116377830505,-0.026677735149860382,-0.001973808743059635
64766,1858.391666,0.10675971210002899,-0.09022428095340729,-0.00040900582098402083,0.03788193315267563,-0.02656465955078602,-0.0015778966480866075
64786,1858.411662,0.10752105712890625,-0.09075547754764557,-0.00044420332415029407,0.03820127621293068,-0.026545727625489235,-0.001869956380687654
64806,1858.431664,0.10824598371982574,-0.09125966578722,-0.00039267586544156075,0.03835313022136688,-0.026600884273648262,-0.001746090012602508
64826,1858.451658,0.10901474952697754,-0.09179595857858658,-0.0004286924668122083,0.03847808390855789,-0.027023350819945335,-0.0018718619830906391
64846,1858.471663,0.10974623262882233,-0.09231322258710861,-0.000383590639103204,0.03860098123550415,-0.02728280983865261,-0.0018836279632523656
64866,1858.491670,0.11052051931619644,-0.09286012500524521,-0.00042316134204156697,0.03882313892245293,-0.027327291667461395,-0.0020221432205289602
64886,1858.511660,0.1112590953707695,-0.0933799296617508,-0.00037930827238596976,0.03904953971505165,-0.027469288557767868,-0.0016940062632784247
64906,1858.531657,0.11204077303409576,-0.0939301997423172,-0.0004111281014047563,0.03908899426460266,-0.02755166031420231,-0.0015613998984917998
64926,1858.551657,0.11278542876243591,-0.09445340931415558,-0.0003671727317851037,0.0392867773771286,-0.02747468650341034,-0.001746721682138741
64946,1858.571664,0.11357569694519043,-0.09499997645616531,-0.00039896785165183246,0.039646513760089874,-0.02715659886598587,-0.0014169375644996762
64966,1858.591665,0.11432870477437973,-0.09551356732845306,-0.00034582632360979915,0.03981205075979233,-0.027052750810980797,-0.0010255816159769893
64986,1858.611661,0.11512718349695206,-0.09605180472135544,-0.0003660469956230372,0.04002462327480316,-0.026748377829790115,-0.0009992599952965975
65006,1858.631656,0.11593043059110641,-0.09659011662006378,-0.0003858821582980454,0.040274810045957565,-0.027094170451164246,-0.001060451497323811
65026,1858.651656,0.11670032888650894,-0.09710901975631714,-0.0003331429325044155,0.040492571890354156,-0.02720295637845993,-0.000989417778328061
65046,1858.671662,0.11751507967710495,-0.09765444695949554,-0.0003573610447347164,0.0409676693379879,-0.02732744626700878,-0.0014380969805642962
65066,1858.691665,0.11830136179924011,-0.09817811846733093,-0.0003192683798260987,0.041173480451107025,-0.027353815734386444,-0.0014374456368386745
65086,1858.711657,0.11912659555673599,-0.09872420877218246,-0.0003460333973634988,0.041336655616760254,-0.027172792702913284,-0.001162747503258288
65106,1858.731653,0.11991730332374573,-0.09924604743719101,-0.0002985814935527742,0.04147114232182503,-0.027209516614675522,-0.000962837366387248
65126,1858.751652,0.12074542790651321,-0.09978902339935303,-0.00031901884358376265,0.041250839829444885,-0.02709493413567543,-0.0010354428086429834
65146,1858.771657,0.12153872102499008,-0.10031294822692871,-0.0002768447739072144,0.041596028953790665,-0.02713952772319317,-0.0008020314271561801
65166,1858.791665,0.12237318605184555,-0.10085603594779968,-0.0002908111782744527,0.04181041568517685,-0.027192268520593643,-0.0006723882397636771
65186,1858.811653,0.12318067997694016,-0.10138588398694992,-0.0002494018408469856,0.04214967042207718,-0.027450429275631905,-0.0005906272563152015
65206,1858.831654,0.12402290850877762,-0.10193624347448349,-0.0002615217526908964,0.04210519418120384,-0.027462542057037354,-0.0006401427672244608
65226,1858.851654,0.12483792006969452,-0.10246887803077698,-0.00022706130403093994,0.04227716475725174,-0.0272663664072752,-0.0007173875928856432
65246,1858.871656,0.12568621337413788,-0.1030159518122673,-0.00023844424868002534,0.04260450601577759,-0.027491649612784386,-0.0004443756479304284
65266,1858.891655,0.12653715908527374,-0.10356784611940384,-0.0002457141818013042,0.04254396632313728,-0.027680225670337677,-0.00043656869092956185
65286,1858.911651,0.12736575305461884,-0.10411570966243744,-0.0002122584992321208,0.04304930567741394,-0.028301717713475227,-0.0008454103372059762
65306,1858.931650,0.1282270848751068,-0.1046883687376976,-0.00023077588411979377,0.04311665892601013,-0.028898434713482857,-0.0009478555293753743
65326,1858.951651,0.12906160950660706,-0.10525668412446976,-0.00020565396698657423,0.04293901100754738,-0.029031192883849144,-0.0008550625643692911
65346,1858.971652,0.1299642026424408,-0.10586921125650406,-0.0002178466966142878,0.043042320758104324,-0.029182041063904762,-0.0003334681096021086
65366,1858.991656,0.13080179691314697,-0.10644252598285675,-0.00018240947974845767,0.04314107075333595,-0.029285022988915443,-0.00021115911658853292
65386,1859.011650,0.13166671991348267,-0.10703089833259583,-0.00018586964870337397,0.04330432787537575,-0.02956377901136875,-0.00017905005370266736
65406,1859.031645,0.1325119584798813,-0.10761163383722305,-0.00015676621114835143,0.04345666244626045,-0.02961931750178337,-0.0004247224424034357
65426,1859.051649,0.13338489830493927,-0.10820943117141724,-0.00016624150157440454,0.04381787031888962,-0.030141951516270638,-0.000499970861710608
65446,1859.071653,0.13424435257911682,-0.1088031455874443,-0.0001425039954483509,0.04403797909617424,-0.030133968219161034,-0.00032320967875421047
65466,1859.091652,0.13512848317623138,-0.10940678417682648,-0.00015025443281047046,0.04444345831871033,-0.030282095074653625,-0.0005297689931467175
65486,1859.111647,0.13600720465183258,-0.11000128835439682,-0.0001343469339190051,0.04507153853774071,-0.030071953311562538,-0.0006425231113098562
65506,1859.131647,0.1369108408689499,-0.11059992760419846,-0.00014785044186282903,0.04529977962374687,-0.02987135946750641,-0.0007319216965697706
65526,1859.151644,0.13780036568641663,-0.11118939518928528,-0.00013322618906386197,0.045535530894994736,-0.030183084309101105,-0.0007858483004383743
65546,1859.171648,0.13871422410011292,-0.11179589480161667,-0.0001490569266024977,0.04588813707232475,-0.030456630513072014,-0.0008107381872832775
65566,1859.191646,0.13963352143764496,-0.11240935325622559,-0.00016814048285596073,0.046024225652217865,-0.03088049218058586,-0.0010682296706363559
65586,1859.211646,0.140537291765213,-0.11301684379577637,-0.00015443729353137314,0.046523477882146835,-0.03108140639960766,-0.000758528127335012
65606,1859.231639,0.14147250354290009,-0.11364168673753738,-0.00016781008162070066,0.046879012137651443,-0.03135400637984276,-0.000573237775824964
65626,1859.251640,0.14239053428173065,-0.11425690352916718,-0.00014457183715421706,0.04700181260704994,-0.03141798824071884,-0.00032192913931794465
65646,1859.271650,0.14333349466323853,-0.11488593369722366,-0.0001506745466031134,0.04728400707244873,-0.031491879373788834,-0.00023324826906900853
65666,1859.291647,0.14425945281982422,-0.11550471186637878,-0.0001221593702211976,0.0472312830388546,-0.0316360704600811,0.00021773195476271212
65686,1859.311640,0.14520396292209625,-0.11614111810922623,-0.00011719038593582809,0.04719238728284836,-0.03208526223897934,0.00030364171834662557
65706,1859.331637,0.1461317539215088,-0.116777703166008,-9.090235835174099e-05,0.047227226197719574,-0.03240320459008217,0.0002362372470088303
65726,1859.351639,0.14707942306995392,-0.11742453277111053,-8.460294338874519e-05,0.04747972637414932,-0.03230772912502289,0.00036723940866068006
65746,1859.371642,0.14802028238773346,-0.11806570738554001,-6.104721978772432e-05,0.04772353917360306,-0.032502349466085434,0.0004556553321890533
65766,1859.391643,0.14897698163986206,-0.11871573328971863,-5.174696343601681e-05,0.04785387963056564,-0.03245487064123154,0.0004887544200755656
65786,1859.411219,0.14992953836917877,-0.1193619817495346,-3.4706587030086666e-05,0.04813401773571968,-0.032659076154232025,0.00036738647031597793
65806,1859.431215,0.15089628100395203,-0.12001796811819077,-3.0003560823388398e-05,0.048528533428907394,-0.0328948087990284,0.00022314842499326915
65826,1859.451216,0.15186652541160583,-0.12067781388759613,-1.7459507944295183e-05,0.048830196261405945,-0.03337147831916809,0.0005444964626803994
65846,1859.471219,0.15284733474254608,-0.12135004997253418,-4.036216068925569e-06,0.04928271472454071,-0.03369910269975662,0.0007105607073754072
65866,1859.491216,0.15383881330490112,-0.12202310562133789,8.369155693799257e-06,0.04984745383262634,-0.0336398109793663,0.0005437933723442256
65886,1859.511218,0.15484045445919037,-0.12269928306341171,1.496377899457002e-05,0.05017920956015587,-0.033981263637542725,0.0002792355662677437
65906,1859.531215,0.15584418177604675,-0.12338143587112427,1.9891573174390942e-05,0.050210535526275635,-0.03421926125884056,0.00017068778106477112
65926,1859.551216,0.15685546398162842,-0.12406992167234421,1.533172144263517e-05,0.050612758845090866,-0.034404683858156204,-0.0002329996641492471
65946,1859.571219,0.15787039697170258,-0.1247560903429985,6.935633336979663e-06,0.050862446427345276,-0.034181710332632065,-0.0005657340516336262
65966,1859.591223,0.1588907539844513,-0.12544015049934387,-6.5601325331954286e-06,0.05122759938240051,-0.03426423668861389,-0.0007773442193865776
65986,1859.611251,0.15991994738578796,-0.12612630426883698,-2.5660247047198936e-05,0.051692306995391846,-0.03437131643295288,-0.0011411230079829693
66006,1859.631213,0.16094866394996643,-0.1268104761838913,-4.289336720830761e-05,0.05174458026885986,-0.03447040542960167,-0.001210112706758082
66026,1859.651214,0.16198351979255676,-0.1274999976158142,-6.391347415046766e-05,0.051755405962467194,-0.03452594578266144,-0.000935155083425343
66046,1859.671215,0.16300833225250244,-0.12818117439746857,-6.721254612784833e-05,0.05205648019909859,-0.034471433609724045,-0.0007610585889779031
66066,1859.691216,0.16405035555362701,-0.12887325882911682,-8.133512892527506e-05,0.052020031958818436,-0.03467407822608948,-0.0006553498678840697
66086,1859.711211,0.16507646441459656,-0.12955696880817413,-7.72757557570003e-05,0.052208900451660156,-0.034715864807367325,-0.00046351365745067596
66106,1859.731210,0.16612206399440765,-0.13025210797786713,-8.749884000280872e-05,0.05234389007091522,-0.03484050929546356,-0.000540996203199029
66126,1859.751207,0.16716863214969635,-0.13095135986804962,-9.823002619668841e-05,0.052267927676439285,-0.035072024911642075,-0.0005968405748717487
66146,1859.771216,0.16819705069065094,-0.13164101541042328,-9.461716399528086e-05,0.05245359614491463,-0.0351293571293354,-0.0009199500782415271
66166,1859.790633,0.16924487054347992,-0.13234564661979675,-0.00011563335283426568,0.052429813891649246,-0.03536135330796242,-0.0011447444558143616
66186,1859.810629,0.17027726769447327,-0.13304223120212555,-0.00011451818136265501,0.05282697081565857,-0.03556528687477112,-0.0009062691242434084
66206,1859.830657,0.1713373363018036,-0.13375253975391388,-0.0001329359074588865,0.053176287561655045,-0.035526093095541,-0.0009696587803773582
66226,1859.850629,0.17237985134124756,-0.13444870710372925,-0.0001268319319933653,0.05334087088704109,-0.03556253761053085,-0.0009818101534619927
66246,1859.870643,0.17344774305820465,-0.13516011834144592,-0.00014734217256773263,0.05342913419008255,-0.03558770939707756,-0.0011001896345987916
66266,1859.890636,0.17448799312114716,-0.13585618138313293,-0.0001408992538927123,0.05347834900021553,-0.036013416945934296,-0.0013443904463201761
66286,1859.910626,0.17555968463420868,-0.136580690741539,-0.00017145324090961367,0.053695596754550934,-0.036370616406202316,-0.0016038189642131329
66306,1859.930627,0.17660081386566162,-0.1372891515493393,-0.000169883351190947,0.05367355793714523,-0.036658819764852524,-0.0017006942071020603
66326,1859.950627,0.1776747852563858,-0.13802780210971832,-0.00020649516955018044,0.053767405450344086,-0.037156958132982254,-0.0018879957497119904
66346,1859.970638,0.1787092685699463,-0.13874922692775726,-0.00020313303684815764,0.05353354662656784,-0.03765781223773956,-0.001953467493876815
66366,1859.990653,0.17978008091449738,-0.13950373232364655,-0.0002451264299452305,0.053525328636169434,-0.037756502628326416,-0.0023421812802553177
66386,1860.010629,0.18085958063602448,-0.1402631402015686,-0.00024417563690803945,0.05362282320857048,-0.03784584999084473,-0.002226939657703042
66406,1860.030628,0.18193458020687103,-0.14102134108543396,-0.00028733082581311464,0.053805459290742874,-0.03790879249572754,-0.0021505344193428755
66426,1860.050631,0.1830112636089325,-0.14178058505058289,-0.0003330431936774403,0.05400609225034714,-0.03806266561150551,-0.002439211355522275
66446,1860.070646,0.1840423196554184,-0.14250124990940094,-0.0003173156874254346,0.054483719170093536,-0.038509756326675415,-0.0022285101003944874
66466,1860.090641,0.18513308465480804,-0.1432722955942154,-0.0003600115596782416,0.05457351729273796,-0.03860434517264366,-0.0020679044537246227
66486,1860.110622,0.1861693263053894,-0.14399504661560059,-0.0003327835875097662,0.054749298840761185,-0.03852676972746849,-0.002123401500284672
66506,1860.130622,0.18726611137390137,-0.1447618454694748,-0.000379131524823606,0.05492155998945236,-0.03819946199655533,-0.002446215134114027
66526,1860.150621,0.18830932676792145,-0.14547081291675568,-0.00035905567347072065,0.0551806315779686,-0.03803788125514984,-0.0025426349602639675
66546,1860.170636,0.18941499292850494,-0.14623156189918518,-0.0004082895175088197,0.05543852224946022,-0.038061559200286865,-0.0024501278530806303
66566,1860.190618,0.1904565691947937,-0.1469329297542572,-0.0003743538982234895,0.05541113018989563,-0.03819185867905617,-0.002281867666170001
66586,1860.210619,0.19156545400619507,-0.14769785106182098,-0.0004173931374680251,0.05545511841773987,-0.03830641508102417,-0.0020631302613765
66606,1860.230618,0.19261185824871063,-0.14840933680534363,-0.00037483751657418907,0.05583801120519638,-0.03884435445070267,-0.001786180306226015
66626,1860.250629,0.19373159110546112,-0.14918620884418488,-0.00040767312748357654,0.05604510381817818,-0.038785360753536224,-0.0015221823705360293
66646,1860.270635,0.19479022920131683,-0.14990581572055817,-0.00036205185460858047,0.0559888519346714,-0.038961149752140045,-0.001670959871262312
66666,1860.290650,0.19535024464130402,-0.15029588341712952,-0.0003796699456870556,0.05601816624403,-0.03905724361538887,-0.001854859059676528
66686,1860.310617,0.19647079706192017,-0.15107756853103638,-0.0004158698720857501,0.05605719983577728,-0.03915848955512047,-0.0017898238729685545
66706,1860.330619,0.1975286304950714,-0.15180501341819763,-0.0003672426682896912,0.05630075931549072,-0.03959527611732483,-0.0015042099403217435
66726,1860.350617,0.1986597776412964,-0.15260112285614014,-0.00039832794573158026,0.05681465566158295,-0.0400208979845047,-0.001664625946432352
66746,1860.370630,0.19973532855510712,-0.15334631502628326,-0.00035426305839791894,0.05686290189623833,-0.040195778012275696,-0.0015760132810100913
66766,1860.390622,0.2008756548166275,-0.1541478931903839,-0.00038468805723823607,0.057195380330085754,-0.04003031551837921,-0.0014863276155665517
66786,1860.410615,0.2019597440958023,-0.1548968255519867,-0.00034275068901479244,0.05709584429860115,-0.0405026338994503,-0.0016005595680326223
66806,1860.430614,0.20309995114803314,-0.1557096689939499,-0.00037613161839544773,0.05699671804904938,-0.04067500680685043,-0.0015932484529912472
66826,1860.450616,0.20417775213718414,-0.15646310150623322,-0.0003304210549686104,0.05687204748392105,-0.040819648653268814,-0.0014826571568846703
66846,1860.470636,0.20531786978244781,-0.15728440880775452,-0.00036101319710724056,0.057260312139987946,-0.04119661822915077,-0.0015610948903486133
66866,1860.490621,0.2064102441072464,-0.15804840624332428,-0.0003207791596651077,0.05763673037290573,-0.041164834052324295,-0.0015271008014678955
66886,1860.510566,0.20756036043167114,-0.15887610614299774,-0.0003495558921713382,0.05739244073629379,-0.041647426784038544,-0.0014135048259049654
66906,1860.530584,0.20865599811077118,-0.15965215861797333,-0.00030631315894424915,0.0575813353061676,-0.04171217605471611,-0.0009554433636367321
66926,1860.550585,0.2098149210214615,-0.16049019992351532,-0.0003246420237701386,0.05832944065332413,-0.04216749593615532,-0.001002334407530725
66946,1860.570587,0.21098628640174866,-0.16133803129196167,-0.00034676530049182475,0.05875825881958008,-0.04261282831430435,-0.0010827220976352692
66966,1860.590580,0.21211034059524536,-0.16213254630565643,-0.00029784266371279955,0.059014663100242615,-0.04292060062289238,-0.0008798558847047389
66986,1860.610582,0.21329303085803986,-0.16299450397491455,-0.0003202315419912338,0.05923231318593025,-0.043182794004678726,-0.0012753744376823306
67006,1860.630581,0.2144291251897812,-0.16379983723163605,-0.0002823111426550895,0.059524308890104294,-0.043267618864774704,-0.0010392213007435203
67026,1860.650579,0.21562084555625916,-0.16466788947582245,-0.0003036940179299563,0.05963311344385147,-0.04346928745508194,-0.0011171612422913313
67046,1860.670620,0.21676219999790192,-0.16548360884189606,-0.00026695281849242747,0.05957695096731186,-0.04391292855143547,-0.0009756981744430959
67066,1860.690621,0.21795564889907837,-0.1663655787706375,-0.0002912924683187157,0.05985899269580841,-0.04424586892127991,-0.0013894655276089907
67086,1860.710609,0.2191040813922882,-0.16719534993171692,-0.0002633353287819773,0.059892501682043076,-0.04448540508747101,-0.00141128059476614
67106,1860.730608,0.2203020453453064,-0.1680852323770523,-0.0002943731378763914,0.05982144922018051,-0.044508542865514755,-0.001727859489619732
67126,1860.750609,0.22143803536891937,-0.168910413980484,-0.00026876042829826474,0.05956142023205757,-0.04487460479140282,-0.0017815164756029844
67146,1860.770620,0.22262950241565704,-0.16980673372745514,-0.00030576199060305953,0.059623152017593384,-0.0447695218026638,-0.0019527504919096828
67166,1860.790635,0.22376786172389984,-0.17063008248806,-0.0002830726734828204,0.05992181971669197,-0.04496701806783676,-0.002062465762719512
67186,1860.810608,0.2249668836593628,-0.1715325117111206,-0.0003279868687968701,0.060072753578424454,-0.045226018875837326,-0.0023163645528256893
67206,1860.830605,0.22610697150230408,-0.1723576784133911,-0.0003049574443139136,0.06004743278026581,-0.04537590965628624,-0.001980628352612257
67226,1860.850604,0.2273091971874237,-0.17326661944389343,-0.00034589244751259685,0.06017215922474861,-0.04544590786099434,-0.0021400856785476208
67246,1860.870614,0.22851300239562988,-0.17417791485786438,-0.00038864920497871935,0.0602070614695549,-0.04570040851831436,-0.002121542114764452
67266,1860.890606,0.2296493947505951,-0.17499946057796478,-0.0003544190840329975,0.06036916375160217,-0.04587068036198616,-0.002225238364189863
67286,1860.910609,0.2308574914932251,-0.17591939866542816,-0.0004009098920505494,0.06044064089655876,-0.046081673353910446,-0.0024099063593894243
67306,1860.930603,0.23199674487113953,-0.1767439842224121,-0.00036914064548909664,0.060390904545784,-0.04617192968726158,-0.002287023002281785
67326,1860.950603,0.23320609331130981,-0.17767028510570526,-0.00041439145570620894,0.06054774299263954,-0.04647015780210495,-0.0021768922451883554
67346,1860.970613,0.23435111343860626,-0.1785019040107727,-0.00037721890839748085,0.06079396605491638,-0.04677675664424896,-0.0020868773572146893
67366,1860.990603,0.2355685830116272,-0.17943814396858215,-0.0004201969422865659,0.06085231527686119,-0.04671086370944977,-0.002210079226642847
67386,1861.010603,0.23670899868011475,-0.18025989830493927,-0.00037851068191230297,0.060604412108659744,-0.046831998974084854,-0.0020991633646190166
67406,1861.030601,0.23792076110839844,-0.1811993569135666,-0.0004175301000941545,0.0606173612177372,-0.04697422310709953,-0.0018193096620962024
67426,1861.050601,0.23913000524044037,-0.18207642436027527,-0.000368849461665377,0.06107979640364647,-0.04682985320687294,-0.0014055984793230891
67446,1861.070609,0.24035046994686127,-0.1830134242773056,-0.0003996496379841119,0.06102082505822182,-0.04692212864756584,-0.0016680556582286954
67466,1861.090602,0.24150735139846802,-0.18385107815265656,-0.0003542131744325161,0.06096415966749191,-0.04686174914240837,-0.0015748821897432208
67486,1861.110603,0.24272669851779938,-0.18478888273239136,-0.0003867575724143535,0.060992807149887085,-0.046917691826820374,-0.0017250844975933433
67506,1861.130658,0.2438911348581314,-0.18563804030418396,-0.00034611340379342437,0.06134532019495964,-0.04755847901105881,-0.0016794373514130712
67526,1861.150600,0.24511955678462982,-0.18659187853336334,-0.0003796773962676525,0.061492424458265305,-0.047776948660612106,-0.0017653190298005939
67546,1861.170609,0.24635213613510132,-0.18754956126213074,-0.00041696132393553853,0.061753712594509125,-0.047949936240911484,-0.0019050093833357096
67566,1861.190605,0.24752895534038544,-0.18840676546096802,-0.0003706385032273829,0.06204460561275482,-0.04779016971588135,-0.0016145098488777876
67586,1861.210595,0.24877069890499115,-0.18936578929424286,-0.0004022039647679776,0.06210322678089142,-0.0481356680393219,-0.0016006343066692352
67606,1861.230596,0.24995830655097961,-0.19023676216602325,-0.00035749643575400114,0.06257984042167664,-0.04848333075642586,-0.00163242407143116
67626,1861.249600,0.251211017370224,-0.1912095695734024,-0.0003914949484169483,0.06269890815019608,-0.04864699766039848,-0.001743024680763483
67646,1861.269595,0.2524091303348541,-0.19208687543869019,-0.0003492110699880868,0.06287391483783722,-0.048205044120550156,-0.0015598790487274528
67666,1861.289596,0.25366896390914917,-0.1930495798587799,-0.00038255422259680927,0.06310994178056717,-0.0480378158390522,-0.0017829674761742353
67686,1861.309593,0.254865825176239,-0.19391728937625885,-0.00034131400752812624,0.06299836933612823,-0.04814615100622177,-0.0017131342319771647
67706,1861.329597,0.25612470507621765,-0.19488559663295746,-0.00037342539872042835,0.06293106824159622,-0.04863299801945686,-0.0014903527917340398
67726,1861.349594,0.2573224604129791,-0.19577498733997345,-0.00032432845910079777,0.06298965215682983,-0.04879273846745491,-0.0009029446518979967
67746,1861.369592,0.25858327746391296,-0.1967526078224182,-0.00034531502751633525,0.06310763210058212,-0.04892545938491821,-0.0011572857620194554
67766,1861.389590,0.2597928047180176,-0.19765451550483704,-0.00030200116452760994,0.0634087547659874,-0.048882875591516495,-0.0010425761574879289
67786,1861.409598,0.2610640525817871,-0.19863395392894745,-0.00032364160870201886,0.06376617401838303,-0.049019619822502136,-0.0010566269047558308
67806,1861.429593,0.2623407542705536,-0.1996166706085205,-0.0003409207856748253,0.06381651759147644,-0.049267735332250595,-0.0007980712107382715
67826,1861.449588,0.26356014609336853,-0.20053009688854218,-0.00029104811255820096,0.06382598727941513,-0.04933590814471245,-0.0007816937286406755
67846,1861.469590,0.264840692281723,-0.20152047276496887,-0.00030504376627504826,0.06423486769199371,-0.049681179225444794,-0.000593140663113445
67866,1861.490273,0.2660759687423706,-0.20244954526424408,-0.00025970989372581244,0.064363032579422,-0.049491044133901596,-0.0007008432876318693
67886,1861.509177,0.2673671245574951,-0.20344167947769165,-0.0002744533121585846,0.06479629874229431,-0.04969338700175285,-0.0007564533152617514
67906,1861.529206,0.2686181664466858,-0.2043832242488861,-0.00023853660968597978,0.06501305103302002,-0.05002956464886665,-0.0007402003975585103
67926,1861.549165,0.2699214220046997,-0.20538270473480225,-0.0002544368908274919,0.06537216156721115,-0.049817588180303574,-0.0008309772820211947
67946,1861.569167,0.2711798846721649,-0.20632459223270416,-0.0002215187851106748,0.06545456498861313,-0.04980020970106125,-0.0009544058120809495
67966,1861.589164,0.27248963713645935,-0.20732182264328003,-0.00024379693786613643,0.0655072033405304,-0.049940694123506546,-0.001234396011568606
67986,1861.609165,0.2737492620944977,-0.20826923847198486,-0.0002200856397394091,0.06558137387037277,-0.0498986653983593,-0.0013460663612931967
68006,1861.629163,0.27506551146507263,-0.20926617085933685,-0.0002480637631379068,0.06609009951353073,-0.04984130710363388,-0.0013435410801321268
68026,1861.649159,0.27633947134017944,-0.2102135419845581,-0.00022537552285939455,0.06668858230113983,-0.04983128607273102,-0.0014014330226927996
68046,1861.669165,0.2776735723018646,-0.2112101912498474,-0.00025209682644344866,0.06668217480182648,-0.04975198209285736,-0.0012131859548389912
68066,1861.689163,0.278950959444046,-0.21215954422950745,-0.00022708025062456727,0.06682349741458893,-0.04984825849533081,-0.0011126408353447914
68086,1861.709162,0.2802903950214386,-0.21316102147102356,-0.00025145820109173656,0.0671810731291771,-0.05030829459428787,-0.0012860636925324798
68106,1861.729191,0.28164002299308777,-0.21416817605495453,-0.0002772384032141417,0.06783665716648102,-0.0503554493188858,-0.001341178547590971
68126,1861.749160,0.2829330861568451,-0.21512837707996368,-0.00025034366990439594,0.06810186803340912,-0.05040060356259346,-0.0014153619995340705
68146,1861.769163,0.284301221370697,-0.21614007651805878,-0.0002779382630251348,0.0687628835439682,-0.05082479864358902,-0.0013533354504033923
68166,1861.789164,0.2856086194515228,-0.21711236238479614,-0.0002508093020878732,0.06906969845294952,-0.0509103424847126,-0.0013140869559720159
68186,1861.809157,0.2869921922683716,-0.21813173592090607,-0.0002776382025331259,0.06936807185411453,-0.05094262212514877,-0.0013604424893856049
68206,1861.829161,0.28830552101135254,-0.21910642087459564,-0.0002495705266483128,0.06963695585727692,-0.05104294419288635,-0.001147291506640613
68226,1861.849156,0.2897004783153534,-0.22013160586357117,-0.0002720385091379285,0.06995344907045364,-0.05148819088935852,-0.0011101714335381985
68246,1861.869157,0.2910138666629791,-0.2211143672466278,-0.0002382222592132166,0.07012869417667389,-0.051503825932741165,-0.0008799100760370493
68266,1861.889215,0.2924160361289978,-0.22214683890342712,-0.0002566104813013226,0.07015205174684525,-0.051815155893564224,-0.0009617923642508686
68286,1861.909163,0.2937352955341339,-0.22314131259918213,-0.00022514774173032492,0.07044755667448044,-0.05209418386220932,-0.0008866520947776735
68306,1861.929171,0.29514819383621216,-0.2241876870393753,-0.0002454595232848078,0.07085561007261276,-0.05260537564754486,-0.0010374652920290828
68326,1861.949226,0.2964814007282257,-0.22519835829734802,-0.00021829939214512706,0.07107370346784592,-0.052736613899469376,-0.0011274642311036587
68346,1861.969157,0.29790085554122925,-0.22625182569026947,-0.000242992042331025,0.07089541852474213,-0.05265899747610092,-0.0013056675670668483
68366,1861.989155,0.2993195652961731,-0.22730517387390137,-0.0002713313733693212,0.07097311317920685,-0.05271599069237709,-0.0015166744124144316
68386,1862.009165,0.30064940452575684,-0.22831325232982635,-0.000253985432209447,0.07112037390470505,-0.05280071124434471,-0.0018339104717597365
68406,1862.029179,0.30207228660583496,-0.22936871647834778,-0.00029582830029539764,0.07105059176683426,-0.052738405764102936,-0.002272703917697072
68426,1862.049154,0.3033793568611145,-0.2303638756275177,-0.0002796982880681753,0.07097283750772476,-0.052753373980522156,-0.002053554868325591
68446,1862.069159,0.3047994375228882,-0.23142041265964508,-0.00031780029530636966,0.0710165798664093,-0.05292455852031708,-0.0017687629442662
68466,1862.089153,0.30617278814315796,-0.2324720025062561,-0.0002937681565526873,0.07111471891403198,-0.0530124269425869,-0.0018569047097116709
68486,1862.109151,0.3075963854789734,-0.23353426158428192,-0.00032983237178996205,0.07129073888063431,-0.05321251600980759,-0.0017869523726403713
68506,1862.129154,0.30890539288520813,-0.2345343828201294,-0.00030134315602481365,0.07129529863595963,-0.05312596634030342,-0.0016404740745201707
68526,1862.149155,0.31033140420913696,-0.23559555411338806,-0.00033371304743923247,0.07141511142253876,-0.053019288927316666,-0.0016595402266830206
68546,1862.169175,0.31163766980171204,-0.23659057915210724,-0.00029812456341460347,0.07166705280542374,-0.05330249294638634,-0.0013983160024508834
68566,1862.189157,0.3130719065666199,-0.2376585155725479,-0.0003256827185396105,0.07189664244651794,-0.053469713777303696,-0.0013595172204077244
68586,1862.209156,0.3143961429595947,-0.238660529255867,-0.000287295610178262,0.07215837389230728,-0.05319300666451454,-0.0012930065859109163
68606,1862.229151,0.31584277749061584,-0.2397247850894928,-0.00031197789940051734,0.07250405102968216,-0.053300242871046066,-0.001050907769240439
68626,1862.249149,0.3171871304512024,-0.2407330721616745,-0.00026988465106114745,0.07265949249267578,-0.053355421870946884,-0.0006735028000548482
68646,1862.269148,0.3186435103416443,-0.24180053174495697,-0.00028577473131008446,0.07293858379125595,-0.05344000831246376,-0.0008823378593660891
68666,1862.289150,0.3201051652431488,-0.24286909401416779,-0.0003023380704689771,0.0732194110751152,-0.05334142968058586,-0.0007136076455935836
68686,1862.309150,0.32146549224853516,-0.24388261139392853,-0.0002554122474975884,0.0732511654496193,-0.05345543846487999,-0.0004708404012490064
68706,1862.329150,0.32293301820755005,-0.24495361745357513,-0.0002643012267071754,0.07347951829433441,-0.053658537566661835,-0.0005056113586761057
68726,1862.349152,0.32431331276893616,-0.24598225951194763,-0.0002236782747786492,0.07341257482767105,-0.05365603789687157,-0.00046338842366822064
68746,1862.369146,0.3257822096347809,-0.2470550388097763,-0.00023316958686336875,0.07344109565019608,-0.05361831188201904,-0.00040342999272979796
68766,1862.389155,0.32717329263687134,-0.248089000582695,-0.00019718390831258148,0.07334577292203903,-0.05365923419594765,-0.00038435362512245774
68786,1862.409146,0.3286406993865967,-0.24916547536849976,-0.00020621974545065314,0.07345012575387955,-0.05398056283593178,-0.0005754469893872738
68806,1862.429148,0.33004462718963623,-0.2502099871635437,-0.00018496776465326548,0.0735795870423317,-0.05372439697384834,-0.0011587778571993113
68826,1862.449145,0.33151739835739136,-0.2512860894203186,-0.00020912311447318643,0.07376902550458908,-0.05393124744296074,-0.0012531073298305273
68846,1862.469143,0.3329205811023712,-0.25232887268066406,-0.00019066045933868736,0.07378802448511124,-0.054004229605197906,-0.0011911289766430855
68866,1862.489146,0.33439794182777405,-0.253414124250412,-0.00021720498625654727,0.07397942245006561,-0.054491158574819565,-0.0014236461138352752
68886,1862.509148,0.3358059525489807,-0.25446683168411255,-0.00020018051145598292,0.0741480216383934,-0.05446701496839523,-0.0012932611862197518
68906,1862.529144,0.3372894823551178,-0.25555968284606934,-0.00022618388175033033,0.0742204338312149,-0.05473167449235916,-0.0012977406149730086
68926,1862.549142,0.33877602219581604,-0.25665706396102905,-0.0002539373526815325,0.0744863972067833,-0.05502103269100189,-0.001529416418634355
68946,1862.569136,0.34019267559051514,-0.25771939754486084,-0.0002389372675679624,0.07454294711351395,-0.055093396455049515,-0.001649086712859571
68966,1862.589142,0.34168383479118347,-0.2588249444961548,-0.0002718257892411202,0.0746062695980072,-0.055522989481687546,-0.0016201457474380732
68986,1862.609145,0.3430941700935364,-0.2598924934864044,-0.00024883527657948434,0.07479239255189896,-0.05580786615610123,-0.0015098239528015256
69006,1862.629136,0.34459054470062256,-0.261010080575943,-0.00027954322285950184,0.07488615065813065,-0.05592221021652222,-0.0015245206886902452
69026,1862.649139,0.3460075259208679,-0.26207998394966125,-0.0002542286238167435,0.07503186911344528,-0.05615653097629547,-0.0014126101741567254
69046,1862.669139,0.3475101888179779,-0.26320573687553406,-0.0002854991762433201,0.0752827599644661,-0.056428831070661545,-0.0017334057483822107
69066,1862.689136,0.3489346206188202,-0.2642814517021179,-0.00026657996932044625,0.07545994222164154,-0.05655675381422043,-0.001875118468888104
69086,1862.709139,0.35044780373573303,-0.2654145359992981,-0.000307510606944561,0.07596880942583084,-0.05674996227025986,-0.002204623306170106
69106,1862.729140,0.35188210010528564,-0.26648643612861633,-0.0002917292295023799,0.07635022699832916,-0.05693339183926582,-0.002117313677445054
69126,1862.748563,0.3534122407436371,-0.26762646436691284,-0.00033404718851670623,0.07674521952867508,-0.05708054453134537,-0.002116258256137371
69146,1862.768562,0.3548424243927002,-0.26868611574172974,-0.0003074710548389703,0.07702477276325226,-0.057154618203639984,-0.00209305202588439
69166,1862.788560,0.35638466477394104,-0.2698332965373993,-0.00035096443025395274,0.07723326236009598,-0.05760153383016586,-0.0022707802709192038
69186,1862.808569,0.3578135073184967,-0.27089473605155945,-0.00032533647026866674,0.07743707299232483,-0.05759558826684952,-0.0023844351526349783
69206,1862.828565,0.35936617851257324,-0.27204790711402893,-0.00037725764559581876,0.0778161883354187,-0.057776667177677155,-0.0028151972219347954
69226,1862.848557,0.3609226942062378,-0.27320513129234314,-0.00043584045488387346,0.07789581269025803,-0.05794341489672661,-0.003054735017940402
69246,1862.868559,0.36234989762306213,-0.2742583751678467,-0.00041511390008963645,0.07809417694807053,-0.05791100859642029,-0.002870947355404496
69266,1862.888555,0.3639180362224579,-0.2754162847995758,-0.0004705855390056968,0.07867606729269028,-0.05794636532664299,-0.002696230076253414
69286,1862.908563,0.365327388048172,-0.27644965052604675,-0.0004278245032764971,0.07870979607105255,-0.05819028988480568,-0.0023562267888337374
69306,1862.928558,0.3669070601463318,-0.27761247754096985,-0.00047382962657138705,0.07929125428199768,-0.058082181960344315,-0.0022926325909793377
69326,1862.948557,0.3683238625526428,-0.27864137291908264,-0.0004296956758480519,0.07924259454011917,-0.05776747688651085,-0.0024865013547241688
69346,1862.968551,0.36991173028945923,-0.27979591488838196,-0.00048087668255902827,0.07968461513519287,-0.05776094272732735,-0.002584508154541254
69366,1862.988565,0.3713299632072449,-0.28082141280174255,-0.0004327612987253815,0.07983436435461044,-0.05780421197414398,-0.0019122704397886992
69386,1863.008561,0.3729266822338104,-0.28198006749153137,-0.0004738568386528641,0.07994105666875839,-0.05810306593775749,-0.002271843608468771
69406,1863.028600,0.37432634830474854,-0.28300994634628296,-0.00042393917101435363,0.08012793213129044,-0.05841749161481857,-0.00229273340664804
69426,1863.048553,0.3759326934814453,-0.2841797471046448,-0.0004694444651249796,0.0804736539721489,-0.05848865211009979,-0.0022652677726000547
69446,1863.068521,0.37734362483024597,-0.2852148711681366,-0.0004201129195280373,0.08093558996915817,-0.058292921632528305,-0.0021780431270599365
69466,1863.088556,0.37896764278411865,-0.2863849997520447,-0.0004629559116438031,0.08138520270586014,-0.05881384760141373,-0.0020789792761206627
69486,1863.108552,0.38046973943710327,-0.287494033575058,-0.0004123282851651311,0.08148449659347534,-0.05896972492337227,-0.0017853996250778437
69506,1863.128556,0.38210198283195496,-0.28867843747138977,-0.00044768923544324934,0.08171840757131577,-0.059466470032930374,-0.0018165012588724494
69526,1863.148554,0.38373783230781555,-0.2898704707622528,-0.0004847847740165889,0.08186487853527069,-0.059708371758461,-0.0019155037589371204
69546,1863.168552,0.38516873121261597,-0.2909373939037323,-0.00043349547195248306,0.08206940442323685,-0.059571679681539536,-0.0019887627568095922
69566,1863.188550,0.3868181109428406,-0.2921275496482849,-0.00047557445941492915,0.08290340006351471,-0.05953280255198479,-0.002130772452801466
69586,1863.208550,0.3882487416267395,-0.2931818664073944,-0.00042368395952507854,0.08302456885576248,-0.05957609787583351,-0.001998813822865486
69606,1863.228552,0.3899100124835968,-0.29437100887298584,-0.00046327352174557745,0.08315887302160263,-0.05947859585285187,-0.0019289511255919933
69626,1863.248560,0.3913447856903076,-0.2954307496547699,-0.00041130310273729265,0.08337107300758362,-0.05962364003062248,-0.001805732841603458
69646,1863.268546,0.3930150866508484,-0.29662302136421204,-0.00045030840556137264,0.08365579694509506,-0.05971188843250275,-0.002012761542573571
69666,1863.288549,0.39446407556533813,-0.29769155383110046,-0.00040369920316152275,0.08425001055002213,-0.05977573245763779,-0.0019428175874054432
69686,1863.308549,0.39615145325660706,-0.2988898754119873,-0.00044535272172652185,0.08449750393629074,-0.05997669696807861,-0.002213918836787343
69706,1863.328550,0.3975818455219269,-0.2999531030654907,-0.0004009655967820436,0.08471256494522095,-0.05977175757288933,-0.002362885745242238
69726,1863.348547,0.39927828311920166,-0.30115166306495667,-0.00044691847870126367,0.08492615073919296,-0.06007849797606468,-0.0022064512595534325
69746,1863.368544,0.4007164239883423,-0.30222469568252563,-0.0003994717262685299,0.08533827215433121,-0.06028604507446289,-0.0019887357484549284
69766,1863.388544,0.4024258553981781,-0.3034307062625885,-0.0004409710818435997,0.0855879932641983,-0.06017262116074562,-0.0021545528434216976
69786,1863.408550,0.40414100885391235,-0.304634153842926,-0.00048535887617617846,0.08593086898326874,-0.0602671280503273,-0.0022621462121605873
69806,1863.428545,0.40559113025665283,-0.30571478605270386,-0.0004397276497911662,0.08603613078594208,-0.06051969900727272,-0.002199228387326002
69826,1863.448557,0.4073149859905243,-0.3069293200969696,-0.0004825218638870865,0.0863264873623848,-0.06084316968917847,-0.002124563092365861
69846,1863.468541,0.40874749422073364,-0.3080146610736847,-0.0004289123462513089,0.08672039210796356,-0.061127230525016785,-0.0020099133253097534
69866,1863.488547,0.4104841351509094,-0.3092367649078369,-0.0004693033406510949,0.08687683939933777,-0.06101927533745766,-0.0020207681227475405
69886,1863.508546,0.411928653717041,-0.3103248178958893,-0.00041877428884617984,0.08691782504320145,-0.0608561672270298,-0.0019082387443631887
69906,1863.528541,0.41367077827453613,-0.31154295802116394,-0.0004531540907919407,0.08733482658863068,-0.06097883731126785,-0.001559410709887743
69926,1863.548548,0.4151381552219391,-0.31264179944992065,-0.00039637894951738417,0.08749044686555862,-0.06114646792411804,-0.0013751134974882007
69946,1863.568539,0.4168930649757385,-0.3138667345046997,-0.00042437162483111024,0.08798923343420029,-0.061283741146326065,-0.001481647719629109
69966,1863.588543,0.4183887243270874,-0.3149818480014801,-0.0003745791327673942,0.08834455162286758,-0.061598990112543106,-0.001450314070098102
69986,1863.608542,0.4201584458351135,-0.3162144124507904,-0.0004018853360321373,0.08858955651521683,-0.061639558523893356,-0.0012376663507893682
70006,1863.628538,0.421658456325531,-0.31733328104019165,-0.00034790777135640383,0.08905049413442612,-0.061812303960323334,-0.0011684237979352474
70026,1863.648541,0.4234418570995331,-0.3185728192329407,-0.00037178100319579244,0.08925023674964905,-0.062125563621520996,-0.001197841833345592
70046,1863.668548,0.42496880888938904,-0.3197087049484253,-0.00032340746838599443,0.08924907445907593,-0.062170758843421936,-0.0011028182925656438
70066,1863.687542,0.4267560839653015,-0.3209487795829773,-0.0003466398629825562,0.08943590521812439,-0.06178952008485794,-0.0011985836317762733
70086,1863.707538,0.4285479485988617,-0.3221825659275055,-0.0003694815677590668,0.08985097706317902,-0.06159867346286774,-0.0011354645248502493
70106,1863.728540,0.43010562658309937,-0.3233163356781006,-0.0003207144036423415,0.08996649831533432,-0.06177755072712898,-0.0008427684078924358
70126,1863.747536,0.43190640211105347,-0.32455578446388245,-0.0003350446932017803,0.09014475345611572,-0.06205533444881439,-0.0006387069006450474
70146,1863.767550,0.4334767460823059,-0.3257085382938385,-0.00028513374854810536,0.09015238285064697,-0.06233837082982063,-0.000785685726441443
70166,1863.787539,0.4352828562259674,-0.3269560635089874,-0.0003021513402927667,0.09045999497175217,-0.062481436878442764,-0.0009720693924464285
70186,1863.807564,0.43688541650772095,-0.328125536441803,-0.00026304423226974905,0.09076619148254395,-0.06272824108600616,-0.0009145083604380488
70206,1863.827536,0.43870431184768677,-0.32938286662101746,-0.00028165485127829015,0.09113970398902893,-0.06293808668851852,-0.0009987960802391171
70226,1863.847537,0.44033515453338623,-0.33056434988975525,-0.00024822173872962594,0.09134360402822495,-0.06298037618398666,-0.0009820078266784549
70246,1863.867545,0.4421638548374176,-0.3318232595920563,-0.00027179784956388175,0.09155561774969101,-0.06301111727952957,-0.0012794452486559749
70266,1863.887538,0.443809449672699,-0.33300772309303284,-0.00024313534959219396,0.09178980439901352,-0.06315368413925171,-0.0009378005051985383
70286,1863.907548,0.4456457495689392,-0.3342737555503845,-0.00025985660613514483,0.09190209209918976,-0.06342747807502747,-0.0009535208228044212
70306,1863.927534,0.44729548692703247,-0.3354673385620117,-0.00022825729683972895,0.09221696853637695,-0.06370348483324051,-0.0008727365639060736
70326,1863.947535,0.449141263961792,-0.3367433249950409,-0.0002460078976582736,0.09228664636611938,-0.06392600387334824,-0.0009583471110090613
70346,1863.967530,0.4508081376552582,-0.33794835209846497,-0.00021547819778788835,0.09203673154115677,-0.06415729969739914,-0.0007890540291555226
70366,1863.987533,0.4526510238647461,-0.3392321467399597,-0.00023061361571308225,0.09222254902124405,-0.06418747454881668,-0.0007058194023557007
70386,1864.007531,0.45449554920196533,-0.3405167758464813,-0.00024519485305063426,0.09232501685619354,-0.0643310695886612,-0.0006817377870902419
70406,1864.027534,0.45618554949760437,-0.34173351526260376,-0.00021142732293810695,0.09251866489648819,-0.06451587378978729,-0.000627596047706902
70426,1864.047529,0.45803648233413696,-0.3430218994617462,-0.0002280920889461413,0.0926893949508667,-0.06435883045196533,-0.0010156698990613222
70446,1864.067529,0.45973771810531616,-0.3442346751689911,-0.00020407408010214567,0.0928865447640419,-0.06437353044748306,-0.0011322028003633022
70466,1864.088123,0.46160006523132324,-0.34552013874053955,-0.00023093946219887584,0.09328543394804001,-0.06416912376880646,-0.001421696157194674
70486,1864.108123,0.46331554651260376,-0.34672871232032776,-0.0002143872989108786,0.09357409924268723,-0.06418653577566147,-0.001483651460148394
70506,1864.128117,0.46528103947639465,-0.3480736315250397,-0.0002447526203468442,0.09350291639566422,-0.0639377012848854,-0.001463656430132687
70526,1864.148115,0.4669927656650543,-0.34927672147750854,-0.0002270601544296369,0.09361792355775833,-0.06407313048839569,-0.0015736770583316684
70546,1864.168116,0.4688689112663269,-0.3505563735961914,-0.00026164684095419943,0.09394573420286179,-0.06393633037805557,-0.00186486158054322
70566,1864.188115,0.47056660056114197,-0.35174742341041565,-0.00024323923571500927,0.0941644236445427,-0.06381291151046753,-0.0017920247046276927
70586,1864.208119,0.47245287895202637,-0.35302403569221497,-0.00028085990925319493,0.09445484727621078,-0.06391319632530212,-0.001815345836803317
70606,1864.228109,0.4741559624671936,-0.35422152280807495,-0.00025754957459867,0.0946023091673851,-0.06420228630304337,-0.0017079786630347371
70626,1864.248112,0.47604814171791077,-0.3555062711238861,-0.00029461164376698434,0.09461872279644012,-0.06415574997663498,-0.0018901180010288954
70646,1864.268115,0.47775036096572876,-0.35670527815818787,-0.00027156525175087154,0.09475583583116531,-0.06413301080465317,-0.0018807509914040565
70666,1864.287534,0.4796495735645294,-0.35798966884613037,-0.0003132875426672399,0.09517492353916168,-0.06434441357851028,-0.0022487835958600044
70686,1864.307535,0.4815521538257599,-0.3592769503593445,-0.0003581619821488857,0.09507202357053757,-0.06437203288078308,-0.002279917011037469
70706,1864.327529,0.48325639963150024,-0.36048072576522827,-0.0003388257755432278,0.09559109807014465,-0.06447233259677887,-0.0024705538526177406
70726,1864.347525,0.4851740002632141,-0.3617651164531708,-0.0003887586062774062,0.09611571580171585,-0.064019113779068,-0.00235060416162014
70746,1864.367522,0.4868603050708771,-0.3629535138607025,-0.00035297792055644095,0.09615947306156158,-0.06408269703388214,-0.0018006316386163235
70766,1864.387525,0.48878756165504456,-0.3642350733280182,-0.0003884511243086308,0.09659818559885025,-0.0640413910150528,-0.001745451008901
70786,1864.407528,0.4904928207397461,-0.36543112993240356,-0.0003449356008786708,0.09686045348644257,-0.06383349746465683,-0.0014598421985283494
70806,1864.427523,0.49243438243865967,-0.3667064309120178,-0.00037417569546960294,0.09735554456710815,-0.06367813795804977,-0.00144431262742728
70826,1864.447522,0.49416235089302063,-0.3679113984107971,-0.0003340605180710554,0.0977591872215271,-0.06379221379756927,-0.0016567569691687822
70846,1864.467521,0.49611911177635193,-0.36919090151786804,-0.00036960997385904193,0.09792505204677582,-0.06409338116645813,-0.0018119469750672579
70866,1864.487522,0.49782687425613403,-0.37040701508522034,-0.00033291851286776364,0.09776070713996887,-0.06390959024429321,-0.0019733465742319822
70886,1864.507531,0.4997814893722534,-0.3716815710067749,-0.00037280796095728874,0.09780342876911163,-0.06353085488080978,-0.002034511649981141
70906,1864.527520,0.5014909505844116,-0.37289583683013916,-0.00033525266917422414,0.09794735163450241,-0.06342542916536331,-0.001644281204789877
70926,1864.547520,0.5034531354904175,-0.37416645884513855,-0.00037126141251064837,0.09822458773851395,-0.06354525685310364,-0.0017974622314795852
70946,1864.567522,0.5054177045822144,-0.3754364848136902,-0.0004075753386132419,0.09816227108240128,-0.06347820162773132,-0.0018383945571258664
70966,1864.587522,0.5071349740028381,-0.3766649663448334,-0.0003660772927105427,0.09820666164159775,-0.06356055289506912,-0.0016395101556554437
70986,1864.607523,0.5090982913970947,-0.37793591618537903,-0.0003997515595983714,0.09812934696674347,-0.06362690031528473,-0.0017472082981839776
71006,1864.627518,0.5108069777488708,-0.37917765974998474,-0.00035638452391140163,0.09820712357759476,-0.06384885311126709,-0.0017427346901968122
71026,1864.647515,0.5127729773521423,-0.38045594096183777,-0.00039292004657909274,0.09843546897172928,-0.06388135254383087,-0.001915568602271378
71046,1864.667529,0.5145009160041809,-0.38170310854911804,-0.0003533826384227723,0.0986347645521164,-0.06356683373451233,-0.0017453233012929559
71066,1864.687522,0.5164790153503418,-0.3829786777496338,-0.0003896971174981445,0.09909118711948395,-0.06406062096357346,-0.0020122232381254435
71086,1864.707516,0.5182244777679443,-0.3842432200908661,-0.0003552911803126335,0.09910063445568085,-0.0645008459687233,-0.002084651729092002
71106,1864.727523,0.5202109813690186,-0.38553357124328613,-0.00039832820766605437,0.09960977733135223,-0.0645381435751915,-0.00223994767293334
71126,1864.747516,0.5219638347625732,-0.3868023455142975,-0.0003655155887827277,0.0995427668094635,-0.06472670286893845,-0.0020908373408019543
71146,1864.767514,0.5239548087120056,-0.3880947530269623,-0.00040758520481176674,0.09959670901298523,-0.06450087577104568,-0.0020975342486053705
71166,1864.787518,0.5256845951080322,-0.389358788728714,-0.0003662973176687956,0.09951452165842056,-0.06467488408088684,-0.0020199469290673733
71186,1864.807524,0.5276766419410706,-0.3906532824039459,-0.00040741643169894814,0.0996336042881012,-0.06479258835315704,-0.002035466255620122
71206,1864.827514,0.5294181704521179,-0.39192041754722595,-0.0003655564214568585,0.09976374357938766,-0.06504642963409424,-0.0018425636226311326
71226,1864.847514,0.5314144492149353,-0.39322251081466675,-0.00040084338979795575,0.0997997298836708,-0.0652088075876236,-0.001706697978079319
71246,1864.867513,0.533408522605896,-0.3945288062095642,-0.00043342550634406507,0.09967448562383652,-0.06536534428596497,-0.0016490061534568667
71266,1864.887516,0.5351678133010864,-0.3957993686199188,-0.0003814143128693104,0.09998170286417007,-0.06542981415987015,-0.0012275447370484471
71286,1864.907509,0.537170946598053,-0.39711233973503113,-0.0004054857126902789,0.10033247619867325,-0.0657227411866188,-0.0013220654800534248
71306,1864.927513,0.5389530658721924,-0.3983801305294037,-0.0003544315113686025,0.10050936788320541,-0.06565207242965698,-0.0014346418902277946
71326,1864.947514,0.5409659147262573,-0.3996943235397339,-0.00038632474024780095,0.10078825056552887,-0.06569098681211472,-0.001657244865782559
71346,1864.967512,0.5427683591842651,-0.4009568393230438,-0.00034050553222186863,0.1007186770439148,-0.06564558297395706,-0.001234958996064961
71366,1864.987514,0.5447887182235718,-0.402271032333374,-0.00036233890568837523,0.10131703317165375,-0.06577509641647339,-0.0009413442458026111
71386,1865.007506,0.5466231107711792,-0.4035372734069824,-0.0003115215804427862,0.10142789781093597,-0.0658709704875946,-0.0007717077969573438
71406,1865.027509,0.548654317855835,-0.40485692024230957,-0.00032739437301643193,0.10176867246627808,-0.06612914800643921,-0.0007784200715832412
71426,1865.047509,0.5505169630050659,-0.406127393245697,-0.0002802052767947316,0.1019509807229042,-0.06591621786355972,-0.0006451592780649662
71446,1865.067507,0.5525573492050171,-0.40744665265083313,-0.0002932028437498957,0.1020532175898552,-0.06604726612567902,-0.0007208967581391335
71466,1865.087510,0.5544319152832031,-0.4087177813053131,-0.0002495747175998986,0.10206383466720581,-0.0663023516535759,-0.00048364605754613876
71486,1865.107507,0.5564747452735901,-0.41004547476768494,-0.0002601351880002767,0.10228630900382996,-0.06637399643659592,-0.0005436520441435277
71506,1865.126501,0.5583738684654236,-0.41132280230522156,-0.00022086998797021806,0.10224546492099762,-0.06628832221031189,-0.0004966309643350542
71526,1865.146507,0.5604220628738403,-0.41264885663986206,-0.00023059785598888993,0.10259978473186493,-0.06629128754138947,-0.0005745411035604775
71546,1865.166506,0.5625796318054199,-0.4140383303165436,-0.0002440718817524612,0.10293392837047577,-0.06606292724609375,-0.0005762045620940626
71566,1865.186508,0.5645070672035217,-0.4153088927268982,-0.00020862097153440118,0.10286486148834229,-0.06570403277873993,-0.00048535209498368204
71586,1865.206502,0.5665650367736816,-0.4166235327720642,-0.0002223342889919877,0.10294459015130997,-0.06570404767990112,-0.0007906445534899831
71606,1865.227506,0.5684993863105774,-0.41789311170578003,-0.00019797137065324932,0.10339327901601791,-0.06566736847162247,-0.0010881895432248712
71626,1865.246502,0.5705671906471252,-0.41920706629753113,-0.0002195044799009338,0.10338159650564194,-0.06574505567550659,-0.0010934200836345553
71646,1865.266502,0.5725109577178955,-0.42048513889312744,-0.00019841956964228302,0.10373108088970184,-0.06600484251976013,-0.001108490745536983
71666,1865.286505,0.5745884776115417,-0.4218052327632904,-0.0002227854129159823,0.1040409654378891,-0.06605879217386246,-0.0012390099000185728
71686,1865.307502,0.5765390396118164,-0.4230872690677643,-0.00020397442858666182,0.10406171530485153,-0.06591788679361343,-0.00113050383515656
71706,1865.326498,0.5786225199699402,-0.4244035482406616,-0.000223159629967995,0.10438535362482071,-0.06578196585178375,-0.0008162471931427717
71726,1865.346504,0.5805730819702148,-0.4256797134876251,-0.00019483976939227432,0.10444323718547821,-0.06549583375453949,-0.0007495733443647623
71746,1865.366499,0.5826630592346191,-0.4269832968711853,-0.00021113353432156146,0.10463014245033264,-0.06484170258045197,-0.0008811525185592473
71766,1865.387502,0.584625244140625,-0.42825162410736084,-0.00018621893832460046,0.10469730198383331,-0.06488225609064102,-0.0008895845385268331
71786,1865.406499,0.5867202877998352,-0.429549902677536,-0.00020569040498230606,0.1048232913017273,-0.06495526432991028,-0.0009824932785704732
71806,1865.426498,0.5888194441795349,-0.4308494031429291,-0.00022764592722523957,0.10515476018190384,-0.06505599617958069,-0.0013822342734783888
71826,1865.446496,0.5907948017120361,-0.43213292956352234,-0.0002149094216292724,0.10535761713981628,-0.0652766302227974,-0.0015298733487725258
71846,1865.466494,0.5929003357887268,-0.4334365725517273,-0.0002461143594700843,0.1052393689751625,-0.06507273763418198,-0.0016492157010361552
71866,1865.486498,0.5948530435562134,-0.43472373485565186,-0.00022547684784512967,0.10558491945266724,-0.06535673886537552,-0.0012629084521904588
71886,1865.506499,0.5969650149345398,-0.43602752685546875,-0.0002517706307116896,0.10570017248392105,-0.06499624252319336,-0.00131804624106735
71906,1865.526493,0.5989288091659546,-0.4373128414154053,-0.00022823945619165897,0.10609013587236404,-0.06484619528055191,-0.0013174826744943857
71926,1865.546454,0.6010519862174988,-0.4386129677295685,-0.0002569214266259223,0.10626388341188431,-0.06521870940923691,-0.0014410398434847593
71946,1865.566461,0.6030198335647583,-0.43991416692733765,-0.00023416067415382713,0.10645382106304169,-0.0655796229839325,-0.001329975202679634
71966,1865.586462,0.60514897108078,-0.4412233829498291,-0.00025985983666032553,0.10650411993265152,-0.06532107293605804,-0.001299503375776112
71986,1865.606460,0.6071155667304993,-0.4425215721130371,-0.00024125601339619607,0.1064528375864029,-0.06518982350826263,-0.0017166748875752091
72006,1865.626461,0.6092439889907837,-0.4438250958919525,-0.0002754878660198301,0.10632430016994476,-0.06524574011564255,-0.0017205345211550593
72026,1865.646463,0.6111820340156555,-0.44512930512428284,-0.0002533972728997469,0.10647182911634445,-0.06544782966375351,-0.0017265828792005777
72046,1865.666463,0.6133126020431519,-0.4464404582977295,-0.00029082121909596026,0.10659069567918777,-0.06566191464662552,-0.0019526079995557666
72066,1865.686463,0.6154459118843079,-0.44775253534317017,-0.0003289994492661208,0.1067298874258995,-0.06554216891527176,-0.0018877133261412382
72086,1865.706460,0.6173859238624573,-0.44906219840049744,-0.0003056072164326906,0.10680115967988968,-0.06571133434772491,-0.0019184761913493276
72106,1865.726461,0.6195247769355774,-0.45037657022476196,-0.00034206683631055057,0.1069873571395874,-0.06572598218917847,-0.00172368623316288
72126,1865.746461,0.621467113494873,-0.4516906142234802,-0.0003104991337750107,0.1071256697177887,-0.06602772325277328,-0.001607271027751267
72146,1865.766496,0.6236121654510498,-0.4530107080936432,-0.0003440549480728805,0.10735487192869186,-0.06592754274606705,-0.0016849978128448129
72166,1865.786464,0.6255494356155396,-0.45431920886039734,-0.00030960686854086816,0.10752804577350616,-0.06570687890052795,-0.0016616397770121694
72186,1865.806462,0.6277015805244446,-0.4556329846382141,-0.0003441249136812985,0.10770101100206375,-0.06575240194797516,-0.0018265018006786704
72206,1865.826463,0.6296480298042297,-0.4569430947303772,-0.0003106985241174698,0.10780728608369827,-0.06599478423595428,-0.0015487048076465726
72226,1865.846044,0.6318047642707825,-0.4582614004611969,-0.000342576764523983,0.10784224420785904,-0.06582283228635788,-0.0015759163070470095
72246,1865.866039,0.6337578892707825,-0.4595654010772705,-0.00030576184508390725,0.10790392011404037,-0.06562236696481705,-0.0013297732220962644
72266,1865.886040,0.6359189748764038,-0.46087905764579773,-0.0003328313759993762,0.10812850296497345,-0.0657573714852333,-0.0014763677027076483
72286,1865.906039,0.6378867030143738,-0.46218401193618774,-0.0003015631518792361,0.10815263539552689,-0.06565789878368378,-0.0016185445711016655
72306,1865.926042,0.6400507092475891,-0.46349820494651794,-0.0003338809765409678,0.10821124166250229,-0.06576066464185715,-0.0015214900486171246
72326,1865.946041,0.6420116424560547,-0.46480247378349304,-0.00029439758509397507,0.1084073930978775,-0.06574796140193939,-0.0011817485792562366
72346,1865.966073,0.6441808342933655,-0.4661194384098053,-0.0003183577209711075,0.10856256633996964,-0.06589736044406891,-0.001215165015310049
72366,1865.986082,0.6463544964790344,-0.46744033694267273,-0.000342785962857306,0.10870470851659775,-0.06618267297744751,-0.001230567111633718
72386,1866.006076,0.6483374238014221,-0.468754380941391,-0.000303085136692971,0.10875604301691055,-0.066343754529953,-0.001306805177591741
72406,1866.026076,0.6505160927772522,-0.4700821340084076,-0.00032781073241494596,0.1090649962425232,-0.06646066904067993,-0.0010293482337146997
72426,1866.046075,0.6525211334228516,-0.47139665484428406,-0.00028396834386512637,0.10933569818735123,-0.0664062574505806,-0.0006870352081023157
72446,1866.066086,0.6547113060951233,-0.47272539138793945,-0.0002975601237267256,0.10967360436916351,-0.06648192554712296,-0.0006941520259715617
72466,1866.086073,0.6567321419715881,-0.47403767704963684,-0.00025417437427677214,0.10966533422470093,-0.06675590574741364,-0.0006818296387791634
72486,1866.106070,0.6589284539222717,-0.47537294030189514,-0.0002716489543672651,0.1100211888551712,-0.06671005487442017,-0.001032287604175508
72506,1866.126072,0.6609691977500916,-0.47668132185935974,-0.00024232544819824398,0.11004289239645004,-0.06648129969835281,-0.0011117662070319057
72526,1866.146067,0.6631706357002258,-0.47801098227500916,-0.0002649175585247576,0.11008334904909134,-0.06647399067878723,-0.0010678202379494905
72546,1866.166085,0.665217936038971,-0.4793129563331604,-0.00023229637008626014,0.11036576330661774,-0.06625808775424957,-0.00063862040406093
72566,1866.186497,0.6674259305000305,-0.4806370735168457,-0.0002455611538607627,0.11045869439840317,-0.06619701534509659,-0.000825931376311928
72586,1866.206482,0.6695846915245056,-0.4820077121257782,-0.0002196441200794652,0.11051866412162781,-0.06680537760257721,-0.00134422373957932
72606,1866.226487,0.671798050403595,-0.4833452105522156,-0.0002453256747685373,0.1108272448182106,-0.06691920012235641,-0.001303493627347052
72626,1866.246485,0.6738538146018982,-0.48465466499328613,-0.0002229697274742648,0.11097244918346405,-0.06709729135036469,-0.0014287258964031935
72646,1866.266479,0.676073431968689,-0.4859985113143921,-0.0002537913096603006,0.110915407538414,-0.06724242866039276,-0.0015775604406371713
72666,1866.286480,0.6782875061035156,-0.4873451888561249,-0.00028642857796512544,0.11057768762111664,-0.06750091165304184,-0.001694489736109972
72686,1866.306479,0.6803305745124817,-0.4886571168899536,-0.0002650019887369126,0.11061037331819534,-0.06748762726783752,-0.001539812539704144
72706,1866.326486,0.6825430989265442,-0.49000757932662964,-0.00029646451002918184,0.11062263697385788,-0.06752509623765945,-0.0015133244451135397
72726,1866.346481,0.6845858097076416,-0.4913089871406555,-0.0002701084013096988,0.11054025590419769,-0.06725454330444336,-0.0013579430524259806
72746,1866.366478,0.6867988109588623,-0.4926522672176361,-0.00029385878588072956,0.11083514988422394,-0.06714405864477158,-0.0009664752869866788
72766,1866.386479,0.688848078250885,-0.49393999576568604,-0.00025352369993925095,0.1110268235206604,-0.06702610105276108,-0.0007291253423318267
72786,1866.406485,0.691068708896637,-0.49528056383132935,-0.00027081798180006444,0.11097832769155502,-0.06708670407533646,-0.0008890594472177327
72806,1866.426480,0.6931384801864624,-0.4965754747390747,-0.0002347342815482989,0.1111525222659111,-0.06724309176206589,-0.0007280602003447711
72826,1866.446478,0.6953668594360352,-0.4979219436645508,-0.00025247526355087757,0.1116582378745079,-0.06737792491912842,-0.0010618390515446663
72846,1866.466474,0.6974614858627319,-0.4992251396179199,-0.00022798306599725038,0.11160027980804443,-0.06752940267324448,-0.0012361533008515835
72866,1866.486475,0.6996923685073853,-0.5005718469619751,-0.0002554020029492676,0.11148782074451447,-0.06713809818029404,-0.001609679195098579
72886,1866.506476,0.7017654776573181,-0.5018578171730042,-0.00023710401728749275,0.11138294637203217,-0.06680388748645782,-0.0018529422814026475
72906,1866.526475,0.7039940357208252,-0.5031943917274475,-0.00027322114328853786,0.11158385872840881,-0.0669722855091095,-0.0016550810541957617
72926,1866.546484,0.7062299251556396,-0.5045380592346191,-0.0003064016636926681,0.11195050179958344,-0.0673631802201271,-0.001636612112633884
72946,1866.566473,0.7083120346069336,-0.5058367252349854,-0.00027935177786275744,0.11186062544584274,-0.06763648986816406,-0.0013860048493370414
72966,1866.586473,0.7105522751808167,-0.5071881413459778,-0.0003081678005401045,0.11218683421611786,-0.0675930604338646,-0.001547789084725082
72986,1866.606484,0.7126426696777344,-0.508491575717926,-0.0002826215059030801,0.1121426373720169,-0.0679776519536972,-0.0017360802739858627
73006,1866.625478,0.7148873209953308,-0.5098503828048706,-0.00031700587715022266,0.11235511302947998,-0.06792140007019043,-0.001708159688860178
73026,1866.646470,0.7169649600982666,-0.5111440420150757,-0.0002916650555562228,0.11236892640590668,-0.06791986525058746,-0.002037122379988432
73046,1866.665488,0.7192151546478271,-0.5125051140785217,-0.00033628655364736915,0.1126154363155365,-0.06826309114694595,-0.002401644131168723
73066,1866.685473,0.7212905883789062,-0.5137972831726074,-0.0003170749405398965,0.11270470172166824,-0.0681409165263176,-0.0023589078336954117
73086,1866.705471,0.7235482931137085,-0.5151592493057251,-0.00036861159605905414,0.11299510300159454,-0.06810373812913895,-0.002774198306724429
73106,1866.725473,0.7256161570549011,-0.5164356827735901,-0.00035147854941897094,0.11327725648880005,-0.06805888563394547,-0.002791063627228141
73126,1866.745469,0.7278814315795898,-0.5178015828132629,-0.00041059133945964277,0.11324259638786316,-0.0685945674777031,-0.003174470504745841
73146,1866.765470,0.7299020886421204,-0.5190622806549072,-0.000387360283639282,0.11350908875465393,-0.06861190497875214,-0.0031689321622252464
73166,1866.785471,0.7321742177009583,-0.5204346776008606,-0.00045178900472819805,0.11364588141441345,-0.06869110465049744,-0.0032103906851261854
73186,1866.805473,0.7341791391372681,-0.5216818451881409,-0.00041907603736035526,0.11367127299308777,-0.06887924671173096,-0.002820654073730111
73206,1866.825479,0.7364523410797119,-0.523060142993927,-0.000476466870168224,0.11362533271312714,-0.06896208971738815,-0.00302623282186687
73226,1866.845497,0.7387260794639587,-0.5244376063346863,-0.0005410683806985617,0.11375445127487183,-0.06879917532205582,-0.003382376627996564
73246,1866.865479,0.7407214045524597,-0.5256678462028503,-0.0005061332485638559,0.11407335102558136,-0.06884339451789856,-0.003300592303276062
73266,1866.885476,0.7430061101913452,-0.5270447731018066,-0.0005740245105698705,0.11438380181789398,-0.06885195523500443,-0.0035656823311001062
73286,1866.905532,0.7449949979782104,-0.528262734413147,-0.0005389353027567267,0.11478142440319061,-0.06889264285564423,-0.0034191382583230734
73306,1866.925483,0.7472904920578003,-0.5296416282653809,-0.0006059431470930576,0.11474771797657013,-0.06891608238220215,-0.0032876920886337757
73326,1866.945482,0.7492218613624573,-0.5308313965797424,-0.0005488703609444201,0.11490243673324585,-0.06903301924467087,-0.0029623620212078094
73346,1866.965475,0.751522958278656,-0.5322136282920837,-0.0006080641178414226,0.11522409319877625,-0.06915037333965302,-0.00286535220220685
73366,1866.985527,0.7534554600715637,-0.5334003567695618,-0.0005450366297736764,0.11548854410648346,-0.06872548907995224,-0.0026013513561338186
73386,1867.005470,0.7557687759399414,-0.5347778797149658,-0.0005988166667521,0.11574537307024002,-0.06904986500740051,-0.0027988168876618147
73406,1867.025509,0.7576997876167297,-0.5359751582145691,-0.0005379242938943207,0.11593545973300934,-0.06920706480741501,-0.002468456281349063
73426,1867.045505,0.7600238919258118,-0.5373568534851074,-0.0005872674519196153,0.11641991138458252,-0.06896309554576874,-0.002408578060567379
73446,1867.065476,0.7619175910949707,-0.5385425090789795,-0.0005178014980629086,0.11638091504573822,-0.06914953142404556,-0.0023126304149627686
73466,1867.085487,0.7642483711242676,-0.5399247407913208,-0.0005666230572387576,0.11668732762336731,-0.06908189505338669,-0.00264931027777493
73486,1867.105471,0.7665811777114868,-0.541308581829071,-0.0006247236742638052,0.11654739081859589,-0.0692112147808075,-0.00305014755576849
73506,1867.125474,0.768467366695404,-0.5425018668174744,-0.0005641329917125404,0.11651255190372467,-0.06899108737707138,-0.0027639903128147125
73526,1867.145491,0.7707991003990173,-0.5438841581344604,-0.0006212709122337401,0.11670272052288055,-0.06925151497125626,-0.0028796885162591934
73546,1867.165495,0.7726836800575256,-0.5450875163078308,-0.0005603063036687672,0.11679939925670624,-0.06925230473279953,-0.0027640648186206818
73566,1867.185467,0.7750217318534851,-0.546474277973175,-0.0006174591253511608,0.11703579872846603,-0.06938569247722626,-0.0029097390361130238
73586,1867.205479,0.7768664956092834,-0.5476675629615784,-0.0005486090085469186,0.1171293705701828,-0.06929978728294373,-0.0023768655955791473
73606,1867.225503,0.7793301939964294,-0.549124002456665,-0.0005991277866996825,0.11753592640161514,-0.06932685524225235,-0.002471368061378598
73626,1867.245507,0.7811950445175171,-0.550327479839325,-0.0005328503903001547,0.11787248402833939,-0.06921219080686569,-0.002439256990328431
73646,1867.265475,0.7835538983345032,-0.5517133474349976,-0.0005819532088935375,0.1180257499217987,-0.06939685344696045,-0.002510813530534506
73666,1867.285470,0.7854254245758057,-0.5529308319091797,-0.0005221820320002735,0.11819613724946976,-0.06923960894346237,-0.0027295215986669064
73686,1867.305475,0.7877916097640991,-0.5543146133422852,-0.0005783889209851623,0.11835373193025589,-0.06920982897281647,-0.0027927341870963573
73706,1867.325554,0.7896551489830017,-0.5555383563041687,-0.0005223595653660595,0.118372842669487,-0.06913207471370697,-0.002674233401194215
73726,1867.345498,0.7920206189155579,-0.5569233298301697,-0.0005760021158494055,0.11812015622854233,-0.0693073719739914,-0.002639932557940483
73746,1867.365462,0.7938310503959656,-0.558148205280304,-0.0005131055950187147,0.11835569143295288,-0.06936953216791153,-0.0025734370574355125
73766,1867.385459,0.7962045073509216,-0.5595343708992004,-0.0005604063044302166,0.11890341341495514,-0.06928544491529465,-0.002243517665192485
73786,1867.405468,0.7985867261886597,-0.5609210729598999,-0.0006071042153052986,0.11928833276033401,-0.06929825991392136,-0.0023924396373331547
73806,1867.425513,0.8004375100135803,-0.5621609091758728,-0.0005381510127335787,0.1196431964635849,-0.06940735131502151,-0.0022075537126511335
73826,1867.445473,0.8028306365013123,-0.5635481476783752,-0.0005859282100573182,0.11971516162157059,-0.06936698406934738,-0.0025122438091784716
73846,1867.465469,0.8046969175338745,-0.5647989511489868,-0.0005277941818349063,0.12029794603586197,-0.0691133663058281,-0.0025813092943280935
73866,1867.485461,0.8071075677871704,-0.5661789178848267,-0.0005810472066514194,0.12078608572483063,-0.0688711404800415,-0.002722353208810091
73886,1867.505461,0.8089203238487244,-0.5674307346343994,-0.0005198873695917428,0.12083323299884796,-0.06910768151283264,-0.002609541406854987
73906,1867.525496,0.8113402128219604,-0.5688145756721497,-0.0005730424309149384,0.1211642473936081,-0.06926260888576508,-0.0026788513641804457
73926,1867.545461,0.8131474852561951,-0.5700873136520386,-0.0005128548364154994,0.12113189697265625,-0.06917206197977066,-0.002415830735117197
73946,1867.565453,0.8155730366706848,-0.5714719891548157,-0.0005619204603135586,0.12144959717988968,-0.06929786503314972,-0.0024399221874773502
73966,1867.585453,0.8173814415931702,-0.5727604031562805,-0.0005033781635574996,0.12137822061777115,-0.0693875327706337,-0.0024575365241616964
73986,1867.605448,0.8198109269142151,-0.5741480588912964,-0.0005523243453353643,0.12157703191041946,-0.06942135095596313,-0.0024263004306703806
74006,1867.625450,0.8215655088424683,-0.5754352807998657,-0.0004886849201284349,0.12155943363904953,-0.06915201991796494,-0.0021262685768306255
74026,1867.645449,0.8239997625350952,-0.5768182277679443,-0.0005292608984746039,0.121819406747818,-0.06929169595241547,-0.0019656845834106207
74046,1867.665482,0.8264382481575012,-0.5782074332237244,-0.0005680962931364775,0.12203066796064377,-0.06952834874391556,-0.0019689269829541445
74066,1867.685451,0.8282358646392822,-0.5795174241065979,-0.000499533605761826,0.12194117903709412,-0.0697936862707138,-0.0018931964877992868
74086,1867.705451,0.8306798338890076,-0.5809110999107361,-0.0005419272929430008,0.12240731716156006,-0.06955423951148987,-0.002254722872748971
74106,1867.725450,0.8325164914131165,-0.5822243690490723,-0.00048279311158694327,0.12257993221282959,-0.06975260376930237,-0.0019040486076846719
74126,1867.745445,0.8349685668945312,-0.5836206674575806,-0.0005173106910660863,0.12270807474851608,-0.06992186605930328,-0.0016083602095022798
74146,1867.765450,0.8367903828620911,-0.5849351286888123,-0.00044963977416045964,0.1226748451590538,-0.07001002132892609,-0.0016581338131800294
74166,1867.785450,0.839244544506073,-0.5863369703292847,-0.000487915996927768,0.12278679758310318,-0.07009904831647873,-0.002038983628153801
74186,1867.805448,0.8411039113998413,-0.5876550674438477,-0.00043317361269146204,0.12261970341205597,-0.07025941461324692,-0.0019562060479074717
74206,1867.825497,0.8435590267181396,-0.5890595316886902,-0.0004745400510728359,0.12288877367973328,-0.07015256583690643,-0.002162899123504758
74226,1867.845457,0.8454474210739136,-0.5903705954551697,-0.0004245368472766131,0.12306167185306549,-0.07000470161437988,-0.0018856688402593136
74246,1867.865448,0.8479118943214417,-0.5917702913284302,-0.0004622974374797195,0.12334795296192169,-0.07005370408296585,-0.0019469496328383684
74266,1867.885448,0.8498294353485107,-0.5930823087692261,-0.0004169285821262747,0.1233941912651062,-0.06983911246061325,-0.0022577864583581686
74286,1867.905443,0.8522987365722656,-0.5944779515266418,-0.000461558171082288,0.12355862557888031,-0.0698430985212326,-0.0022588055580854416
74306,1867.925490,0.854177713394165,-0.5957826972007751,-0.0004153515910729766,0.12379474192857742,-0.06976830959320068,-0.0023947348818182945
74326,1867.944449,0.8566571474075317,-0.5971769690513611,-0.0004651519993785769,0.12402185052633286,-0.069736048579216,-0.002553564263507724
74346,1867.964443,0.8591381311416626,-0.5985690355300903,-0.0005127153708599508,0.12411253154277802,-0.06939709186553955,-0.002263118280097842
74366,1867.984444,0.861033022403717,-0.599871039390564,-0.0004626637091860175,0.12431986629962921,-0.06927698850631714,-0.0025169174186885357
74386,1868.005444,0.8635190725326538,-0.6012552976608276,-0.0005144535680301487,0.12440349161624908,-0.06917256861925125,-0.002603443106636405
74406,1868.024454,0.8654235005378723,-0.6025698184967041,-0.0004666829772759229,0.12453193962574005,-0.06901274621486664,-0.002245071344077587
74426,1868.044446,0.867915689945221,-0.6039503216743469,-0.0005117504624649882,0.12463244050741196,-0.06906851381063461,-0.002216376829892397
74446,1868.064437,0.8697863221168518,-0.6052844524383545,-0.00045872232294641435,0.12461073696613312,-0.06909539550542831,-0.0025477244053035975
74466,1868.084439,0.8722800612449646,-0.6066665053367615,-0.0005146405892446637,0.1247868537902832,-0.06910299509763718,-0.0029466026462614536
74486,1868.104442,0.8741657137870789,-0.6080166101455688,-0.00046874137478880584,0.12521997094154358,-0.06913884729146957,-0.0024967389181256294
74506,1868.124443,0.876674473285675,-0.6094042658805847,-0.0005227390211075544,0.12563511729240417,-0.06956043839454651,-0.002785562537610531
74526,1868.144437,0.878570020198822,-0.6107729077339172,-0.00047535455087199807,0.12556536495685577,-0.06951633095741272,-0.002570201177150011
74546,1868.164433,0.8810819387435913,-0.6121613383293152,-0.0005293724243529141,0.12562522292137146,-0.06929437071084976,-0.0027708245906978846
74566,1868.184438,0.8829243779182434,-0.613526463508606,-0.00047075547627173364,0.12545713782310486,-0.06902646273374557,-0.002122230129316449
74586,1868.204436,0.8854329586029053,-0.6149082779884338,-0.0005128334742039442,0.12552644312381744,-0.0691579282283783,-0.0021010125055909157
74606,1868.224443,0.8879478573799133,-0.6162914037704468,-0.0005563761224038899,0.12588925659656525,-0.06917428970336914,-0.002225318690761924
74626,1868.244439,0.8899686932563782,-0.6177405118942261,-0.0004963823594152927,0.125940203666687,-0.06917883455753326,-0.0020363563671708107
74646,1868.264432,0.8924884796142578,-0.6191243529319763,-0.0005360867362469435,0.12609602510929108,-0.06918676197528839,-0.0018874667584896088
74666,1868.284435,0.8944194912910461,-0.6205096244812012,-0.00047090440057218075,0.12610143423080444,-0.06892016530036926,-0.0016664767172187567
74686,1868.304435,0.8969460725784302,-0.6218872666358948,-0.0005021144170314074,0.12653839588165283,-0.06882420927286148,-0.0014395104954019189
74706,1868.324433,0.8989365696907043,-0.6232780814170837,-0.0004337439895607531,0.12650641798973083,-0.06890369951725006,-0.0011559665435925126
74726,1868.344435,0.9014657735824585,-0.6246551275253296,-0.0004608226881828159,0.1264648735523224,-0.0687689557671547,-0.0015296159544959664
74746,1868.364429,0.9034764170646667,-0.6260570287704468,-0.00040002184687182307,0.12677864730358124,-0.06888748705387115,-0.0013270365307107568
74766,1868.384433,0.9060145616531372,-0.6274364590644836,-0.00042806629789993167,0.12702561914920807,-0.06895624101161957,-0.0013732685474678874
74786,1868.404432,0.9080802202224731,-0.6288463473320007,-0.0003701829700730741,0.12685081362724304,-0.06897241622209549,-0.0010072962613776326
74806,1868.424445,0.9106153249740601,-0.630225658416748,-0.00039109581848606467,0.12666906416416168,-0.06899148225784302,-0.0010446716332808137
74826,1868.444430,0.9127271771430969,-0.6316401958465576,-0.00033775687916204333,0.1263570785522461,-0.06924226135015488,-0.0009463304304517806
74846,1868.464430,0.9152551889419556,-0.6330283284187317,-0.000358738616341725,0.1265009194612503,-0.0695401206612587,-0.0011281196493655443
74866,1868.484429,0.917398989200592,-0.6344442367553711,-0.0003114189603365958,0.12678100168704987,-0.0694965198636055,-0.0011877770302817225
74886,1868.504433,0.9199374318122864,-0.6358334422111511,-0.00033455330412834883,0.12694475054740906,-0.06939373165369034,-0.0012971499236300588
74906,1868.524448,0.9224763512611389,-0.6372215747833252,-0.0003649282152764499,0.127068430185318,-0.06942280381917953,-0.0017137506511062384
74926,1868.544430,0.92466801404953,-0.6386286616325378,-0.0003312859626021236,0.12750516831874847,-0.06934425234794617,-0.001668025040999055
74946,1868.564435,0.9272205233573914,-0.6400171518325806,-0.0003618309274315834,0.12769609689712524,-0.0695214793086052,-0.0015552941476926208
74966,1868.584432,0.9294330477714539,-0.6414245367050171,-0.00032739402377046645,0.12768451869487762,-0.06961419433355331,-0.0017265124479308724
74986,1868.604435,0.9319887757301331,-0.6428176760673523,-0.0003661714436020702,0.12787224352359772,-0.06970656663179398,-0.002168227219954133
75006,1868.624442,0.9341791272163391,-0.6442171931266785,-0.000337763165589422,0.12798552215099335,-0.06946360319852829,-0.0022450019605457783
75026,1868.644437,0.9367390275001526,-0.6456066966056824,-0.00038501250674016774,0.1280607283115387,-0.06948849558830261,-0.0023880680091679096
75046,1868.664438,0.938927173614502,-0.6470000147819519,-0.00035186181776225567,0.12822788953781128,-0.06936287879943848,-0.0018638072069734335
75066,1868.684429,0.9414922595024109,-0.6483861207962036,-0.0003922391915693879,0.12832577526569366,-0.06917978078126907,-0.002080418635159731
75086,1868.704429,0.9436847567558289,-0.6497746706008911,-0.0003556025621946901,0.1282578706741333,-0.06930407136678696,-0.0018799807876348495
75106,1868.724440,0.9462511539459229,-0.6511635184288025,-0.00039573534741066396,0.12835559248924255,-0.06955144554376602,-0.0021227917168289423
75126,1868.744436,0.9484487771987915,-0.6525595188140869,-0.0003632211301010102,0.1282094419002533,-0.06982456147670746,-0.0021996605210006237
75146,1868.764432,0.9510118961334229,-0.6539596319198608,-0.00040681465179659426,0.12811978161334991,-0.0700925961136818,-0.0020230980589985847
75166,1868.784426,0.9535762071609497,-0.655360758304596,-0.00044816883746534586,0.12830884754657745,-0.07006004452705383,-0.00216693221591413
75186,1868.804427,0.9557534456253052,-0.6567519903182983,-0.00040677961078472435,0.12856096029281616,-0.07032819092273712,-0.0023248272482305765
75206,1868.824429,0.9583256244659424,-0.6581596732139587,-0.0004566224233713001,0.12864650785923004,-0.07043249905109406,-0.002610068768262863
75226,1868.844456,0.9605172276496887,-0.6595362424850464,-0.0004231104103382677,0.12868568301200867,-0.07018662244081497,-0.002677725860849023
75246,1868.864442,0.9630930423736572,-0.6609388589859009,-0.0004815403954125941,0.12891355156898499,-0.07014807313680649,-0.0031329558696597815
75266,1868.884436,0.9652848839759827,-0.6622981429100037,-0.00045494764344766736,0.12917454540729523,-0.0704520046710968,-0.0031701826956123114
75286,1868.904428,0.96787029504776,-0.6637095808982849,-0.0005212578689679503,0.12934300303459167,-0.0706530436873436,-0.003429451724514365
75306,1868.924436,0.9699985384941101,-0.665040135383606,-0.00048371247248724103,0.12933248281478882,-0.07033921033143997,-0.003149496391415596
75326,1868.944430,0.9725865125656128,-0.66644686460495,-0.0005445526330731809,0.12949304282665253,-0.0703030526638031,-0.0029941711109131575
75346,1868.964430,0.9747063517570496,-0.6677605509757996,-0.0005008210428059101,0.1292157620191574,-0.07017718255519867,-0.003270108252763748
75366,1868.984424,0.977291464805603,-0.6691635251045227,-0.0005685932701453567,0.1293100267648697,-0.07021605223417282,-0.0036601966712623835
75386,1869.004424,0.9794054627418518,-0.6704696416854858,-0.0005336726899258792,0.12964476644992828,-0.07054953277111053,-0.0038266454357653856
75406,1869.024429,0.9820002913475037,-0.6718801856040955,-0.0006119041936472058,0.12977975606918335,-0.07044433802366257,-0.004028337076306343
75426,1869.044432,0.9840874075889587,-0.6731649041175842,-0.0005733617581427097,0.12969231605529785,-0.07023736834526062,-0.003887838451191783
75446,1869.064421,0.9866834282875061,-0.6745721101760864,-0.0006521733594126999,0.1298898309469223,-0.07040686160326004,-0.003913156222552061
75466,1869.084426,0.9892811179161072,-0.6759799122810364,-0.0007319170981645584,0.12973596155643463,-0.07040034234523773,-0.004060366190969944
75486,1869.104422,0.9912920594215393,-0.6772433519363403,-0.0006704231491312385,0.1296965777873993,-0.07050157338380814,-0.0037217552307993174
75506,1869.124429,0.9938879609107971,-0.6786521077156067,-0.0007496820180676877,0.12977302074432373,-0.0703936517238617,-0.004220217932015657
75526,1869.144422,0.9959070682525635,-0.6799092888832092,-0.0006933615659363568,0.12961430847644806,-0.07063234597444534,-0.004194684326648712
75546,1869.164416,0.998497486114502,-0.6813209652900696,-0.0007781939348205924,0.1294727623462677,-0.07053210586309433,-0.004253686405718327
75566,1869.184419,1.00052011013031,-0.6825653910636902,-0.0007136344211176038,0.1296588033437729,-0.07054566591978073,-0.003774049459025264
75586,1869.204414,1.0031136274337769,-0.6839738488197327,-0.0007892966968938708,0.12976253032684326,-0.07028505951166153,-0.0038230745121836662
75606,1869.224427,1.005116581916809,-0.6851974129676819,-0.0007069830899126828,0.12952172756195068,-0.07055643945932388,-0.003450939664617181
75626,1869.243995,1.0077077150344849,-0.6866120100021362,-0.0007770329830236733,0.12965607643127441,-0.07086320221424103,-0.0035600701812654734
75646,1869.263986,1.0097572803497314,-0.6878435015678406,-0.0006932609830982983,0.12974807620048523,-0.07058113068342209,-0.0030521326698362827
75666,1869.283997,1.01248037815094,-0.6893237233161926,-0.0007584993145428598,0.12962117791175842,-0.07045647501945496,-0.0031575418543070555
75686,1869.303989,1.014564037322998,-0.6905564069747925,-0.000674806535243988,0.12933683395385742,-0.07051106542348862,-0.002854184014722705
75706,1869.324016,1.0171523094177246,-0.6919683218002319,-0.0007317957351915538,0.12942464649677277,-0.07065950334072113,-0.002843986265361309
75726,1869.344000,1.0192701816558838,-0.6932019591331482,-0.0006391117931343615,0.12945668399333954,-0.0709831714630127,-0.002525533316656947
75746,1869.363986,1.0218602418899536,-0.6946219801902771,-0.0006934360135346651,0.12953492999076843,-0.07102473825216293,-0.0027136653661727905
75766,1869.383992,1.0244544744491577,-0.696040689945221,-0.0007468097610399127,0.1298283189535141,-0.07088928669691086,-0.002616084413602948
75786,1869.403986,1.0266379117965698,-0.6972755789756775,-0.0006502711330540478,0.13002195954322815,-0.07102245092391968,-0.001907692407257855
75806,1869.424006,1.0292413234710693,-0.6987001299858093,-0.0006862239097245038,0.13030828535556793,-0.07135169953107834,-0.0017150947824120522
75826,1869.443985,1.0314807891845703,-0.6999471783638,-0.0005911178886890411,0.13040010631084442,-0.07113976031541824,-0.0017045409185811877
75846,1869.464405,1.034091591835022,-0.7013697624206543,-0.0006295740604400635,0.13063885271549225,-0.07112694531679153,-0.0019650596659630537
75866,1869.484411,1.0363421440124512,-0.7026037573814392,-0.000541149580385536,0.13066349923610687,-0.07084758579730988,-0.0014729819959029555
75886,1869.504405,1.0389541387557983,-0.7040202021598816,-0.00056937598856166,0.13050904870033264,-0.07089784741401672,-0.0013193391496315598
75906,1869.524409,1.0412406921386719,-0.7052769064903259,-0.0004850618133787066,0.1306636780500412,-0.07089062035083771,-0.0010455437004566193
75926,1869.544417,1.0438565015792847,-0.7066953778266907,-0.0005046266596764326,0.13086026906967163,-0.07101643830537796,-0.0008749988628551364
75946,1869.563404,1.0461808443069458,-0.7079772353172302,-0.0004263142473064363,0.13053390383720398,-0.0710470974445343,-0.0006760312244296074
75966,1869.584411,1.0487920045852661,-0.7093985080718994,-0.0004374814743641764,0.1305813193321228,-0.0709790289402008,-0.0003403589071240276
75986,1869.603402,1.0511633157730103,-0.7107023000717163,-0.0003606553073041141,0.1307259202003479,-0.07120929658412933,-5.0211543566547334e-05
76006,1869.623401,1.0537784099578857,-0.7121273875236511,-0.00036252220161259174,0.13076648116111755,-0.07120959460735321,-4.306188930058852e-05
76026,1869.643400,1.056395173072815,-0.7135499715805054,-0.00036519518471322954,0.13090962171554565,-0.0710645392537117,-0.0001243798906216398
76046,1869.663409,1.0588101148605347,-0.7148697376251221,-0.00029909861041232944,0.131048321723938,-0.0710597112774849,-0.00022624456323683262
76066,1869.684409,1.0614296197891235,-0.716293454170227,-0.00030694788438268006,0.13092400133609772,-0.07131440937519073,-0.00044152489863336086
76086,1869.703422,1.0638800859451294,-0.7176372408866882,-0.0002561363799031824,0.1311911642551422,-0.07120657712221146,-0.00011910033936146647
76106,1869.723419,1.0665087699890137,-0.7190616726875305,-0.00025849422672763467,0.13156117498874664,-0.0713043063879013,-0.0002379712532274425
76126,1869.743435,1.0689966678619385,-0.72042316198349,-0.0002174751862185076,0.13158974051475525,-0.07157105207443237,-0.00043403051677159965
76146,1869.763417,1.071630597114563,-0.721854031085968,-0.0002284559450345114,0.13178697228431702,-0.07148582488298416,-0.0006261977832764387
76166,1869.784411,1.0741239786148071,-0.723216712474823,-0.00019889941904693842,0.13145916163921356,-0.0714612528681755,-0.0009016949916258454
76186,1869.803408,1.0767542123794556,-0.7246475219726562,-0.00021843487047590315,0.1316467672586441,-0.07165063172578812,-0.0010229788022115827
76206,1869.823400,1.079256534576416,-0.7260155081748962,-0.00019803212489932775,0.13202010095119476,-0.07171475142240524,-0.0012126232031732798
76226,1869.843429,1.0819001197814941,-0.7274501919746399,-0.00022201020328793675,0.1323387324810028,-0.07176607102155685,-0.0010550388833507895
76246,1869.863403,1.0844069719314575,-0.7288200259208679,-0.00019904444343410432,0.13240866363048553,-0.0720917209982872,-0.0009842280996963382
76266,1869.884406,1.087056279182434,-0.7302646636962891,-0.00021944909531157464,0.13256174325942993,-0.07232151180505753,-0.0010524725075811148
76286,1869.903399,1.0895631313323975,-0.7316378355026245,-0.00019762518058996648,0.1326758861541748,-0.07232818007469177,-0.00088555330876261
76306,1869.923347,1.092219352722168,-0.7330840229988098,-0.0002138214185833931,0.13300006091594696,-0.07235493510961533,-0.000855186372064054
76326,1869.943371,1.0948810577392578,-0.7345338463783264,-0.00023346171656157821,0.133069708943367,-0.0725092962384224,-0.0010529576102271676
76346,1869.963367,1.0973773002624512,-0.7358985543251038,-0.0002086693129967898,0.1330314576625824,-0.07262662798166275,-0.0009003494051285088
76366,1869.984400,1.100038766860962,-0.7373538017272949,-0.00022260677360463887,0.13318859040737152,-0.0728377103805542,-0.00048471061745658517
76386,1870.003390,1.1025415658950806,-0.738724410533905,-0.00019317363330628723,0.1331830769777298,-0.07312426716089249,-0.000734209839720279
76406,1870.023416,1.1052049398422241,-0.7401893138885498,-0.0002088614273816347,0.13313151895999908,-0.07341455668210983,-0.0008770262356847525
76426,1870.043404,1.1077136993408203,-0.741566002368927,-0.00019219485693611205,0.1334528923034668,-0.0734889805316925,-0.001308969920501113
76446,1870.063404,1.1103827953338623,-0.7430334091186523,-0.0002201611641794443,0.13340750336647034,-0.07324367761611938,-0.0014108916511759162
76466,1870.084403,1.112866759300232,-0.7443745732307434,-0.00020980348926968873,0.13374684751033783,-0.07322972267866135,-0.002050541341304779
76486,1870.103396,1.115540623664856,-0.7458425164222717,-0.0002524008450563997,0.13360504806041718,-0.07356805354356766,-0.00206225854344666
76506,1870.123391,1.117996335029602,-0.7471654415130615,-0.0002404572005616501,0.13391166925430298,-0.07365251332521439,-0.001783505198545754
76526,1870.143392,1.1206772327423096,-0.7486386299133301,-0.00027373182820156217,0.13413508236408234,-0.07370580732822418,-0.0015594359720125794
76546,1870.163390,1.1231228113174438,-0.7499479651451111,-0.00025342500885017216,0.13420265913009644,-0.07408226281404495,-0.0016825990751385689
76566,1870.184388,1.1258089542388916,-0.7514318823814392,-0.00029035296756774187,0.13439637422561646,-0.07428953796625137,-0.0020183154847472906
76586,1870.203390,1.1282060146331787,-0.7526974081993103,-0.000269825104624033,0.13468338549137115,-0.074310801923275,-0.0020069419406354427
76606,1870.223387,1.1309022903442383,-0.7541844844818115,-0.0003145064110867679,0.13487045466899872,-0.07434459030628204,-0.002451011212542653
76626,1870.243388,1.1335999965667725,-0.7556712031364441,-0.00036449238541536033,0.1348770409822464,-0.07430673390626907,-0.002549456898123026
76646,1870.263385,1.1359678506851196,-0.7569029927253723,-0.0003442921442911029,0.135231614112854,-0.07441916316747665,-0.0024137634318321943
76666,1870.284394,1.1386754512786865,-0.7583928108215332,-0.00039731175638735294,0.1354193538427353,-0.07461594045162201,-0.002777351066470146
76686,1870.303389,1.139790415763855,-0.7589260935783386,-0.00035318383015692234,0.13545729219913483,-0.07441724836826324,-0.002583990339189768
76706,1870.323388,1.1438632011413574,-0.7611560821533203,-0.0004393991839606315,0.13609927892684937,-0.07447192072868347,-0.003212576499208808
76726,1870.343388,1.1461479663848877,-0.7623250484466553,-0.00042105960892513394,0.13593776524066925,-0.07471233606338501,-0.003070675767958164
76746,1870.363386,1.1488672494888306,-0.7638184428215027,-0.00048281761701218784,0.13603416085243225,-0.07461744546890259,-0.003112863516435027
76766,1870.384384,1.1510273218154907,-0.7649092078208923,-0.00044525577686727047,0.13586978614330292,-0.07454820722341537,-0.0027818484231829643
76786,1870.403384,1.1537468433380127,-0.766400158405304,-0.0005012023029848933,0.1360802799463272,-0.07448913156986237,-0.0028551698196679354
76806,1870.423384,1.1558852195739746,-0.7674779891967773,-0.00046059262240305543,0.13606953620910645,-0.0741887018084526,-0.0028324585873633623
76826,1870.443385,1.1586040258407593,-0.7689586877822876,-0.0005168613279238343,0.13589976727962494,-0.0739642083644867,-0.0027968683280050755
76846,1870.463383,1.1607213020324707,-0.7700410485267639,-0.0004681638383772224,0.13577423989772797,-0.07393307983875275,-0.0022300046402961016
76866,1870.484383,1.1634374856948853,-0.7715162634849548,-0.0005106357275508344,0.13576169312000275,-0.07355232536792755,-0.002033216878771782
76886,1870.503386,1.1661516427993774,-0.7729869484901428,-0.0005495707155205309,0.13552069664001465,-0.07340671122074127,-0.0019071849528700113
76906,1870.523393,1.1682473421096802,-0.7740821838378906,-0.0004818889428861439,0.13557901978492737,-0.07329492270946503,-0.0019145890837535262
76926,1870.543384,1.1696043014526367,-0.7748151421546936,-0.0005021812976337969,0.13576823472976685,-0.0732724517583847,-0.002136575523763895
76946,1870.563485,1.1717673540115356,-0.7759734392166138,-0.0004464315134100616,0.13598111271858215,-0.07306540757417679,-0.002031526295468211
76966,1870.583334,1.1744860410690308,-0.7774355411529541,-0.00048868078738451,0.13593228161334991,-0.07305099815130234,-0.002185618504881859
76986,1870.603351,1.1766817569732666,-0.7786470055580139,-0.00043834527605213225,0.1360732614994049,-0.07296975702047348,-0.0020569059997797012
77006,1870.623351,1.1794052124023438,-0.7801039814949036,-0.00048081582644954324,0.13628171384334564,-0.07273106276988983,-0.002256444888189435
77026,1870.643355,1.1815872192382812,-0.7813593149185181,-0.00042766460683196783,0.13644413650035858,-0.07285130023956299,-0.002110653556883335
77046,1870.663347,1.1843211650848389,-0.7828167676925659,-0.00047523394459858537,0.13689403235912323,-0.07271122932434082,-0.002614119555801153
77066,1870.683328,1.1865167617797852,-0.7841169834136963,-0.0004286746261641383,0.13685743510723114,-0.07239173352718353,-0.0021729576401412487
77086,1870.703356,1.189254879951477,-0.7855669260025024,-0.00047457011532969773,0.13692860305309296,-0.07258930802345276,-0.002500406466424465
77106,1870.723346,1.1914528608322144,-0.786919891834259,-0.00042996404226869345,0.1370597630739212,-0.07271257042884827,-0.0024616396985948086
77126,1870.743347,1.194195032119751,-0.7883752584457397,-0.00047962000826373696,0.13718542456626892,-0.07284940034151077,-0.0024678795598447323
