cf_timestamp_ms,host_monotonic_s,stateEstimate.x,stateEstimate.y,stateEstimate.z,stateEstimate.vx,stateEstimate.vy,stateEstimate.vz
92806,1886.413048,-0.715969443321228,6.820852279663086,0.700337290763855,0.013721643015742302,-0.10498888790607452,-0.0030043835286051035
92826,1886.433016,-0.712507963180542,6.8284125328063965,0.6999804973602295,0.014853373169898987,-0.10390013456344604,-0.0032758391462266445
92846,1886.452021,-0.737370491027832,6.80992317199707,0.6999050378799438,0.01628929004073143,-0.1042584478855133,-0.004694235045462847
92866,1886.472018,-0.73863685131073,6.820100784301758,0.6997581720352173,0.012080739252269268,-0.10681715607643127,-0.007625551428645849
92886,1886.493013,-0.7384001612663269,6.817944049835205,0.6995968222618103,0.012414163909852505,-0.10932067036628723,-0.008191321976482868
92906,1886.512021,-0.7381104230880737,6.815746784210205,0.6994509100914001,0.01626472733914852,-0.10980880260467529,-0.006264029070734978
92926,1886.533016,-0.7370803952217102,6.812530994415283,0.6999578475952148,0.014977548271417618,-0.10899239778518677,-0.004076841752976179
92946,1886.553014,-0.7367869019508362,6.81035041809082,0.6998807191848755,0.015092780813574791,-0.10909325629472733,-0.0036603466141968966
92966,1886.573021,-0.7232993841171265,6.8198137283325195,0.699783980846405,0.015281569212675095,-0.11094263941049576,-0.003068783087655902
92986,1886.593018,-0.7183849811553955,6.768646240234375,0.6997243762016296,0.013201236724853516,-0.10750390589237213,-0.0029537079390138388
93006,1886.613014,-0.6953834891319275,6.744161605834961,0.6991271376609802,0.012373681180179119,-0.10643891990184784,-0.005196831654757261
93026,1886.632015,-0.7160942554473877,6.727964401245117,0.6990110278129578,0.013598132878541946,-0.10818132758140564,-0.006271308287978172
93046,1886.652011,-0.7155907154083252,6.683507919311523,0.698889434337616,0.01479329913854599,-0.10687288641929626,-0.004873254336416721
93066,1886.673013,-0.7322688102722168,6.664660453796387,0.698805570602417,0.015772292390465736,-0.10423290729522705,-0.004156680312007666
93086,1886.692013,-0.7319550514221191,6.662550926208496,0.6987370848655701,0.014091797173023224,-0.10388711094856262,-0.004718589596450329
93106,1886.712020,-0.7033587694168091,6.654415607452393,0.6986362338066101,0.01013656985014677,-0.10157011449337006,-0.005386026576161385
93126,1886.733011,-0.7034451961517334,6.652680397033691,0.6981873512268066,0.009877263568341732,-0.10081230103969574,-0.006105360575020313
93146,1886.753010,-0.7032554149627686,6.650694847106934,0.6980743408203125,0.008862386457622051,-0.09779372066259384,-0.00502590648829937
93166,1886.773024,-0.7029961943626404,6.648662090301514,0.6981378197669983,0.009440148249268532,-0.09707546979188919,-0.0016589505830779672
93186,1886.791017,-0.7028025984764099,6.646671772003174,0.6981086134910583,0.009611649438738823,-0.10220489650964737,-0.0017334045842289925
93206,1886.811019,-0.7026162147521973,6.64459753036499,0.6980684995651245,0.009328869171440601,-0.10450439155101776,-0.0019961318466812372
93226,1886.831012,-0.7019082307815552,6.641915321350098,0.698914110660553,0.010435241274535656,-0.10499028861522675,-0.001298760180361569
93246,1886.851010,-0.728198766708374,6.6086106300354,0.6988619565963745,0.011164241470396519,-0.10126182436943054,-0.00361750484444201
93266,1886.871017,-0.7052119970321655,6.59050178527832,0.6982386112213135,0.009568673558533192,-0.10130374878644943,-0.0041378941386938095
93286,1886.891011,-0.7050045132637024,6.588479042053223,0.6981629729270935,0.011076923459768295,-0.1010618805885315,-0.0033668202813714743
93306,1886.912013,-0.6988730430603027,6.581701278686523,0.6976678371429443,0.009974353946745396,-0.10045242309570312,-0.005831296555697918
93326,1886.933009,-0.698693573474884,6.579668998718262,0.6975299715995789,0.00883300881832838,-0.10360299050807953,-0.007563477382063866
93346,1886.951006,-0.6974529027938843,6.578968048095703,0.6974820494651794,0.013269861228764057,-0.10659097135066986,-0.0056135207414627075
93366,1886.971015,-0.7428914904594421,6.501314163208008,0.6973751783370972,0.017934292554855347,-0.09703648835420609,-0.005938808899372816
93386,1886.991017,-0.7425900101661682,6.499392032623291,0.6971346139907837,0.014867246150970459,-0.09919017553329468,-0.009807710535824299
93406,1887.011040,-0.7423028349876404,6.497384548187256,0.6969165802001953,0.01458593737334013,-0.10196207463741302,-0.011514926329255104
93426,1887.031000,-0.741719126701355,6.494837760925293,0.6976270079612732,0.01625695265829563,-0.10532429069280624,-0.008337796665728092
93446,1887.050997,-0.6929540634155273,6.519876956939697,0.6974965333938599,0.012186006642878056,-0.10914253443479538,-0.004105840343981981
93466,1887.071016,-0.7374486327171326,6.466841220855713,0.6974772214889526,0.022505484521389008,-0.10247398912906647,0.0018652250291779637
93486,1887.091015,-0.7510485053062439,6.450697898864746,0.6975908279418945,0.027424968779087067,-0.1048772856593132,0.005091711413115263
93506,1887.111006,-0.7311732172966003,6.441331386566162,0.69769686460495,0.02351394109427929,-0.10475245118141174,0.005186069291085005
93526,1887.130993,-0.7252044677734375,6.45058012008667,0.6985225081443787,0.0208880677819252,-0.10949070751667023,0.004150133579969406
93546,1887.150997,-0.7204157710075378,6.38485050201416,0.6985801458358765,0.01867704465985298,-0.10411150753498077,0.002044841181486845
93566,1887.171000,-0.7128481268882751,6.408979415893555,0.6984564065933228,0.016754671931266785,-0.1065031886100769,0.001590886851772666
93586,1887.191020,-0.7208884358406067,6.382927417755127,0.6984797120094299,0.01516885869204998,-0.10378722101449966,0.0005876388750039041
93606,1887.211008,-0.715671956539154,6.385009288787842,0.6994539499282837,0.01161628495901823,-0.10444353520870209,0.0006074593984521925
93626,1887.230996,-0.7116726636886597,6.388346195220947,0.6994296908378601,0.008885088376700878,-0.10483106970787048,-0.0030746960546821356
93646,1887.250997,-0.7118979096412659,6.386464595794678,0.6986548900604248,0.009028322994709015,-0.10684137791395187,-0.006191869266331196
93666,1887.270999,-0.7140401005744934,6.360683441162109,0.6985373497009277,0.00838983803987503,-0.10468524694442749,-0.005522784311324358
93686,1887.290999,-0.7143591046333313,6.365755558013916,0.6986460089683533,0.010169756598770618,-0.10312506556510925,-0.004284630995243788
93706,1887.310995,-0.7159351110458374,6.324559688568115,0.6985563039779663,0.011652928777039051,-0.09558073431253433,-0.004864546936005354
93726,1887.330992,-0.7176921367645264,6.29290771484375,0.698853075504303,0.014011288993060589,-0.09250903874635696,-0.003565677208825946
93746,1887.350990,-0.7122408747673035,6.2957658767700195,0.6987655162811279,0.013207243755459785,-0.091208316385746,-0.005763743072748184
93766,1887.370997,-0.7087814211845398,6.296462059020996,0.6986045837402344,0.009571208618581295,-0.09237390011548996,-0.010294528678059578
93786,1887.390988,-0.7145168781280518,6.271730899810791,0.6981650590896606,0.010858605615794659,-0.09136170893907547,-0.012920060195028782
93806,1887.411031,-0.7123787999153137,6.276060581207275,0.6979227066040039,0.014044755138456821,-0.0947430431842804,-0.01155651081353426
93826,1887.430991,-0.7120968699455261,6.274156093597412,0.6976271271705627,0.014150997623801231,-0.09522885829210281,-0.011460095643997192
93846,1887.450988,-0.6942583918571472,6.296760559082031,0.6974029541015625,0.012552602216601372,-0.09507429599761963,-0.01076751109212637
93866,1887.470995,-0.693974494934082,6.294909477233887,0.6972947716712952,0.01331316214054823,-0.09205564856529236,-0.008602713234722614
93886,1887.490991,-0.6937126517295837,6.293068885803223,0.6971308588981628,0.012364165857434273,-0.0924622118473053,-0.008494868874549866
93906,1887.511012,-0.6934801340103149,6.291173458099365,0.6968958973884583,0.013089679181575775,-0.0960046648979187,-0.00958021730184555
93926,1887.530989,-0.6931904554367065,6.289249420166016,0.6967234015464783,0.01577327959239483,-0.09630833566188812,-0.0076786126010119915
93946,1887.550988,-0.6928690671920776,6.287339210510254,0.6966049075126648,0.015265350230038166,-0.09484340995550156,-0.006639785133302212
93966,1887.570994,-0.6917532682418823,6.292443752288818,0.6964815258979797,0.015165239572525024,-0.09619102627038956,-0.005979242734611034
93986,1887.590992,-0.6913555264472961,6.290454864501953,0.696600079536438,0.018038956448435783,-0.09880845248699188,-0.005002327263355255
94006,1887.611079,-0.700606644153595,6.279780864715576,0.6964959502220154,0.02052382379770279,-0.10016222298145294,-0.005883699283003807
94026,1887.631006,-0.7000812888145447,6.277804374694824,0.6967695355415344,0.020144134759902954,-0.10451900213956833,-0.006682367529720068
94046,1887.651990,-0.6996789574623108,6.275702953338623,0.696631133556366,0.019973840564489365,-0.10470384359359741,-0.007018198724836111
94066,1887.671991,-0.6820604801177979,6.277320861816406,0.6964887976646423,0.016882941126823425,-0.10224638879299164,-0.00737808458507061
94086,1887.690989,-0.6817114949226379,6.275285720825195,0.6961702108383179,0.018296418711543083,-0.10150925815105438,-0.00681325001642108
94106,1887.710994,-0.6934021711349487,6.253071308135986,0.6960543990135193,0.021300069987773895,-0.09797173738479614,-0.005284550599753857
94126,1887.730986,-0.686948835849762,6.291647434234619,0.6960316896438599,0.01939987950026989,-0.10589317232370377,-0.0061828019097447395
94146,1887.750981,-0.6974772810935974,6.279713153839111,0.6958904266357422,0.022027580067515373,-0.1015973761677742,-0.008281953632831573
94166,1887.770988,-0.6967254281044006,6.277743339538574,0.6968037486076355,0.018904518336057663,-0.10413273423910141,-0.009514906443655491
94186,1887.790990,-0.6963629126548767,6.275633335113525,0.6965975165367126,0.017933057621121407,-0.1059761717915535,-0.010858188383281231
94206,1887.810987,-0.6961748600006104,6.273633003234863,0.6958336234092712,0.015550510957837105,-0.10259593278169632,-0.014398726634681225
94226,1887.830981,-0.6959011554718018,6.2716217041015625,0.6955277323722839,0.012453071773052216,-0.09889468550682068,-0.015862641856074333
94246,1887.851013,-0.6956340670585632,6.269662380218506,0.6952769756317139,0.014012880623340607,-0.09708316624164581,-0.016218384727835655
94266,1887.870983,-0.6953736543655396,6.267723560333252,0.694952130317688,0.011786307208240032,-0.09730064868927002,-0.016400204971432686
94286,1887.890983,-0.6863150596618652,6.255553722381592,0.6955549120903015,0.008011303842067719,-0.09418807178735733,-0.014612126164138317
94306,1887.910990,-0.686164140701294,6.253674030303955,0.6952713131904602,0.007358699105679989,-0.09445931017398834,-0.01348558533936739
94326,1887.930978,-0.6770510077476501,6.2383856773376465,0.6950348019599915,0.008604073897004128,-0.0923655778169632,-0.010133056901395321
94346,1887.950980,-0.6768822073936462,6.2365336418151855,0.6953509449958801,0.007472067605704069,-0.09295275807380676,-0.008413290604948997
94366,1887.970983,-0.679295539855957,6.2158379554748535,0.6951884627342224,0.0071922955103218555,-0.08830207586288452,-0.007762080989778042
94386,1887.990983,-0.6783410310745239,6.219437599182129,0.6949202418327332,0.006152212619781494,-0.09253594279289246,-0.00966764148324728
94406,1888.010981,-0.6831098198890686,6.182702541351318,0.6947120428085327,0.005790343973785639,-0.0870865061879158,-0.010927021503448486
94426,1888.030980,-0.6841704249382019,6.19647741317749,0.6947492361068726,0.005686475429683924,-0.09346643090248108,-0.009655050933361053
94446,1888.050977,-0.685749888420105,6.1779069900512695,0.6945710182189941,0.0072387820109725,-0.09001892805099487,-0.008161147125065327
94466,1888.070993,-0.6758078336715698,6.175140380859375,0.6947076916694641,0.006544454488903284,-0.0879618301987648,-0.0055115013383328915
94486,1888.090991,-0.6756725907325745,6.173392295837402,0.6946123838424683,0.006868328899145126,-0.0872797891497612,-0.004351020324975252
94506,1888.110010,-0.675565779209137,6.171627998352051,0.6944137811660767,0.0070783402770757675,-0.08735284209251404,-0.004731649532914162
94526,1888.130979,-0.6757755875587463,6.160150527954102,0.694316029548645,0.009800010360777378,-0.08592105656862259,-0.005004359409213066
94546,1888.150974,-0.6738834977149963,6.1503190994262695,0.694165050983429,0.012591851875185966,-0.08715695887804031,-0.005340164992958307
94566,1888.170978,-0.6721392273902893,6.141103744506836,0.6940454840660095,0.014603112824261189,-0.0899396613240242,-0.006860770750790834
94586,1888.190978,-0.6718170642852783,6.139444828033447,0.6944318413734436,0.017302678897976875,-0.09332440793514252,-0.007050397805869579
94606,1888.210971,-0.6778432726860046,6.13194465637207,0.6943002939224243,0.020749695599079132,-0.0930691808462143,-0.00612258818000555
94626,1888.230972,-0.6774097681045532,6.130084991455078,0.694198489189148,0.022595925256609917,-0.0921860933303833,-0.0037266963627189398
94646,1888.249987,-0.6769475340843201,6.1282243728637695,0.6938707828521729,0.023680303245782852,-0.09511861950159073,-0.00270999688655138
94666,1888.269985,-0.6764571070671082,6.1262922286987305,0.693824291229248,0.025102397426962852,-0.09741418063640594,-0.0015906416811048985
94686,1888.289943,-0.6710521578788757,6.114856719970703,0.6937903165817261,0.02338358573615551,-0.09438809007406235,-0.0012586223892867565
94706,1888.309942,-0.6706011295318604,6.112954616546631,0.6937528252601624,0.021406998857855797,-0.09542138129472733,-0.0027993028052151203
94726,1888.329951,-0.6702011823654175,6.111037731170654,0.6933444738388062,0.019507749006152153,-0.09692677110433578,-0.004007336683571339
94746,1888.349938,-0.6681098341941833,6.109158992767334,0.6932666897773743,0.020443279296159744,-0.09911021590232849,-0.0040468513034284115
94766,1888.369938,-0.6677175760269165,6.107294082641602,0.6934955716133118,0.01842164620757103,-0.09772493690252304,-0.004812737461179495
94786,1888.389939,-0.6745855212211609,6.102441787719727,0.6933780312538147,0.018457651138305664,-0.09723890572786331,-0.006710592657327652
94806,1888.410940,-0.6741997599601746,6.100665092468262,0.6937505602836609,0.01992885023355484,-0.09662479907274246,-0.004385343752801418
94826,1888.429938,-0.67381352186203,6.098747253417969,0.6936607360839844,0.018201638013124466,-0.09541898220777512,-0.004916259553283453
94846,1888.449936,-0.6734716892242432,6.09672737121582,0.6932311058044434,0.01699068211019039,-0.09566442668437958,-0.005268973298370838
94866,1888.469944,-0.6717978119850159,6.096231460571289,0.6931349039077759,0.017494358122348785,-0.09683553874492645,-0.004645220935344696
94886,1888.489939,-0.6714794039726257,6.094344615936279,0.6931708455085754,0.013974451459944248,-0.09619307518005371,-0.005868883803486824
94906,1888.510936,-0.6712081432342529,6.092438697814941,0.6930398941040039,0.013752035796642303,-0.09430895000696182,-0.00694283377379179
94926,1888.529937,-0.6709324717521667,6.090571880340576,0.6929055452346802,0.013924939557909966,-0.09307350218296051,-0.006345382891595364
94946,1888.549936,-0.6706542372703552,6.089076995849609,0.6939080953598022,0.013051469810307026,-0.09408098459243774,-0.00485833827406168
94966,1888.569936,-0.6704078912734985,6.087196350097656,0.693796694278717,0.012156149372458458,-0.0934014841914177,-0.0060752080753445625
94986,1888.589937,-0.6701710820198059,6.085254669189453,0.6933187246322632,0.011653508991003036,-0.08835213631391525,-0.005399493034929037
95006,1888.610938,-0.6645256280899048,6.081508636474609,0.693231999874115,0.009970528073608875,-0.08839955180883408,-0.0033185591455549
95026,1888.629965,-0.6587173342704773,6.075433731079102,0.6923989653587341,0.009465091861784458,-0.09002411365509033,-0.0035080062225461006
95046,1888.649961,-0.6627285480499268,6.06186056137085,0.692327618598938,0.013983402401208878,-0.08469962328672409,-0.003918128553777933
95066,1888.669965,-0.6608681678771973,6.057406425476074,0.6935047507286072,0.01224089227616787,-0.0796142965555191,-0.0032497395295649767
95086,1888.689977,-0.6606385111808777,6.055829048156738,0.6934317946434021,0.01133954431861639,-0.07887494564056396,-0.0038272570818662643
95106,1888.709966,-0.6604042053222656,6.054226875305176,0.6938496232032776,0.012357545085251331,-0.08156491816043854,-0.0033198518212884665
95126,1888.729965,-0.6601377725601196,6.052567958831787,0.6937977075576782,0.01402843464165926,-0.08424632996320724,-0.0014801290817558765
95146,1888.749964,-0.6598545908927917,6.050929546356201,0.6939898133277893,0.014062387868762016,-0.08672329038381577,5.3422729251906276e-05
95166,1888.769961,-0.6549342274665833,6.0471882820129395,0.694001317024231,0.012283840216696262,-0.08823172748088837,0.0011837435886263847
95186,1888.789962,-0.6546697616577148,6.045308589935303,0.6940376162528992,0.012351591140031815,-0.09048555791378021,0.002200289163738489
95206,1888.809960,-0.6544339656829834,6.0434112548828125,0.6938503980636597,0.011395508423447609,-0.09203419834375381,0.000848372234031558
95226,1888.829962,-0.6580947637557983,6.039314270019531,0.6938434839248657,0.013469524681568146,-0.08827172219753265,-0.0018377003725618124
95246,1888.849958,-0.657857358455658,6.0377516746521,0.6943596601486206,0.010396613739430904,-0.08720385283231735,-0.0030149053782224655
95266,1888.869955,-0.6576647758483887,6.036005020141602,0.6942821741104126,0.009245118126273155,-0.08763051778078079,-0.00481649162247777
95286,1888.889954,-0.6571040749549866,6.035697937011719,0.6937284469604492,0.009793803095817566,-0.09009872376918793,-0.0057343989610672
95306,1888.909960,-0.6569042205810547,6.033877372741699,0.6936331987380981,0.010300754569470882,-0.09264194965362549,-0.0036895936354994774
95326,1888.929954,-0.6564992666244507,6.024444103240967,0.6940554976463318,0.01420122105628252,-0.08812689036130905,-0.0004961683298461139
95346,1888.949956,-0.6562139391899109,6.022697448730469,0.6940455436706543,0.013983878307044506,-0.08696021884679794,-0.0009127985686063766
95366,1888.969955,-0.6561177968978882,6.021254539489746,0.694572389125824,0.011936906725168228,-0.08542309701442719,-0.001597969327121973
95386,1888.989958,-0.6558850407600403,6.019556045532227,0.6945247054100037,0.01139061339199543,-0.08477066457271576,-0.0033520853612571955
95406,1889.009957,-0.6578822731971741,6.019332408905029,0.6943566203117371,0.01213773526251316,-0.08480849117040634,-0.005168128293007612
95426,1889.029958,-0.657662034034729,6.017634868621826,0.6942477226257324,0.010214579291641712,-0.08584077656269073,-0.005548260640352964
95446,1889.049953,-0.6554514169692993,6.014740943908691,0.6939098834991455,0.006938227452337742,-0.08710238337516785,-0.005283556878566742
95466,1889.069953,-0.6532759070396423,6.009774208068848,0.6938378810882568,0.0070972321555018425,-0.08193403482437134,-0.0014185085892677307
95486,1889.089955,-0.6547505259513855,6.007304668426514,0.6938413381576538,0.012509971857070923,-0.08110179752111435,0.0012795851798728108
95506,1889.109964,-0.6544971466064453,6.005692005157471,0.6938843131065369,0.012733005918562412,-0.0802367702126503,0.0017947617452591658
95526,1889.129956,-0.6520678997039795,6.003194808959961,0.6939162611961365,0.00892859697341919,-0.07781898230314255,0.0008605506736785173
95546,1889.149957,-0.6531368494033813,6.002077579498291,0.6942844986915588,0.010130411945283413,-0.08098924905061722,-0.0005528112524189055
95566,1889.169950,-0.6529391407966614,6.0004448890686035,0.6942561864852905,0.009624652564525604,-0.08269785344600677,-0.002090417081490159
95586,1889.189952,-0.6527462005615234,5.998499870300293,0.6934149265289307,0.009785322472453117,-0.08511915802955627,-0.0038124637212604284
95606,1889.209959,-0.65253084897995,5.996809959411621,0.6933577656745911,0.012027768418192863,-0.08350955694913864,-0.0019305675523355603
95626,1889.229952,-0.6510490775108337,5.993840217590332,0.6934799551963806,0.010693836957216263,-0.07869891822338104,-0.0002662364568095654
95646,1889.249950,-0.6508240103721619,5.99226188659668,0.6934736371040344,0.01127475406974554,-0.0790400579571724,-0.0006460544536821544
95666,1889.269950,-0.651408314704895,5.990326404571533,0.6935638189315796,0.012757234275341034,-0.07789053022861481,-0.002138580195605755
95686,1889.289950,-0.6502707004547119,5.988293170928955,0.6934958696365356,0.009297003038227558,-0.07724589109420776,-0.004730932414531708
95706,1889.309954,-0.6500808000564575,5.986734867095947,0.6937008500099182,0.010255453176796436,-0.0789923295378685,-0.004352581687271595
95726,1889.329951,-0.6498547196388245,5.985139846801758,0.6936108469963074,0.011323966085910797,-0.08006758242845535,-0.005000104196369648
95746,1889.349948,-0.649652361869812,5.983553409576416,0.6934933662414551,0.008949612267315388,-0.07853461802005768,-0.006825926713645458
95766,1889.369951,-0.6494780778884888,5.98211669921875,0.6938066482543945,0.009120647795498371,-0.08060120046138763,-0.008001213893294334
95786,1889.389949,-0.6492798328399658,5.980484485626221,0.6936312913894653,0.01052202470600605,-0.08274862170219421,-0.009131441824138165
95806,1889.409945,-0.6490592956542969,5.978846549987793,0.6935160756111145,0.011212737299501896,-0.08269549161195755,-0.008242407813668251
95826,1889.429947,-0.6488786935806274,5.977236270904541,0.6933654546737671,0.011816105805337429,-0.08032643795013428,-0.006991318427026272
95846,1889.449947,-0.6483591198921204,5.97555685043335,0.6929672360420227,0.01666533760726452,-0.08085210621356964,-0.007123759016394615
95866,1889.469945,-0.6483901143074036,5.974043846130371,0.6927933096885681,0.010501489043235779,-0.08275335282087326,-0.010460704565048218
95886,1889.489945,-0.6480492949485779,5.972117900848389,0.6920835375785828,0.010814355686306953,-0.08612475544214249,-0.01328488253057003
95906,1889.509949,-0.6478101015090942,5.97038459777832,0.6918195486068726,0.012798442505300045,-0.08670144528150558,-0.012891901656985283
95926,1889.529990,-0.6477715373039246,5.968800067901611,0.6911141276359558,0.010659600608050823,-0.08283273130655289,-0.011022569611668587
95946,1889.548945,-0.6475400924682617,5.967164516448975,0.6909183859825134,0.012431981973350048,-0.08030043542385101,-0.008806981146335602
95966,1889.569946,-0.6473056674003601,5.9656805992126465,0.690987765789032,0.010805509984493256,-0.07670830190181732,-0.008981103077530861
95986,1889.589942,-0.6471222043037415,5.964159965515137,0.6907913684844971,0.0075926934368908405,-0.07550469040870667,-0.010649138130247593
96006,1889.609946,-0.6472242474555969,5.963062763214111,0.6914079785346985,0.007002194412052631,-0.07698935270309448,-0.008899571374058723
96026,1889.629945,-0.6470996737480164,5.961516857147217,0.6912222504615784,0.005217031575739384,-0.07707547396421432,-0.009864499792456627
96046,1889.648941,-0.6470202803611755,5.960011005401611,0.6910120248794556,0.0030444071162492037,-0.07329464703798294,-0.01110091246664524
96066,1889.669939,-0.6471838355064392,5.958940029144287,0.6915553212165833,0.0024196200538426638,-0.07184741646051407,-0.010508429259061813
96086,1889.688941,-0.6487138867378235,5.958047389984131,0.6913520097732544,-0.0018251363653689623,-0.06912665069103241,-0.009750351309776306
96106,1889.708939,-0.6484600305557251,5.958617210388184,0.6912858486175537,-0.0018639577319845557,-0.06537250429391861,-0.009032119996845722
96126,1889.728964,-0.6500576734542847,5.958603382110596,0.6911225318908691,-0.0035070667508989573,-0.06061483547091484,-0.007572256028652191
96146,1889.748941,-0.6483886241912842,5.95796537399292,0.6913298964500427,-0.0010729995556175709,-0.05968385934829712,-0.0065859113819897175
96166,1889.768895,-0.6515165567398071,5.957345008850098,0.6912142634391785,-0.0034437740687280893,-0.060983918607234955,-0.005288450513035059
96186,1889.788894,-0.6514151096343994,5.956211566925049,0.6916784644126892,-0.003845242317765951,-0.06141657754778862,-0.005826103035360575
96206,1889.808888,-0.6496918201446533,5.95634126663208,0.6915363669395447,-0.004010583274066448,-0.057279717177152634,-0.008206318132579327
96226,1889.828890,-0.6512657403945923,5.955271244049072,0.6922664642333984,-0.004007052164524794,-0.05827527120709419,-0.006450928281992674
96246,1889.848889,-0.6529228091239929,5.95686674118042,0.6921491622924805,-0.004199400078505278,-0.05766206607222557,-0.005210380535572767
96266,1889.868888,-0.6502878665924072,5.9568986892700195,0.6913371086120605,0.0008362556109204888,-0.057950958609580994,-0.005944109987467527
96286,1889.888905,-0.6502342224121094,5.955745220184326,0.6912264823913574,0.003616820555180311,-0.05721576511859894,-0.005428919568657875
96306,1889.908906,-0.6500127911567688,5.954507350921631,0.691674530506134,0.0026998415123671293,-0.05731977894902229,-0.004417173098772764
96326,1889.928949,-0.6521511673927307,5.954131603240967,0.6915798783302307,0.001236003008671105,-0.058290816843509674,-0.005077627953141928
96346,1889.948939,-0.6489221453666687,5.953484058380127,0.6914708018302917,0.005054057110100985,-0.06079680845141411,-0.005678252317011356
96366,1889.968934,-0.6488351225852966,5.952261447906494,0.6912829279899597,0.0038494812324643135,-0.06095510721206665,-0.0061476281844079494
96386,1889.988932,-0.6515592336654663,5.952512264251709,0.6911770701408386,0.003546634688973427,-0.058495160192251205,-0.004207721445709467
96406,1890.008933,-0.6482873558998108,5.952478408813477,0.6914867162704468,0.00690082972869277,-0.056782979518175125,-0.0014676972059533
96426,1890.028945,-0.649368941783905,5.950387477874756,0.691460371017456,0.004979713354259729,-0.059534166008234024,-0.0014758153120055795
96446,1890.048934,-0.6525627374649048,5.950894832611084,0.6919093132019043,0.0017702904297038913,-0.05938480421900749,-0.002479779301211238
96466,1890.068929,-0.6525435447692871,5.949736595153809,0.6918385624885559,-0.00020735182624775916,-0.05568427965044975,-0.004664827138185501
96486,1890.088932,-0.652561604976654,5.948647975921631,0.6916225552558899,-0.0010671133641153574,-0.05366421863436699,-0.007394909858703613
96506,1890.108934,-0.648344874382019,5.948014259338379,0.691472053527832,0.0035097075160592794,-0.05336344987154007,-0.007893974892795086
96526,1890.128935,-0.6486052870750427,5.949143886566162,0.6914825439453125,0.0017957071540877223,-0.052850883454084396,-0.007362985052168369
96546,1890.148955,-0.6518253087997437,5.949319839477539,0.6913589239120483,0.0014206068590283394,-0.05251578986644745,-0.004988181404769421
96566,1890.168929,-0.6518954038619995,5.951013088226318,0.6914580464363098,0.001179416198283434,-0.051691241562366486,-0.003173841629177332
96586,1890.188931,-0.6525045037269592,5.952914714813232,0.6913962364196777,-0.0004993435577489436,-0.04912430793046951,-0.0031218843068927526
96606,1890.208933,-0.648149847984314,5.952572345733643,0.6916623711585999,0.0025711937341839075,-0.04947208613157272,-0.0033212536945939064
96626,1890.228930,-0.6514637470245361,5.956454753875732,0.6915964484214783,0.0015870839124545455,-0.04744560644030571,-0.003236219985410571
96646,1890.248930,-0.6514390707015991,5.9555134773254395,0.6915148496627808,0.00030976912239566445,-0.0461232028901577,-0.0051175327971577644
96666,1890.268928,-0.6514583230018616,5.954626560211182,0.6907499432563782,-0.0019094833405688405,-0.04296307638287544,-0.0066122752614319324
96686,1890.288927,-0.6514744758605957,5.953753471374512,0.6906349062919617,0.0008322364301420748,-0.0449916273355484,-0.0047409445978701115
96706,1890.308933,-0.6514593958854675,5.95283317565918,0.6906542181968689,0.003080575494095683,-0.04795614257454872,-0.0033198355231434107
96726,1890.328930,-0.64759761095047,5.954216480255127,0.6905809640884399,0.0046346066519618034,-0.04581436887383461,-0.004007285460829735
96746,1890.348923,-0.6473203897476196,5.949814796447754,0.6904484033584595,0.005723304580897093,-0.04829005151987076,-0.005183265544474125
96766,1890.368939,-0.6475255489349365,5.950769424438477,0.6903278827667236,0.0029197295662015676,-0.048116665333509445,-0.007012949790805578
96786,1890.388927,-0.6497418284416199,5.956541538238525,0.6905806064605713,0.0036755907349288464,-0.04511430487036705,-0.005937717854976654
96806,1890.408930,-0.6496244072914124,5.955638885498047,0.6904745101928711,0.00790723692625761,-0.04512669891119003,-0.004853087477385998
96826,1890.428923,-0.6495242714881897,5.95476770401001,0.6905557513237,0.007040268275886774,-0.04518771916627884,-0.0037718433886766434
96846,1890.448925,-0.6450193524360657,5.9547247886657715,0.6904765367507935,0.009390939958393574,-0.046627242118120193,-0.004444688558578491
96866,1890.468923,-0.6456804275512695,5.950978755950928,0.691096842288971,0.00856639351695776,-0.04813172668218613,-0.004051233641803265
96886,1890.488926,-0.6455014944076538,5.950024127960205,0.6910109519958496,0.009359294548630714,-0.0468723401427269,-0.004505386110395193
96906,1890.508930,-0.644851565361023,5.95482873916626,0.6909196972846985,0.009822840802371502,-0.04193057864904404,-0.0043478053994476795
96926,1890.528923,-0.6498066186904907,5.954719066619873,0.6906934976577759,0.007788388524204493,-0.04069429263472557,-0.0040205176919698715
96946,1890.548922,-0.6496378779411316,5.95389461517334,0.690615177154541,0.009880940429866314,-0.04191696643829346,-0.0035611398052424192
96966,1890.568937,-0.6494100689888,5.953066825866699,0.6900858879089355,0.012203388847410679,-0.04063429310917854,-0.0039028890896588564
96986,1890.588925,-0.6448259949684143,5.954057216644287,0.6900081038475037,0.013529599644243717,-0.03965609520673752,-0.003785455832257867
97006,1890.608925,-0.648796558380127,5.951806545257568,0.6901623606681824,0.011794370599091053,-0.04161250591278076,-0.002607082948088646
97026,1890.628946,-0.6485210061073303,5.950965404510498,0.6901204586029053,0.015838559716939926,-0.04201381281018257,-0.0013519595377147198
97046,1890.648867,-0.64814293384552,5.950140476226807,0.6899724006652832,0.017760712653398514,-0.03868914768099785,-0.0003171005519106984
97066,1890.668889,-0.6477596759796143,5.949355125427246,0.6899715662002563,0.020721787586808205,-0.04016673564910889,-8.47264236654155e-05
97086,1890.688886,-0.6474664211273193,5.948625087738037,0.6904128193855286,0.02171195112168789,-0.04016992822289467,-0.001698087900876999
97106,1890.708873,-0.6417571306228638,5.948544502258301,0.6903577446937561,0.024045363068580627,-0.037524811923503876,-0.003618382615968585
97126,1890.728876,-0.6472707390785217,5.947878360748291,0.6910387277603149,0.020865201950073242,-0.03694973140954971,-0.004002723842859268
97146,1890.748883,-0.6468558311462402,5.947141170501709,0.6909467577934265,0.020900212228298187,-0.03705954551696777,-0.004899521358311176
97166,1890.768883,-0.6402208209037781,5.9471635818481445,0.6916996240615845,0.02632906660437584,-0.03974588215351105,-0.00325973448343575
97186,1890.788923,-0.6396706104278564,5.94634485244751,0.69163578748703,0.02898779697716236,-0.04215928167104721,-0.0030008251778781414
97206,1890.808919,-0.6445795297622681,5.948103427886963,0.6915772557258606,0.03047887422144413,-0.043416522443294525,-0.0027291851583868265
97226,1890.828926,-0.6457850337028503,5.9447150230407715,0.6914729475975037,0.031353797763586044,-0.04277652129530907,-0.0028031303081661463
97246,1890.848920,-0.645139217376709,5.943880081176758,0.6914167404174805,0.03326207399368286,-0.041516393423080444,-0.003319701412692666
97266,1890.868913,-0.6333231329917908,5.9496259689331055,0.6918895840644836,0.039339542388916016,-0.041973844170570374,-0.003948729019612074
97286,1890.888916,-0.6451958417892456,5.940804481506348,0.6918156743049622,0.03921884670853615,-0.049310725182294846,-0.0033880118280649185
97306,1890.908922,-0.6289181709289551,5.9530253410339355,0.6920405030250549,0.0513744056224823,-0.0447598472237587,-0.0031669794116169214
97326,1890.928913,-0.6278772354125977,5.9521050453186035,0.6919547319412231,0.05273067578673363,-0.04728718847036362,-0.005360723938792944
97346,1890.948911,-0.630976676940918,5.911083221435547,0.6923421025276184,0.05460353195667267,-0.06540044397115707,-0.004402968566864729
97366,1890.968911,-0.627495527267456,5.912412643432617,0.6922801733016968,0.059951502829790115,-0.06322412192821503,-0.001254787901416421
97386,1890.988914,-0.6217947602272034,5.91323709487915,0.6923294067382812,0.07005861401557922,-0.06526888906955719,0.0014562994474545121
97406,1891.008923,-0.6154481172561646,5.910378456115723,0.6923580765724182,0.07818439602851868,-0.06927736103534698,0.0014984429581090808
97426,1891.028908,-0.6136294603347778,5.908920764923096,0.692228376865387,0.08337964862585068,-0.07016884535551071,0.002419643569737673
97446,1891.048910,-0.6157202124595642,5.913060665130615,0.6922739744186401,0.08521707355976105,-0.06701352447271347,0.0016825193306431174
97466,1891.068909,-0.6112629771232605,5.915750503540039,0.6913226842880249,0.08988207578659058,-0.06205689534544945,-0.002403020625934005
97486,1891.088912,-0.6100948452949524,5.910133361816406,0.6912708282470703,0.09504131972789764,-0.06328374892473221,-0.002739574993029237
97506,1891.107912,-0.6075255870819092,5.905430793762207,0.6912404894828796,0.097584567964077,-0.06430699676275253,-0.0032834189478307962
97526,1891.127910,-0.6019259095191956,5.909449577331543,0.6915364265441895,0.10393570363521576,-0.06130601465702057,-0.0029045979026705027
97546,1891.147908,-0.5988709926605225,5.910101890563965,0.691486656665802,0.11048343032598495,-0.06007466837763786,-0.002301765140146017
97566,1891.167907,-0.5836486220359802,5.914066314697266,0.6915608048439026,0.1211870014667511,-0.058887042105197906,-0.001327143283560872
97586,1891.187912,-0.5690485239028931,5.917062759399414,0.6915588974952698,0.13068757951259613,-0.05290592461824417,0.0011890942696481943
97606,1891.207918,-0.5672413110733032,5.918600559234619,0.6916738748550415,0.13428795337677002,-0.050452493131160736,0.0016080435598269105
97626,1891.227908,-0.5645342469215393,5.917606830596924,0.6917047500610352,0.13647718727588654,-0.04904855415225029,0.0014857074711471796
97646,1891.247903,-0.5635990500450134,5.917478561401367,0.6925554275512695,0.13738568127155304,-0.04613446071743965,0.001978847198188305
97666,1891.267904,-0.5545741319656372,5.921566009521484,0.6925815939903259,0.13901647925376892,-0.0417792871594429,0.0011508669704198837
97686,1891.287910,-0.528779923915863,5.916698932647705,0.6932640671730042,0.1506376415491104,-0.049981530755758286,0.0030884428415447474
97706,1891.307908,-0.5171447992324829,5.9233293533325195,0.6933321356773376,0.15496106445789337,-0.04767291247844696,0.0043373024091124535
97726,1891.327902,-0.5214185118675232,5.92234992980957,0.6933742761611938,0.15192462503910065,-0.0454932376742363,0.006130256690084934
97746,1891.347905,-0.5199941992759705,5.921703338623047,0.6934729814529419,0.1492866724729538,-0.04347005859017372,0.0033931140787899494
97766,1891.367900,-0.5228076577186584,5.926360130310059,0.6935202479362488,0.1433437168598175,-0.038893818855285645,0.00165236322209239
97786,1891.387905,-0.5132218599319458,5.925073146820068,0.6938035488128662,0.14665587246418,-0.03703584149479866,0.002269948832690716
97806,1891.407913,-0.4995541274547577,5.924272537231445,0.6938462257385254,0.1499757319688797,-0.035763513296842575,0.001966949086636305
97826,1891.427905,-0.4833740293979645,5.92813777923584,0.6936788558959961,0.15414898097515106,-0.03533368930220604,0.0007731150835752487
97846,1891.447899,-0.47512292861938477,5.9268903732299805,0.6936855316162109,0.15679483115673065,-0.03619123622775078,-0.00028501221095211804
97866,1891.467898,-0.47128826379776,5.926201820373535,0.6933097243309021,0.1558207869529724,-0.0387975238263607,-0.0036208012606948614
97886,1891.487904,-0.4727092981338501,5.9323320388793945,0.6932218074798584,0.15490587055683136,-0.03942380100488663,-0.005276131443679333
97906,1891.507937,-0.4645555019378662,5.93311882019043,0.6934548020362854,0.15499937534332275,-0.041579362004995346,-0.006740959361195564
97926,1891.527904,-0.4614410698413849,5.932284832000732,0.6933170557022095,0.15661366283893585,-0.04166930913925171,-0.0070280455984175205
97946,1891.547901,-0.4480907618999481,5.925942420959473,0.6938715577125549,0.16024217009544373,-0.04229253903031349,-0.007105112541466951
97966,1891.567897,-0.4378795027732849,5.930851936340332,0.6937323808670044,0.16292554140090942,-0.03880530595779419,-0.006488267332315445
97986,1891.587904,-0.42237046360969543,5.9345879554748535,0.6940534710884094,0.16920141875743866,-0.04023211821913719,-0.005080091767013073
98006,1891.607939,-0.424190878868103,5.925790309906006,0.6939617395401001,0.1660638451576233,-0.04142403230071068,-0.004014357924461365
98026,1891.627915,-0.4195553958415985,5.928260803222656,0.6942832469940186,0.17013795673847198,-0.03558836504817009,-0.0015905970940366387
98046,1891.647896,-0.4120246469974518,5.933320999145508,0.6942567825317383,0.17101281881332397,-0.031124040484428406,-0.0007075637113302946
98066,1891.667900,-0.4116083085536957,5.93416690826416,0.6942586898803711,0.17263193428516388,-0.03220865875482559,0.0002732716384343803
98086,1891.687902,-0.4218045473098755,5.927252769470215,0.6947406530380249,0.16859039664268494,-0.03217777982354164,6.246063276194036e-05
98106,1891.707909,-0.41608715057373047,5.931408882141113,0.6947436332702637,0.17298468947410583,-0.02895716391503811,-7.985471893334761e-05
98126,1891.727903,-0.40716052055358887,5.933389186859131,0.6947347521781921,0.1781652420759201,-0.026966620236635208,-0.001780592487193644
98146,1891.747894,-0.40338602662086487,5.924896717071533,0.6947087049484253,0.18291863799095154,-0.030150210484862328,-0.0006387714529410005
98166,1891.767896,-0.3814733624458313,5.9374918937683105,0.6939859390258789,0.19691309332847595,-0.025877267122268677,0.00012526666978374124
98186,1891.787899,-0.363569051027298,5.938522815704346,0.6940321922302246,0.21046750247478485,-0.02412860468029976,0.004478934686630964
98206,1891.807910,-0.3590158522129059,5.9381256103515625,0.6939170360565186,0.21751108765602112,-0.022775763645768166,0.00624243775382638
98226,1891.827932,-0.3618510961532593,5.942694187164307,0.6940586566925049,0.22195880115032196,-0.02063019387423992,0.008006738498806953
98246,1891.847894,-0.3605324625968933,5.947169303894043,0.6949131488800049,0.2298751324415207,-0.019744234159588814,0.010764054954051971
98266,1891.867887,-0.3229873776435852,5.9436211585998535,0.6951161623001099,0.24492906033992767,-0.024219652637839317,0.008691301569342613
98286,1891.887891,-0.30415022373199463,5.94247579574585,0.6957570910453796,0.2551663815975189,-0.026857545599341393,0.008984833024442196
98306,1891.907886,-0.30510151386260986,5.9409613609313965,0.6959203481674194,0.2567039430141449,-0.025938216596841812,0.0072008115239441395
98326,1891.927889,-0.3034818172454834,5.94549036026001,0.6960448622703552,0.2565847635269165,-0.02344927191734314,0.0055880313739180565
98346,1891.947893,-0.2708439826965332,5.950762748718262,0.6954591870307922,0.2689973711967468,-0.024342603981494904,0.0012547709047794342
98366,1891.967887,-0.26495370268821716,5.9506754875183105,0.6954402327537537,0.2654356360435486,-0.022653382271528244,-0.003148077754303813
98386,1891.987887,-0.26321133971214294,5.959346771240234,0.694424569606781,0.26164501905441284,-0.016816625371575356,-0.0074847047217190266
98406,1892.007888,-0.26353320479393005,5.9569549560546875,0.6942591667175293,0.2613506317138672,-0.01635393686592579,-0.009464851580560207
98426,1892.027890,-0.231395423412323,5.953284740447998,0.6931691765785217,0.26828524470329285,-0.020807622000575066,-0.014370734803378582
98446,1892.047892,-0.22372783720493317,5.953103542327881,0.6928711533546448,0.26717594265937805,-0.01874091848731041,-0.014916683547198772
98466,1892.067886,-0.22628048062324524,5.9558820724487305,0.6907031536102295,0.2638366222381592,-0.01642541028559208,-0.01944807916879654
98486,1892.087890,-0.23604732751846313,5.962047100067139,0.6902701258659363,0.2534274458885193,-0.014343026094138622,-0.02434443309903145
98506,1892.107898,-0.21665549278259277,5.961008548736572,0.6887734532356262,0.256597101688385,-0.019452299922704697,-0.03161969408392906
98526,1892.127885,-0.20486484467983246,5.963271141052246,0.6881025433540344,0.26055511832237244,-0.0250079408288002,-0.035779692232608795
98546,1892.147882,-0.18929021060466766,5.961396217346191,0.6868272423744202,0.26139941811561584,-0.02634715847671032,-0.04018523544073105
98566,1892.167885,-0.1920526921749115,5.957149028778076,0.6860029697418213,0.2589409053325653,-0.024421563372015953,-0.04210050031542778
98586,1892.187892,-0.18513928353786469,5.956200122833252,0.6851548552513123,0.25928887724876404,-0.022146262228488922,-0.04286670684814453
98606,1892.207901,-0.17818596959114075,5.938024044036865,0.6847586035728455,0.2585194408893585,-0.02814324200153351,-0.04530549421906471
98626,1892.227882,-0.17653405666351318,5.954375267028809,0.6838168501853943,0.25605228543281555,-0.020950710400938988,-0.04836801439523697
98646,1892.247895,-0.1507609784603119,5.9545440673828125,0.682459831237793,0.2649724781513214,-0.02069009467959404,-0.0506649985909462
98666,1892.267884,-0.1487276405096054,5.950783729553223,0.6814104318618774,0.2642751932144165,-0.022756945341825485,-0.05400282144546509
98686,1892.287885,-0.1336994171142578,5.951845169067383,0.680049479007721,0.2702115774154663,-0.02574080228805542,-0.053443897515535355
98706,1892.307913,-0.13301967084407806,5.953465938568115,0.6789836287498474,0.2724372148513794,-0.02544405683875084,-0.05329088866710663
98726,1892.327882,-0.13126030564308167,5.947340488433838,0.6775413155555725,0.27424198389053345,-0.02539597824215889,-0.0518898069858551
98746,1892.347879,-0.12275388836860657,5.95242977142334,0.6765317916870117,0.2825731039047241,-0.024078160524368286,-0.04906048625707626
98766,1892.367876,-0.10658939182758331,5.955575942993164,0.6755305528640747,0.28697478771209717,-0.025141332298517227,-0.049573078751564026
98786,1892.387885,-0.09255630522966385,5.956791400909424,0.6745379567146301,0.29378649592399597,-0.02513684518635273,-0.049515873193740845
98806,1892.407887,-0.0931522399187088,5.952459812164307,0.6742403507232666,0.296125590801239,-0.02427718974649906,-0.049673132598400116
98826,1892.427885,-0.09079813212156296,5.9524431228637695,0.6732308268547058,0.2963123619556427,-0.02614135481417179,-0.05076604709029198
98846,1892.447878,-0.049790479242801666,5.951733589172363,0.6727851033210754,0.3110164999961853,-0.030037064105272293,-0.049552980810403824
98866,1892.467892,-0.044942453503608704,5.94878625869751,0.671821653842926,0.3172318935394287,-0.031072525307536125,-0.04667738825082779
98886,1892.487886,-0.05334940552711487,5.947648525238037,0.6708979606628418,0.3145621418952942,-0.026380755007267,-0.045386750251054764
98906,1892.507901,-0.036101795732975006,5.945947647094727,0.6697131395339966,0.32053959369659424,-0.015380803495645523,-0.04244733974337578
98926,1892.526881,-0.021114328876137733,5.949296474456787,0.6688705682754517,0.323539137840271,-0.006394338794052601,-0.04160822927951813
98946,1892.546874,-0.0035807921085506678,5.946882247924805,0.6681399941444397,0.3293439745903015,-0.0026443428359925747,-0.039892952889204025
98966,1892.566888,-0.0052816555835306644,5.947660446166992,0.6673557758331299,0.33062124252319336,-0.002485525794327259,-0.038580507040023804
98986,1892.586872,0.011178362183272839,5.951183319091797,0.6659982800483704,0.3325347900390625,0.007341276854276657,-0.0381024032831192
99006,1892.606879,0.03849172592163086,5.951289176940918,0.6652592420578003,0.3405241370201111,0.013038486242294312,-0.03612368181347847
99026,1892.626876,0.04215293005108833,5.955828666687012,0.663946270942688,0.3397725820541382,0.01652892492711544,-0.03628581389784813
99046,1892.646871,0.06346845626831055,5.960095405578613,0.6632131338119507,0.3420258164405823,0.019956737756729126,-0.037417925894260406
99066,1892.666874,0.07115168869495392,5.957380771636963,0.6624374389648438,0.3410085141658783,0.020604191347956657,-0.04022382199764252
99086,1892.686882,0.08753539621829987,5.955330848693848,0.6616034507751465,0.3395574390888214,0.01972057670354843,-0.042931925505399704
99106,1892.706873,0.0730452910065651,5.95206880569458,0.6607334017753601,0.3323762118816376,0.01608133688569069,-0.044130172580480576
99126,1892.726876,0.07447274774312973,5.949369430541992,0.6598455905914307,0.33213311433792114,0.01030552014708519,-0.045001231133937836
99146,1892.746870,0.06639526039361954,5.957722187042236,0.6589163541793823,0.32434943318367004,0.009600991383194923,-0.047449711710214615
99166,1892.766868,0.07758373022079468,5.964211463928223,0.6579829454421997,0.32859766483306885,0.012750082649290562,-0.04542641341686249
99186,1892.786868,0.0708998367190361,5.962249279022217,0.6570937037467957,0.32488808035850525,0.007570190820842981,-0.044079266488552094
99206,1892.806873,0.061694737523794174,5.963772773742676,0.6561983823776245,0.3164353370666504,0.008247158490121365,-0.04540122300386429
99226,1892.826874,0.06750845909118652,5.962459564208984,0.655292809009552,0.3192979395389557,0.011827302165329456,-0.04505506902933121
99246,1892.846867,0.0813518613576889,5.964479446411133,0.6543697118759155,0.32051703333854675,0.01674109883606434,-0.0475764274597168
99266,1892.866866,0.07696355879306793,5.970553874969482,0.6534103155136108,0.31895530223846436,0.020763209089636803,-0.04763763025403023
99286,1892.886866,0.07112273573875427,5.968985080718994,0.652476966381073,0.3194294571876526,0.02051452547311783,-0.04608866199851036
99306,1892.906875,0.07541903108358383,5.969887733459473,0.6514857411384583,0.3156210780143738,0.02664523757994175,-0.0486164353787899
99326,1892.926872,0.07005105167627335,5.975451946258545,0.6504746079444885,0.30999526381492615,0.03216449171304703,-0.05219951644539833
99346,1892.946865,0.08467818796634674,5.976787567138672,0.6494129300117493,0.3150452673435211,0.030590230599045753,-0.054144907742738724
99366,1892.966869,0.09964143484830856,5.969693183898926,0.648324191570282,0.3179016709327698,0.027446599677205086,-0.05433405190706253
99386,1892.986861,0.08410631865262985,5.974605560302734,0.647273063659668,0.3104580342769623,0.031348761171102524,-0.05061448737978935
99406,1893.006865,0.07893794775009155,5.973525047302246,0.6462770104408264,0.30563756823539734,0.02926703728735447,-0.049692511558532715
99426,1893.026875,0.09833408147096634,5.980753421783447,0.6452534198760986,0.3065413534641266,0.026320869103074074,-0.052906908094882965
99446,1893.046866,0.09767261892557144,5.983527660369873,0.6441587805747986,0.3013017773628235,0.022453147917985916,-0.056522052735090256
99466,1893.066815,0.09908434748649597,5.981626033782959,0.642988383769989,0.29577603936195374,0.02124808356165886,-0.05996820330619812
99486,1893.086825,0.09496145695447922,5.9898505210876465,0.641802191734314,0.29342377185821533,0.02280641719698906,-0.05828499794006348
99506,1893.106822,0.10626514256000519,5.986600875854492,0.6406446695327759,0.29338014125823975,0.016593361273407936,-0.057965319603681564
99526,1893.126869,0.10874583572149277,5.98630952835083,0.6394803524017334,0.2890080213546753,0.01337951235473156,-0.058496445417404175
99546,1893.146862,0.12620152533054352,5.979868412017822,0.6382915377616882,0.2881253957748413,0.010059687308967113,-0.061198338866233826
99566,1893.166860,0.12872307002544403,5.979736804962158,0.6370403170585632,0.28112804889678955,0.007846950553357601,-0.06311795860528946
99586,1893.186860,0.1355500966310501,5.976583480834961,0.6357815265655518,0.28204140067100525,0.007926885038614273,-0.0634971335530281
99606,1893.206860,0.13141824305057526,5.982332706451416,0.6345103979110718,0.2761829197406769,0.020205246284604073,-0.062088847160339355
99626,1893.226864,0.12983249127864838,5.984722137451172,0.6333180069923401,0.27799293398857117,0.024104483425617218,-0.057907264679670334
99646,1893.246863,0.12915264070034027,5.988715648651123,0.6321418881416321,0.2734816074371338,0.02558324858546257,-0.05987782031297684
99666,1893.266858,0.1358300894498825,5.9959917068481445,0.6309475302696228,0.2746012806892395,0.02440495789051056,-0.058813899755477905
99686,1893.286857,0.1301281899213791,5.994498252868652,0.6297769546508789,0.2766847014427185,0.016362056136131287,-0.05934442579746246
99706,1893.306865,0.1277552843093872,5.993335723876953,0.6285727024078369,0.2711050510406494,0.015543726272881031,-0.06009567156434059
99726,1893.326861,0.12903359532356262,5.98783540725708,0.6273990273475647,0.27400925755500793,0.017024096101522446,-0.05765760317444801
99746,1893.346854,0.1283888965845108,5.990215301513672,0.6262445449829102,0.27392858266830444,0.01731218211352825,-0.05794743075966835
99766,1893.366856,0.13479474186897278,5.984529495239258,0.6250823140144348,0.27634355425834656,0.014938762411475182,-0.05845671519637108
99786,1893.386856,0.14032958447933197,5.984817981719971,0.6239081025123596,0.27655959129333496,0.013878480531275272,-0.05851714685559273
99806,1893.406853,0.1568017154932022,5.9853835105896,0.6227413415908813,0.2782447934150696,0.014389649964869022,-0.05838065966963768
99826,1893.426859,0.15724697709083557,5.985306739807129,0.6215745210647583,0.27545174956321716,0.01971326395869255,-0.058418843895196915
99846,1893.446857,0.174149289727211,5.986922740936279,0.6204078197479248,0.2775222361087799,0.02375766821205616,-0.0579834058880806
99866,1893.466852,0.18010666966438293,5.984723091125488,0.6192589998245239,0.2772977650165558,0.02012852020561695,-0.05702720582485199
99886,1893.486852,0.17968465387821198,5.985325336456299,0.618109941482544,0.27452513575553894,0.02033022977411747,-0.05716462805867195
99906,1893.506853,0.17858710885047913,5.990576267242432,0.6169794201850891,0.27511563897132874,0.021688345819711685,-0.055943138897418976
99926,1893.526861,0.17679248750209808,5.9913649559021,0.615838348865509,0.2689606845378876,0.025216657668352127,-0.058439500629901886
99946,1893.546856,0.1821080595254898,5.991971492767334,0.614661693572998,0.2642066776752472,0.03549586981534958,-0.05786806717514992
99966,1893.566854,0.1753511130809784,5.9996256828308105,0.6135392785072327,0.2628454267978668,0.0425521619617939,-0.054624173790216446
99986,1893.586851,0.21115002036094666,5.994434833526611,0.6124452948570251,0.26679667830467224,0.03927319124341011,-0.055231012403964996
100006,1893.606852,0.2127222716808319,5.996910095214844,0.6113626956939697,0.26385536789894104,0.04121432080864906,-0.05273027718067169
100026,1893.626858,0.21421420574188232,5.992179870605469,0.6102957129478455,0.26062625646591187,0.04134621098637581,-0.05458276346325874
100046,1893.646853,0.20336058735847473,6.001154899597168,0.6091835498809814,0.24667079746723175,0.048363637179136276,-0.05547488480806351
100066,1893.666851,0.20041197538375854,6.004455089569092,0.6080673933029175,0.24285240471363068,0.04532446712255478,-0.05568455159664154
100086,1893.686851,0.19881115853786469,6.003091812133789,0.6069523692131042,0.23577630519866943,0.04362777993083,-0.05571713298559189
100106,1893.706853,0.2057170420885086,5.999392032623291,0.6058238744735718,0.2290320247411728,0.0436713881790638,-0.05695657059550285
100126,1893.726887,0.20354855060577393,6.01221227645874,0.6046773195266724,0.22425290942192078,0.04644171893596649,-0.05719837173819542
100146,1893.746850,0.20856906473636627,6.0094733238220215,0.6035260558128357,0.21674008667469025,0.04625759646296501,-0.05795945227146149
100166,1893.766849,0.2105647325515747,6.005274772644043,0.6023629903793335,0.21390709280967712,0.041876208037137985,-0.05885991454124451
100186,1893.786847,0.21186742186546326,6.007497310638428,0.6011939644813538,0.2132033258676529,0.0354924201965332,-0.056864555925130844
100206,1893.806844,0.21294602751731873,6.01037073135376,0.6000573039054871,0.2041657418012619,0.033782076090574265,-0.05734715238213539
100226,1893.826852,0.21028657257556915,6.013965606689453,0.5989173650741577,0.19591480493545532,0.036416467279195786,-0.055130571126937866
100246,1893.846845,0.20920942723751068,6.016785621643066,0.5978426337242126,0.19412705302238464,0.037323519587516785,-0.05231854319572449
100266,1893.866843,0.20162197947502136,6.0260210037231445,0.5967804193496704,0.18414728343486786,0.04212280735373497,-0.05258794501423836
100286,1893.886845,0.20532478392124176,6.026857376098633,0.5957863926887512,0.1878596693277359,0.0408083014190197,-0.046238455921411514
100306,1893.905845,0.20915746688842773,6.027588844299316,0.5948963761329651,0.19444608688354492,0.03278890252113342,-0.042972762137651443
100326,1893.925881,0.20810355246067047,6.027621269226074,0.5940583944320679,0.19047726690769196,0.029399324208498,-0.041273556649684906
100346,1893.946868,0.20465853810310364,6.031106948852539,0.593156099319458,0.17925946414470673,0.025129633024334908,-0.04359092190861702
100366,1893.966847,0.20820651948451996,6.031599998474121,0.5922681093215942,0.17513056099414825,0.025112321600317955,-0.0449509434401989
100386,1893.985841,0.20765464007854462,6.031439304351807,0.5913527607917786,0.1741294264793396,0.0265413299202919,-0.046304043382406235
100406,1894.006842,0.20503798127174377,6.041219234466553,0.5904470086097717,0.17998124659061432,0.026400286704301834,-0.04355357959866524
100426,1894.026847,0.19019103050231934,6.032872676849365,0.5895599126815796,0.17031724750995636,0.028528137132525444,-0.04522106423974037
100446,1894.045841,0.189870685338974,6.039829254150391,0.5886290669441223,0.16574662923812866,0.04293767362833023,-0.047389011830091476
100466,1894.065839,0.1885145753622055,6.045141220092773,0.5876469612121582,0.16202987730503082,0.04728192836046219,-0.05020014941692352
100486,1894.085840,0.18772438168525696,6.048635959625244,0.58663010597229,0.16007347404956818,0.04794469475746155,-0.05087750777602196
100506,1894.106838,0.17994576692581177,6.046407699584961,0.5856196880340576,0.15846386551856995,0.04685162752866745,-0.05014679953455925
100526,1894.126881,0.1760900914669037,6.048304557800293,0.5845802426338196,0.1508893370628357,0.04973023757338524,-0.05428097024559975
100546,1894.145842,0.17078518867492676,6.044911861419678,0.5834819674491882,0.1459951549768448,0.05172942578792572,-0.05434082821011543
100566,1894.166416,0.1598021239042282,6.055266857147217,0.5824039578437805,0.13918115198612213,0.051718540489673615,-0.05348018556833267
100586,1894.186418,0.15819703042507172,6.051259517669678,0.5813493728637695,0.13330253958702087,0.04995138943195343,-0.0514225959777832
100606,1894.206418,0.15673421323299408,6.054929256439209,0.5803290605545044,0.13309729099273682,0.050396133214235306,-0.049898721277713776
100626,1894.226425,0.15258550643920898,6.050935745239258,0.5793606042861938,0.13366688787937164,0.04747910052537918,-0.04710100591182709
100646,1894.246417,0.14705556631088257,6.055318355560303,0.578410804271698,0.12453676015138626,0.04262639209628105,-0.04719750955700874
100666,1894.266416,0.14342720806598663,6.054073333740234,0.5774551630020142,0.1171436458826065,0.04901125282049179,-0.04794900491833687
100686,1894.286416,0.1439576894044876,6.055367946624756,0.5764849185943604,0.1119501143693924,0.06192566454410553,-0.04841246455907822
100706,1894.306433,0.14617648720741272,6.056643486022949,0.5755162835121155,0.11072821915149689,0.06320582330226898,-0.047846999019384384
100726,1894.326421,0.14536117017269135,6.056438446044922,0.5745846033096313,0.11669953912496567,0.053919706493616104,-0.044903066009283066
100746,1894.346453,0.13446183502674103,6.05693244934082,0.5736691355705261,0.11283024400472641,0.050162069499492645,-0.04631875455379486
100766,1894.366409,0.13673458993434906,6.0579352378845215,0.5727537870407104,0.11454639583826065,0.049501366913318634,-0.044406596571207047
100786,1894.386407,0.1340223103761673,6.061603546142578,0.5718757510185242,0.1117284819483757,0.0476151779294014,-0.04226157069206238
100806,1894.406403,0.13694174587726593,6.057688236236572,0.5710728764533997,0.11244793981313705,0.05041494965553284,-0.037534672766923904
100826,1894.426413,0.13923870027065277,6.058686256408691,0.570331871509552,0.11688219010829926,0.048408422619104385,-0.03671487048268318
100846,1894.446406,0.1447603851556778,6.058149814605713,0.5695847868919373,0.11649125069379807,0.04002762958407402,-0.03728455305099487
100866,1894.466408,0.14700283110141754,6.064815044403076,0.5688244700431824,0.1130756214261055,0.037278834730386734,-0.038184963166713715
100886,1894.486409,0.14399896562099457,6.06094217300415,0.5680559277534485,0.1081540659070015,0.033973731100559235,-0.03815196827054024
100906,1894.506408,0.14611949026584625,6.061622619628906,0.5672741532325745,0.10391291975975037,0.033199165016412735,-0.03947868570685387
100926,1894.525409,0.14819921553134918,6.062246322631836,0.5664911866188049,0.10413067042827606,0.02877906709909439,-0.03837781399488449
100946,1894.546415,0.15002068877220154,6.063461780548096,0.5657244920730591,0.10499238967895508,0.026454783976078033,-0.03829851374030113
100966,1894.565412,0.15208366513252258,6.0640549659729,0.5649385452270508,0.10029515624046326,0.03338966518640518,-0.04053686931729317
100986,1894.585406,0.15151405334472656,6.065155029296875,0.5641059875488281,0.09052743762731552,0.03507149592041969,-0.04217637702822685
101006,1894.605406,0.1532978117465973,6.065792560577393,0.5632419586181641,0.08808425813913345,0.029307430610060692,-0.04428936913609505
101026,1894.625408,0.1604117453098297,6.061704158782959,0.5623195171356201,0.0852016806602478,0.027168601751327515,-0.047925274819135666
101046,1894.645404,0.15980760753154755,6.057055473327637,0.56133633852005,0.08241495490074158,0.023312686011195183,-0.05023606866598129
101066,1894.665351,0.15371005237102509,6.057152271270752,0.5602840185165405,0.07393685728311539,0.01795988902449608,-0.05354289337992668
101086,1894.685367,0.1551285982131958,6.057526111602783,0.5592002272605896,0.06797131896018982,0.020656391978263855,-0.053798407316207886
101106,1894.705373,0.15646468102931976,6.058010101318359,0.5581280589103699,0.06688692420721054,0.02719215117394924,-0.05191858857870102
101126,1894.725376,0.1524539291858673,6.059386253356934,0.5571292638778687,0.0710928812623024,0.027234092354774475,-0.04684652388095856
101146,1894.745405,0.1541604846715927,6.060628414154053,0.5562348365783691,0.07306621223688126,0.020561397075653076,-0.042052898555994034
101166,1894.765407,0.1512213945388794,6.058696269989014,0.5554026961326599,0.06791914999485016,0.01865694485604763,-0.040786854922771454
101186,1894.785404,0.14552371203899384,6.059319972991943,0.5545722842216492,0.06348027288913727,0.022071395069360733,-0.040801968425512314
101206,1894.805405,0.1468217372894287,6.059762001037598,0.5537539124488831,0.0666479840874672,0.021046048030257225,-0.04014050215482712
101226,1894.825409,0.14579281210899353,6.052015781402588,0.5529231429100037,0.06341873854398727,0.011662008240818977,-0.042425546795129776
101246,1894.845401,0.1453169584274292,6.057895660400391,0.5520564913749695,0.061567194759845734,0.015736909583210945,-0.04204830899834633
101266,1894.865402,0.14384686946868896,6.0539631843566895,0.55122971534729,0.0632563978433609,0.02305588498711586,-0.04000847414135933
101286,1894.885400,0.14602693915367126,6.0565409660339355,0.5504294037818909,0.06327274441719055,0.029720863327383995,-0.039794862270355225
101306,1894.905399,0.1409132480621338,6.051966190338135,0.5495938658714294,0.058493807911872864,0.02429310977458954,-0.04249877482652664
101326,1894.925407,0.1374671906232834,6.054141998291016,0.5487266182899475,0.05739370733499527,0.023050673305988312,-0.042216844856739044
101346,1894.945398,0.13517999649047852,6.051220893859863,0.5478296279907227,0.055127255618572235,0.02140837348997593,-0.042291998863220215
101366,1894.965424,0.13627144694328308,6.051687240600586,0.546962320804596,0.053632576018571854,0.025551753118634224,-0.043481387197971344
101386,1894.985393,0.1395529955625534,6.054328918457031,0.5460748672485352,0.05257045105099678,0.029736656695604324,-0.04408314824104309
101406,1895.005395,0.13271653652191162,6.053548812866211,0.5451633930206299,0.047054171562194824,0.0282750241458416,-0.04525339975953102
101426,1895.025403,0.1336318999528885,6.054086685180664,0.544230043888092,0.04502462223172188,0.02556069754064083,-0.04691038280725479
101446,1895.045397,0.13306169211864471,6.051041126251221,0.5432779788970947,0.04409530386328697,0.02487851120531559,-0.04746243357658386
101466,1895.065395,0.13158532977104187,6.041846752166748,0.5423358678817749,0.042726095765829086,0.021264972165226936,-0.04606935381889343
101486,1895.085402,0.140537828207016,6.043268203735352,0.5414258241653442,0.04428117722272873,0.021863408386707306,-0.045656174421310425
101506,1895.105394,0.12712004780769348,6.042823314666748,0.5404477715492249,0.03242553025484085,0.017466112971305847,-0.04934714734554291
101526,1895.125396,0.14731791615486145,6.042914390563965,0.4657914638519287,0.038515642285346985,0.01776709221303463,-0.09037937223911285
101546,1895.145392,0.13484260439872742,6.043332576751709,0.463972270488739,0.03421136736869812,0.02099648118019104,-0.0911703109741211
101566,1895.165398,0.1357060670852661,6.043811798095703,0.46061646938323975,0.03199157863855362,0.020187294110655785,-0.0910283625125885
101586,1895.185393,0.1363293081521988,6.044173240661621,0.45879173278808594,0.030566193163394928,0.016348207369446754,-0.0915634036064148
101606,1895.205395,0.13676881790161133,6.044376850128174,0.46023547649383545,0.03381287679076195,0.015869619324803352,-0.0880260169506073
101626,1895.225432,0.13553372025489807,6.036514759063721,0.4584430158138275,0.02987242490053177,0.012435139156877995,-0.09118187427520752
101646,1895.245395,0.13612285256385803,6.0367655754089355,0.45847180485725403,0.030253484845161438,0.013069008477032185,-0.08834972977638245
101666,1895.265391,0.13677386939525604,6.037054061889648,0.4567236304283142,0.03465055674314499,0.015852229669690132,-0.08666010200977325
101686,1895.285388,0.13747535645961761,6.037400722503662,0.4549909234046936,0.03496696054935455,0.018775859847664833,-0.08681074529886246
101706,1895.305390,0.13372693955898285,6.036999702453613,0.45633620023727417,0.037046946585178375,0.018834570422768593,-0.07867595553398132
101726,1895.325398,0.13062474131584167,6.039058685302734,0.4547901749610901,0.037704117596149445,0.01626001112163067,-0.07604824751615524
101746,1895.345387,0.1313561499118805,6.039383411407471,0.45454373955726624,0.035463303327560425,0.016978096216917038,-0.07113627344369888
101766,1895.365388,0.13131222128868103,6.035419464111328,0.4531359374523163,0.03797636926174164,0.017189888283610344,-0.07022129744291306
101786,1895.385398,0.13931216299533844,6.0364556312561035,0.4538595676422119,0.04009260982275009,0.017291026189923286,-0.06749193370342255
101806,1895.405390,0.13164418935775757,6.035558700561523,0.45247483253479004,0.03370393440127373,0.015349394641816616,-0.07080990821123123
101826,1895.425409,0.13232730329036713,6.035837650299072,0.45305734872817993,0.03494579344987869,0.012714930810034275,-0.06709799915552139
101846,1895.445388,0.12974515557289124,6.029779434204102,0.45171281695365906,0.03220072388648987,0.012184569612145424,-0.06727420538663864
101866,1895.465384,0.13069003820419312,6.030261039733887,0.45291829109191895,0.030345598235726357,0.017896456643939018,-0.06148910894989967
101886,1895.485385,0.13070261478424072,6.033123016357422,0.451686292886734,0.030730368569493294,0.02108977548778057,-0.061922088265419006
101906,1895.505385,0.13009364902973175,6.0366621017456055,0.4527680575847626,0.031033925712108612,0.019383402541279793,-0.05597231537103653
101926,1895.525392,0.12964679300785065,6.033079147338867,0.4516587555408478,0.03055037185549736,0.015016506426036358,-0.0550721175968647
101946,1895.545382,0.12860427796840668,6.033409595489502,0.45054924488067627,0.02877591922879219,0.015024579130113125,-0.05620457977056503
101966,1895.565382,0.12879472970962524,6.033011436462402,0.4494061768054962,0.026649650186300278,0.015630759298801422,-0.05789240822196007
101986,1895.585399,0.1288779228925705,6.029284954071045,0.4482407569885254,0.02657935954630375,0.013385003432631493,-0.05848929286003113
102006,1895.605382,0.12941718101501465,6.029537200927734,0.4470827281475067,0.027501191943883896,0.011837453581392765,-0.05698094889521599
102026,1895.625388,0.12998205423355103,6.029762268066406,0.4459701180458069,0.028842832893133163,0.010721654631197453,-0.05468445643782616
102046,1895.645380,0.13054870069026947,6.029970645904541,0.44486337900161743,0.026930032297968864,0.010230569168925285,-0.05661781132221222
102066,1895.665368,0.13102562725543976,6.030158996582031,0.44369325041770935,0.021309010684490204,0.008559675887227058,-0.060165490955114365
102086,1895.685384,0.13144202530384064,6.030322551727295,0.4424736797809601,0.0209365077316761,0.007940180599689484,-0.06138193979859352
102106,1895.705381,0.12801212072372437,6.030518054962158,0.44125840067863464,0.021779809147119522,0.009517676196992397,-0.05961243063211441
102126,1895.725384,0.12668867409229279,6.027703285217285,0.440078467130661,0.0216335691511631,0.011090530082583427,-0.058669522404670715
102146,1895.745339,0.12707529962062836,6.027984619140625,0.4389077126979828,0.016871867701411247,0.016933508217334747,-0.05867182835936546
102166,1895.765332,0.1279839128255844,6.030346870422363,0.4377324879169464,0.01687636412680149,0.01663021743297577,-0.058379024267196655
102186,1895.785345,0.1283365935087204,6.030621528625488,0.43656423687934875,0.017033012583851814,0.010829904116690159,-0.05933563783764839
102206,1895.805355,0.1276293694972992,6.024415969848633,0.43534794449806213,0.012142151594161987,0.010968668386340141,-0.0615982785820961
102226,1895.825353,0.12862993776798248,6.026816368103027,0.4341100752353668,0.011455283500254154,0.01620180904865265,-0.06216370686888695
102246,1895.845349,0.12887221574783325,6.027123928070068,0.4328802824020386,0.012479950673878193,0.014623505994677544,-0.06076642498373985
102266,1895.865347,0.12909816205501556,6.027411937713623,0.43166255950927734,0.010193436406552792,0.014788785949349403,-0.06107282638549805
102286,1895.885348,0.12958788871765137,6.030999183654785,0.4304361343383789,0.00879961159080267,0.02290162444114685,-0.061746854335069656
102306,1895.905379,0.12616321444511414,6.029908657073975,0.42920541763305664,0.0073419008404016495,0.022021863609552383,-0.060603223741054535
102326,1895.925382,0.12631849944591522,6.030296325683594,0.42802247405052185,0.008293233811855316,0.016215698793530464,-0.0579666867852211
102346,1895.945392,0.1264784038066864,6.030590534210205,0.4268645644187927,0.0070624263025820255,0.014198238961398602,-0.058282047510147095
102366,1895.964377,0.12709620594978333,6.0258283615112305,0.4256727397441864,0.006390639115124941,0.014782801270484924,-0.06084704026579857
102386,1895.984374,0.12718631327152252,6.027482509613037,0.4243849813938141,0.009042876772582531,0.016575897112488747,-0.06163595989346504
102406,1896.004398,0.12733528017997742,6.027761459350586,0.42314431071281433,0.005613924469798803,0.011078611947596073,-0.06231653690338135
102426,1896.025399,0.12833771109580994,6.0247697830200195,0.4219251871109009,0.006986895576119423,0.008547849953174591,-0.05957590416073799
102446,1896.045382,0.12849003076553345,6.024970054626465,0.4207448959350586,0.007605909835547209,0.01133027020841837,-0.058807000517845154
102466,1896.065373,0.12861570715904236,6.025207042694092,0.41955628991127014,0.0049949828535318375,0.01215789932757616,-0.06018778681755066
102486,1896.085379,0.12958835065364838,6.028045654296875,0.4183526337146759,0.00614975905045867,0.01385041419416666,-0.05992872267961502
102506,1896.105378,0.12973971664905548,6.028306007385254,0.4171563684940338,0.008183009922504425,0.012246334925293922,-0.06033293902873993
102526,1896.125377,0.12987886369228363,6.028557300567627,0.41594240069389343,0.0056913141161203384,0.01290686335414648,-0.06070781126618385
102546,1896.145373,0.12998412549495697,6.0287885665893555,0.41473743319511414,0.005646254401654005,0.009358158335089684,-0.05967336893081665
102566,1896.165354,0.13012926280498505,6.028953552246094,0.41353875398635864,0.007550944108515978,0.008227896876633167,-0.06098959222435951
102586,1896.185370,0.13023416697978973,6.029163360595703,0.41227927803993225,0.003232930088415742,0.012690592557191849,-0.06449087709188461
102606,1896.205373,0.13028840720653534,6.029413223266602,0.41099557280540466,0.00243387115187943,0.011192068457603455,-0.06381741911172867
102626,1896.225421,0.13034820556640625,6.0295891761779785,0.40974321961402893,0.003990742843598127,0.007411862723529339,-0.061109982430934906
102646,1896.244371,0.13044221699237823,6.029764652252197,0.40853938460350037,0.0050257425755262375,0.010617353022098541,-0.05978101119399071
102666,1896.264377,0.13053280115127563,6.030023574829102,0.4073469042778015,0.003981169778853655,0.014487093314528465,-0.05913732200860977
102686,1896.284370,0.13054940104484558,6.0259552001953125,0.4061783254146576,0.004090473987162113,0.010092729702591896,-0.05806205794215202
102706,1896.304373,0.13062065839767456,6.026132583618164,0.4050036072731018,0.0029296816792339087,0.008053724654018879,-0.05954311415553093
102726,1896.324375,0.13067935407161713,6.026324272155762,0.4038105309009552,0.002913352334871888,0.011802836321294308,-0.05984461307525635
102746,1896.344368,0.1307157725095749,6.026590824127197,0.40260693430900574,0.0006753905909135938,0.01445002667605877,-0.06030888855457306
102766,1896.364365,0.13071398437023163,6.0268988609313965,0.4014190435409546,-0.0006563657079823315,0.0163541529327631,-0.05845620110630989
102786,1896.384363,0.1306900680065155,6.02723503112793,0.4002488851547241,-0.0021175104193389416,0.017179232090711594,-0.059098225086927414
102806,1896.404370,0.13062426447868347,6.0276031494140625,0.39904746413230896,-0.0037102880887687206,0.01938759908080101,-0.06035580486059189
102826,1896.424379,0.13057883083820343,6.027982234954834,0.3978411853313446,-0.0016225614817813039,0.018881196156144142,-0.060481179505586624
102846,1896.444371,0.12165943533182144,6.0299601554870605,0.39661088585853577,-0.009774585254490376,0.02027987875044346,-0.060861051082611084
102866,1896.464367,0.12146611511707306,6.030360698699951,0.39541783928871155,-0.009078213013708591,0.018890757113695145,-0.05828090012073517
102886,1896.484365,0.12054489552974701,6.034747123718262,0.3942664563655853,-0.007279259152710438,0.017118170857429504,-0.05644010379910469
102906,1896.504368,0.12016157060861588,6.0295491218566895,0.39314237236976624,-0.00942196510732174,0.014347442425787449,-0.05642201006412506
102926,1896.524373,0.1253647357225418,6.029652118682861,0.3919984698295593,-0.007473875302821398,0.014382783323526382,-0.05868963897228241
102946,1896.544362,0.12593406438827515,6.029232025146484,0.39080557227134705,-0.00779277877882123,0.01773921214044094,-0.06064527481794357
102966,1896.564361,0.1220351904630661,6.028259754180908,0.38956764340400696,-0.011370711959898472,0.015511373057961464,-0.06231006234884262
102986,1896.584365,0.12725156545639038,6.027347564697266,0.3883253335952759,-0.006558270659297705,0.011281427927315235,-0.06252067536115646
103006,1896.604363,0.12713167071342468,6.027560234069824,0.3870703876018524,-0.005842981394380331,0.010716383345425129,-0.06308013200759888
103026,1896.624370,0.12700147926807404,6.027815341949463,0.38580992817878723,-0.0072798659093678,0.014787689782679081,-0.06288057565689087
103046,1896.644361,0.12725456058979034,6.0355610847473145,0.38454708456993103,-0.007370185572654009,0.020115472376346588,-0.06375233829021454
103066,1896.664375,0.12721048295497894,6.030905723571777,0.38324716687202454,-0.010503195226192474,0.01566692627966404,-0.06628581136465073
103086,1896.684363,0.12440123409032822,6.031320095062256,0.38191312551498413,-0.013095778413116932,0.0100658368319273,-0.06667599081993103
103106,1896.704371,0.12923391163349152,6.027401447296143,0.3805977702140808,-0.007813469506800175,0.0031340334098786116,-0.06542971730232239
103126,1896.724375,0.12910038232803345,6.027465343475342,0.37930718064308167,-0.0061903116293251514,0.004087927285581827,-0.06382463127374649
103146,1896.744359,0.12856800854206085,6.030602931976318,0.3780374825000763,-0.008768359199166298,0.009630891494452953,-0.06265998631715775
103166,1896.764356,0.12879858911037445,6.026726722717285,0.3767912685871124,-0.011202358640730381,0.00692872004583478,-0.06262306123971939
103186,1896.784358,0.1294133961200714,6.03138542175293,0.3755345344543457,-0.012912643142044544,0.008438658900558949,-0.062340401113033295
103206,1896.804361,0.126077339053154,6.031955242156982,0.37429434061050415,-0.011944715864956379,0.00968187116086483,-0.06184567138552666
103226,1896.824369,0.12901340425014496,6.027590274810791,0.3730478882789612,-0.012067656964063644,0.008477559313178062,-0.06305452436208725
103246,1896.844387,0.12696082890033722,6.030728816986084,0.37177154421806335,-0.016644509509205818,0.009108318015933037,-0.06464007496833801
103266,1896.864403,0.13144609332084656,6.027105808258057,0.3704698085784912,-0.015867481008172035,0.009999980218708515,-0.06579712778329849
103286,1896.884355,0.12974593043327332,6.029027462005615,0.3691449761390686,-0.016399623826146126,0.011741168797016144,-0.06674322485923767
103306,1896.904361,0.13396798074245453,6.02415657043457,0.3678028881549835,-0.01379280723631382,0.007557972799986601,-0.06846420466899872
103326,1896.924373,0.1278757005929947,6.02518892288208,0.3663910925388336,-0.0207844078540802,0.0059658526442945,-0.07179918885231018
103346,1896.944363,0.1339111477136612,6.02796745300293,0.36494943499565125,-0.019862812012434006,0.009809219278395176,-0.0733296349644661
103366,1896.964354,0.13141323626041412,6.027630805969238,0.36348673701286316,-0.021621227264404297,0.009433986619114876,-0.07248418033123016
103386,1896.984352,0.1283988207578659,6.027188777923584,0.3619917333126068,-0.02306721732020378,0.01063266396522522,-0.06949173659086227
103406,1897.004354,0.12795555591583252,6.027393341064453,0.36062517762184143,-0.021318208426237106,0.010136538185179234,-0.06758879125118256
103426,1897.024360,0.13148848712444305,6.026467800140381,0.3592846691608429,-0.016978075727820396,0.008817920461297035,-0.06748734414577484
103446,1897.044349,0.12808558344841003,6.02935266494751,0.35791200399398804,-0.019535107538104057,0.005529021844267845,-0.06967563927173615
103466,1897.064350,0.12580958008766174,6.026346206665039,0.3564947247505188,-0.022358836606144905,0.0033581210300326347,-0.07141947746276855
103486,1897.084365,0.12538912892341614,6.026459217071533,0.35507285594940186,-0.019530534744262695,0.007626496255397797,-0.07110711932182312
103506,1897.104355,0.12587343156337738,6.025472164154053,0.3536597788333893,-0.01820811815559864,0.009058385156095028,-0.07079416513442993
103526,1897.124362,0.12953868508338928,6.02468729019165,0.3522688150405884,-0.016398197039961815,0.008939948864281178,-0.06907232105731964
103546,1897.144350,0.1301155984401703,6.025130271911621,0.35092100501060486,-0.013177256099879742,0.006266870070248842,-0.06623906642198563
103566,1897.164343,0.12986046075820923,6.0252366065979,0.3496036231517792,-0.012333045713603497,0.004612437915056944,-0.06591629981994629
103586,1897.184343,0.13291610777378082,6.024725914001465,0.3482969105243683,-0.00892199482768774,0.0041973828338086605,-0.06534531712532043
103606,1897.204348,0.13876093924045563,6.024122714996338,0.34703418612480164,-0.002588104922324419,0.005101182498037815,-0.06295039504766464
103626,1897.224361,0.13750717043876648,6.023587703704834,0.3457353115081787,-0.00903795100748539,0.0020137696992605925,-0.06679800897836685
103646,1897.244348,0.1394486278295517,6.022822856903076,0.34439781308174133,-0.008803020231425762,0.00247823353856802,-0.06776509433984756
103666,1897.264345,0.13964159786701202,6.023531913757324,0.3430222272872925,-0.010485796257853508,0.002688963431864977,-0.06988301128149033
103686,1897.284342,0.13943186402320862,6.023608207702637,0.34164002537727356,-0.009865552186965942,0.004489055834710598,-0.06853000074625015
103706,1897.304362,0.1392403393983841,6.023703098297119,0.34027671813964844,-0.009492835961282253,0.005020543932914734,-0.06801243126392365
103726,1897.324359,0.1390562802553177,6.0238118171691895,0.3389369547367096,-0.009005729109048843,0.0061805956065654755,-0.06630637496709824
103746,1897.344343,0.1392245888710022,6.026383399963379,0.3376119136810303,-0.008961956948041916,0.008093972690403461,-0.06642445921897888
103766,1897.364341,0.13902124762535095,6.026524543762207,0.3362809717655182,-0.011339070275425911,0.005785779561847448,-0.06670059263706207
103786,1897.384341,0.13934379816055298,6.020925998687744,0.33494988083839417,-0.011019059456884861,0.0025565053801983595,-0.06688182801008224
103806,1897.404347,0.13953928649425507,6.0242486000061035,0.33361902832984924,-0.009303406812250614,0.008526264689862728,-0.06611360609531403
103826,1897.424382,0.1393701285123825,6.024415016174316,0.33230850100517273,-0.008356745354831219,0.0074118864722549915,-0.06525296717882156
103846,1897.444339,0.13917306065559387,6.024532318115234,0.3310067653656006,-0.011220582760870457,0.004686255007982254,-0.06475520879030228
103866,1897.463338,0.13895244896411896,6.024633407592773,0.32971858978271484,-0.0105812419205904,0.0055598788894712925,-0.06428563594818115
103886,1897.484345,0.13873153924942017,6.024756908416748,0.3284216523170471,-0.012334035709500313,0.0070631238631904125,-0.0656697005033493
103906,1897.503337,0.14229951798915863,6.024427890777588,0.3271092176437378,-0.013937280513346195,0.00913230050355196,-0.06640498340129852
103926,1897.524355,0.14284391701221466,6.026793956756592,0.32578393816947937,-0.013589569367468357,0.008767900988459587,-0.06658156216144562
103946,1897.543341,0.14311274886131287,6.029824256896973,0.3244476020336151,-0.013819118961691856,0.007951541803777218,-0.06745227426290512
103966,1897.563340,0.142816960811615,6.029984474182129,0.3230849802494049,-0.015935292467474937,0.008122406899929047,-0.06909026205539703
103986,1897.583336,0.14320623874664307,6.0264434814453125,0.3216928243637085,-0.0180957093834877,0.008646516129374504,-0.07021298259496689
104006,1897.603338,0.14280956983566284,6.0266337394714355,0.32027915120124817,-0.021186361089348793,0.00970017071813345,-0.07128436118364334
104026,1897.624344,0.14238840341567993,6.026829242706299,0.31885257363319397,-0.021117931231856346,0.009785651229321957,-0.07180186361074448
104046,1897.643337,0.14195656776428223,6.026999473571777,0.3174133002758026,-0.022236071527004242,0.007069851271808147,-0.0727737545967102
104066,1897.663333,0.14149434864521027,6.027105808258057,0.31596240401268005,-0.02379598841071129,0.003517749486491084,-0.07275606691837311
104086,1897.683335,0.14101117849349976,6.027170181274414,0.31452009081840515,-0.024595383554697037,0.0038326524663716555,-0.07175106555223465
104106,1897.703334,0.14141365885734558,6.023454189300537,0.3131132125854492,-0.02467431128025055,0.003971351310610771,-0.06967634707689285
104126,1897.724352,0.14091958105564117,6.023540019989014,0.3117375373840332,-0.024560431018471718,0.004370101727545261,-0.06825429946184158
104146,1897.743337,0.14042887091636658,6.023637294769287,0.31038904190063477,-0.02443544752895832,0.004995307419449091,-0.0674111619591713
104166,1897.763335,0.13993483781814575,6.023741722106934,0.30903589725494385,-0.02514302358031273,0.005666359793394804,-0.06779225170612335
104186,1897.783332,0.13940536975860596,6.023855209350586,0.3076682686805725,-0.028128908947110176,0.005498460493981838,-0.06965439766645432
104206,1897.803334,0.13883130252361298,6.023955821990967,0.30627304315567017,-0.028405023738741875,0.004725939128547907,-0.06983795017004013
104226,1897.823333,0.138266921043396,6.02406120300293,0.3048861026763916,-0.028483407571911812,0.006147347390651703,-0.06993557512760162
104246,1897.843334,0.14015524089336395,6.023379325866699,0.30350393056869507,-0.02727886103093624,0.008141454309225082,-0.06932873278856277
104266,1897.863333,0.14083325862884521,6.026440143585205,0.3021288812160492,-0.025337478145956993,0.009732738137245178,-0.06891199946403503
104286,1897.883335,0.14033225178718567,6.026625156402588,0.30076515674591064,-0.024458257481455803,0.008169667795300484,-0.06796570122241974
104306,1897.903328,0.14054347574710846,6.03003454208374,0.2994087338447571,-0.0243668332695961,0.007364654913544655,-0.0682416781783104
104326,1897.924349,0.14070037007331848,6.0267252922058105,0.298039048910141,-0.02534051053225994,0.005293574184179306,-0.0691814124584198
104346,1897.943335,0.14016668498516083,6.026845932006836,0.29662466049194336,-0.028167113661766052,0.006970235612243414,-0.0724552795290947
104366,1897.963331,0.14058449864387512,6.023032188415527,0.29514986276626587,-0.029173392802476883,0.005028387065976858,-0.07579666376113892
104386,1897.983327,0.1412077695131302,6.029412746429443,0.2936200499534607,-0.02833149954676628,0.007944637909531593,-0.07751740515232086
104406,1898.003333,0.14269177615642548,6.028547763824463,0.2920842468738556,-0.027248336002230644,0.004585845395922661,-0.0772898718714714
104426,1898.024335,0.14446529746055603,6.028614044189453,0.2904643416404724,-0.02734929881989956,0.0026539196260273457,-0.07799705117940903
104446,1898.043329,0.14391642808914185,6.028679370880127,0.2888997495174408,-0.027368906885385513,0.003974162507802248,-0.07852333039045334
104466,1898.063327,0.14436320960521698,6.025221824645996,0.2873152792453766,-0.027291307225823402,-0.0013660710537806153,-0.08011630177497864
104486,1898.083326,0.14379413425922394,6.025171756744385,0.2856932580471039,-0.029626592993736267,-0.0034280738327652216,-0.0819244310259819
104506,1898.103324,0.13601738214492798,6.02579927444458,0.28404709696769714,-0.0331927128136158,-0.0027273930609226227,-0.08080586045980453
104526,1898.123325,0.13536123931407928,6.0257568359375,0.282442569732666,-0.03275983780622482,-0.0017368121771141887,-0.08014597743749619
104546,1898.143328,0.13279180228710175,6.025633811950684,0.2808426022529602,-0.03406795114278793,8.594810060458258e-05,-0.07930689305067062
104566,1898.163398,0.13324056565761566,6.02274227142334,0.27927806973457336,-0.03196397051215172,-4.205928780720569e-05,-0.07737754285335541
104586,1898.183325,0.1373661458492279,6.023335933685303,0.27775654196739197,-0.029733439907431602,0.0017367060063406825,-0.0769367590546608
104606,1898.203325,0.14529448747634888,6.019094944000244,0.2762450873851776,-0.02325337380170822,-0.002232428640127182,-0.07750459760427475
104626,1898.223329,0.14181837439537048,6.02194881439209,0.2747029960155487,-0.02557058073580265,0.001068795332685113,-0.07676775753498077
104646,1898.243330,0.14622709155082703,6.024226665496826,0.2731819450855255,-0.027628136798739433,0.004699785728007555,-0.0783088281750679
104666,1898.263325,0.1376875787973404,6.022890090942383,0.27160418033599854,-0.03443267196416855,0.004793965257704258,-0.0786571130156517
104686,1898.283325,0.13704967498779297,6.022974967956543,0.27007654309272766,-0.029172750189900398,0.0034809578210115433,-0.07607654482126236
104706,1898.303323,0.13647405803203583,6.023049354553223,0.2685796618461609,-0.02923312410712242,0.0043874140828847885,-0.07572019845247269
104726,1898.323324,0.140103280544281,6.022564888000488,0.2670857310295105,-0.02858426608145237,0.009454639628529549,-0.07691667973995209
104746,1898.343320,0.13933107256889343,6.023540019989014,0.26555243134498596,-0.030001329258084297,0.00850052572786808,-0.07823370397090912
104766,1898.363320,0.14158141613006592,6.023235321044922,0.2640417218208313,-0.024448461830615997,0.0031215508934110403,-0.07634813338518143
104786,1898.383345,0.14148582518100739,6.0211501121521,0.26254501938819885,-0.02364017441868782,-0.0007094326429069042,-0.07565748691558838
104806,1898.403319,0.14221744239330292,6.026144981384277,0.2610766887664795,-0.02236402966082096,0.003425608156248927,-0.07400374114513397
104826,1898.423322,0.14179377257823944,6.026193618774414,0.2596241235733032,-0.020640185102820396,0.0016221394762396812,-0.07341986894607544
104846,1898.443319,0.1476617306470871,6.021280765533447,0.2581765949726105,-0.01995822973549366,-0.0017845170805230737,-0.07519174367189407
104866,1898.463318,0.14671342074871063,6.022143840789795,0.256661057472229,-0.020619938150048256,-0.0025323862209916115,-0.07810939103364944
104886,1898.483317,0.15491081774234772,6.022493362426758,0.2551223635673523,-0.013450835831463337,-0.0018568361410871148,-0.07892099767923355
104906,1898.503314,0.14647014439105988,6.022435188293457,0.25353720784187317,-0.020923880860209465,-0.0005744359223172069,-0.0787772685289383
104926,1898.523315,0.1472662091255188,6.027370929718018,0.252007395029068,-0.01698196679353714,0.0021847570315003395,-0.07546921074390411
104946,1898.543315,0.15426746010780334,6.025153636932373,0.2505251169204712,-0.01276711467653513,-0.003555550007149577,-0.07668086141347885
104966,1898.563316,0.146375834941864,6.023386001586914,0.24894948303699493,-0.021272631362080574,-0.006283538416028023,-0.0798196941614151
104986,1898.583320,0.14989303052425385,6.024500370025635,0.24735964834690094,-0.0188803281635046,-0.00369245489127934,-0.08191268146038055
105006,1898.603320,0.1480235904455185,6.02171516418457,0.24574604630470276,-0.02008093148469925,-0.00042523269075900316,-0.08083084970712662
105026,1898.623323,0.14838282763957977,6.023538112640381,0.24416744709014893,-0.01962365210056305,0.0011207687202841043,-0.07960312068462372
105046,1898.643318,0.14800730347633362,6.023501396179199,0.24261102080345154,-0.01784549653530121,-0.00506912637501955,-0.07777906954288483
105066,1898.663313,0.15529701113700867,6.024188995361328,0.24109596014022827,-0.012911115773022175,-0.008078143000602722,-0.07815998792648315
105086,1898.683311,0.15517112612724304,6.019660472869873,0.23953589797019958,-0.014964591711759567,-0.007796820253133774,-0.07965780049562454
105106,1898.703309,0.15556514263153076,6.021655082702637,0.23796343803405762,-0.016371162608265877,-0.002949628746137023,-0.0799817144870758
105126,1898.723311,0.15335772931575775,6.024498462677002,0.23638594150543213,-0.01691197045147419,-0.0014299929607659578,-0.07878391444683075
105146,1898.743311,0.15564922988414764,6.023166179656982,0.2348455786705017,-0.01390856970101595,-0.002421041950583458,-0.07803748548030853
105166,1898.763312,0.15588797628879547,6.023972511291504,0.23330742120742798,-0.014245604164898396,0.00048656133003532887,-0.07793440669775009
105186,1898.783310,0.1564844399690628,6.023652076721191,0.23175740242004395,-0.013285603374242783,-0.0012759651290252805,-0.0791172981262207
105206,1898.803310,0.1562676578760147,6.021323204040527,0.2301771640777588,-0.013634788803756237,-0.0036894839722663164,-0.08079957962036133
105226,1898.823320,0.1559661477804184,6.0212578773498535,0.22857055068016052,-0.016100699082016945,-0.002566026523709297,-0.08089020848274231
105246,1898.842312,0.15737326443195343,6.020874977111816,0.22699125111103058,-0.014133400283753872,-0.0032275961712002754,-0.07918669283390045
105266,1898.863309,0.15749607980251312,6.023532867431641,0.22543999552726746,-0.01255547534674406,-0.0009946901118382812,-0.0787588357925415
105286,1898.882306,0.15549790859222412,6.023593902587891,0.22386735677719116,-0.01526000164449215,-0.0007662003044970334,-0.07982347905635834
105306,1898.902307,0.15820570290088654,6.023748397827148,0.22229614853858948,-0.013547735288739204,-0.0029278292786329985,-0.0799545869231224
105326,1898.922332,0.15355446934700012,6.022019386291504,0.22070424258708954,-0.017408492043614388,-0.004619136452674866,-0.08071135729551315
105346,1898.942308,0.1543048471212387,6.0214152336120605,0.2190929800271988,-0.018723485991358757,-0.004700296092778444,-0.08223696053028107
105366,1898.962313,0.15960027277469635,6.023647785186768,0.21749281883239746,-0.012180001474916935,-0.003973649349063635,-0.08087566494941711
105386,1898.982307,0.15902288258075714,6.022038459777832,0.21589523553848267,-0.011958824470639229,-0.003981585614383221,-0.08061996102333069
105406,1899.002304,0.15874655544757843,6.0219926834106445,0.2142852395772934,-0.015794582664966583,-0.0008817531052045524,-0.08207934349775314
105426,1899.022303,0.1593320220708847,6.023902893066406,0.21265475451946259,-0.016706984490156174,0.00028301647398620844,-0.08225654065608978
105446,1899.042311,0.15896199643611908,6.0222625732421875,0.21103505790233612,-0.014881760813295841,-0.0039129480719566345,-0.08222182095050812
105466,1899.062307,0.15863025188446045,6.0221381187438965,0.20932208001613617,-0.01669483445584774,-0.00809578038752079,-0.08303143084049225
105486,1899.082299,0.1586827039718628,6.0177788734436035,0.20767614245414734,-0.017868688330054283,-0.013585994020104408,-0.08457034081220627
105506,1899.102304,0.15874746441841125,6.020055294036865,0.20599429309368134,-0.01795102469623089,-0.00909627228975296,-0.08518817275762558
105526,1899.122305,0.15836364030838013,6.019902229309082,0.20429472625255585,-0.019809870049357414,-0.006676737684756517,-0.0869925320148468
105546,1899.142304,0.1579674482345581,6.019791603088379,0.20258072018623352,-0.02030176855623722,-0.004583287984132767,-0.08735059201717377
105566,1899.162301,0.1583271026611328,6.017654895782471,0.2008402794599533,-0.024083388969302177,-0.007204707711935043,-0.08920890837907791
105586,1899.182300,0.15782953798770905,6.017510414123535,0.19907903671264648,-0.025127768516540527,-0.0071362718008458614,-0.08975683897733688
105606,1899.202300,0.1573183387517929,6.017380714416504,0.19729934632778168,-0.025964265689253807,-0.005535006523132324,-0.09056846797466278
105626,1899.222299,0.157764732837677,6.019410610198975,0.1955050528049469,-0.027093790471553802,-0.0014524031430482864,-0.0911034643650055
105646,1899.242307,0.15582072734832764,6.016842365264893,0.19370463490486145,-0.028903383761644363,-0.0011416423367336392,-0.09096032381057739
105666,1899.262304,0.15525993704795837,6.016829490661621,0.19194142520427704,-0.026273217052221298,-0.0005352725274860859,-0.08738362044095993
105686,1899.282300,0.15749919414520264,6.017598628997803,0.1902526468038559,-0.02238558977842331,-0.0025618632789701223,-0.08509356528520584
105706,1899.302297,0.15574605762958527,6.020497798919678,0.18857823312282562,-0.024349750950932503,-0.0005010172026231885,-0.08400460332632065
105726,1899.322296,0.15916787087917328,6.017466068267822,0.1869652271270752,-0.018577247858047485,-0.0024413603823632,-0.08189892023801804
105746,1899.342300,0.15880979597568512,6.017403602600098,0.1853538304567337,-0.017771484330296516,-0.0036465032026171684,-0.08173928409814835
105766,1899.362296,0.15640810132026672,6.017366409301758,0.18373574316501617,-0.020036401227116585,-0.002848880598321557,-0.0820091962814331
105786,1899.382297,0.15747754275798798,6.017731189727783,0.18213266134262085,-0.0165295097976923,3.761201514862478e-05,-0.08091633766889572
105806,1899.402294,0.1577836573123932,6.017768859863281,0.18056629598140717,-0.013183104805648327,0.0004067150875926018,-0.0792849212884903
105826,1899.422294,0.15997497737407684,6.017462253570557,0.17903807759284973,-0.008817157708108425,-0.001961417030543089,-0.07812963426113129
105846,1899.442295,0.15980632603168488,6.017417907714844,0.17751732468605042,-0.007587531115859747,-0.0022357054986059666,-0.07734522223472595
105866,1899.462302,0.15966752171516418,6.017378330230713,0.17601510882377625,-0.006476892624050379,-0.0017817065818235278,-0.07736864686012268
105886,1899.482295,0.1595291942358017,6.017339706420898,0.1744956374168396,-0.0074262539856135845,-0.002251736121252179,-0.07832975685596466
105906,1899.502293,0.15934713184833527,6.0172953605651855,0.17295365035533905,-0.010721663013100624,-0.001751548144966364,-0.08057133108377457
105926,1899.522294,0.1591169238090515,6.0172624588012695,0.17137427628040314,-0.011673524975776672,-0.0020669319201260805,-0.08084072172641754
105946,1899.542295,0.16187450289726257,6.019354820251465,0.16981150209903717,-0.00928331445902586,-0.0021895423997193575,-0.08009680360555649
105966,1899.562308,0.16151884198188782,6.02151346206665,0.16824732720851898,-0.011563851498067379,-0.0021434342488646507,-0.08175189793109894
105986,1899.582295,0.16127848625183105,6.021472930908203,0.16665905714035034,-0.011932237073779106,-0.0016597853973507881,-0.08238254487514496
106006,1899.602304,0.16117270290851593,6.0190958976745605,0.1650712788105011,-0.013622289523482323,-0.002732828725129366,-0.08340924233198166
106026,1899.622291,0.16363701224327087,6.0192551612854,0.1634281873703003,-0.014508862979710102,-0.0008952851640060544,-0.08517409861087799
106046,1899.642292,0.16331613063812256,6.019215106964111,0.16173316538333893,-0.01723267324268818,-0.003668050514534116,-0.08781244605779648
106066,1899.662301,0.16137395799160004,6.019331455230713,0.16002893447875977,-0.019256338477134705,-0.0043432265520095825,-0.08812502771615982
106086,1899.682315,0.16098326444625854,6.019231796264648,0.15832798182964325,-0.019645381718873978,-0.005811138078570366,-0.08963916450738907
106106,1899.702289,0.1605825573205948,6.019106864929199,0.1565910130739212,-0.020252054557204247,-0.006720798555761576,-0.09006725996732712
106126,1899.722283,0.16084891557693481,6.016726970672607,0.15484188497066498,-0.02100641466677189,-0.009393690153956413,-0.09137538075447083
106146,1899.742288,0.16042041778564453,6.016542434692383,0.15306216478347778,-0.021830081939697266,-0.008817010559141636,-0.09334081411361694
106166,1899.762288,0.15997204184532166,6.016385555267334,0.151243656873703,-0.02232201397418976,-0.006921818014234304,-0.09434487670660019
106186,1899.782287,0.1614934653043747,6.015997886657715,0.14941741526126862,-0.019492674618959427,-0.007830765098333359,-0.09429897367954254
106206,1899.802285,0.16111142933368683,6.015815734863281,0.14760716259479523,-0.018337851390242577,-0.010622252710163593,-0.09326720237731934
106226,1899.821711,0.16076220571994781,6.015600681304932,0.1458105891942978,-0.01620509847998619,-0.010220972821116447,-0.09228871017694473
106246,1899.842706,0.16044378280639648,6.015427589416504,0.14403578639030457,-0.01639547199010849,-0.007291127927601337,-0.09166046231985092
106266,1899.862705,0.15575538575649261,6.012771129608154,0.14229199290275574,-0.020027989521622658,-0.006444847211241722,-0.0894477441906929
106286,1899.881739,0.16025248169898987,6.014908790588379,0.14058756828308105,-0.01287799421697855,-0.0035471462178975344,-0.08770102262496948
106306,1899.901707,0.1601220965385437,6.014687538146973,0.13886457681655884,-0.013163331896066666,-0.00526150269433856,-0.08840605616569519
106326,1899.921709,0.15835092961788177,6.014601230621338,0.1371600180864334,-0.013189228251576424,-0.0074910493567585945,-0.08703408390283585
106346,1899.941694,0.16143767535686493,6.014548301696777,0.13548749685287476,-0.006954123731702566,-0.008755965158343315,-0.08559095114469528
106366,1899.961704,0.16128696501255035,6.0143961906433105,0.13384224474430084,-0.007829869166016579,-0.0061585018411278725,-0.08475319296121597
106386,1899.981705,0.16112889349460602,6.01430082321167,0.13220283389091492,-0.007758906111121178,-0.00339714577421546,-0.08409852534532547
106406,1900.001704,0.1609601378440857,6.014238357543945,0.13056457042694092,-0.009086670354008675,-0.003287178697064519,-0.08495155721902847
106426,1900.021703,0.1607574075460434,6.014166355133057,0.12890201807022095,-0.010657237842679024,-0.004421940539032221,-0.08701183646917343
106446,1900.041705,0.16056843101978302,6.014031410217285,0.12720690667629242,-0.007789016235619783,-0.008930818177759647,-0.08699505031108856
106466,1900.061697,0.16041973233222961,6.013842582702637,0.12550988793373108,-0.007823588326573372,-0.009320889599621296,-0.08763676136732101
106486,1900.081702,0.16020508110523224,6.013670444488525,0.12372387200593948,-0.011752028949558735,-0.007604576181620359,-0.0886530950665474
106506,1900.101718,0.15997916460037231,6.013493537902832,0.12200846523046494,-0.010155590251088142,-0.010603995062410831,-0.08828900009393692
106526,1900.121700,0.16251187026500702,6.014153480529785,0.12031605839729309,-0.009253915399312973,-0.009692544117569923,-0.08935900777578354
106546,1900.141703,0.16232098639011383,6.013972282409668,0.11859496682882309,-0.009111727587878704,-0.00896648783236742,-0.09072249382734299
106566,1900.161699,0.16222842037677765,6.01115083694458,0.11684251576662064,-0.011653068475425243,-0.011779669672250748,-0.09210090339183807
106586,1900.181698,0.16195917129516602,6.010924816131592,0.11507832258939743,-0.014050562866032124,-0.010761834681034088,-0.09191114455461502
106606,1900.201701,0.16168731451034546,6.010704517364502,0.11333290487527847,-0.01222829520702362,-0.011542201973497868,-0.0913582369685173
106626,1900.221697,0.16147658228874207,6.010476589202881,0.11159740388393402,-0.00878422986716032,-0.011148720048367977,-0.09014078974723816
106646,1900.241716,0.1612980216741562,6.010270118713379,0.10988553613424301,-0.008598453365266323,-0.00927234161645174,-0.08953148871660233
106666,1900.261702,0.16112811863422394,6.010088920593262,0.10819568485021591,-0.008723852224647999,-0.009728461503982544,-0.087745301425457
106686,1900.281695,0.16091251373291016,6.0098724365234375,0.10652598738670349,-0.011518767103552818,-0.01163205225020647,-0.08605919778347015
106706,1900.301698,0.1607028841972351,6.009652137756348,0.1049383133649826,-0.009227951988577843,-0.010625976137816906,-0.08158639073371887
106726,1900.321706,0.16048462688922882,6.00944709777832,0.10339973121881485,-0.012812950648367405,-0.009554211981594563,-0.08128075301647186
106746,1900.341700,0.16022063791751862,6.009273052215576,0.10188621282577515,-0.012124817818403244,-0.00846769753843546,-0.07929517328739166
106766,1900.361692,0.15997503697872162,6.009096622467041,0.10037273913621902,-0.01323067769408226,-0.008619224652647972,-0.08246311545372009
106786,1900.381695,0.15966150164604187,6.008969783782959,0.09876176714897156,-0.01674356684088707,-0.003533186623826623,-0.08696766197681427
106806,1900.401691,0.16046719253063202,6.011708736419678,0.09705939143896103,-0.014563203789293766,0.003795785363763571,-0.09019607305526733
106826,1900.421702,0.16016289591789246,6.011793613433838,0.09528916329145432,-0.01663704216480255,0.004335490986704826,-0.09258892387151718
106846,1900.441695,0.16306030750274658,6.011817455291748,0.0934685617685318,-0.020086586475372314,0.0008208235376514494,-0.09473446756601334
106866,1900.461689,0.16112269461154938,6.012014865875244,0.09165029227733612,-0.018583174794912338,0.0007836524164304137,-0.09293926507234573
106886,1900.481688,0.16073095798492432,6.012035846710205,0.08984854072332382,-0.021126698702573776,0.0007074913010001183,-0.09490853548049927
106906,1900.501692,0.16028572618961334,6.012036323547363,0.08799843490123749,-0.022430669516324997,-0.0009610518463887274,-0.09622672945261002
106926,1900.521693,0.16376495361328125,6.0130743980407715,0.08615719527006149,-0.015502599999308586,-0.006561778951436281,-0.09536505490541458
106946,1900.541715,0.16303320229053497,6.012283802032471,0.08435320854187012,-0.01156235858798027,-0.008740567602217197,-0.09446753561496735
106966,1900.561695,0.16384868323802948,6.012486934661865,0.08253895491361618,-0.01341845840215683,-0.010791078209877014,-0.0944516733288765
106986,1900.581690,0.16357439756393433,6.012227535247803,0.08081541210412979,-0.01305146049708128,-0.015104754827916622,-0.08736178278923035
107006,1900.601687,0.16725316643714905,6.012927055358887,0.07927732914686203,-0.007767634000629187,-0.011379444971680641,-0.07629476487636566
107026,1900.621691,0.16300533711910248,6.004937171936035,0.07799218595027924,-0.013581723906099796,-0.01539845485240221,-0.06750565022230148
107046,1900.641690,0.16361966729164124,5.996992111206055,0.07686907798051834,-0.013000867329537868,-0.020133618265390396,-0.05956660956144333
107066,1900.661685,0.16343072056770325,5.99661922454834,0.07583581656217575,-0.006270461715757847,-0.018217144533991814,-0.05492217838764191
107086,1900.681685,0.1622467339038849,5.9944024085998535,0.07487666606903076,-0.004662950988858938,-0.0184099692851305,-0.05230747163295746
107106,1900.701686,0.16165278851985931,5.992136478424072,0.0740235447883606,-0.0030175945721566677,-0.016652805730700493,-0.04660705476999283
107126,1900.721686,0.16157031059265137,5.9919304847717285,0.07326120138168335,-0.005794052500277758,-0.0042092446237802505,-0.04206446558237076
107146,1900.741696,0.16954585909843445,5.999666690826416,0.07256273925304413,0.0015297472709789872,0.012645748443901539,-0.039660222828388214
107166,1900.761690,0.18692834675312042,5.9994025230407715,0.07186784595251083,0.016327833756804466,0.021179158240556717,-0.047293636947870255
107186,1900.781643,0.18416588008403778,6.005390167236328,0.0708652138710022,0.016031116247177124,0.024853365495800972,-0.06177982687950134
107206,1900.801677,0.1894260197877884,6.004276752471924,0.06957915425300598,0.023120785132050514,0.01891280896961689,-0.08206222951412201
107226,1900.821667,0.19155995547771454,6.005728721618652,0.06787040084600449,0.027594586834311485,0.01801982708275318,-0.1004103273153305
107246,1900.841665,0.18978582322597504,6.011214256286621,0.06577654927968979,0.028636693954467773,0.02321849763393402,-0.11815819144248962
107266,1900.861664,0.19032959640026093,6.011649131774902,0.06342438608407974,0.024817613884806633,0.019633803516626358,-0.1312170773744583
107286,1900.881660,0.18936952948570251,6.013185024261475,0.06081432104110718,-0.002425788203254342,0.015723450109362602,-0.1431889683008194
107306,1900.901660,0.19444683194160461,6.012234687805176,0.058110855519771576,-0.014046544209122658,0.012932698242366314,-0.1404634267091751
107326,1900.921662,0.19046343863010406,6.012794017791748,0.05546901002526283,-0.020012112334370613,0.013267558999359608,-0.135324627161026
107346,1900.941700,0.1797349900007248,6.009909629821777,0.05292477086186409,-0.019217194989323616,0.010257129557430744,-0.1291656196117401
107366,1900.961700,0.1864965856075287,6.019164562225342,0.050500039011240005,0.0013921851059421897,0.02364557608962059,-0.12450860440731049
107386,1900.981682,0.18675459921360016,6.0204925537109375,0.04823906719684601,0.0004359884769655764,0.03208488970994949,-0.1130681186914444
107406,1901.001682,0.18516631424427032,6.022073268890381,0.04645524546504021,-0.0021361589897423983,0.05779958516359329,-0.07703284919261932
107426,1901.021680,0.18264664709568024,6.023298263549805,0.045553721487522125,0.005817164201289415,0.08291199803352356,-0.03538444638252258
107446,1901.041680,0.18433308601379395,6.027409076690674,0.045177243649959564,0.016494469717144966,0.08265382051467896,-0.024953700602054596
107466,1901.061678,0.1854758858680725,6.032514572143555,0.04458293691277504,0.03720203787088394,0.051895756274461746,-0.056105293333530426
107486,1901.081677,0.1912308633327484,6.034602642059326,0.04319702461361885,0.037668272852897644,0.0408773273229599,-0.09320280700922012
107506,1901.101677,0.1838330626487732,6.029283046722412,0.04125070199370384,0.03177089989185333,0.027969898656010628,-0.10354575514793396
107526,1901.120681,0.1845003366470337,6.02984094619751,0.03942592814564705,0.03572305664420128,0.029370339587330818,-0.09323681145906448
107546,1901.140682,0.1853102296590805,6.030497074127197,0.03786725923418999,0.04774654656648636,0.03737068921327591,-0.07530355453491211
107566,1901.160680,0.18960168957710266,6.032250881195068,0.03662276640534401,0.07183501869440079,0.0505230650305748,-0.058067481964826584
107586,1901.180676,0.19124239683151245,6.0333075523376465,0.03570212796330452,0.09083406627178192,0.0547310970723629,-0.04650965705513954
107606,1901.201675,0.1905667632818222,6.040276050567627,0.0350223109126091,0.09647224098443985,0.05954430252313614,-0.040834344923496246
107626,1901.221677,0.19522088766098022,6.038350582122803,0.03433242440223694,0.11385670304298401,0.04919963330030441,-0.034692104905843735
107646,1901.241684,0.19800031185150146,6.0402398109436035,0.03376435115933418,0.12241139262914658,0.03125831484794617,-0.03923174366354942
107666,1901.261679,0.19836051762104034,6.03903341293335,0.03308624029159546,0.12284013628959656,0.014128196984529495,-0.04838476702570915
107686,1901.281671,0.20569448173046112,6.038337707519531,0.03211164474487305,0.13237637281417847,0.005648197140544653,-0.05652881786227226
107706,1901.301672,0.20802251994609833,6.04091739654541,0.03104134276509285,0.13718247413635254,-0.00013723666779696941,-0.06686754524707794
107726,1901.321670,0.2142176330089569,6.037883281707764,0.02966855652630329,0.13700835406780243,-0.007142871618270874,-0.07527708262205124
107746,1901.341675,0.2165636569261551,6.038018226623535,0.028246117755770683,0.1352957785129547,-0.00786242913454771,-0.08081281930208206
107766,1901.360672,0.2196834236383438,6.034404277801514,0.027500146999955177,0.135763019323349,-0.012684106826782227,-0.08496106415987015
107786,1901.380689,0.21980087459087372,6.035909652709961,0.025895781815052032,0.12708500027656555,-0.01670853979885578,-0.09601987153291702
107806,1901.400669,0.2214106023311615,6.031702518463135,0.02402937412261963,0.1254611760377884,-0.024047577753663063,-0.10292906314134598
107826,1901.420675,0.22636105120182037,6.031381607055664,0.022056762129068375,0.13034965097904205,-0.02851272001862526,-0.10535195469856262
107846,1901.440673,0.23098309338092804,6.032452583312988,0.020063066855072975,0.13156895339488983,-0.028531625866889954,-0.10697108507156372
107866,1901.460670,0.23795433342456818,6.031009197235107,0.018047727644443512,0.13421235978603363,-0.030290545895695686,-0.10806448012590408
107886,1901.480669,0.24087700247764587,6.0328264236450195,0.016096262261271477,0.13612379133701324,-0.030116252601146698,-0.10762417316436768
107906,1901.500667,0.2458684891462326,6.027213096618652,0.014116008765995502,0.14240068197250366,-0.03172978013753891,-0.10683082789182663
107926,1901.520673,0.24737092852592468,6.026125907897949,0.012217952869832516,0.14457440376281738,-0.02852834202349186,-0.1067628264427185
107946,1901.540723,0.250272661447525,6.025516033172607,0.010318887419998646,0.14696729183197021,-0.03291241079568863,-0.1059805154800415
107966,1901.560667,0.25863614678382874,6.022519588470459,0.008324075490236282,0.15352186560630798,-0.03833410516381264,-0.10680513828992844
107986,1901.580671,0.26378992199897766,6.023294925689697,0.006356412079185247,0.15620993077754974,-0.03672048822045326,-0.10691256821155548
108006,1901.600686,0.2710984945297241,6.019874095916748,0.004372337367385626,0.16056999564170837,-0.03190048784017563,-0.10722139477729797
108026,1901.620672,0.2778783440589905,6.020090579986572,0.002433418296277523,0.16584162414073944,-0.026605820283293724,-0.10562916100025177
108046,1901.640686,0.277516633272171,6.018962860107422,0.0006204033270478249,0.16351282596588135,-0.02904936857521534,-0.1044139489531517
108066,1901.660667,0.27807506918907166,6.016839504241943,-0.001187266781926155,0.1647050678730011,-0.03326748311519623,-0.10095196962356567
108086,1901.680662,0.2780161201953888,6.016573905944824,-0.0029293037950992584,0.1668887436389923,-0.032493654638528824,-0.09839288145303726
108106,1901.700660,0.2916034758090973,6.0163350105285645,-0.004816203843802214,0.18174688518047333,-0.028029751032590866,-0.0951891764998436
108126,1901.720668,0.29992857575416565,6.0160698890686035,-0.006562243215739727,0.192376971244812,-0.023925404995679855,-0.0958639532327652
108146,1901.740672,0.3020388185977936,6.015867233276367,-0.00820884294807911,0.19228637218475342,-0.02041212096810341,-0.09995325654745102
108166,1901.760662,0.31027889251708984,6.016242504119873,-0.010004597716033459,0.20776525139808655,-0.01745748147368431,-0.0997622013092041
108186,1901.780661,0.31671109795570374,6.015692710876465,-0.011746415868401527,0.21811501681804657,-0.014505910687148571,-0.09987767785787582
108206,1901.800659,0.3245127201080322,6.015443801879883,-0.01345578208565712,0.22497263550758362,-0.01240809727460146,-0.09901265799999237
108226,1901.820679,0.3251861035823822,6.013567924499512,-0.01502468716353178,0.22893954813480377,-0.01765209622681141,-0.09848775714635849
108246,1901.840683,0.3304436206817627,6.014492034912109,-0.01667172461748123,0.23333624005317688,-0.01395334955304861,-0.09690503031015396
108266,1901.860661,0.3402310013771057,6.015065670013428,-0.018336692824959755,0.24003639817237854,-0.01182333193719387,-0.09847335517406464
108286,1901.880658,0.3431072533130646,6.01554012298584,-0.019978167489171028,0.24384790658950806,-0.010887267999351025,-0.10377264022827148
108306,1901.900664,0.34750494360923767,6.015233039855957,-0.021740928292274475,0.2443424016237259,-0.009002153761684895,-0.10877812653779984
108326,1901.920663,0.35946986079216003,6.014782428741455,-0.023677734658122063,0.2537204623222351,-0.009314567781984806,-0.11242277920246124
108346,1901.940659,0.3658534288406372,6.014778137207031,-0.025595685467123985,0.2568780183792114,-0.00800916738808155,-0.11424598842859268
108366,1901.960653,0.36950352787971497,6.0150532722473145,-0.02751987986266613,0.25778552889823914,-0.010585801675915718,-0.11545827984809875
108386,1901.980655,0.377580463886261,6.0159430503845215,-0.02956402860581875,0.26363810896873474,-0.011864581145346165,-0.11588583141565323
108406,1902.000654,0.38527050614356995,6.0150322914123535,-0.03160446509718895,0.2656041383743286,-0.011648654006421566,-0.11751239001750946
108426,1902.020662,0.38933873176574707,6.014645099639893,-0.033644456416368484,0.26384106278419495,-0.010526725091040134,-0.11947715282440186
108446,1902.040692,0.3976765275001526,6.013182640075684,-0.035722244530916214,0.2699347138404846,-0.01688239350914955,-0.11920472234487534
108466,1902.060660,0.4057360589504242,6.014596462249756,-0.03781918063759804,0.2719995081424713,-0.020711608231067657,-0.1207314059138298
108486,1902.080656,0.41161561012268066,6.014300346374512,-0.03991679474711418,0.2723170220851898,-0.017734631896018982,-0.12164060026407242
108506,1902.100654,0.41504549980163574,6.013084411621094,-0.04213402047753334,0.2732880711555481,-0.015037605538964272,-0.12177043408155441
108526,1902.120658,0.42328140139579773,6.012911796569824,-0.04425588622689247,0.274936318397522,-0.012130627408623695,-0.12119802832603455
108546,1902.140663,0.4321189224720001,6.014530181884766,-0.04641115665435791,0.2741963863372803,-0.008271360769867897,-0.12283110618591309
108566,1902.160654,0.4360479414463043,6.013034820556641,-0.04852305352687836,0.2729330062866211,-0.006756049580872059,-0.12224345654249191
108586,1902.180651,0.4435139298439026,6.012966156005859,-0.050714269280433655,0.2719566524028778,-0.006124769803136587,-0.12181522697210312
108606,1902.200649,0.44884607195854187,6.013904094696045,-0.05287416651844978,0.27146342396736145,-0.004709498956799507,-0.12056627869606018
108626,1902.220653,0.45476505160331726,6.013942718505859,-0.05498592182993889,0.27289944887161255,-2.4062470401986502e-05,-0.11957797408103943
108646,1902.240664,0.46188583970069885,6.0134501457214355,-0.0570320188999176,0.27394038438796997,0.0009336869698017836,-0.11564493924379349
108666,1902.260679,0.46782174706459045,6.0138750076293945,-0.05894528701901436,0.27591365575790405,0.0008257591398432851,-0.11044366657733917
108686,1902.280652,0.4732399582862854,6.01435661315918,-0.06080804392695427,0.27284514904022217,0.0036845789290964603,-0.10839982330799103
108706,1902.300650,0.4822714626789093,6.014950275421143,-0.06267210096120834,0.27126407623291016,0.005569560918956995,-0.11029211431741714
108726,1902.320655,0.4861360192298889,6.014491081237793,-0.06449203193187714,0.27139171957969666,0.002472200896590948,-0.10939092934131622
108746,1902.340656,0.49153247475624084,6.014825820922852,-0.066282719373703,0.2694254219532013,-0.0017066891305148602,-0.11272615194320679
108766,1902.360647,0.496407687664032,6.014956951141357,-0.06818327307701111,0.2660214602947235,-0.0028785839676856995,-0.11599196493625641
108786,1902.380645,0.5077715516090393,6.013998508453369,-0.07018975913524628,0.27000105381011963,-0.0038451289292424917,-0.11874251812696457
108806,1902.400645,0.5093204379081726,6.016227722167969,-0.07217566668987274,0.2660181224346161,-0.004313991405069828,-0.11896754056215286
108826,1902.420652,0.5129305124282837,6.015816688537598,-0.07409368455410004,0.26552173495292664,-0.006217138841748238,-0.11733230203390121
108846,1902.440654,0.5203989744186401,6.015585422515869,-0.0760619193315506,0.26684659719467163,-0.009902706369757652,-0.11756354570388794
108866,1902.460651,0.5269470810890198,6.013995170593262,-0.07808971405029297,0.2659912109375,-0.011726140975952148,-0.11974768340587616
108886,1902.480645,0.5336421728134155,6.0135817527771,-0.08016934990882874,0.26757657527923584,-0.015725720673799515,-0.12238523364067078
108906,1902.500643,0.5365251898765564,6.01248025894165,-0.08217509835958481,0.26635977625846863,-0.019631588831543922,-0.12311717122793198
108926,1902.520649,0.543732225894928,6.012068748474121,-0.08419585227966309,0.26967841386795044,-0.018917739391326904,-0.12491787225008011
108946,1902.540657,0.5490836501121521,6.0115966796875,-0.08622422814369202,0.27071142196655273,-0.017041319981217384,-0.12540468573570251
108966,1902.560642,0.557079017162323,6.0107831954956055,-0.08825734257698059,0.2740781307220459,-0.016983196139335632,-0.12546111643314362
108986,1902.580646,0.5642923712730408,6.010257720947266,-0.09027581661939621,0.27636393904685974,-0.014989320188760757,-0.1247430369257927
109006,1902.600641,0.5690811276435852,6.009956359863281,-0.09223572909832001,0.27840861678123474,-0.015591311268508434,-0.12246284633874893
109026,1902.620643,0.5764973759651184,6.009600639343262,-0.09428712725639343,0.2807110548019409,-0.016881393268704414,-0.11929067969322205
109046,1902.640647,0.5830270648002625,6.009580135345459,-0.09629925340414047,0.2813413441181183,-0.014279563911259174,-0.11671646684408188
109066,1902.659641,0.5893635153770447,6.010061264038086,-0.09829555451869965,0.28283026814460754,-0.009970663115382195,-0.11659850180149078
109086,1902.679668,0.5940517783164978,6.009589195251465,-0.10032837092876434,0.28008949756622314,-0.01090850867331028,-0.1181294173002243
109106,1902.699641,0.5992872714996338,6.009467601776123,-0.10235860198736191,0.2813923954963684,-0.0077772620134055614,-0.11791912466287613
109126,1902.719638,0.6081240773200989,6.008868217468262,-0.10436678677797318,0.2890241742134094,-0.004372147377580404,-0.11559387296438217
109146,1902.739642,0.6167532801628113,6.008011817932129,-0.10630681365728378,0.29323825240135193,-0.0017268683295696974,-0.11130097508430481
109166,1902.759638,0.622840404510498,6.007600784301758,-0.10807953029870987,0.29411640763282776,-0.0010739646386355162,-0.1068347841501236
109186,1902.779637,0.6312416791915894,6.006300926208496,-0.1098111942410469,0.3011336922645569,-0.002758992603048682,-0.10452087223529816
109206,1902.799636,0.6352630853652954,6.006941318511963,-0.11146605759859085,0.2979195713996887,-0.006475446280092001,-0.10396715253591537
109226,1902.819677,0.6426205039024353,6.007588863372803,-0.11313465237617493,0.2977091670036316,-0.007160475943237543,-0.10342710465192795
109246,1902.839639,0.646994948387146,6.007303714752197,-0.11470334976911545,0.2929249107837677,-0.005708794109523296,-0.10383179783821106
109266,1902.859635,0.6545902490615845,6.007161617279053,-0.11630302667617798,0.28954246640205383,-0.0029984519351273775,-0.10297846049070358
109286,1902.879640,0.6606881618499756,6.007598400115967,-0.11800773441791534,0.28653356432914734,-0.005489864386618137,-0.10644309222698212
109306,1902.899658,0.6680455207824707,6.007089138031006,-0.11974401772022247,0.2830926775932312,-0.008786730468273163,-0.10983730852603912
109326,1902.919635,0.672500729560852,6.005734443664551,-0.12148962169885635,0.27752605080604553,-0.012145210057497025,-0.11256048828363419
109346,1902.939638,0.6798728108406067,6.005764007568359,-0.12329210340976715,0.2749998867511749,-0.01161797996610403,-0.11338485777378082
109366,1902.959633,0.6824654936790466,6.007619857788086,-0.12515035271644592,0.2686842381954193,-0.010575465857982635,-0.1144578829407692
109386,1902.979634,0.6897111535072327,6.005546569824219,-0.12703970074653625,0.2713131308555603,-0.015229053795337677,-0.11277731508016586
109406,1902.999632,0.6960848569869995,6.00401496887207,-0.12879624962806702,0.27034059166908264,-0.018608465790748596,-0.11283262073993683
109426,1903.019629,0.6987683773040771,6.004232883453369,-0.13062849640846252,0.262072890996933,-0.01958412677049637,-0.11696910113096237
109446,1903.039633,0.7071104645729065,6.003063201904297,-0.13251960277557373,0.2615545094013214,-0.020767860114574432,-0.11900767683982849
109466,1903.059629,0.7153174877166748,6.002795219421387,-0.13436488807201385,0.25882935523986816,-0.026763906702399254,-0.12083109468221664
109486,1903.079629,0.7208910584449768,6.003149509429932,-0.13621851801872253,0.256396621465683,-0.030068600550293922,-0.120358407497406
109506,1903.099630,0.7229323387145996,5.999929428100586,-0.1380143016576767,0.2464812695980072,-0.02810669131577015,-0.1218947023153305
109526,1903.119642,0.7278454899787903,6.000043869018555,-0.1398705691099167,0.2401839941740036,-0.023628145456314087,-0.11868652701377869
109546,1903.139632,0.7315025925636292,5.999331951141357,-0.14172953367233276,0.23391833901405334,-0.023844439536333084,-0.11154364794492722
109566,1903.159630,0.7333837747573853,5.998202323913574,-0.14336004853248596,0.22340281307697296,-0.029354315251111984,-0.10917190462350845
109586,1903.179634,0.741335391998291,5.998005390167236,-0.14497993886470795,0.2190243899822235,-0.031163489446043968,-0.11127356439828873
109606,1903.199627,0.7473664879798889,5.994748115539551,-0.14655058085918427,0.21135665476322174,-0.03248971328139305,-0.11502522975206375
109626,1903.219630,0.751175045967102,5.994537830352783,-0.14824332296848297,0.20326465368270874,-0.027848785743117332,-0.11771021038293839
109646,1903.239659,0.75462806224823,5.994521141052246,-0.14996586740016937,0.19860318303108215,-0.024544358253479004,-0.11671513319015503
109666,1903.259628,0.7607622146606445,5.9912800788879395,-0.15155264735221863,0.19906844198703766,-0.027210300788283348,-0.11656077206134796
109686,1903.279629,0.7653282284736633,5.991302967071533,-0.15320581197738647,0.1935001015663147,-0.023631179705262184,-0.11785303801298141
109706,1903.299626,0.7702945470809937,5.991084575653076,-0.1548517346382141,0.19049198925495148,-0.015085536986589432,-0.11723554134368896
109726,1903.319640,0.7747268676757812,5.988667964935303,-0.15641595423221588,0.18861834704875946,-0.014666070230305195,-0.1177748590707779
109746,1903.339632,0.7779994606971741,5.988533020019531,-0.15809763967990875,0.18535643815994263,-0.012574918568134308,-0.11702799797058105
109766,1903.359624,0.781851589679718,5.987473487854004,-0.15978112816810608,0.1834513545036316,-0.011017974466085434,-0.11731906980276108
109786,1903.379622,0.7854809761047363,5.987309455871582,-0.16147616505622864,0.18261422216892242,-0.005402275361120701,-0.11654320359230042
109806,1903.399630,0.7873325943946838,5.985133171081543,-0.163776233792305,0.17803357541561127,8.621322922408581e-05,-0.11596646904945374
109826,1903.419625,0.7878472805023193,5.9864020347595215,-0.16555939614772797,0.16700853407382965,-0.0006983855273574591,-0.116654172539711
109846,1903.439634,0.7911519408226013,5.9863505363464355,-0.16720466315746307,0.16632631421089172,-0.0044146571308374405,-0.11359886825084686
109866,1903.459623,0.79738849401474,5.987067222595215,-0.16878509521484375,0.16553570330142975,-0.0005130351637490094,-0.11012791842222214
109886,1903.479622,0.8007677793502808,5.988678932189941,-0.17034517228603363,0.16242176294326782,0.004677193239331245,-0.10635558515787125
109906,1903.499620,0.8063141107559204,5.9883713722229,-0.17173312604427338,0.16048696637153625,0.00020114914514124393,-0.10356344282627106
109926,1903.519618,0.8055731654167175,5.989282131195068,-0.1732514351606369,0.1470189243555069,0.0022799232974648476,-0.10369715839624405
109946,1903.539630,0.8071839809417725,5.989931583404541,-0.17469629645347595,0.14178261160850525,0.007612924091517925,-0.1030908077955246
109966,1903.559620,0.8123419880867004,5.989941120147705,-0.17601676285266876,0.14383822679519653,0.007429463788866997,-0.10400443524122238
109986,1903.579650,0.8147588968276978,5.989707946777344,-0.17742398381233215,0.13524222373962402,0.006361214444041252,-0.1078479140996933
110006,1903.599617,0.8173726797103882,5.989811897277832,-0.17891788482666016,0.12923212349414825,0.003290306543931365,-0.11144109815359116
110026,1903.619616,0.8199014067649841,5.989859580993652,-0.18050329387187958,0.12611666321754456,0.0010828818194568157,-0.11262963712215424
110046,1903.639623,0.8223408460617065,5.9898786544799805,-0.182015061378479,0.12018570303916931,-0.0001435305312043056,-0.11644311994314194
110066,1903.659617,0.8251356482505798,5.9897990226745605,-0.18376605212688446,0.11632908135652542,0.003553485032171011,-0.1191585585474968
110086,1903.679617,0.8260524272918701,5.988136291503906,-0.18563733994960785,0.11160758137702942,0.0071784621104598045,-0.12109137326478958
110106,1903.699616,0.8275285363197327,5.989655017852783,-0.1874937266111374,0.11089085787534714,0.004807350225746632,-0.12234005331993103
110126,1903.719615,0.829688549041748,5.989705562591553,-0.18926681578159332,0.10730063915252686,0.0006018835701979697,-0.12322331219911575
110146,1903.739619,0.8317670226097107,5.989727973937988,-0.19099204242229462,0.10358056426048279,0.0008016068022698164,-0.12461835891008377
110166,1903.759623,0.8312404155731201,5.989535331726074,-0.19282390177249908,0.10324826091527939,0.0008356595644727349,-0.12399179488420486
110186,1903.779616,0.8332983255386353,5.989559173583984,-0.1945735663175583,0.10408998280763626,0.0001345510099781677,-0.12221726775169373
110206,1903.799615,0.8335469365119934,5.989852428436279,-0.19633515179157257,0.10019990801811218,-0.004095403011888266,-0.12125911563634872
110226,1903.819645,0.8355411291122437,5.989777565002441,-0.19807517528533936,0.10134654492139816,-0.003453425131738186,-0.11955218017101288
110246,1903.839617,0.8375287652015686,5.98971700668335,-0.19982025027275085,0.100290946662426,-0.0036561740562319756,-0.12026329338550568
110266,1903.859617,0.8395179510116577,5.989634037017822,-0.2015947699546814,0.1010056659579277,-0.005410381592810154,-0.11977668851613998
110286,1903.879611,0.8415341973304749,5.989539623260498,-0.20341213047504425,0.10289569199085236,-0.004422647878527641,-0.1183309257030487
110306,1903.899611,0.8421202301979065,5.987880706787109,-0.2052408754825592,0.10540693998336792,-0.006777559872716665,-0.11869309842586517
110326,1903.919612,0.8441935181617737,5.98777961730957,-0.2069886326789856,0.10443080961704254,-0.004141367971897125,-0.1197349950671196
110346,1903.939615,0.8462730050086975,5.987709045410156,-0.20866195857524872,0.10630881786346436,-0.003859309945255518,-0.11896567791700363
110366,1903.959618,0.8484096527099609,5.987647533416748,-0.2103649228811264,0.11012150347232819,-0.0026471272576600313,-0.11825393885374069
110386,1903.979611,0.8510486483573914,5.98893404006958,-0.21198683977127075,0.11285961419343948,-0.0015042009763419628,-0.11831554770469666
110406,1903.999612,0.8513469696044922,5.98695707321167,-0.21364769339561462,0.11175529658794403,-0.006485107354819775,-0.11893963068723679
110426,1904.019613,0.8535562753677368,5.986806869506836,-0.21527594327926636,0.11168807744979858,-0.008765139617025852,-0.12066195160150528
110446,1904.039612,0.8557451963424683,5.986642360687256,-0.21705231070518494,0.10976462811231613,-0.008336229249835014,-0.12401920557022095
110466,1904.059607,0.8579205274581909,5.986461162567139,-0.2188735455274582,0.11054682731628418,-0.011479191482067108,-0.12404002994298935
110486,1904.079609,0.8601164817810059,5.98620080947876,-0.22062107920646667,0.1117030531167984,-0.01435797568410635,-0.12395758926868439
110506,1904.099607,0.8590779304504395,5.986100196838379,-0.22242119908332825,0.1105981171131134,-0.013129722326993942,-0.12344851344823837
110526,1904.119608,0.8612602353096008,5.985848426818848,-0.22409242391586304,0.11065982282161713,-0.012878494337201118,-0.12273173779249191
110546,1904.139610,0.8612076044082642,5.983794212341309,-0.22581137716770172,0.1098015159368515,-0.016026120632886887,-0.12198767066001892
110566,1904.159607,0.8610952496528625,5.978851318359375,-0.22755810618400574,0.10805466771125793,-0.020817063748836517,-0.12305967509746552
110586,1904.179659,0.8622748851776123,5.9809250831604,-0.22936610877513885,0.10862212628126144,-0.02253277599811554,-0.12296801060438156
110606,1904.198606,0.8644536733627319,5.980452060699463,-0.2310555875301361,0.1120687946677208,-0.024590924382209778,-0.12304551154375076
110626,1904.218610,0.8666867613792419,5.980000972747803,-0.23270964622497559,0.11410252004861832,-0.020971473306417465,-0.12190692126750946
110646,1904.238612,0.8689604997634888,5.97962760925293,-0.23424799740314484,0.11640562862157822,-0.017808595672249794,-0.11959674954414368
110666,1904.258607,0.8691135048866272,5.976835250854492,-0.2358076274394989,0.1161705031991005,-0.01922624371945858,-0.11852314323186874
110686,1904.278618,0.871442437171936,5.976439476013184,-0.23732450604438782,0.11970401555299759,-0.022016119211912155,-0.11717475205659866
110706,1904.298600,0.8738151788711548,5.975953102111816,-0.2388446033000946,0.12012255191802979,-0.026909828186035156,-0.1171579658985138
110726,1904.318601,0.8823642134666443,5.975351810455322,-0.24020883440971375,0.12520582973957062,-0.02729812264442444,-0.11797437816858292
110746,1904.338606,0.884860098361969,5.974874496459961,-0.2417009472846985,0.1283748894929886,-0.02057523839175701,-0.11753704398870468
110766,1904.358611,0.8874538540840149,5.974533557891846,-0.24307431280612946,0.13388556241989136,-0.01581953465938568,-0.11519775539636612
110786,1904.378598,0.8900907039642334,5.974225044250488,-0.24432815611362457,0.1330418437719345,-0.01644212193787098,-0.11559554934501648
110806,1904.398635,0.8930104374885559,5.971357345581055,-0.245572030544281,0.13402442634105682,-0.020590076223015785,-0.11672740429639816
110826,1904.418603,0.8954625129699707,5.970585823059082,-0.24690313637256622,0.1337989717721939,-0.02261367253959179,-0.116755910217762
110846,1904.438603,0.8928053379058838,5.970300197601318,-0.2483358085155487,0.129296213388443,-0.024156678467988968,-0.11588626354932785
110866,1904.458603,0.8914858102798462,5.96504545211792,-0.24964798986911774,0.12418005615472794,-0.02627163752913475,-0.1147521361708641
110886,1904.478598,0.9008663296699524,5.9696807861328125,-0.2510051429271698,0.12691091001033783,-0.01924511045217514,-0.1153857558965683
110906,1904.498596,0.9033876061439514,5.9692912101745605,-0.25246161222457886,0.1282210648059845,-0.02173682115972042,-0.11686952412128448
110926,1904.518598,0.9025708436965942,5.964905261993408,-0.25392982363700867,0.12311232089996338,-0.02519458718597889,-0.12024151533842087
110946,1904.538600,0.9049861431121826,5.964470386505127,-0.25541549921035767,0.12210560590028763,-0.018902376294136047,-0.12361112236976624
110966,1904.558597,0.9080933332443237,5.963088512420654,-0.25700968503952026,0.12353605031967163,-0.017461011186242104,-0.12543931603431702
110986,1904.578602,0.9105254411697388,5.962733745574951,-0.2586815357208252,0.12263969331979752,-0.01870892383158207,-0.12751086056232452
111006,1904.598597,0.9129278063774109,5.962400913238525,-0.26040273904800415,0.12063433974981308,-0.015304053202271461,-0.12837763130664825
111026,1904.618608,0.9107087850570679,5.961527347564697,-0.26231175661087036,0.11629344522953033,-0.012045647948980331,-0.12790875136852264
111046,1904.638604,0.9130202531814575,5.9612932205200195,-0.26400041580200195,0.11854161322116852,-0.012958920560777187,-0.12554307281970978
111066,1904.658594,0.9153843522071838,5.9610371589660645,-0.2656165063381195,0.12073903530836105,-0.013716037385165691,-0.12492234259843826
111086,1904.678596,0.917742133140564,5.96077299118042,-0.2671716809272766,0.11824919283390045,-0.013440772891044617,-0.1259203553199768
111106,1904.698593,0.9155809879302979,5.960770606994629,-0.26891329884529114,0.11405885964632034,-0.011281855404376984,-0.12636512517929077
111126,1904.718590,0.9178531765937805,5.960547924041748,-0.2704894542694092,0.11663967370986938,-0.013048026710748672,-0.1251649409532547
111146,1904.738598,0.9212481379508972,5.963643550872803,-0.2720368206501007,0.11760187894105911,-0.009150149300694466,-0.12448990345001221
111166,1904.758595,0.9183813333511353,5.963624954223633,-0.27355554699897766,0.11532262712717056,-0.005942304152995348,-0.12348540872335434
111186,1904.778592,0.9188984632492065,5.966174602508545,-0.2749997675418854,0.11535662412643433,-0.0036942404694855213,-0.12137485295534134
111206,1904.798590,0.9219564199447632,5.963260650634766,-0.2764427661895752,0.11611668765544891,-0.009238393977284431,-0.11918734759092331
111226,1904.818592,0.924266517162323,5.96309757232666,-0.2778755724430084,0.11826842278242111,-0.00783520471304655,-0.11831679940223694
111246,1904.838599,0.9265877604484558,5.962993144989014,-0.2792252004146576,0.11772339046001434,-0.003828710876405239,-0.11988557875156403
111266,1904.858593,0.9241103529930115,5.965954780578613,-0.2806982696056366,0.11626522243022919,-0.00021925412875134498,-0.12046770006418228
111286,1904.878589,0.9270433187484741,5.965048313140869,-0.28208664059638977,0.11772772669792175,-0.001401372137479484,-0.1205824539065361
111306,1904.898589,0.9293667674064636,5.965041637420654,-0.28351545333862305,0.11862653493881226,-0.0001131576718762517,-0.11936172097921371
111326,1904.918589,0.9317067861557007,5.965076923370361,-0.2849670648574829,0.11850295960903168,0.0018705695401877165,-0.11843151599168777
111346,1904.938595,0.9315899014472961,5.968521595001221,-0.2864004671573639,0.1149735376238823,0.0008823529933579266,-0.11742539703845978
111366,1904.958590,0.9338576197624207,5.96851110458374,-0.28784191608428955,0.11516614258289337,-0.0029392377473413944,-0.11856463551521301
111386,1904.978588,0.9361004829406738,5.968438625335693,-0.2893332839012146,0.11269131302833557,-0.0053949058055877686,-0.12106982618570328
111406,1904.998584,0.9383085370063782,5.968334674835205,-0.2908911108970642,0.1116463914513588,-0.005928460508584976,-0.12326016277074814
111426,1905.018586,0.9405068755149841,5.968263149261475,-0.2924061715602875,0.11187887191772461,-0.0018161932239308953,-0.1239941194653511
111446,1905.038593,0.9426894783973694,5.9682722091674805,-0.29378634691238403,0.11016207933425903,5.1073126087430865e-05,-0.12463528662919998
111466,1905.058589,0.9448471665382385,5.968270301818848,-0.29522234201431274,0.11075902730226517,-0.0016163364052772522,-0.12340207397937775
111486,1905.078588,0.9470635056495667,5.9682183265686035,-0.29657918214797974,0.11484594643115997,-0.004817469511181116,-0.1217861995100975
111506,1905.098581,0.9493220448493958,5.968141555786133,-0.29798024892807007,0.11470964550971985,-0.004290411714464426,-0.12157633155584335
111526,1905.118583,0.9515756964683533,5.968063831329346,-0.2994181513786316,0.11493058502674103,-0.00487502058967948,-0.12226412445306778
111546,1905.138591,0.947952926158905,5.968161582946777,-0.3009585738182068,0.11163448542356491,-0.005270186811685562,-0.12338349968194962
111566,1905.158584,0.9457043409347534,5.966933727264404,-0.3024856448173523,0.10784707218408585,-0.0049426681362092495,-0.1227390244603157
111586,1905.178582,0.9479699730873108,5.9668474197387695,-0.3041206896305084,0.11133444309234619,-0.004939129576086998,-0.12049486488103867
111606,1905.198581,0.9475331902503967,5.971490383148193,-0.30556851625442505,0.1112484335899353,-0.001622042153030634,-0.11931750178337097
111626,1905.218581,0.9444659948348999,5.971465110778809,-0.30717167258262634,0.1083393543958664,-0.002824638970196247,-0.11744293570518494
111646,1905.238584,0.9435681104660034,5.966930866241455,-0.30873602628707886,0.10806180536746979,-0.007958987727761269,-0.11653394997119904
111666,1905.258588,0.9457070231437683,5.966789722442627,-0.3101761043071747,0.10933196544647217,-0.006629851181060076,-0.11736603081226349
111686,1905.278588,0.9422755241394043,5.970101356506348,-0.31167569756507874,0.10691861063241959,-0.0005043309647589922,-0.11875006556510925
111706,1905.298579,0.9431465864181519,5.970749378204346,-0.3132059574127197,0.10669389367103577,0.002532190177589655,-0.12038414180278778
111726,1905.318578,0.9394465088844299,5.973733425140381,-0.3147723972797394,0.10290610045194626,-0.0012522703036665916,-0.12291155755519867
111746,1905.338580,0.9401322603225708,5.967778205871582,-0.31625252962112427,0.10235293954610825,-0.007745370268821716,-0.12468592077493668
111766,1905.358583,0.9378208518028259,5.9725341796875,-0.31781527400016785,0.09988586604595184,-0.00045509031042456627,-0.12518669664859772
111786,1905.378575,0.9340851306915283,5.974750995635986,-0.31928086280822754,0.09585019946098328,0.007349823135882616,-0.12385083734989166
111806,1905.398578,0.9336994290351868,5.967041015625,-0.3206591308116913,0.09324269741773605,-0.0014890183228999376,-0.12385541200637817
111826,1905.418575,0.9355432987213135,5.966993808746338,-0.321857750415802,0.09612497687339783,-0.004883919842541218,-0.12378324568271637
111846,1905.438581,0.9358212947845459,5.974703311920166,-0.32315847277641296,0.09307192265987396,0.0016917879693210125,-0.12681974470615387
111866,1905.458585,0.9348597526550293,5.9694905281066895,-0.32455766201019287,0.09081193059682846,0.0004576983628794551,-0.12801459431648254
111886,1905.477576,0.9304542541503906,5.969398021697998,-0.3259837329387665,0.08868518471717834,0.0002588875067885965,-0.12890668213367462
111906,1905.498576,0.9341089725494385,5.972099304199219,-0.3273918926715851,0.08940697461366653,0.001039367401972413,-0.1280389130115509
111926,1905.518571,0.9341837167739868,5.967125415802002,-0.32883018255233765,0.08860661089420319,-0.005271719302982092,-0.1272701919078827
111946,1905.537584,0.9295156598091125,5.9649338722229,-0.33033233880996704,0.08482380956411362,-0.01040932908654213,-0.1289622187614441
111966,1905.557582,0.9318969249725342,5.962531089782715,-0.33178311586380005,0.08648327738046646,-0.010381900705397129,-0.1286579966545105
111986,1905.577580,0.931964635848999,5.969375133514404,-0.33313602209091187,0.08592461794614792,-0.002248168457299471,-0.12748441100120544
112006,1905.597570,0.9317866563796997,5.965203762054443,-0.3345790207386017,0.08726486563682556,-0.004649532027542591,-0.12448012083768845
112026,1905.617571,0.9335102438926697,5.96512508392334,-0.33585020899772644,0.08918071538209915,-0.0055675022304058075,-0.12498532235622406
112046,1905.637582,0.9327684640884399,5.961293697357178,-0.33723482489585876,0.08767209202051163,-0.009312433190643787,-0.12678907811641693
112066,1905.657573,0.9280613660812378,5.961616039276123,-0.3386511504650116,0.08550369739532471,-0.006486949510872364,-0.12675128877162933
112086,1905.677578,0.9297170639038086,5.961545944213867,-0.34007060527801514,0.0844748243689537,-0.002014166908338666,-0.12584519386291504
112106,1905.697572,0.9334834218025208,5.9611663818359375,-0.3413665294647217,0.08525113761425018,-3.152676799800247e-05,-0.12538611888885498
112126,1905.717570,0.9351494908332825,5.961157321929932,-0.3427562117576599,0.08626274764537811,-0.002856404287740588,-0.12480896711349487
112146,1905.737581,0.9368203282356262,5.961084365844727,-0.3441556394100189,0.08489103615283966,-0.00608370266854763,-0.12550042569637299
112166,1905.757575,0.9384690523147583,5.960969924926758,-0.34556159377098083,0.08501929044723511,-0.006666051689535379,-0.1257561296224594
112186,1905.777566,0.9401148557662964,5.960862636566162,-0.3470214605331421,0.08301790058612823,-0.00582519918680191,-0.1279677450656891
112206,1905.797569,0.9373851418495178,5.959896564483643,-0.34840846061706543,0.07689730077981949,-0.006017263047397137,-0.12905284762382507
112226,1905.817521,0.9389874339103699,5.9627909660339355,-0.34966570138931274,0.07942331582307816,-0.003141824621707201,-0.12837497889995575
112246,1905.837553,0.938424289226532,5.958820819854736,-0.35093826055526733,0.07816355675458908,-0.006027111783623695,-0.12806493043899536
112266,1905.857539,0.9399477243423462,5.958706855773926,-0.352169394493103,0.07971898466348648,-0.007358989678323269,-0.12742766737937927
112286,1905.877537,0.9415053725242615,5.958591938018799,-0.3533436059951782,0.08179708570241928,-0.006167999934405088,-0.12706592679023743
112306,1905.897605,0.941455066204071,5.961888790130615,-0.3544965982437134,0.08220949023962021,-0.0021258436609059572,-0.12697936594486237
112326,1905.917571,0.9394667744636536,5.963097095489502,-0.3556186854839325,0.0819377601146698,0.0010251211933791637,-0.12493060529232025
112346,1905.937583,0.9364838004112244,5.958770751953125,-0.3568236231803894,0.08447238057851791,-0.005944301374256611,-0.12176009267568588
112366,1905.957570,0.939520001411438,5.959377288818359,-0.3580145537853241,0.0862603560090065,-0.009966464713215828,-0.12097985297441483
112386,1905.977582,0.935230553150177,5.955689907073975,-0.359169065952301,0.0840926542878151,-0.011587858200073242,-0.12038946151733398
112406,1905.997584,0.9369121193885803,5.955476760864258,-0.3602539896965027,0.08952020108699799,-0.012242577038705349,-0.11815652996301651
112426,1906.017598,0.9405326247215271,5.966716766357422,-0.3611871302127838,0.09072592109441757,-0.007552561350166798,-0.1180783361196518
112446,1906.037608,0.9399204254150391,5.959178924560547,-0.3622157871723175,0.08902125805616379,-0.015530920587480068,-0.11692075431346893
112466,1906.057577,0.9361129999160767,5.962463855743408,-0.36313876509666443,0.08893747627735138,-0.015960875898599625,-0.11608192324638367
112486,1906.077576,0.9314329624176025,5.957013130187988,-0.36402031779289246,0.08404909819364548,-0.01983349211513996,-0.1171569973230362
112506,1906.097578,0.9316097497940063,5.960849285125732,-0.36474278569221497,0.08352940529584885,-0.014698922634124756,-0.11755278706550598
112526,1906.117594,0.9395584464073181,5.959035873413086,-0.36550238728523254,0.08977008610963821,-0.013412579894065857,-0.11786764115095139
112546,1906.137579,0.942082405090332,5.958869934082031,-0.36630621552467346,0.08771894127130508,-0.011740040965378284,-0.11877339333295822
112566,1906.157562,0.9437602758407593,5.958662509918213,-0.36711880564689636,0.08700205385684967,-0.012391009368002415,-0.12029669433832169
112586,1906.177559,0.9454287886619568,5.958425045013428,-0.36799564957618713,0.08565748482942581,-0.013679586350917816,-0.12256453931331635
112606,1906.197559,0.9470426440238953,5.958183288574219,-0.3688252568244934,0.08306713402271271,-0.012616283260285854,-0.12467069923877716
112626,1906.217559,0.9487001299858093,5.957966327667236,-0.3698468804359436,0.0809984803199768,-0.010985211469233036,-0.12724731862545013
112646,1906.237571,0.9502048492431641,5.957773208618164,-0.3708014488220215,0.07689318805932999,-0.011249792762100697,-0.13063348829746246
112666,1906.257567,0.951664388179779,5.957563400268555,-0.3717489540576935,0.07659208029508591,-0.012402184307575226,-0.1328270435333252
112686,1906.277558,0.9512210488319397,5.954304218292236,-0.3725479245185852,0.07632823288440704,-0.012163006700575352,-0.13294047117233276
112706,1906.297557,0.9526739716529846,5.954146862030029,-0.3732716143131256,0.0770847424864769,-0.0074499561451375484,-0.13160118460655212
112726,1906.317557,0.9541657567024231,5.954034328460693,-0.37406617403030396,0.08020732551813126,-0.007386535406112671,-0.12739670276641846
112746,1906.337574,0.955716609954834,5.953864097595215,-0.374921053647995,0.08168733865022659,-0.012255611829459667,-0.12504792213439941
112766,1906.357559,0.9546582102775574,5.950707912445068,-0.3757456839084625,0.07977160811424255,-0.013334685936570168,-0.12507973611354828
112786,1906.377554,0.956160306930542,5.950497627258301,-0.37654727697372437,0.07821143418550491,-0.01078681368380785,-0.12726637721061707
112806,1906.397553,0.9576389193534851,5.950305461883545,-0.37750357389450073,0.07667138427495956,-0.011705867014825344,-0.12928256392478943
112826,1906.417554,0.959107518196106,5.950098514556885,-0.37848740816116333,0.07754870504140854,-0.010784014128148556,-0.13027219474315643
112846,1906.438561,0.9606083035469055,5.949923992156982,-0.379513680934906,0.07907019555568695,-0.010563461109995842,-0.13035497069358826
112866,1906.457559,0.9621016979217529,5.949702739715576,-0.3805100917816162,0.07709773629903793,-0.01373925432562828,-0.13117502629756927
112886,1906.477552,0.9613589644432068,5.946043491363525,-0.3812345564365387,0.07451599091291428,-0.01494446862488985,-0.13256299495697021
112906,1906.497551,0.9607320427894592,5.941669940948486,-0.3821451663970947,0.07367882877588272,-0.0167858824133873,-0.13246577978134155
112926,1906.517552,0.9621079564094543,5.941397666931152,-0.38315731287002563,0.07096079736948013,-0.013507965952157974,-0.1340307891368866
112946,1906.537556,0.9626926779747009,5.945372104644775,-0.38417065143585205,0.07078651338815689,-0.008423088118433952,-0.13326174020767212
112966,1906.557580,0.9610177874565125,5.942200183868408,-0.3851812481880188,0.07118344306945801,-0.011993017047643661,-0.1317739188671112
112986,1906.577577,0.9623649716377258,5.941998481750488,-0.38624298572540283,0.0701659545302391,-0.010066743940114975,-0.13033196330070496
113006,1906.597552,0.9636735916137695,5.941861152648926,-0.3872777819633484,0.06762991100549698,-0.006776748690754175,-0.12963499128818512
113026,1906.617547,0.9649693965911865,5.941765785217285,-0.38817206025123596,0.06950832158327103,-0.005992219317704439,-0.12663106620311737
113046,1906.637561,0.9638069272041321,5.9375739097595215,-0.38923513889312744,0.06538628786802292,-0.008429965004324913,-0.12725573778152466
113066,1906.657551,0.9650289416313171,5.937494277954102,-0.39015844464302063,0.0642208680510521,-0.0024793052580207586,-0.12513701617717743
113086,1906.677551,0.9662448167800903,5.937506675720215,-0.39100778102874756,0.06471653282642365,0.00026183613226749003,-0.12389276921749115
113106,1906.697549,0.9658954739570618,5.942833423614502,-0.3918721377849579,0.06195060908794403,0.0017742021009325981,-0.12507964670658112
113126,1906.717547,0.9670521020889282,5.942908763885498,-0.3927582800388336,0.06133556365966797,0.003577454248443246,-0.1266695261001587
113146,1906.737553,0.9672117829322815,5.9462738037109375,-0.3938294053077698,0.06265518069267273,0.009578720666468143,-0.1253134310245514
113166,1906.757555,0.9671738147735596,5.949902534484863,-0.39480969309806824,0.06493294984102249,0.009849094785749912,-0.12231418490409851
113186,1906.777552,0.9684224128723145,5.950093746185303,-0.39568600058555603,0.0664593055844307,0.006434204056859016,-0.12049055099487305
113206,1906.797547,0.9696730971336365,5.950254440307617,-0.3963205814361572,0.06672278046607971,0.006858965381979942,-0.12048060446977615
113226,1906.817541,0.9709769487380981,5.95041036605835,-0.3970881700515747,0.07118841260671616,0.005880188196897507,-0.11965862661600113
113246,1906.836544,0.9690126180648804,5.955171585083008,-0.3979964256286621,0.07064013183116913,0.009458648972213268,-0.12215705960988998
113266,1906.857549,0.9703510403633118,5.9553914070129395,-0.3988018333911896,0.07079281657934189,0.008987280540168285,-0.1250932812690735
113286,1906.877540,0.9716935157775879,5.9555745124816895,-0.3996647596359253,0.07026912271976471,0.006793880835175514,-0.12802156805992126
113306,1906.897543,0.972973644733429,5.955744743347168,-0.4005931615829468,0.06536226719617844,0.006737119983881712,-0.13283833861351013
113326,1906.917548,0.9742012023925781,5.955881118774414,-0.40145936608314514,0.06643954664468765,0.003677115775644779,-0.1330004185438156
113346,1906.936541,0.9754788875579834,5.955971717834473,-0.40215927362442017,0.06952798366546631,0.0021013712976127863,-0.13085733354091644
113366,1906.956553,0.9767867922782898,5.956076622009277,-0.4029093384742737,0.0695604458451271,0.0058569107204675674,-0.12900060415267944
113386,1906.976549,0.978081464767456,5.956255912780762,-0.40364202857017517,0.06789182126522064,0.0073952567763626575,-0.1303928941488266
113406,1906.996540,0.9793367981910706,5.956394672393799,-0.4044142961502075,0.06627752631902695,0.0028520154301077127,-0.1329990029335022
113426,1907.016539,0.9805639386177063,5.956467151641846,-0.40511250495910645,0.0655931606888771,0.0015018348349258304,-0.1345513015985489
113446,1907.036539,0.9795463681221008,5.951113700866699,-0.405683308839798,0.06260599941015244,0.0002750831190496683,-0.1367034763097763
113466,1907.056542,0.981069028377533,5.95612907409668,-0.40628257393836975,0.0617748387157917,0.003967617638409138,-0.1385480910539627
113486,1907.076540,0.9822171926498413,5.956228256225586,-0.406970351934433,0.06248581409454346,0.001778842299245298,-0.13883338868618011
113506,1907.096537,0.964383065700531,5.957304000854492,-0.4077841341495514,0.049270953983068466,0.00011433067993493751,-0.1400086134672165
113526,1907.116539,0.9652920961380005,5.957314968109131,-0.4085921049118042,0.051655691117048264,-0.0027408930473029613,-0.136736661195755
113546,1907.136534,0.9653000235557556,5.963168144226074,-0.40934818983078003,0.05040562525391579,-0.00011085503501817584,-0.13402162492275238
113566,1907.156534,0.9594810009002686,5.965829849243164,-0.41006016731262207,0.04585414379835129,0.006294122897088528,-0.13274841010570526
113586,1907.176540,0.959195077419281,5.9597978591918945,-0.4108373522758484,0.048360660672187805,0.00592293543741107,-0.13212938606739044
113606,1907.196566,0.9532762169837952,5.9611005783081055,-0.41145309805870056,0.04521187022328377,0.002845836104825139,-0.13097964227199554
113626,1907.216536,0.9530565142631531,5.95571231842041,-0.4121556282043457,0.04213686287403107,-0.0030642952769994736,-0.1315671056509018
113646,1907.236534,0.9538630843162537,5.955698490142822,-0.4130777418613434,0.04340711236000061,-0.0006236091139726341,-0.13032487034797668
113666,1907.256535,0.9550531506538391,5.959813117980957,-0.413870245218277,0.05055716261267662,0.006338566541671753,-0.1254817694425583
113686,1907.276538,0.9574273824691772,5.959137439727783,-0.41450780630111694,0.053769949823617935,0.009251822717487812,-0.12328207492828369
113706,1907.296535,0.9497768878936768,5.9594573974609375,-0.41506218910217285,0.047698285430669785,0.009965048171579838,-0.12346308678388596
113726,1907.316530,0.9506507515907288,5.959702968597412,-0.41552475094795227,0.04928402230143547,0.011020484380424023,-0.1254182606935501
113746,1907.336534,0.9546083807945251,5.958274841308594,-0.41612228751182556,0.04908283054828644,0.007039753720164299,-0.12882839143276215
113766,1907.356535,0.9554714560508728,5.9584269523620605,-0.4168710708618164,0.0474126897752285,0.005692381411790848,-0.13102126121520996
113786,1907.376533,0.9540755152702332,5.963629722595215,-0.41749700903892517,0.0485491082072258,0.012898137792944908,-0.13237354159355164
113806,1907.396530,0.9533858299255371,5.972475528717041,-0.41807258129119873,0.047456659376621246,0.021226081997156143,-0.1310344785451889
113826,1907.416558,0.9487749934196472,5.976912021636963,-0.41858360171318054,0.04462306946516037,0.020963869988918304,-0.13130007684230804
113846,1907.436531,0.9547746181488037,5.9715256690979,-0.4190623164176941,0.045087069272994995,0.01374908722937107,-0.13121531903743744
113866,1907.456529,0.953967809677124,5.977387428283691,-0.41964077949523926,0.04509926214814186,0.014323770068585873,-0.1318909078836441
113886,1907.476532,0.9547504186630249,5.977691650390625,-0.42027294635772705,0.042290523648262024,0.012777574360370636,-0.13516047596931458
113906,1907.496531,0.9496051669120789,5.977371692657471,-0.42102572321891785,0.035812195390462875,0.011784221976995468,-0.13783465325832367
113926,1907.516526,0.9488756656646729,5.967062950134277,-0.4219322204589844,0.03763043135404587,0.0035104434937238693,-0.13708147406578064
113946,1907.536527,0.953558623790741,5.963356018066406,-0.422728568315506,0.03858710080385208,-0.0018516749842092395,-0.13565926253795624
113966,1907.556525,0.9542207717895508,5.963351726531982,-0.42313191294670105,0.03885103762149811,-0.003013232722878456,-0.13254308700561523
113986,1907.576528,0.9479476809501648,5.964550971984863,-0.42355722188949585,0.03764426335692406,0.0006244292599149048,-0.12971575558185577
114006,1907.596526,0.9527590274810791,5.965295314788818,-0.4241032302379608,0.041935913264751434,0.002738580107688904,-0.12700943648815155
114026,1907.616554,0.9509634971618652,5.961015224456787,-0.4247432053089142,0.038528576493263245,-1.8319540686206892e-05,-0.12662509083747864
114046,1907.636525,0.9516400098800659,5.96104621887207,-0.4253070056438446,0.03851332888007164,-0.000786354998126626,-0.12467003613710403
114066,1907.656526,0.9523434638977051,5.961045742034912,-0.4259108603000641,0.041440099477767944,-0.002743522636592388,-0.12170416116714478
114086,1907.676528,0.9516912698745728,5.9552388191223145,-0.4266086518764496,0.04487566649913788,-0.004396052565425634,-0.11689384281635284
114106,1907.696525,0.9525417685508728,5.955214977264404,-0.42710572481155396,0.04855525866150856,-0.0011175377294421196,-0.11058337241411209
114126,1907.716524,0.957012414932251,5.954352855682373,-0.42728182673454285,0.05434305965900421,0.003340136492624879,-0.1025753915309906
114146,1907.736530,0.9720450639724731,5.958456039428711,-0.4271700382232666,0.06237409636378288,0.008461705408990383,-0.09863967448472977
114166,1907.756525,0.9731932282447815,5.958705425262451,-0.42680415511131287,0.06344226747751236,0.011485596187412739,-0.09708021581172943
114186,1907.776522,0.976050078868866,5.955926418304443,-0.42648741602897644,0.0594838447868824,0.008540643379092216,-0.10011105984449387
114206,1907.796521,0.9761990904808044,5.966310501098633,-0.426096111536026,0.055367082357406616,0.012324079871177673,-0.10280919075012207
114226,1907.816520,0.9771844744682312,5.966607570648193,-0.426116406917572,0.05274829640984535,0.013258232735097408,-0.10567548125982285
114246,1907.836533,0.9750567078590393,5.970530986785889,-0.4263990819454193,0.04600651189684868,0.01742953434586525,-0.10815203189849854
114266,1907.856522,0.9862371683120728,5.97329044342041,-0.42691096663475037,0.04718218371272087,0.018465520814061165,-0.11244471371173859
114286,1907.876519,0.9870743155479431,5.973715305328369,-0.42732366919517517,0.045304495841264725,0.020064206793904305,-0.11478333175182343
114306,1907.896519,0.9862492084503174,5.978036403656006,-0.42778444290161133,0.03681749105453491,0.02239210344851017,-0.11970411986112595
114326,1907.916538,0.9814460277557373,5.97785758972168,-0.4281921684741974,0.02690395712852478,0.021531233564019203,-0.12523356080055237
114346,1907.936522,0.9818505644798279,5.97831392288208,-0.42867881059646606,0.023879513144493103,0.020200073719024658,-0.13013194501399994
114366,1907.956517,0.9822120070457458,5.9787516593933105,-0.4294412434101105,0.02155321277678013,0.019470250234007835,-0.13271191716194153
114386,1907.976516,0.9767420291900635,5.978499889373779,-0.43031883239746094,0.013635808601975441,0.01653427816927433,-0.1360768973827362
114406,1907.996517,0.9797088503837585,5.982972145080566,-0.43118172883987427,0.011805512942373753,0.017492083832621574,-0.13578327000141144
114426,1908.016516,0.9798427820205688,5.983364105224609,-0.4319135248661041,0.011739839799702168,0.01842378079891205,-0.13460472226142883
114446,1908.036531,0.9813071489334106,5.9876556396484375,-0.4326106309890747,0.012998017482459545,0.026444436982274055,-0.13353785872459412
114466,1908.056518,0.9602605104446411,5.97982120513916,-0.4333958327770233,0.003054532455280423,0.023115068674087524,-0.1331474930047989
114486,1908.076515,0.9602416157722473,5.9802985191345215,-0.4338845908641815,0.005245805252343416,0.020103950053453445,-0.1316221058368683
114506,1908.096515,0.9495553374290466,5.9805684089660645,-0.4341731071472168,-0.0006938184960745275,0.019544128328561783,-0.12976744771003723
114526,1908.116520,0.9494874477386475,5.98099946975708,-0.43442463874816895,0.005501487758010626,0.019137192517518997,-0.1267186850309372
114546,1908.136519,0.9495115280151367,5.981476306915283,-0.43465957045555115,0.0076031978242099285,0.02368776872754097,-0.12575951218605042
114566,1908.156514,0.9495765566825867,5.98201322555542,-0.43500417470932007,0.010014986619353294,0.024905746802687645,-0.1266554743051529
114586,1908.176511,0.9441322684288025,5.981591701507568,-0.4353654682636261,0.013043100014328957,0.025018813088536263,-0.12631212174892426
114606,1908.196511,0.9438802599906921,5.992529392242432,-0.4356223940849304,0.01570098288357258,0.03423314914107323,-0.12633246183395386
114626,1908.216511,0.9501045942306519,5.999189376831055,-0.4357798099517822,0.020466266199946404,0.037854574620723724,-0.12698934972286224
114646,1908.236517,0.9504502415657043,6.000009536743164,-0.4362196922302246,0.023364899680018425,0.035436950623989105,-0.12698838114738464
114666,1908.256520,0.9508458971977234,6.000754356384277,-0.436480313539505,0.027000941336154938,0.03484942764043808,-0.12545831501483917
114686,1908.276509,0.9512649178504944,6.0015058517456055,-0.43661847710609436,0.025905638933181763,0.03532730042934418,-0.12437237054109573
114706,1908.296514,0.9516398310661316,6.002274036407471,-0.43683555722236633,0.023060766980051994,0.03683720529079437,-0.12490998953580856
114726,1908.316509,0.9594548940658569,6.023741245269775,-0.437029629945755,0.027359571307897568,0.045542873442173004,-0.12420259416103363
114746,1908.336536,0.9580061435699463,6.016805648803711,-0.43740105628967285,0.02486732229590416,0.037677451968193054,-0.12572267651557922
114766,1908.356509,0.958355188369751,6.021895885467529,-0.43789875507354736,0.020391594618558884,0.037080444395542145,-0.12858174741268158
114786,1908.376509,0.9526548981666565,6.021664142608643,-0.4383455514907837,0.018039684742689133,0.03684559091925621,-0.1279396265745163
114806,1908.396509,0.9577069878578186,6.019438743591309,-0.4386519491672516,0.019687820225954056,0.03603947162628174,-0.12687692046165466
114826,1908.416513,0.9581431150436401,6.0237135887146,-0.43875452876091003,0.01724722608923912,0.03977179527282715,-0.12543144822120667
114846,1908.436510,0.9583479166030884,6.024557590484619,-0.43881914019584656,0.015536444261670113,0.039366740733385086,-0.12567447125911713
114866,1908.456513,0.9585184454917908,6.025402069091797,-0.43891045451164246,0.01328007597476244,0.0401969850063324,-0.12746116518974304
114886,1908.476507,0.9527459740638733,6.0242462158203125,-0.43917420506477356,0.008158387616276741,0.039583344012498856,-0.13007156550884247
114906,1908.496505,0.9527710676193237,6.025079727172852,-0.4393875300884247,0.00684893736615777,0.03881494700908661,-0.1311172991991043
114926,1908.515504,0.9599300026893616,6.028009414672852,-0.4397002160549164,0.011364026926457882,0.04110998287796974,-0.13152816891670227
114946,1908.535505,0.9542258381843567,6.027791500091553,-0.4400791823863983,0.008634566329419613,0.04353815317153931,-0.1342562735080719
114966,1908.555504,0.9542892575263977,6.028711318969727,-0.44046494364738464,0.009428292512893677,0.04299561679363251,-0.13568110764026642
114986,1908.575505,0.9497604370117188,6.040141582489014,-0.4406962990760803,0.007312708999961615,0.04572593793272972,-0.13443472981452942
115006,1908.595502,0.949803352355957,6.0410871505737305,-0.4408504068851471,0.009096397086977959,0.04345746338367462,-0.13003665208816528
115026,1908.615503,0.9438160061836243,6.028140544891357,-0.4409865736961365,0.008675869554281235,0.033730171620845795,-0.12571227550506592
115046,1908.635504,0.9432914853096008,6.031704902648926,-0.44099244475364685,0.01210880372673273,0.0325675830245018,-0.12324689328670502
115066,1908.655504,0.9486332535743713,6.036469459533691,-0.44094958901405334,0.016757190227508545,0.0356515496969223,-0.12213397026062012
115086,1908.675505,0.9488533735275269,6.037240982055664,-0.4409586489200592,0.017153112217783928,0.03585024178028107,-0.12240152806043625
